# Blender v2.90.0 OBJ File: ''
# www.blender.org
v 0.553918 0.440208 -1.171693
v 0.930716 0.962002 -1.170815
v 0.930716 0.440208 -1.170815
v 0.553918 0.962002 -1.171693
v 1.275424 0.962002 -0.457187
v 0.550000 0.962002 1.210394
v 1.106770 0.440208 1.210394
v 1.106770 0.962002 1.210394
v 1.275424 0.440208 -0.457187
v 0.550000 0.962002 0.001839
v 1.275424 0.962002 1.030496
v 0.550000 0.440208 0.001839
v 1.275424 0.440208 1.030496
v 0.550000 0.440208 1.030496
v 0.050000 0.962002 0.001839
v 0.050000 0.440208 0.001839
v 0.550000 0.962002 1.941230
v 0.050000 0.440208 1.941230
v 0.550000 0.440208 1.941230
v 0.050000 0.962002 1.030496
v 0.550000 0.962002 1.030496
v 0.550000 0.440208 1.210394
v 0.050000 0.962002 1.210394
v 0.050000 0.440208 1.030496
v 0.050000 0.440208 1.210394
v -0.922192 0.962002 -1.170815
v -0.545393 0.440208 -1.171693
v -0.922192 0.440208 -1.170815
v -1.266899 0.962002 -0.457187
v -0.545393 0.962002 -1.171693
v -1.098245 0.440208 1.210394
v -0.541475 0.962002 1.210394
v -1.098245 0.962002 1.210394
v -1.266899 0.440208 -0.457187
v -0.541475 0.440208 0.001839
v -1.266899 0.962002 1.030496
v -0.541475 0.962002 0.001839
v -1.266899 0.440208 1.030496
v -0.541475 0.440208 1.030496
v -0.541475 0.962002 1.941230
v -0.541475 0.440208 1.941230
v -0.541475 0.962002 1.030496
v -0.541475 0.440208 1.210394
v -1.332583 -0.362313 -1.373478
v -1.271106 -0.242228 -1.373478
v -1.271106 -0.362313 -1.373478
v -1.332583 0.282131 -1.373478
v -1.271106 0.515475 -1.255581
v -1.271106 0.282131 -1.373478
v -1.332583 -0.176276 1.722412
v -1.271106 -0.330136 1.722422
v -1.271106 -0.176276 1.722412
v -1.332583 -0.628203 -1.255581
v -1.271106 -0.628203 -1.255581
v -1.332583 -0.415091 -1.255581
v -1.332583 -0.242228 -1.373478
v -1.271106 -0.415091 -1.255581
v -1.332583 0.515475 -1.255581
v -1.271106 0.703103 -1.089396
v -1.332583 -0.449919 -1.089396
v -1.332583 -0.713976 -1.089396
v -1.271106 -0.449919 -1.089396
v -1.271106 -0.713976 -1.089396
v -1.332583 0.703103 -1.089396
v -1.271106 0.828490 -0.895243
v -1.332583 -0.713976 -0.895243
v -1.332583 -0.426554 -0.895243
v -1.271106 -0.713976 -0.895243
v -1.332583 0.828490 -0.895243
v -1.271106 0.855419 -0.829979
v -1.332583 -0.713976 -0.829979
v -1.332583 -0.383916 -0.829979
v -1.271106 -0.426554 -0.895243
v -1.271106 -0.713976 -0.829979
v -1.271106 0.266125 -1.255581
v -1.271106 0.394145 -1.089396
v -1.271106 0.492195 -0.895243
v -1.271106 0.523102 -0.822023
v -1.332583 0.223052 1.727393
v -1.271106 0.122679 1.727383
v -1.271106 0.223052 1.727393
v -1.332583 0.523102 -0.822023
v -1.332583 0.855419 -0.829979
v -1.332583 0.492195 -0.895243
v -1.332583 0.394145 -1.089396
v -1.332583 0.266125 -1.255581
v -1.332583 0.141627 -1.373478
v -1.271106 0.141627 -1.373478
v -1.271106 -0.383916 -0.829979
v -1.271106 -0.450715 -0.733482
v -1.332583 -0.450715 -0.733482
v -1.332583 -0.713976 -0.733482
v -1.271106 -0.713976 -0.733482
v -1.271106 0.893569 -0.733482
v -1.332583 0.588691 -0.733482
v -1.332583 0.893569 -0.733482
v -1.271106 0.588691 -0.733482
v -1.271106 -0.450715 -0.125379
v -1.332583 -0.450715 -0.125379
v -1.332583 -0.713976 -0.125379
v -1.271106 -0.713976 -0.125379
v -1.271106 0.926429 -0.620201
v -1.332583 0.621551 -0.620201
v -1.332583 0.926429 -0.620201
v -1.271106 0.621551 -0.620201
v -1.271106 0.939959 -0.544818
v -1.332583 0.642812 -0.544818
v -1.332583 0.939959 -0.544818
v -1.271106 0.642812 -0.544818
v -1.271106 0.943825 -0.477166
v -1.332583 0.658276 -0.477166
v -1.332583 0.943825 -0.477166
v -1.271106 0.658276 -0.477166
v -1.271106 0.943825 -0.309004
v -1.332583 0.943825 -0.309004
v -1.332583 0.650544 -0.309004
v -1.271106 0.650544 -0.309004
v -1.271106 0.932227 -0.144708
v -1.332583 0.932227 -0.144708
v -1.332583 0.638947 -0.144708
v -1.271106 0.638947 -0.144708
v -1.271106 -0.400559 -0.055126
v -1.332583 -0.713976 -0.055126
v -1.332583 -0.400559 -0.055126
v -1.271106 -0.713976 -0.055126
v -1.271106 0.923868 -0.046590
v -1.332583 0.923868 -0.046590
v -1.332583 0.594363 -0.046590
v -1.271106 0.594363 -0.046590
v -1.271106 -0.299384 -0.016998
v -1.332583 -0.713976 -0.016998
v -1.332583 -0.299384 -0.016998
v -1.271106 -0.713976 -0.016998
v -1.271106 0.921206 -0.008462
v -1.332583 0.921206 -0.008462
v -1.332583 0.509163 -0.008462
v -1.271106 0.509163 -0.008462
v -1.332583 -0.299384 0.243519
v -1.332583 -0.713976 0.243519
v -1.271106 -0.713976 0.243519
v -1.271106 0.889357 0.252055
v -1.332583 0.889357 0.252055
v -1.271106 0.477314 0.252054
v -1.332583 0.477314 0.252054
v -1.271106 -0.361606 0.307771
v -1.332583 0.457518 0.316307
v -1.332583 -0.361606 0.307771
v -1.271106 -0.299384 0.243519
v -1.332583 -0.713976 0.307773
v -1.271106 -0.713976 0.307773
v -1.271106 0.868647 0.316309
v -1.332583 0.868647 0.316309
v -1.271106 0.457518 0.316307
v -1.271106 -0.426165 0.358881
v -1.332583 -0.426165 0.358881
v -1.332583 -0.713975 0.358882
v -1.271106 -0.713975 0.358882
v -1.271106 0.854342 0.367419
v -1.332583 0.511559 0.367416
v -1.332583 0.854342 0.367419
v -1.271106 0.511559 0.367416
v -1.271106 -0.449761 0.404035
v -1.332583 -0.449761 0.404035
v -1.332583 -0.713975 0.404037
v -1.271106 -0.713975 0.404037
v -1.271106 0.843147 0.412573
v -1.332583 0.532549 0.412571
v -1.332583 0.843147 0.412573
v -1.271106 0.532549 0.412571
v -1.271106 -0.449756 1.022173
v -1.332583 -0.449756 1.022173
v -1.332583 -0.713971 1.022175
v -1.271106 -0.713971 1.022175
v -1.271106 0.817141 0.553692
v -1.332583 0.817141 0.553692
v -1.332583 0.519026 0.553690
v -1.271106 0.519026 0.553690
v -1.271106 0.787843 0.668628
v -1.332583 0.787843 0.668628
v -1.332583 0.498743 0.668626
v -1.271106 0.498743 0.668626
v -1.271106 0.759082 0.783670
v -1.332583 0.759082 0.783670
v -1.332583 0.475965 0.783668
v -1.271106 0.475965 0.783668
v -1.271106 0.732722 0.866514
v -1.332583 0.732722 0.866514
v -1.332583 0.448350 0.866512
v -1.271106 0.448350 0.866512
v -1.271106 0.710127 0.934295
v -1.332583 0.710127 0.934295
v -1.332583 0.425755 0.934293
v -1.271106 0.425755 0.934293
v -1.271106 0.683767 1.019650
v -1.332583 0.683767 1.019650
v -1.332583 0.399395 1.019647
v -1.271106 0.399395 1.019647
v -1.271106 0.652387 1.092452
v -1.332583 0.652387 1.092452
v -1.332583 0.368015 1.092450
v -1.271106 0.368015 1.092450
v -1.271106 0.641089 1.116301
v -1.332583 0.641089 1.116301
v -1.332583 0.326592 1.116299
v -1.271106 0.326592 1.116299
v -1.271106 -0.415465 1.081610
v -1.332583 -0.713971 1.081612
v -1.332583 -0.415465 1.081610
v -1.271106 -0.713971 1.081612
v -1.271106 -0.369745 1.111328
v -1.332583 -0.713970 1.111330
v -1.332583 -0.369745 1.111328
v -1.271106 -0.713970 1.111330
v -1.332583 -0.369744 1.232486
v -1.332583 -0.713970 1.232488
v -1.271106 -0.369744 1.232486
v -1.271106 -0.713970 1.232488
v -1.271106 0.590796 1.237460
v -1.332583 0.590796 1.237460
v -1.271106 0.326591 1.237458
v -1.332583 0.122679 1.727383
v -1.332583 0.326591 1.237458
v -1.332583 -0.370173 1.352819
v -1.332583 -0.713969 1.352822
v -1.271106 -0.370173 1.352819
v -1.271106 -0.713969 1.352822
v -1.271106 0.530628 1.357794
v -1.332583 0.530628 1.357794
v -1.271106 0.326162 1.357790
v -1.332583 0.326162 1.357790
v -1.332583 -0.636610 1.498943
v -1.332583 -0.370694 1.498938
v -1.271106 -0.636610 1.498943
v -1.271106 0.440375 1.503914
v -1.332583 0.440375 1.503914
v -1.271106 0.325639 1.503909
v -1.332583 0.325639 1.503909
v -1.271106 -0.370694 1.498938
v -1.332583 -0.543321 1.597789
v -1.332583 -0.313168 1.597783
v -1.271106 -0.543321 1.597789
v -1.271106 0.368572 1.602761
v -1.332583 0.368572 1.602761
v -1.271106 0.268830 1.602754
v -1.332583 0.268830 1.602754
v -1.271106 -0.313168 1.597783
v -1.332583 -0.405793 1.688040
v -1.332583 -0.176027 1.688032
v -1.271106 -0.405793 1.688040
v -1.271106 0.265422 1.693012
v -1.332583 0.265422 1.693012
v -1.271106 0.165298 1.693003
v -1.332583 0.165298 1.693003
v -1.271106 -0.176027 1.688032
v -1.332583 -0.330136 1.722422
v -1.122149 0.323618 -0.131506
v -0.612624 0.417462 -0.260671
v -1.122149 0.417462 -0.260671
v -1.122149 0.185351 -0.051677
v -0.612624 0.323618 -0.131506
v -1.122149 0.026569 -0.034988
v -0.612624 0.185351 -0.051677
v -1.122149 -0.125274 -0.084325
v -0.612624 0.026569 -0.034988
v -1.122149 -0.243922 -0.191156
v -0.612624 -0.125274 -0.084325
v -1.122149 -0.308861 -0.337010
v -0.612624 -0.243922 -0.191156
v -1.122149 -0.308861 -0.496667
v -0.612624 -0.308861 -0.337010
v -1.122149 -0.243922 -0.642521
v -0.612624 -0.308861 -0.496667
v -1.122149 -0.125274 -0.749353
v -0.612624 -0.243922 -0.642521
v -1.122149 0.026569 -0.798690
v -0.612624 -0.125274 -0.749353
v -1.122149 0.185351 -0.782001
v -0.612624 0.026569 -0.798690
v -1.122149 0.323618 -0.702172
v -0.612624 0.185351 -0.782001
v -1.122149 0.417462 -0.573007
v -0.612624 0.323618 -0.702172
v -1.122149 0.450657 -0.416839
v -0.612624 0.417462 -0.573007
v -0.612624 0.450657 -0.416839
v -1.172828 0.323618 -0.131506
v -1.172828 0.417462 -0.260671
v -1.172828 0.066703 -0.416839
v -1.172828 0.185351 -0.051677
v -1.172828 0.026569 -0.034988
v -1.172828 -0.125274 -0.084325
v -1.172828 -0.243922 -0.191156
v -1.172828 -0.308861 -0.337010
v -1.172828 -0.308861 -0.496667
v -1.172828 -0.243922 -0.642521
v -1.172828 -0.125274 -0.749353
v -1.172828 0.026569 -0.798690
v -1.172828 0.185351 -0.782001
v -1.172828 0.323618 -0.702172
v -1.172828 0.417462 -0.573007
v -1.172828 0.450657 -0.416839
v -0.612624 0.452186 -0.245211
v 0.000000 0.488666 -0.416839
v -0.612624 0.488666 -0.416839
v 0.000000 0.452186 -0.588467
v -0.612624 0.452186 -0.588467
v 0.000000 0.349052 -0.730419
v -0.612624 0.349052 -0.730419
v 0.000000 0.197097 -0.818150
v -0.612624 0.197097 -0.818150
v 0.000000 0.022595 -0.836491
v -0.612624 0.022595 -0.836491
v 0.000000 -0.144279 -0.782270
v -0.612624 -0.144279 -0.782270
v 0.000000 -0.274673 -0.664863
v -0.612624 -0.274673 -0.664863
v 0.000000 -0.346040 -0.504570
v -0.612624 -0.346040 -0.504570
v 0.000000 -0.346040 -0.329108
v -0.612624 -0.346040 -0.329108
v 0.000000 -0.274673 -0.168815
v -0.612624 -0.274673 -0.168815
v 0.000000 -0.144279 -0.051408
v -0.612624 -0.144279 -0.051408
v 0.000000 0.022596 0.002813
v -0.612624 0.022596 0.002813
v 0.000000 0.197097 -0.015528
v -0.612624 0.197097 -0.015528
v 0.000000 0.349052 -0.103259
v -0.612624 0.349052 -0.103259
v 0.000000 0.452186 -0.245211
v -1.122149 0.452448 -0.245094
v -1.172828 0.349243 -0.103046
v -1.122149 0.349243 -0.103046
v -1.172828 0.197186 -0.015255
v -1.122149 0.197186 -0.015255
v -1.172828 0.022566 0.003098
v -1.122149 0.022566 0.003098
v -1.172828 -0.144422 -0.051160
v -1.122149 -0.144422 -0.051160
v -1.172828 -0.274905 -0.168646
v -1.122149 -0.274905 -0.168646
v -1.172828 -0.346320 -0.329048
v -1.122149 -0.346320 -0.329048
v -1.172828 -0.346320 -0.504630
v -1.122149 -0.346320 -0.504630
v -1.172828 -0.274905 -0.665031
v -1.122149 -0.274905 -0.665031
v -1.172828 -0.144422 -0.782518
v -1.122149 -0.144422 -0.782518
v -1.172828 0.022565 -0.836776
v -1.122149 0.022565 -0.836776
v -1.172828 0.197185 -0.818423
v -1.122149 0.197185 -0.818423
v -1.172828 0.349243 -0.730632
v -1.122149 0.349243 -0.730632
v -1.172828 0.452448 -0.588584
v -1.122149 0.452448 -0.588584
v -1.172828 0.488953 -0.416839
v -1.122149 0.488953 -0.416839
v -1.172828 0.452448 -0.245094
v 0.612624 0.417462 -0.260671
v 1.122149 0.323618 -0.131506
v 1.122149 0.417462 -0.260671
v 0.612624 0.323618 -0.131506
v 1.122149 0.185351 -0.051677
v 0.612624 0.185351 -0.051677
v 1.122149 0.026569 -0.034988
v 0.612624 0.026569 -0.034988
v 1.122149 -0.125274 -0.084325
v 0.612624 -0.125274 -0.084325
v 1.122149 -0.243922 -0.191156
v 0.612624 -0.243922 -0.191156
v 1.122149 -0.308861 -0.337010
v 0.612624 -0.308861 -0.337010
v 1.122149 -0.308861 -0.496667
v 0.612624 -0.308861 -0.496667
v 1.122149 -0.243922 -0.642521
v 0.612624 -0.243922 -0.642521
v 1.122149 -0.125274 -0.749353
v 0.612624 -0.125274 -0.749353
v 1.122149 0.026569 -0.798690
v 0.612624 0.026569 -0.798690
v 1.122149 0.185351 -0.782001
v 0.612624 0.185351 -0.782001
v 1.122149 0.323618 -0.702172
v 0.612624 0.323618 -0.702172
v 1.122149 0.417462 -0.573007
v 0.612624 0.417462 -0.573007
v 1.122149 0.450657 -0.416839
v 0.612624 0.450657 -0.416839
v 1.172828 0.323618 -0.131506
v 1.172828 0.066703 -0.416839
v 1.172828 0.417462 -0.260671
v 1.172828 0.185351 -0.051677
v 1.172828 0.026569 -0.034988
v 1.172828 -0.125274 -0.084325
v 1.172828 -0.243922 -0.191156
v 1.172828 -0.308861 -0.337010
v 1.172828 -0.308861 -0.496667
v 1.172828 -0.243922 -0.642521
v 1.172828 -0.125274 -0.749353
v 1.172828 0.026569 -0.798690
v 1.172828 0.185351 -0.782001
v 1.172828 0.323618 -0.702172
v 1.172828 0.417462 -0.573007
v 1.172828 0.450657 -0.416839
v 0.612624 0.452186 -0.245211
v 0.612624 0.488666 -0.416839
v 0.612624 0.452186 -0.588467
v 0.612624 0.349052 -0.730419
v 0.612624 0.197097 -0.818150
v 0.612624 0.022595 -0.836491
v 0.612624 -0.144279 -0.782270
v 0.612624 -0.274673 -0.664863
v 0.612624 -0.346040 -0.504570
v 0.612624 -0.346040 -0.329108
v 0.612624 -0.274673 -0.168815
v 0.612624 -0.144279 -0.051408
v 0.612624 0.022596 0.002813
v 0.612624 0.197097 -0.015528
v 0.612624 0.349052 -0.103259
v 1.172828 0.349243 -0.103046
v 1.122149 0.452448 -0.245094
v 1.122149 0.349243 -0.103046
v 1.172828 0.197186 -0.015255
v 1.122149 0.197186 -0.015255
v 1.172828 0.022566 0.003098
v 1.122149 0.022566 0.003098
v 1.172828 -0.144422 -0.051160
v 1.122149 -0.144422 -0.051160
v 1.172828 -0.274905 -0.168646
v 1.122149 -0.274905 -0.168646
v 1.172828 -0.346320 -0.329048
v 1.122149 -0.346320 -0.329048
v 1.172828 -0.346320 -0.504630
v 1.122149 -0.346320 -0.504630
v 1.172828 -0.274905 -0.665031
v 1.122149 -0.274905 -0.665031
v 1.172828 -0.144422 -0.782518
v 1.122149 -0.144422 -0.782518
v 1.172828 0.022565 -0.836776
v 1.122149 0.022565 -0.836776
v 1.172828 0.197185 -0.818423
v 1.122149 0.197185 -0.818423
v 1.172828 0.349243 -0.730632
v 1.122149 0.349243 -0.730632
v 1.172828 0.452448 -0.588584
v 1.122149 0.452448 -0.588584
v 1.172828 0.488953 -0.416839
v 1.122149 0.488953 -0.416839
v 1.172828 0.452448 -0.245094
v -1.122149 0.323618 1.036332
v -0.612624 0.417462 0.907167
v -1.122149 0.417462 0.907167
v -1.122149 0.185351 1.116161
v -0.612624 0.323618 1.036332
v -1.122149 0.026569 1.132849
v -0.612624 0.185351 1.116161
v -1.122149 -0.125274 1.083513
v -0.612624 0.026569 1.132849
v -1.122149 -0.243922 0.976681
v -0.612624 -0.125274 1.083513
v -1.122149 -0.308861 0.830827
v -0.612624 -0.243922 0.976681
v -1.122149 -0.308861 0.671170
v -0.612624 -0.308861 0.830827
v -1.122149 -0.243922 0.525316
v -0.612624 -0.308861 0.671170
v -1.122149 -0.125274 0.418485
v -0.612624 -0.243922 0.525316
v -1.122149 0.026569 0.369148
v -0.612624 -0.125274 0.418485
v -1.122149 0.185351 0.385837
v -0.612624 0.026569 0.369148
v -1.122149 0.323618 0.465665
v -0.612624 0.185351 0.385837
v -1.122149 0.417462 0.594831
v -0.612624 0.323618 0.465665
v -1.122149 0.450657 0.750999
v -0.612624 0.417462 0.594831
v -0.612624 0.450657 0.750999
v -1.172828 0.323618 1.036332
v -1.172828 0.417462 0.907167
v -1.172828 0.066703 0.750999
v -1.172828 0.185351 1.116161
v -1.172828 0.026569 1.132849
v -1.172828 -0.125274 1.083513
v -1.172828 -0.243922 0.976681
v -1.172828 -0.308861 0.830827
v -1.172828 -0.308861 0.671170
v -1.172828 -0.243922 0.525316
v -1.172828 -0.125274 0.418485
v -1.172828 0.026569 0.369148
v -1.172828 0.185351 0.385837
v -1.172828 0.323618 0.465665
v -1.172828 0.417462 0.594831
v -1.172828 0.450657 0.750999
v -0.612624 0.452186 0.922627
v 0.000000 0.488666 0.750999
v -0.612624 0.488666 0.750999
v 0.000000 0.452186 0.579371
v -0.612624 0.452186 0.579371
v 0.000000 0.349052 0.437419
v -0.612624 0.349052 0.437419
v 0.000000 0.197097 0.349688
v -0.612624 0.197097 0.349688
v 0.000000 0.022595 0.331347
v -0.612624 0.022595 0.331347
v 0.000000 -0.144279 0.385568
v -0.612624 -0.144279 0.385568
v 0.000000 -0.274673 0.502975
v -0.612624 -0.274673 0.502975
v 0.000000 -0.346040 0.663268
v -0.612624 -0.346040 0.663268
v 0.000000 -0.346040 0.838730
v -0.612624 -0.346040 0.838730
v 0.000000 -0.274673 0.999023
v -0.612624 -0.274673 0.999023
v 0.000000 -0.144279 1.116430
v -0.612624 -0.144279 1.116430
v 0.000000 0.022596 1.170650
v -0.612624 0.022596 1.170650
v 0.000000 0.197097 1.152310
v -0.612624 0.197097 1.152310
v 0.000000 0.349052 1.064579
v -0.612624 0.349052 1.064579
v 0.000000 0.452186 0.922627
v -1.122149 0.452448 0.922743
v -1.172828 0.349243 1.064792
v -1.122149 0.349243 1.064792
v -1.172828 0.197186 1.152583
v -1.122149 0.197186 1.152583
v -1.172828 0.022566 1.170936
v -1.122149 0.022566 1.170936
v -1.172828 -0.144422 1.116678
v -1.122149 -0.144422 1.116678
v -1.172828 -0.274905 0.999191
v -1.122149 -0.274905 0.999191
v -1.172828 -0.346320 0.838790
v -1.122149 -0.346320 0.838790
v -1.172828 -0.346320 0.663208
v -1.122149 -0.346320 0.663208
v -1.172828 -0.274905 0.502806
v -1.122149 -0.274905 0.502806
v -1.172828 -0.144422 0.385319
v -1.122149 -0.144422 0.385319
v -1.172828 0.022565 0.331062
v -1.122149 0.022565 0.331062
v -1.172828 0.197185 0.349415
v -1.122149 0.197185 0.349415
v -1.172828 0.349243 0.437206
v -1.122149 0.349243 0.437206
v -1.172828 0.452448 0.579254
v -1.122149 0.452448 0.579254
v -1.172828 0.488953 0.750999
v -1.122149 0.488953 0.750999
v -1.172828 0.452448 0.922743
v 0.612624 0.417462 0.907167
v 1.122149 0.323618 1.036332
v 1.122149 0.417462 0.907167
v 0.612624 0.323618 1.036332
v 1.122149 0.185351 1.116161
v 0.612624 0.185351 1.116161
v 1.122149 0.026569 1.132849
v 0.612624 0.026569 1.132849
v 1.122149 -0.125274 1.083513
v 0.612624 -0.125274 1.083513
v 1.122149 -0.243922 0.976681
v 0.612624 -0.243922 0.976681
v 1.122149 -0.308861 0.830827
v 0.612624 -0.308861 0.830827
v 1.122149 -0.308861 0.671170
v 0.612624 -0.308861 0.671170
v 1.122149 -0.243922 0.525316
v 0.612624 -0.243922 0.525316
v 1.122149 -0.125274 0.418485
v 0.612624 -0.125274 0.418485
v 1.122149 0.026569 0.369148
v 0.612624 0.026569 0.369148
v 1.122149 0.185351 0.385837
v 0.612624 0.185351 0.385837
v 1.122149 0.323618 0.465665
v 0.612624 0.323618 0.465665
v 1.122149 0.417462 0.594831
v 0.612624 0.417462 0.594831
v 1.122149 0.450657 0.750999
v 0.612624 0.450657 0.750999
v 1.172828 0.323618 1.036332
v 1.172828 0.066703 0.750999
v 1.172828 0.417462 0.907167
v 1.172828 0.185351 1.116161
v 1.172828 0.026569 1.132849
v 1.172828 -0.125274 1.083513
v 1.172828 -0.243922 0.976681
v 1.172828 -0.308861 0.830827
v 1.172828 -0.308861 0.671170
v 1.172828 -0.243922 0.525316
v 1.172828 -0.125274 0.418485
v 1.172828 0.026569 0.369148
v 1.172828 0.185351 0.385837
v 1.172828 0.323618 0.465665
v 1.172828 0.417462 0.594831
v 1.172828 0.450657 0.750999
v 0.612624 0.452186 0.922627
v 0.612624 0.488666 0.750999
v 0.612624 0.452186 0.579371
v 0.612624 0.349052 0.437419
v 0.612624 0.197097 0.349688
v 0.612624 0.022595 0.331347
v 0.612624 -0.144279 0.385568
v 0.612624 -0.274673 0.502975
v 0.612624 -0.346040 0.663268
v 0.612624 -0.346040 0.838730
v 0.612624 -0.274673 0.999023
v 0.612624 -0.144279 1.116430
v 0.612624 0.022596 1.170650
v 0.612624 0.197097 1.152310
v 0.612624 0.349052 1.064579
v 1.172828 0.349243 1.064792
v 1.122149 0.452448 0.922743
v 1.122149 0.349243 1.064792
v 1.172828 0.197186 1.152583
v 1.122149 0.197186 1.152583
v 1.172828 0.022566 1.170936
v 1.122149 0.022566 1.170936
v 1.172828 -0.144422 1.116678
v 1.122149 -0.144422 1.116678
v 1.172828 -0.274905 0.999191
v 1.122149 -0.274905 0.999191
v 1.172828 -0.346320 0.838790
v 1.122149 -0.346320 0.838790
v 1.172828 -0.346320 0.663208
v 1.122149 -0.346320 0.663208
v 1.172828 -0.274905 0.502806
v 1.122149 -0.274905 0.502806
v 1.172828 -0.144422 0.385319
v 1.122149 -0.144422 0.385319
v 1.172828 0.022565 0.331062
v 1.122149 0.022565 0.331062
v 1.172828 0.197185 0.349415
v 1.122149 0.197185 0.349415
v 1.172828 0.349243 0.437206
v 1.122149 0.349243 0.437206
v 1.172828 0.452448 0.579254
v 1.122149 0.452448 0.579254
v 1.172828 0.488953 0.750999
v 1.122149 0.488953 0.750999
v 1.172828 0.452448 0.922743
v 1.269261 -0.362313 -1.373478
v 1.330739 -0.242228 -1.373478
v 1.330739 -0.362313 -1.373478
v 1.269261 0.282131 -1.373478
v 1.330739 0.515475 -1.255581
v 1.330739 0.282131 -1.373478
v 1.269261 -0.176276 1.722412
v 1.330739 -0.330136 1.722422
v 1.330739 -0.176276 1.722412
v 1.269261 -0.628203 -1.255581
v 1.330739 -0.628203 -1.255581
v 1.269261 -0.415091 -1.255581
v 1.269261 -0.242228 -1.373478
v 1.330739 -0.415091 -1.255581
v 1.269261 0.515475 -1.255581
v 1.330739 0.703103 -1.089396
v 1.269261 -0.449919 -1.089396
v 1.269261 -0.713976 -1.089396
v 1.330739 -0.449919 -1.089396
v 1.330739 -0.713976 -1.089396
v 1.269261 0.703103 -1.089396
v 1.330739 0.828490 -0.895243
v 1.269261 -0.713976 -0.895243
v 1.269261 -0.426554 -0.895243
v 1.330739 -0.713976 -0.895243
v 1.269261 0.828490 -0.895243
v 1.330739 0.855419 -0.829979
v 1.269261 -0.713976 -0.829979
v 1.269261 -0.383916 -0.829979
v 1.330739 -0.426554 -0.895243
v 1.330739 -0.713976 -0.829979
v 1.330739 0.266125 -1.255581
v 1.330739 0.394145 -1.089396
v 1.330739 0.492195 -0.895243
v 1.330739 0.523102 -0.822023
v 1.269261 0.223052 1.727393
v 1.330739 0.122679 1.727383
v 1.330739 0.223052 1.727393
v 1.269261 0.523102 -0.822023
v 1.269261 0.855419 -0.829979
v 1.269261 0.492195 -0.895243
v 1.269261 0.394145 -1.089396
v 1.269261 0.266125 -1.255581
v 1.269261 0.141627 -1.373478
v 1.330739 0.141627 -1.373478
v 1.330739 -0.383916 -0.829979
v 1.330739 -0.450715 -0.733482
v 1.269261 -0.450715 -0.733482
v 1.269261 -0.713976 -0.733482
v 1.330739 -0.713976 -0.733482
v 1.330739 0.893569 -0.733482
v 1.269261 0.588691 -0.733482
v 1.269261 0.893569 -0.733482
v 1.330739 0.588691 -0.733482
v 1.330739 -0.450715 -0.125379
v 1.269261 -0.450715 -0.125379
v 1.269261 -0.713976 -0.125379
v 1.330739 -0.713976 -0.125379
v 1.330739 0.926429 -0.620201
v 1.269261 0.621551 -0.620201
v 1.269261 0.926429 -0.620201
v 1.330739 0.621551 -0.620201
v 1.330739 0.939959 -0.544818
v 1.269261 0.642812 -0.544818
v 1.269261 0.939959 -0.544818
v 1.330739 0.642812 -0.544818
v 1.330739 0.943825 -0.477166
v 1.269261 0.658276 -0.477166
v 1.269261 0.943825 -0.477166
v 1.330739 0.658276 -0.477166
v 1.330739 0.943825 -0.309004
v 1.269261 0.943825 -0.309004
v 1.269261 0.650544 -0.309004
v 1.330739 0.650544 -0.309004
v 1.330739 0.932227 -0.144708
v 1.269261 0.932227 -0.144708
v 1.269261 0.638947 -0.144708
v 1.330739 0.638947 -0.144708
v 1.330739 -0.400559 -0.055126
v 1.269261 -0.713976 -0.055126
v 1.269261 -0.400559 -0.055126
v 1.330739 -0.713976 -0.055126
v 1.330739 0.923868 -0.046590
v 1.269261 0.923868 -0.046590
v 1.269261 0.594363 -0.046590
v 1.330739 0.594363 -0.046590
v 1.330739 -0.299384 -0.016998
v 1.269261 -0.713976 -0.016998
v 1.269261 -0.299384 -0.016998
v 1.330739 -0.713976 -0.016998
v 1.330739 0.921206 -0.008462
v 1.269261 0.921206 -0.008462
v 1.269261 0.509163 -0.008462
v 1.330739 0.509163 -0.008462
v 1.269261 -0.299384 0.243519
v 1.269261 -0.713976 0.243519
v 1.330739 -0.713976 0.243519
v 1.330739 0.889357 0.252055
v 1.269261 0.889357 0.252055
v 1.330739 0.477314 0.252054
v 1.269261 0.477314 0.252054
v 1.330739 -0.361606 0.307771
v 1.269261 0.457518 0.316307
v 1.269261 -0.361606 0.307771
v 1.330739 -0.299384 0.243519
v 1.269261 -0.713976 0.307773
v 1.330739 -0.713976 0.307773
v 1.330739 0.868647 0.316309
v 1.269261 0.868647 0.316309
v 1.330739 0.457518 0.316307
v 1.330739 -0.426165 0.358881
v 1.269261 -0.426165 0.358881
v 1.269261 -0.713975 0.358882
v 1.330739 -0.713975 0.358882
v 1.330739 0.854342 0.367419
v 1.269261 0.511559 0.367416
v 1.269261 0.854342 0.367419
v 1.330739 0.511559 0.367416
v 1.330739 -0.449761 0.404035
v 1.269261 -0.449761 0.404035
v 1.269261 -0.713975 0.404037
v 1.330739 -0.713975 0.404037
v 1.330739 0.843147 0.412573
v 1.269261 0.532549 0.412571
v 1.269261 0.843147 0.412573
v 1.330739 0.532549 0.412571
v 1.330739 -0.449756 1.022173
v 1.269261 -0.449756 1.022173
v 1.269261 -0.713971 1.022175
v 1.330739 -0.713971 1.022175
v 1.330739 0.817141 0.553692
v 1.269261 0.817141 0.553692
v 1.269261 0.519026 0.553690
v 1.330739 0.519026 0.553690
v 1.330739 0.787843 0.668628
v 1.269261 0.787843 0.668628
v 1.269261 0.498743 0.668626
v 1.330739 0.498743 0.668626
v 1.330739 0.759082 0.783670
v 1.269261 0.759082 0.783670
v 1.269261 0.475965 0.783668
v 1.330739 0.475965 0.783668
v 1.330739 0.732722 0.866514
v 1.269261 0.732722 0.866514
v 1.269261 0.448350 0.866512
v 1.330739 0.448350 0.866512
v 1.330739 0.710127 0.934295
v 1.269261 0.710127 0.934295
v 1.269261 0.425755 0.934293
v 1.330739 0.425755 0.934293
v 1.330739 0.683767 1.019650
v 1.269261 0.683767 1.019650
v 1.269261 0.399395 1.019647
v 1.330739 0.399395 1.019647
v 1.330739 0.652387 1.092452
v 1.269261 0.652387 1.092452
v 1.269261 0.368015 1.092450
v 1.330739 0.368015 1.092450
v 1.330739 0.641089 1.116301
v 1.269261 0.641089 1.116301
v 1.269261 0.326592 1.116299
v 1.330739 0.326592 1.116299
v 1.330739 -0.415465 1.081610
v 1.269261 -0.713971 1.081612
v 1.269261 -0.415465 1.081610
v 1.330739 -0.713971 1.081612
v 1.330739 -0.369745 1.111328
v 1.269261 -0.713970 1.111330
v 1.269261 -0.369745 1.111328
v 1.330739 -0.713970 1.111330
v 1.269261 -0.369744 1.232486
v 1.269261 -0.713970 1.232488
v 1.330739 -0.369744 1.232486
v 1.330739 -0.713970 1.232488
v 1.330739 0.590796 1.237460
v 1.269261 0.590796 1.237460
v 1.330739 0.326591 1.237458
v 1.269261 0.122679 1.727383
v 1.269261 0.326591 1.237458
v 1.269261 -0.370173 1.352819
v 1.269261 -0.713969 1.352822
v 1.330739 -0.370173 1.352819
v 1.330739 -0.713969 1.352822
v 1.330739 0.530628 1.357794
v 1.269261 0.530628 1.357794
v 1.330739 0.326162 1.357790
v 1.269261 0.326162 1.357790
v 1.269261 -0.636610 1.498943
v 1.269261 -0.370694 1.498938
v 1.330739 -0.636610 1.498943
v 1.330739 0.440375 1.503914
v 1.269261 0.440375 1.503914
v 1.330739 0.325639 1.503909
v 1.269261 0.325639 1.503909
v 1.330739 -0.370694 1.498938
v 1.269261 -0.543321 1.597789
v 1.269261 -0.313168 1.597783
v 1.330739 -0.543321 1.597789
v 1.330739 0.368572 1.602761
v 1.269261 0.368572 1.602761
v 1.330739 0.268830 1.602754
v 1.269261 0.268830 1.602754
v 1.330739 -0.313168 1.597783
v 1.269261 -0.405793 1.688040
v 1.269261 -0.176027 1.688032
v 1.330739 -0.405793 1.688040
v 1.330739 0.265422 1.693012
v 1.269261 0.265422 1.693012
v 1.330739 0.165298 1.693003
v 1.269261 0.165298 1.693003
v 1.330739 -0.176027 1.688032
v 1.269261 -0.330136 1.722422
v 0.718710 0.400642 -1.012004
v 0.873937 0.439979 -1.011266
v 0.873937 0.400642 -1.011266
v 0.718710 0.439979 -1.012004
v 1.105841 0.439979 -0.322960
v 0.458735 0.439979 1.078771
v 0.926742 0.400642 1.078771
v 0.926742 0.439979 1.078771
v 1.105841 0.400642 -0.322960
v 0.713587 0.439979 0.210297
v 1.068509 0.439979 0.927552
v 0.713587 0.400642 0.210297
v 1.068509 0.400642 0.927552
v 0.458735 0.400642 0.927552
v 0.038446 0.439979 0.210297
v 0.038446 0.400642 0.210297
v 0.458735 0.439979 1.693095
v 0.038446 0.400642 1.693095
v 0.458735 0.400642 1.693095
v 0.458735 0.439979 0.927552
v 0.038446 0.439979 0.927552
v 0.458735 0.400642 1.078771
v 0.038446 0.439979 1.078771
v 0.038446 0.400642 0.927552
v 0.038446 0.400642 1.078771
v -0.873937 0.439979 -1.011266
v -0.718710 0.400642 -1.012004
v -0.873937 0.400642 -1.011266
v -1.105841 0.439979 -0.322960
v -0.718710 0.439979 -1.012004
v -0.926742 0.400642 1.078771
v -0.458735 0.439979 1.078771
v -0.926742 0.439979 1.078771
v -1.105841 0.400642 -0.322960
v -0.713587 0.400642 0.210297
v -1.068509 0.439979 0.927552
v -0.713587 0.439979 0.210297
v -1.068509 0.400642 0.927552
v -0.458735 0.400642 0.927552
v -0.458735 0.439979 1.693095
v -0.458735 0.400642 1.693095
v -0.458735 0.439979 0.927552
v -0.458735 0.400642 1.078771
v 0.820444 -0.100599 -1.126529
v 1.244445 -0.074118 -1.126529
v 1.244445 -0.100599 -1.126529
v 0.820444 0.005327 -1.126529
v 1.244445 0.005327 -1.045655
v 1.244445 0.005327 -1.126529
v 0.820444 -0.100599 -1.045655
v 1.244445 -0.100599 -1.045655
v -1.244445 -0.100599 -1.045655
v -1.244445 -0.074118 -1.126529
v -1.244445 -0.100599 -1.126529
v 1.244445 -0.074118 -1.045655
v 0.673506 -0.074118 -1.126529
v -0.677721 -0.100599 -1.126529
v -0.677721 -0.074118 -1.126529
v 0.673506 0.005327 -1.126529
v 0.433209 0.005327 -1.045655
v 0.673506 0.005327 -1.045655
v 0.673506 -0.100599 -1.045655
v 0.673506 -0.100599 -1.126529
v 0.820444 -0.074118 -1.126529
v 0.820444 0.441078 -1.126529
v 0.673506 0.441078 -1.045655
v 0.820444 0.441078 -1.045655
v -0.814682 -0.100599 -1.126529
v -0.814682 -0.074118 -1.126529
v -0.677721 0.441078 -1.126529
v -0.814682 0.441078 -1.045655
v -0.677721 0.441078 -1.045655
v -0.677721 -0.100599 -1.045655
v -0.814682 0.005327 -1.126529
v -1.244445 0.005327 -1.045655
v -0.814682 0.005327 -1.045655
v -0.814682 -0.100599 -1.045655
v 0.820444 0.005327 -1.045655
v 0.673506 0.441078 -1.126529
v -0.677721 0.005327 -1.126529
v -0.677721 0.005327 -1.045655
v -0.814682 0.441078 -1.126529
v 0.820444 -0.074118 -1.045655
v -0.814682 -0.074118 -1.045655
v -0.677721 0.419412 -0.044708
v -0.814682 0.416960 -0.018341
v -0.677721 0.416960 -0.018341
v 0.673506 -0.074118 -1.045655
v 0.673506 0.419412 -0.044708
v 0.820444 0.416960 -0.018341
v 0.820444 0.419412 -0.044708
v 1.244445 -0.021155 -1.126529
v 1.244445 -0.021155 -1.045655
v 0.820444 -0.021155 -1.045655
v 0.433209 -0.021155 -1.045655
v -0.677721 -0.021155 -1.045655
v -0.814682 -0.021155 -1.045655
v -1.244445 -0.021155 -1.045655
v -1.244445 0.005327 -1.126529
v -1.244445 -0.021155 -1.126529
v -0.814682 -0.021155 -1.126529
v -0.677721 -0.021155 -1.126529
v 0.673506 -0.021155 -1.126529
v 0.433209 0.005327 -1.126529
v 0.820444 -0.021155 -1.126529
v 1.244445 -0.047637 -1.045655
v 1.244445 -0.047637 -1.126529
v 0.820444 -0.047637 -1.045655
v 0.673506 -0.047637 -1.045655
v 0.673506 -0.021155 -1.045655
v -0.677721 -0.047637 -1.045655
v 0.411434 -0.021155 -1.045655
v -0.814682 -0.047637 -1.045655
v -1.244445 -0.047637 -1.045655
v -1.244445 -0.047637 -1.126529
v -0.814682 -0.047637 -1.126529
v -0.677721 -0.047637 -1.126529
v 0.673506 -0.047637 -1.126529
v -0.444027 -0.021155 -1.126529
v -0.422252 -0.021155 -1.126529
v 0.820444 -0.047637 -1.126529
v -0.677721 -0.074118 -1.045655
v -0.677721 -0.100599 -0.805135
v -0.677721 -0.074118 -0.805135
v -0.814682 -0.074118 -0.805135
v -0.814682 -0.100599 -0.805135
v 0.820444 -0.074118 -0.805135
v 0.673506 -0.074118 -0.805135
v 0.673506 -0.100599 -0.805135
v 0.820444 -0.100599 -0.805135
v -0.677721 -0.144837 -0.742255
v -0.677721 -0.171319 -0.742255
v -0.814682 -0.144837 -0.742255
v -0.814682 -0.171319 -0.742255
v 0.820444 -0.144837 -0.742255
v 0.673506 -0.144837 -0.742255
v 0.673506 -0.171319 -0.742255
v 0.820444 -0.171319 -0.742255
v -0.677721 -0.235292 -0.655089
v -0.677721 -0.261774 -0.655089
v -0.814682 -0.235292 -0.655089
v -0.814682 -0.261774 -0.655089
v 0.820444 -0.235292 -0.655089
v 0.673506 -0.235292 -0.655089
v 0.673506 -0.261774 -0.655089
v 0.820444 -0.261774 -0.655089
v -0.677721 -0.319169 -0.487336
v -0.677721 -0.345650 -0.487336
v -0.814682 -0.319169 -0.487336
v -0.814682 -0.345650 -0.487336
v 0.820444 -0.319169 -0.487336
v 0.673506 -0.319169 -0.487336
v 0.673506 -0.345650 -0.487336
v 0.820444 -0.345650 -0.487336
v -0.677721 -0.344006 -0.317938
v -0.677721 -0.317524 -0.317938
v -0.814682 -0.344006 -0.317938
v -0.814682 -0.317524 -0.317938
v 0.820444 -0.317524 -0.317938
v 0.673506 -0.344006 -0.317938
v 0.673506 -0.317524 -0.317938
v 0.820444 -0.344006 -0.317938
v -0.677721 -0.276576 -0.197880
v -0.677721 -0.250094 -0.197880
v -0.814682 -0.276576 -0.197880
v -0.814682 -0.250094 -0.197880
v 0.820444 -0.251933 -0.204610
v 0.673506 -0.274738 -0.191149
v 0.673506 -0.251933 -0.204610
v 0.820444 -0.274738 -0.191149
v -0.677721 -0.176253 -0.092623
v -0.677721 -0.149771 -0.092623
v -0.814682 -0.176253 -0.092623
v -0.814682 -0.149771 -0.092623
v 0.820444 -0.157711 -0.104756
v 0.673506 -0.157711 -0.104756
v 0.673506 -0.168314 -0.080490
v 0.820444 -0.168314 -0.080490
v -0.677721 -0.084153 -0.048218
v -0.677721 -0.057672 -0.048218
v -0.814682 -0.084153 -0.048218
v -0.814682 -0.057672 -0.048218
v 0.820444 -0.065364 -0.060240
v 0.673506 -0.065364 -0.060240
v 0.673506 -0.076461 -0.036196
v 0.820444 -0.076461 -0.036196
v -0.677721 0.015027 -0.011404
v -0.677721 0.017479 -0.037772
v -0.814682 0.015027 -0.011404
v -0.814682 0.017479 -0.037772
v 0.820444 0.017479 -0.037772
v 0.673506 0.017479 -0.037772
v 0.673506 0.015027 -0.011404
v 0.820444 0.015027 -0.011404
v -0.814682 0.419412 -0.044708
v 0.673506 0.416960 -0.018341
v -0.444027 0.005327 -1.126529
v -0.444027 0.005327 -1.045655
v -0.444027 -0.021155 -1.045655
v 0.433209 -0.021155 -1.126529
v 0.411434 0.005327 -1.126529
v 0.429849 0.813059 -1.126529
v 0.408241 0.813059 -1.045655
v 0.429849 0.813059 -1.045655
v 0.411434 0.005327 -1.045655
v -0.422252 -0.021155 -1.045655
v -0.422252 0.005327 -1.045655
v 0.411434 -0.021155 -1.126529
v -0.422252 0.005327 -1.126529
v -0.419059 0.813059 -1.126529
v -0.440667 0.813059 -1.045655
v -0.419059 0.813059 -1.045655
v 0.477046 0.409193 -1.045655
v 0.453095 0.409193 -1.126529
v 0.477046 0.409193 -1.126529
v 0.453095 0.409193 -1.045655
v -0.463913 0.409193 -1.045655
v -0.463913 0.409193 -1.126529
v -0.487864 0.409193 -1.126529
v -0.487864 0.409193 -1.045655
v 0.676417 0.407509 -1.126529
v 0.676632 0.433023 -1.045655
v 0.676417 0.407509 -1.045655
v 0.453300 0.434707 -1.045655
v 0.453300 0.434707 -1.126529
v 0.477262 0.434707 -1.126529
v -0.464108 0.433475 -1.045655
v -0.488069 0.433475 -1.045655
v -0.678479 0.407583 -1.045655
v -0.678684 0.431865 -1.126529
v -0.678479 0.407583 -1.126529
v -0.464108 0.433475 -1.126529
v -0.465534 0.611126 -1.045655
v -0.489570 0.611126 -1.045655
v -0.440667 0.813059 -1.126529
v -0.489570 0.611126 -1.126529
v -0.465534 0.611126 -1.126529
v 0.478752 0.611126 -1.126529
v 0.478752 0.611126 -1.045655
v 0.454716 0.611126 -1.045655
v 0.408241 0.813059 -1.126529
v 0.454716 0.611126 -1.126529
v 0.477262 0.434707 -1.045655
v -0.488069 0.433475 -1.126529
v 0.676632 0.433023 -1.126529
v -0.678684 0.431865 -1.045655
v 0.068481 -0.084995 0.295686
v -0.068481 -0.113841 0.295686
v -0.068481 -0.084995 0.295686
v 0.068481 0.476198 0.295686
v -0.068481 0.476198 0.324880
v 0.068481 0.476198 0.324880
v 0.068481 -0.113841 0.324880
v 0.068481 -0.113841 0.295686
v 0.068481 0.001542 0.295686
v 0.068481 0.001542 0.324880
v -0.068481 0.001542 0.295686
v -0.068481 0.001542 0.324880
v -0.068481 0.476198 0.295686
v 0.068481 0.452598 1.164871
v -0.068481 0.449926 1.193592
v 0.068481 0.449926 1.193592
v 0.068481 -0.027304 0.324880
v -0.068481 -0.027304 0.324880
v 0.068481 -0.027304 0.295686
v -0.068481 -0.056150 0.324880
v 0.068481 -0.056150 0.324880
v 0.068481 -0.056150 0.295686
v -0.068481 -0.056150 0.295686
v 0.068481 -0.084995 0.324880
v 0.068481 -0.113841 0.336552
v -0.068481 -0.084995 0.324880
v 0.068481 -0.084995 0.336552
v -0.068481 -0.113841 0.324880
v -0.068481 -0.084995 0.336552
v -0.068481 -0.113841 0.336552
v 0.068481 -0.162029 0.405046
v 0.068481 -0.190874 0.405046
v -0.068481 -0.162029 0.405046
v -0.068481 -0.190874 0.405046
v 0.068481 -0.260560 0.499994
v 0.068481 -0.289405 0.499994
v -0.068481 -0.260560 0.499994
v -0.068481 -0.289405 0.499994
v 0.068481 -0.351925 0.682724
v 0.068481 -0.380770 0.682724
v -0.068481 -0.351925 0.682724
v -0.068481 -0.380770 0.682724
v 0.068481 -0.378979 0.867246
v 0.068481 -0.350133 0.867246
v -0.068481 -0.378979 0.867246
v -0.068481 -0.350133 0.867246
v 0.068481 -0.305529 0.998023
v 0.068481 -0.276683 0.998023
v -0.068481 -0.305529 0.998023
v -0.068481 -0.276683 0.998023
v 0.068481 -0.196249 1.112678
v 0.068481 -0.167403 1.112678
v -0.068481 -0.196249 1.112678
v -0.068481 -0.167403 1.112678
v 0.068481 -0.095926 1.161048
v 0.068481 -0.067081 1.161048
v -0.068481 -0.095926 1.161048
v -0.068481 -0.067081 1.161048
v 0.068481 0.012109 1.201148
v 0.068481 0.014780 1.172426
v -0.068481 0.012109 1.201148
v -0.068481 0.014780 1.172426
v -0.068481 0.452598 1.164871
v -0.068481 -0.027304 0.295686
v -0.850144 0.872300 -1.171175
v -0.873129 0.832957 -1.190375
v -0.873129 0.832957 -1.171175
v -0.813144 0.898893 -1.171175
v -0.850144 0.872300 -1.190375
v -0.768527 0.908137 -1.171175
v -0.813144 0.898893 -1.190375
v -0.724006 0.898435 -1.171175
v -0.768527 0.908137 -1.190375
v -0.687281 0.871463 -1.171175
v -0.724006 0.898435 -1.190375
v -0.664702 0.831887 -1.171175
v -0.687281 0.871463 -1.190375
v -0.660172 0.786547 -1.171175
v -0.664702 0.831887 -1.190375
v -0.674475 0.743285 -1.171175
v -0.660172 0.786547 -1.190375
v -0.705137 0.709580 -1.171175
v -0.674475 0.743285 -1.190375
v -0.746857 0.691261 -1.171175
v -0.705137 0.709580 -1.190375
v -0.792422 0.691495 -1.171175
v -0.746857 0.691261 -1.190375
v -0.833952 0.710242 -1.171175
v -0.792422 0.691495 -1.190375
v -0.864267 0.744259 -1.171175
v -0.833952 0.710242 -1.190375
v -0.878124 0.787666 -1.171175
v -0.864267 0.744259 -1.190375
v -0.878124 0.787666 -1.190375
v -0.843446 0.866206 -1.171175
v -0.864531 0.830114 -1.171175
v -0.769089 0.798561 -1.171175
v -0.809503 0.890601 -1.171175
v -0.768573 0.899081 -1.171175
v -0.727732 0.890181 -1.171175
v -0.694042 0.865439 -1.171175
v -0.673328 0.829132 -1.171175
v -0.669173 0.787540 -1.171175
v -0.682294 0.747853 -1.171175
v -0.710422 0.716934 -1.171175
v -0.748694 0.700129 -1.171175
v -0.790494 0.700343 -1.171175
v -0.828592 0.717541 -1.171175
v -0.856401 0.748746 -1.171175
v -0.869114 0.788567 -1.171175
v -0.851981 0.873971 -1.386265
v -0.875487 0.833735 -1.419608
v -0.875487 0.833735 -1.386265
v -0.814143 0.901167 -1.386265
v -0.851981 0.873971 -1.419608
v -0.768514 0.910620 -1.386265
v -0.814143 0.901167 -1.419608
v -0.722985 0.900699 -1.386265
v -0.768514 0.910620 -1.419608
v -0.685427 0.873116 -1.386265
v -0.722985 0.900699 -1.419608
v -0.662336 0.832642 -1.386265
v -0.685427 0.873116 -1.419608
v -0.657703 0.786275 -1.386265
v -0.662336 0.832642 -1.419608
v -0.672330 0.742032 -1.386265
v -0.657703 0.786275 -1.419608
v -0.703688 0.707564 -1.386265
v -0.672330 0.742032 -1.419608
v -0.746353 0.688830 -1.386265
v -0.703688 0.707564 -1.419608
v -0.793177 0.656625 -1.397811
v -0.746580 0.656386 -1.408062
v -0.746580 0.656386 -1.397811
v -0.835422 0.708241 -1.386265
v -0.792951 0.689068 -1.419608
v -0.792951 0.689068 -1.386265
v -0.866424 0.743028 -1.386265
v -0.835422 0.708241 -1.419608
v -0.880595 0.787419 -1.386265
v -0.866424 0.743028 -1.419608
v -0.880595 0.787419 -1.419608
v -0.864531 0.830114 -1.386265
v -0.864531 0.830114 -1.419608
v -0.843446 0.866206 -1.419608
v -0.843446 0.866206 -1.386265
v -0.809503 0.890601 -1.419608
v -0.809503 0.890601 -1.386265
v -0.768573 0.899081 -1.419608
v -0.768573 0.899081 -1.386265
v -0.727732 0.890181 -1.419608
v -0.727732 0.890181 -1.386265
v -0.694042 0.865439 -1.419608
v -0.694042 0.865439 -1.386265
v -0.673328 0.829132 -1.419608
v -0.673328 0.829132 -1.386265
v -0.669173 0.787540 -1.419608
v -0.669173 0.787540 -1.386265
v -0.682294 0.747853 -1.419608
v -0.710422 0.716934 -1.386265
v -0.682294 0.747853 -1.386265
v -0.710422 0.716934 -1.419608
v -0.748694 0.700129 -1.386265
v -0.746353 0.688830 -1.419608
v -0.748695 0.700128 -1.419608
v -0.790494 0.700343 -1.386265
v -0.790494 0.700343 -1.419608
v -0.828592 0.717541 -1.419608
v -0.856401 0.748746 -1.386265
v -0.828592 0.717541 -1.386265
v -0.856401 0.748746 -1.419608
v -0.869114 0.788567 -1.419608
v -0.869114 0.788567 -1.386265
v -0.864531 0.830114 -1.423585
v -0.843446 0.866206 -1.423585
v -0.809503 0.890601 -1.423585
v -0.727732 0.890182 -1.423585
v -0.768573 0.899081 -1.423585
v -0.694042 0.865439 -1.423585
v -0.673328 0.829132 -1.423585
v -0.669173 0.787540 -1.423585
v -0.682294 0.747853 -1.423585
v -0.710422 0.716934 -1.423585
v -0.748695 0.700128 -1.423585
v -0.790494 0.700343 -1.423585
v -0.828592 0.717541 -1.423585
v -0.856401 0.748746 -1.423585
v -0.869114 0.788567 -1.423585
v -0.835596 0.858947 -1.433098
v -0.854423 0.826722 -1.433098
v -0.805291 0.880729 -1.433098
v -0.768745 0.888300 -1.433098
v -0.732280 0.880353 -1.433098
v -0.702199 0.858262 -1.433098
v -0.683705 0.825846 -1.433098
v -0.679995 0.788709 -1.433098
v -0.691710 0.753274 -1.433098
v -0.716825 0.725668 -1.433098
v -0.750997 0.710663 -1.433098
v -0.788317 0.710854 -1.433098
v -0.822334 0.726209 -1.433098
v -0.847164 0.754073 -1.433098
v -0.858514 0.789626 -1.433098
v -0.833711 0.853533 -1.433304
v -0.848506 0.820757 -1.445357
v -0.852155 0.821963 -1.433304
v -0.804021 0.874872 -1.433304
v -0.830868 0.850947 -1.445357
v -0.768238 0.878447 -1.445357
v -0.802476 0.871354 -1.445357
v -0.768218 0.882290 -1.433304
v -0.734075 0.871002 -1.445357
v -0.732494 0.874505 -1.433304
v -0.705894 0.850305 -1.445357
v -0.703024 0.852862 -1.433304
v -0.688567 0.819935 -1.445357
v -0.684906 0.821104 -1.433304
v -0.685091 0.785144 -1.445357
v -0.681271 0.784722 -1.433304
v -0.696066 0.751946 -1.445357
v -0.717352 0.722962 -1.433304
v -0.692748 0.750007 -1.433304
v -0.750830 0.708262 -1.433304
v -0.719595 0.726082 -1.445357
v -0.786574 0.712203 -1.445357
v -0.751610 0.712025 -1.445357
v -0.787393 0.708450 -1.433304
v -0.818443 0.726590 -1.445357
v -0.820718 0.723493 -1.433304
v -0.841705 0.752693 -1.445357
v -0.856163 0.785620 -1.433304
v -0.845043 0.750789 -1.433304
v -0.852339 0.786003 -1.445357
v -0.841368 0.818397 -1.456614
v -0.799453 0.864469 -1.456614
v -0.825307 0.845888 -1.456614
v -0.768277 0.870930 -1.456614
v -0.737168 0.864150 -1.456614
v -0.711506 0.845304 -1.456614
v -0.695728 0.817649 -1.456614
v -0.692563 0.785968 -1.456614
v -0.702557 0.755738 -1.456614
v -0.723983 0.732187 -1.456614
v -0.784973 0.719549 -1.456614
v -0.753135 0.719386 -1.456614
v -0.813993 0.732649 -1.456614
v -0.835175 0.756419 -1.456614
v -0.844859 0.786750 -1.456614
v -0.831053 0.814987 -1.466583
v -0.817271 0.838577 -1.466583
v -0.795085 0.854521 -1.466583
v -0.768332 0.860064 -1.466583
v -0.719617 0.838076 -1.466583
v -0.741638 0.854248 -1.466583
v -0.706078 0.814345 -1.466583
v -0.711938 0.761219 -1.466583
v -0.703362 0.787159 -1.466583
v -0.730323 0.741009 -1.466583
v -0.755339 0.730024 -1.466583
v -0.782660 0.730165 -1.466583
v -0.807562 0.741406 -1.466583
v -0.825739 0.761803 -1.466583
v -0.834048 0.787830 -1.466583
v -0.807111 0.829334 -1.474828
v -0.818011 0.810675 -1.474828
v -0.768403 0.846329 -1.474828
v -0.789563 0.841944 -1.474828
v -0.747289 0.841728 -1.474828
v -0.719163 0.810168 -1.474828
v -0.729872 0.828937 -1.474828
v -0.723798 0.768148 -1.474828
v -0.717015 0.788665 -1.474828
v -0.738340 0.752163 -1.474828
v -0.758126 0.743475 -1.474828
v -0.779735 0.743586 -1.474828
v -0.813808 0.768610 -1.474828
v -0.799431 0.752477 -1.474828
v -0.820380 0.789196 -1.474828
v -0.802813 0.805651 -1.480989
v -0.795270 0.818562 -1.480989
v -0.768485 0.830323 -1.480989
v -0.783128 0.827289 -1.480989
v -0.753875 0.827139 -1.480989
v -0.741822 0.818287 -1.480989
v -0.734412 0.805298 -1.480989
v -0.737619 0.776222 -1.480989
v -0.732926 0.790420 -1.480989
v -0.747682 0.765161 -1.480989
v -0.761374 0.759149 -1.480989
v -0.776327 0.759226 -1.480989
v -0.799905 0.776542 -1.480989
v -0.789956 0.765378 -1.480989
v -0.804453 0.790786 -1.480989
v -0.782267 0.806732 -1.484797
v -0.786123 0.800132 -1.484797
v -0.776060 0.811194 -1.484797
v -0.761107 0.811117 -1.484797
v -0.768575 0.812744 -1.484797
v -0.751158 0.799953 -1.484797
v -0.754946 0.806592 -1.484797
v -0.750399 0.792346 -1.484797
v -0.757941 0.779435 -1.484797
v -0.752798 0.785090 -1.484797
v -0.764940 0.776361 -1.484797
v -0.772584 0.776402 -1.484797
v -0.779551 0.779547 -1.484797
v -0.786961 0.792535 -1.484797
v -0.784636 0.785253 -1.484797
v -0.768670 0.794362 -1.486085
v -0.868092 0.689068 -1.143957
v -0.821721 0.656386 -1.155503
v -0.821494 0.688830 -1.143957
v -0.793177 0.656625 -1.408062
v -0.746353 0.688830 -1.201161
v -0.793177 0.656625 -1.212707
v -0.792951 0.689068 -1.201161
v -0.746580 0.656386 -1.212707
v -0.868318 0.656625 -1.155503
v -0.944693 0.657971 -1.212672
v -0.938081 0.690263 -1.201161
v -0.944693 0.657872 -1.212673
v -0.944693 0.657872 -1.212707
v -0.906899 0.689388 -1.143957
v -0.913531 0.656997 -1.155503
v -0.938077 0.832955 -1.130750
v -0.964530 0.872297 -1.119219
v -0.948494 0.872297 -1.110265
v -0.981452 0.898891 -1.086323
v -0.965265 0.898891 -1.077287
v -1.001857 0.908136 -1.046652
v -0.985489 0.908136 -1.037517
v -1.022218 0.898434 -1.007066
v -1.005668 0.898434 -0.997834
v -1.039012 0.871461 -0.974414
v -1.022313 0.871461 -0.965100
v -1.049336 0.831884 -0.954339
v -1.032545 0.831884 -0.944975
v -1.051407 0.786549 -0.950312
v -1.034598 0.786549 -0.940938
v -1.028117 0.743288 -0.953685
v -1.044868 0.743288 -0.963027
v -1.014221 0.709582 -0.981015
v -1.030847 0.709582 -0.990289
v -0.995311 0.691262 -1.018202
v -1.011768 0.691262 -1.027384
v -0.974658 0.691496 -1.058817
v -0.990929 0.691496 -1.067898
v -0.955834 0.710244 -1.095834
v -0.971935 0.710244 -1.104823
v -0.942093 0.744262 -1.122852
v -0.958071 0.744261 -1.131775
v -0.935812 0.787667 -1.135202
v -0.954019 0.832955 -1.139653
v -0.951761 0.866206 -1.104415
v -0.985234 0.798560 -1.038019
v -0.942269 0.830114 -1.123243
v -0.967041 0.890601 -1.074106
v -0.985467 0.899081 -1.037558
v -1.003852 0.890181 -1.001089
v -1.019018 0.865439 -0.971006
v -1.028343 0.829132 -0.952510
v -1.030214 0.787540 -0.948799
v -1.024307 0.747853 -0.960515
v -1.011645 0.716934 -0.985632
v -0.994415 0.700129 -1.019808
v -0.975599 0.700343 -1.057132
v -0.958448 0.717541 -1.091151
v -0.945929 0.748746 -1.115983
v -0.940206 0.788567 -1.127335
v -1.129510 0.833735 -1.240355
v -1.170155 0.873970 -1.236851
v -1.141353 0.873971 -1.220051
v -1.189220 0.901166 -1.204166
v -1.160418 0.901166 -1.187366
v -1.212210 0.910620 -1.164752
v -1.183408 0.910620 -1.147952
v -1.235149 0.900699 -1.125424
v -1.206347 0.900699 -1.108624
v -1.225270 0.873116 -1.076183
v -1.265706 0.832642 -1.073036
v -1.236904 0.832642 -1.056236
v -1.268040 0.786275 -1.069034
v -1.239238 0.786274 -1.052235
v -1.260671 0.742032 -1.081669
v -1.231869 0.742032 -1.064869
v -1.244871 0.707564 -1.108755
v -1.216070 0.707563 -1.091956
v -1.223375 0.688830 -1.145610
v -1.194573 0.688829 -1.128810
v -1.204432 0.656386 -1.134824
v -1.189810 0.656625 -1.180239
v -1.180954 0.656625 -1.175074
v -1.199897 0.689069 -1.185861
v -1.149697 0.708240 -1.205747
v -1.171095 0.689068 -1.169061
v -1.178498 0.708240 -1.222547
v -1.134077 0.743028 -1.232527
v -1.162878 0.743028 -1.249326
v -1.126937 0.787419 -1.244768
v -1.155738 0.787419 -1.261568
v -1.135031 0.830114 -1.230892
v -1.145654 0.866206 -1.212678
v -1.163832 0.830114 -1.247691
v -1.174456 0.866205 -1.229478
v -1.162756 0.890601 -1.183359
v -1.191557 0.890601 -1.200159
v -1.183378 0.899081 -1.148004
v -1.212179 0.899081 -1.164803
v -1.203955 0.890181 -1.112725
v -1.232757 0.890181 -1.129525
v -1.220930 0.865439 -1.083624
v -1.249731 0.865439 -1.100424
v -1.231366 0.829132 -1.065732
v -1.260168 0.829132 -1.082531
v -1.233460 0.787540 -1.062142
v -1.262262 0.787540 -1.078941
v -1.226849 0.747853 -1.073476
v -1.255651 0.747853 -1.090275
v -1.212677 0.716934 -1.097773
v -1.241479 0.716934 -1.114572
v -1.193394 0.700129 -1.130833
v -1.222195 0.700129 -1.147632
v -1.172333 0.700343 -1.166938
v -1.201135 0.700343 -1.183738
v -1.153138 0.717541 -1.199847
v -1.181940 0.717541 -1.216647
v -1.139126 0.748747 -1.223869
v -1.167928 0.748747 -1.240669
v -1.132722 0.788567 -1.234850
v -1.161523 0.788567 -1.251650
v -1.158312 0.833736 -1.257155
v -1.167267 0.830114 -1.249695
v -1.177891 0.866205 -1.231481
v -1.194992 0.890601 -1.202162
v -1.215615 0.899081 -1.166807
v -1.236192 0.890181 -1.131529
v -1.253166 0.865439 -1.102427
v -1.265696 0.787540 -1.080945
v -1.259086 0.747853 -1.092279
v -1.244913 0.716934 -1.116576
v -1.225630 0.700129 -1.149636
v -1.204570 0.700343 -1.185742
v -1.171363 0.748747 -1.242672
v -1.164958 0.788567 -1.253653
v -1.190063 0.858947 -1.229495
v -1.205333 0.880729 -1.203317
v -1.223746 0.888300 -1.171749
v -1.242118 0.880353 -1.140250
v -1.257274 0.858262 -1.114267
v -1.266592 0.825846 -1.098291
v -1.263603 0.829132 -1.084535
v -1.268462 0.788709 -1.095086
v -1.262559 0.753275 -1.105206
v -1.249905 0.725667 -1.126900
v -1.232688 0.710663 -1.156418
v -1.213884 0.710855 -1.188655
v -1.185375 0.717541 -1.218651
v -1.196746 0.726209 -1.218039
v -1.184235 0.754073 -1.239487
v -1.180578 0.826722 -1.245757
v -1.194148 0.820756 -1.246822
v -1.191191 0.853533 -1.227970
v -1.181898 0.821963 -1.243901
v -1.203035 0.850947 -1.231587
v -1.206150 0.874872 -1.202323
v -1.234590 0.878447 -1.177487
v -1.224189 0.882290 -1.171397
v -1.242188 0.874505 -1.140539
v -1.251803 0.871002 -1.147977
v -1.257036 0.852862 -1.115083
v -1.266002 0.850305 -1.123634
v -1.266165 0.821104 -1.099432
v -1.274732 0.819935 -1.108667
v -1.267997 0.784723 -1.096292
v -1.276483 0.785144 -1.105665
v -1.262214 0.750007 -1.106206
v -1.259099 0.726082 -1.135470
v -1.249817 0.722962 -1.127460
v -1.242968 0.712025 -1.163124
v -1.232950 0.708262 -1.156378
v -1.225352 0.712204 -1.193326
v -1.214528 0.708450 -1.187960
v -1.209295 0.726590 -1.220854
v -1.197737 0.723492 -1.216746
v -1.185481 0.750789 -1.237758
v -1.197574 0.752693 -1.240948
v -1.179879 0.785620 -1.247364
v -1.215560 0.845888 -1.232455
v -1.228586 0.864469 -1.210123
v -1.217340 0.871354 -1.207062
v -1.244294 0.870929 -1.183192
v -1.259968 0.864150 -1.156321
v -1.272898 0.845303 -1.134154
v -1.280847 0.817649 -1.120525
v -1.282442 0.785968 -1.117791
v -1.270954 0.751946 -1.115145
v -1.266612 0.732187 -1.144931
v -1.251923 0.719386 -1.170113
v -1.235882 0.719550 -1.197615
v -1.210588 0.756419 -1.240979
v -1.192217 0.786003 -1.250134
v -1.207468 0.818396 -1.246328
v -1.221276 0.814987 -1.242441
v -1.228220 0.838577 -1.230536
v -1.239398 0.854522 -1.211372
v -1.252878 0.860065 -1.188263
v -1.277422 0.838076 -1.146183
v -1.284244 0.814345 -1.134488
v -1.285612 0.787158 -1.132142
v -1.277407 0.755738 -1.126424
v -1.272028 0.741009 -1.155431
v -1.245659 0.730165 -1.200639
v -1.221261 0.732649 -1.222682
v -1.233112 0.741406 -1.222150
v -1.219767 0.787830 -1.245028
v -1.205709 0.786750 -1.249344
v -1.234970 0.810675 -1.235330
v -1.240462 0.829334 -1.225914
v -1.249303 0.841945 -1.210756
v -1.259964 0.846329 -1.192478
v -1.266327 0.854247 -1.165204
v -1.279378 0.828937 -1.159195
v -1.285856 0.788665 -1.148089
v -1.282438 0.768148 -1.153949
v -1.281291 0.761219 -1.139550
v -1.275111 0.752163 -1.166510
v -1.265142 0.743475 -1.183601
v -1.259424 0.730025 -1.177040
v -1.254254 0.743586 -1.202267
v -1.237087 0.768610 -1.231699
v -1.223954 0.761803 -1.237851
v -1.233776 0.789196 -1.237376
v -1.247949 0.805651 -1.225306
v -1.257867 0.827289 -1.208302
v -1.265245 0.830323 -1.195653
v -1.270602 0.841727 -1.174240
v -1.278679 0.818287 -1.172622
v -1.284773 0.810167 -1.149945
v -1.283161 0.790420 -1.164937
v -1.280796 0.776222 -1.168992
v -1.275726 0.765160 -1.177684
v -1.268828 0.759149 -1.189511
v -1.254427 0.765378 -1.214200
v -1.244331 0.752477 -1.219281
v -1.249414 0.776542 -1.222794
v -1.247123 0.790786 -1.226722
v -1.261590 0.806732 -1.209477
v -1.251749 0.818562 -1.218790
v -1.264717 0.811194 -1.204115
v -1.272251 0.811117 -1.191199
v -1.272606 0.827139 -1.183033
v -1.275355 0.806592 -1.185877
v -1.277264 0.799953 -1.182605
v -1.282412 0.805298 -1.166222
v -1.277646 0.792346 -1.181949
v -1.276438 0.785089 -1.184021
v -1.273846 0.779435 -1.188465
v -1.270320 0.776362 -1.194510
v -1.261294 0.759226 -1.202427
v -1.266469 0.776402 -1.201113
v -1.262959 0.779547 -1.207131
v -1.260397 0.785253 -1.211523
v -1.259647 0.800132 -1.212807
v -1.269554 0.794362 -1.198380
v -1.268489 0.812744 -1.197650
v -1.259225 0.792535 -1.213531
v -1.178517 0.789626 -1.249291
v -0.959789 0.656385 -1.076197
v -0.929701 0.689069 -1.111509
v -0.949930 0.688830 -1.070184
v -1.213287 0.656386 -1.139989
v -1.070783 0.688830 -1.055686
v -1.021062 0.656625 -1.081811
v -1.080991 0.656386 -1.061086
v -1.011204 0.689069 -1.075798
v -0.944723 0.657872 -1.212690
v -0.936311 0.656625 -1.116448
v -0.967797 0.866206 -1.113369
v -0.983227 0.890601 -1.083142
v -1.001835 0.899081 -1.046692
v -1.020402 0.890181 -1.010322
v -1.035717 0.865439 -0.980320
v -1.045134 0.829132 -0.961874
v -1.047023 0.787540 -0.958173
v -1.041058 0.747853 -0.969858
v -1.028271 0.716934 -0.994907
v -1.010872 0.700129 -1.028990
v -0.991869 0.700343 -1.066213
v -0.974550 0.717541 -1.100141
v -0.961907 0.748746 -1.124906
v -0.956128 0.788567 -1.136227
v -0.958211 0.830114 -1.132146
v -0.864531 0.830114 -1.190375
v -0.869114 0.788567 -1.190375
v -0.856401 0.748746 -1.190375
v -0.828592 0.717541 -1.190375
v -0.790494 0.700343 -1.190375
v -0.748694 0.700129 -1.190375
v -0.710422 0.716934 -1.190375
v -0.682294 0.747853 -1.190375
v -0.669173 0.787540 -1.190375
v -0.673328 0.829132 -1.190375
v -0.694042 0.865439 -1.190375
v -0.727732 0.890181 -1.190375
v -0.768573 0.899081 -1.190375
v -0.809503 0.890601 -1.190375
v -0.843446 0.866206 -1.190375
v -0.951734 0.787667 -1.144094
v 0.873129 0.832957 -1.190375
v 0.850144 0.872300 -1.171175
v 0.873129 0.832957 -1.171175
v 0.850144 0.872300 -1.190375
v 0.813144 0.898893 -1.171175
v 0.813144 0.898893 -1.190375
v 0.768527 0.908137 -1.171175
v 0.768527 0.908137 -1.190375
v 0.724006 0.898435 -1.171175
v 0.724006 0.898435 -1.190375
v 0.687281 0.871463 -1.171175
v 0.687281 0.871463 -1.190375
v 0.664702 0.831887 -1.171175
v 0.664702 0.831887 -1.190375
v 0.660172 0.786547 -1.171175
v 0.660172 0.786547 -1.190375
v 0.674475 0.743285 -1.171175
v 0.674475 0.743285 -1.190375
v 0.705137 0.709580 -1.171175
v 0.705137 0.709580 -1.190375
v 0.746857 0.691261 -1.171175
v 0.746857 0.691261 -1.190375
v 0.792422 0.691495 -1.171175
v 0.792422 0.691495 -1.190375
v 0.833952 0.710242 -1.171175
v 0.833952 0.710242 -1.190375
v 0.864267 0.744259 -1.171175
v 0.864267 0.744259 -1.190375
v 0.878124 0.787666 -1.171175
v 0.878124 0.787666 -1.190375
v 0.843446 0.866206 -1.171175
v 0.769089 0.798561 -1.171175
v 0.864531 0.830114 -1.171175
v 0.809503 0.890601 -1.171175
v 0.768573 0.899081 -1.171175
v 0.727732 0.890181 -1.171175
v 0.694042 0.865439 -1.171175
v 0.673328 0.829132 -1.171175
v 0.669173 0.787540 -1.171175
v 0.682294 0.747853 -1.171175
v 0.710422 0.716934 -1.171175
v 0.748694 0.700129 -1.171175
v 0.790494 0.700343 -1.171175
v 0.828592 0.717541 -1.171175
v 0.856401 0.748746 -1.171175
v 0.869114 0.788567 -1.171175
v 0.875487 0.833735 -1.419608
v 0.851981 0.873971 -1.386265
v 0.875487 0.833735 -1.386265
v 0.851981 0.873971 -1.419608
v 0.814143 0.901167 -1.386265
v 0.814143 0.901167 -1.419608
v 0.768514 0.910620 -1.386265
v 0.768514 0.910620 -1.419608
v 0.722985 0.900699 -1.386265
v 0.722985 0.900699 -1.419608
v 0.685427 0.873116 -1.386265
v 0.685427 0.873116 -1.419608
v 0.662336 0.832642 -1.386265
v 0.662336 0.832642 -1.419608
v 0.657703 0.786275 -1.386265
v 0.657703 0.786275 -1.419608
v 0.672330 0.742032 -1.386265
v 0.672330 0.742032 -1.419608
v 0.703688 0.707564 -1.386265
v 0.703688 0.707564 -1.419608
v 0.746353 0.688830 -1.386265
v 0.746580 0.656386 -1.408062
v 0.793177 0.656625 -1.397811
v 0.746580 0.656386 -1.397811
v 0.792951 0.689068 -1.419608
v 0.835422 0.708241 -1.386265
v 0.792951 0.689068 -1.386265
v 0.835422 0.708241 -1.419608
v 0.866424 0.743028 -1.386265
v 0.866424 0.743028 -1.419608
v 0.880595 0.787419 -1.386265
v 0.880595 0.787419 -1.419608
v 0.864531 0.830114 -1.386265
v 0.843446 0.866206 -1.386265
v 0.864531 0.830114 -1.419608
v 0.843446 0.866206 -1.419608
v 0.809503 0.890601 -1.386265
v 0.809503 0.890601 -1.419608
v 0.768573 0.899081 -1.386265
v 0.768573 0.899081 -1.419608
v 0.727732 0.890181 -1.386265
v 0.727732 0.890181 -1.419608
v 0.694042 0.865439 -1.386265
v 0.694042 0.865439 -1.419608
v 0.673328 0.829132 -1.386265
v 0.673328 0.829132 -1.419608
v 0.669173 0.787540 -1.386265
v 0.669173 0.787540 -1.419608
v 0.682294 0.747853 -1.386265
v 0.682294 0.747853 -1.419608
v 0.710422 0.716934 -1.386265
v 0.710422 0.716934 -1.419608
v 0.748694 0.700129 -1.386265
v 0.746353 0.688830 -1.419608
v 0.748695 0.700128 -1.419608
v 0.790494 0.700343 -1.386265
v 0.790494 0.700343 -1.419608
v 0.828592 0.717541 -1.386265
v 0.828592 0.717541 -1.419608
v 0.856401 0.748746 -1.386265
v 0.856401 0.748746 -1.419608
v 0.869114 0.788567 -1.386265
v 0.869114 0.788567 -1.419608
v 0.864531 0.830114 -1.423585
v 0.843446 0.866206 -1.423585
v 0.809503 0.890601 -1.423585
v 0.727732 0.890182 -1.423585
v 0.694042 0.865439 -1.423585
v 0.673328 0.829132 -1.423585
v 0.669173 0.787540 -1.423585
v 0.682294 0.747853 -1.423585
v 0.710422 0.716934 -1.423585
v 0.748695 0.700128 -1.423585
v 0.790494 0.700343 -1.423585
v 0.828592 0.717541 -1.423585
v 0.856401 0.748746 -1.423585
v 0.869114 0.788567 -1.423585
v 0.835596 0.858947 -1.433098
v 0.805291 0.880729 -1.433098
v 0.768745 0.888300 -1.433098
v 0.768573 0.899081 -1.423585
v 0.732280 0.880353 -1.433098
v 0.702199 0.858262 -1.433098
v 0.683705 0.825846 -1.433098
v 0.679995 0.788709 -1.433098
v 0.691710 0.753274 -1.433098
v 0.716825 0.725668 -1.433098
v 0.750997 0.710663 -1.433098
v 0.788317 0.710854 -1.433098
v 0.822334 0.726209 -1.433098
v 0.847164 0.754073 -1.433098
v 0.854423 0.826722 -1.433098
v 0.848506 0.820757 -1.445357
v 0.833711 0.853533 -1.433304
v 0.852155 0.821963 -1.433304
v 0.830868 0.850947 -1.445357
v 0.804021 0.874872 -1.433304
v 0.768238 0.878447 -1.445357
v 0.768218 0.882290 -1.433304
v 0.734075 0.871002 -1.445357
v 0.732494 0.874505 -1.433304
v 0.705894 0.850305 -1.445357
v 0.703024 0.852862 -1.433304
v 0.688567 0.819935 -1.445357
v 0.684906 0.821104 -1.433304
v 0.685091 0.785144 -1.445357
v 0.681271 0.784722 -1.433304
v 0.696066 0.751946 -1.445357
v 0.692748 0.750007 -1.433304
v 0.717352 0.722962 -1.433304
v 0.719595 0.726082 -1.445357
v 0.750830 0.708262 -1.433304
v 0.786574 0.712203 -1.445357
v 0.787393 0.708450 -1.433304
v 0.818443 0.726590 -1.445357
v 0.820718 0.723493 -1.433304
v 0.841705 0.752693 -1.445357
v 0.845043 0.750789 -1.433304
v 0.856163 0.785620 -1.433304
v 0.852339 0.786003 -1.445357
v 0.841368 0.818397 -1.456614
v 0.799453 0.864469 -1.456614
v 0.802476 0.871354 -1.445357
v 0.768277 0.870930 -1.456614
v 0.737168 0.864150 -1.456614
v 0.711506 0.845304 -1.456614
v 0.695728 0.817649 -1.456614
v 0.692563 0.785968 -1.456614
v 0.702557 0.755738 -1.456614
v 0.723983 0.732187 -1.456614
v 0.751610 0.712025 -1.445357
v 0.784973 0.719549 -1.456614
v 0.813993 0.732649 -1.456614
v 0.835175 0.756419 -1.456614
v 0.831053 0.814987 -1.466583
v 0.825307 0.845888 -1.456614
v 0.817271 0.838577 -1.466583
v 0.795085 0.854521 -1.466583
v 0.768332 0.860064 -1.466583
v 0.719617 0.838076 -1.466583
v 0.706078 0.814345 -1.466583
v 0.711938 0.761219 -1.466583
v 0.730323 0.741009 -1.466583
v 0.755339 0.730024 -1.466583
v 0.753135 0.719386 -1.456614
v 0.782660 0.730165 -1.466583
v 0.807562 0.741406 -1.466583
v 0.825739 0.761803 -1.466583
v 0.844859 0.786750 -1.456614
v 0.834048 0.787830 -1.466583
v 0.807111 0.829334 -1.474828
v 0.768403 0.846329 -1.474828
v 0.747289 0.841728 -1.474828
v 0.741638 0.854248 -1.466583
v 0.719163 0.810168 -1.474828
v 0.703362 0.787159 -1.466583
v 0.723798 0.768148 -1.474828
v 0.738340 0.752163 -1.474828
v 0.758126 0.743475 -1.474828
v 0.779735 0.743586 -1.474828
v 0.813808 0.768610 -1.474828
v 0.818011 0.810675 -1.474828
v 0.802813 0.805651 -1.480989
v 0.795270 0.818562 -1.480989
v 0.789563 0.841944 -1.474828
v 0.768485 0.830323 -1.480989
v 0.753875 0.827139 -1.480989
v 0.741822 0.818287 -1.480989
v 0.729872 0.828937 -1.474828
v 0.734412 0.805298 -1.480989
v 0.717015 0.788665 -1.474828
v 0.737619 0.776222 -1.480989
v 0.747682 0.765161 -1.480989
v 0.761374 0.759149 -1.480989
v 0.776327 0.759226 -1.480989
v 0.799431 0.752477 -1.474828
v 0.799905 0.776542 -1.480989
v 0.804453 0.790786 -1.480989
v 0.820380 0.789196 -1.474828
v 0.782267 0.806732 -1.484797
v 0.776060 0.811194 -1.484797
v 0.783128 0.827289 -1.480989
v 0.761107 0.811117 -1.484797
v 0.751158 0.799953 -1.484797
v 0.732926 0.790420 -1.480989
v 0.750399 0.792346 -1.484797
v 0.757941 0.779435 -1.484797
v 0.764940 0.776361 -1.484797
v 0.772584 0.776402 -1.484797
v 0.789956 0.765378 -1.480989
v 0.779551 0.779547 -1.484797
v 0.786961 0.792535 -1.484797
v 0.786123 0.800132 -1.484797
v 0.768670 0.794362 -1.486085
v 0.768575 0.812744 -1.484797
v 0.754946 0.806592 -1.484797
v 0.752798 0.785090 -1.484797
v 0.784636 0.785253 -1.484797
v 0.858514 0.789626 -1.433098
v 0.821721 0.656386 -1.155503
v 0.868092 0.689068 -1.143957
v 0.821494 0.688830 -1.143957
v 0.746353 0.688830 -1.201161
v 0.793177 0.656625 -1.212707
v 0.746580 0.656386 -1.212707
v 0.792951 0.689068 -1.201161
v 0.938081 0.690263 -1.201161
v 0.944693 0.657872 -1.212707
v 0.913531 0.656997 -1.155503
v 0.868318 0.656625 -1.155503
v 0.906899 0.689388 -1.143957
v 0.944693 0.657872 -1.212673
v 0.944693 0.657971 -1.212672
v 0.938077 0.832955 -1.130750
v 0.964530 0.872297 -1.119219
v 0.954019 0.832955 -1.139653
v 0.948494 0.872297 -1.110265
v 0.981452 0.898891 -1.086323
v 0.965265 0.898891 -1.077287
v 1.001857 0.908136 -1.046652
v 0.985489 0.908136 -1.037517
v 1.022218 0.898434 -1.007066
v 1.005668 0.898434 -0.997834
v 1.039012 0.871461 -0.974414
v 1.022313 0.871461 -0.965100
v 1.049336 0.831884 -0.954339
v 1.032545 0.831884 -0.944975
v 1.051407 0.786549 -0.950312
v 1.028117 0.743288 -0.953685
v 1.034598 0.786549 -0.940938
v 1.014221 0.709582 -0.981015
v 1.044868 0.743288 -0.963027
v 0.995311 0.691262 -1.018202
v 1.030847 0.709582 -0.990289
v 0.974658 0.691496 -1.058817
v 1.011768 0.691262 -1.027384
v 0.955834 0.710244 -1.095834
v 0.990929 0.691496 -1.067898
v 0.942093 0.744262 -1.122852
v 0.971935 0.710244 -1.104823
v 0.935812 0.787667 -1.135202
v 0.958071 0.744261 -1.131775
v 0.951734 0.787667 -1.144094
v 0.951761 0.866206 -1.104415
v 0.942269 0.830114 -1.123243
v 0.985234 0.798560 -1.038019
v 0.967041 0.890601 -1.074106
v 0.985467 0.899081 -1.037558
v 1.003852 0.890181 -1.001089
v 1.019018 0.865439 -0.971006
v 1.028343 0.829132 -0.952510
v 1.030214 0.787540 -0.948799
v 1.024307 0.747853 -0.960515
v 1.011645 0.716934 -0.985632
v 0.994415 0.700129 -1.019808
v 0.975599 0.700343 -1.057132
v 0.958448 0.717541 -1.091151
v 0.945929 0.748746 -1.115983
v 0.940206 0.788567 -1.127335
v 1.129510 0.833735 -1.240355
v 1.170155 0.873970 -1.236851
v 1.158312 0.833736 -1.257155
v 1.141353 0.873971 -1.220051
v 1.189220 0.901166 -1.204166
v 1.160418 0.901166 -1.187366
v 1.212210 0.910620 -1.164752
v 1.183408 0.910620 -1.147952
v 1.235149 0.900699 -1.125424
v 1.225270 0.873116 -1.076183
v 1.206347 0.900699 -1.108624
v 1.265706 0.832642 -1.073036
v 1.254072 0.873116 -1.092982
v 1.236904 0.832642 -1.056236
v 1.268040 0.786275 -1.069034
v 1.239238 0.786274 -1.052235
v 1.260671 0.742032 -1.081669
v 1.231869 0.742032 -1.064869
v 1.244871 0.707564 -1.108755
v 1.216070 0.707563 -1.091956
v 1.223375 0.688830 -1.145610
v 1.204432 0.656386 -1.134824
v 1.189810 0.656625 -1.180239
v 1.213287 0.656386 -1.139989
v 1.149697 0.708240 -1.205747
v 1.199897 0.689069 -1.185861
v 1.171095 0.689068 -1.169061
v 1.134077 0.743028 -1.232527
v 1.178498 0.708240 -1.222547
v 1.126937 0.787419 -1.244768
v 1.162878 0.743028 -1.249326
v 1.155738 0.787419 -1.261568
v 1.135031 0.830114 -1.230892
v 1.163832 0.830114 -1.247691
v 1.174456 0.866205 -1.229478
v 1.145654 0.866206 -1.212678
v 1.191557 0.890601 -1.200159
v 1.183378 0.899081 -1.148004
v 1.162756 0.890601 -1.183359
v 1.212179 0.899081 -1.164803
v 1.203955 0.890181 -1.112725
v 1.232757 0.890181 -1.129525
v 1.249731 0.865439 -1.100424
v 1.220930 0.865439 -1.083624
v 1.260168 0.829132 -1.082531
v 1.233460 0.787540 -1.062142
v 1.231366 0.829132 -1.065732
v 1.262262 0.787540 -1.078941
v 1.226849 0.747853 -1.073476
v 1.255651 0.747853 -1.090275
v 1.212677 0.716934 -1.097773
v 1.241479 0.716934 -1.114572
v 1.193394 0.700129 -1.130833
v 1.222195 0.700129 -1.147632
v 1.172333 0.700343 -1.166938
v 1.194573 0.688829 -1.128810
v 1.201135 0.700343 -1.183738
v 1.181940 0.717541 -1.216647
v 1.153138 0.717541 -1.199847
v 1.167928 0.748747 -1.240669
v 1.139126 0.748747 -1.223869
v 1.161523 0.788567 -1.251650
v 1.132722 0.788567 -1.234850
v 1.167267 0.830114 -1.249695
v 1.177891 0.866205 -1.231481
v 1.194992 0.890601 -1.202162
v 1.236192 0.890181 -1.131529
v 1.215615 0.899081 -1.166807
v 1.253166 0.865439 -1.102427
v 1.265696 0.787540 -1.080945
v 1.263603 0.829132 -1.084535
v 1.259086 0.747853 -1.092279
v 1.244913 0.716934 -1.116576
v 1.225630 0.700129 -1.149636
v 1.204570 0.700343 -1.185742
v 1.171363 0.748747 -1.242672
v 1.185375 0.717541 -1.218651
v 1.164958 0.788567 -1.253653
v 1.190063 0.858947 -1.229495
v 1.180578 0.826722 -1.245757
v 1.205333 0.880729 -1.203317
v 1.223746 0.888300 -1.171749
v 1.242118 0.880353 -1.140250
v 1.257274 0.858262 -1.114267
v 1.266592 0.825846 -1.098291
v 1.268462 0.788709 -1.095086
v 1.262559 0.753275 -1.105206
v 1.249905 0.725667 -1.126900
v 1.232688 0.710663 -1.156418
v 1.213884 0.710855 -1.188655
v 1.196746 0.726209 -1.218039
v 1.184235 0.754073 -1.239487
v 1.178517 0.789626 -1.249291
v 1.181898 0.821963 -1.243901
v 1.203035 0.850947 -1.231587
v 1.194148 0.820756 -1.246822
v 1.206150 0.874872 -1.202323
v 1.191191 0.853533 -1.227970
v 1.234590 0.878447 -1.177487
v 1.217340 0.871354 -1.207062
v 1.242188 0.874505 -1.140539
v 1.224189 0.882290 -1.171397
v 1.257036 0.852862 -1.115083
v 1.251803 0.871002 -1.147977
v 1.266165 0.821104 -1.099432
v 1.266002 0.850305 -1.123634
v 1.267997 0.784723 -1.096292
v 1.274732 0.819935 -1.108667
v 1.262214 0.750007 -1.106206
v 1.276483 0.785144 -1.105665
v 1.259099 0.726082 -1.135470
v 1.270954 0.751946 -1.115145
v 1.249817 0.722962 -1.127460
v 1.242968 0.712025 -1.163124
v 1.232950 0.708262 -1.156378
v 1.225352 0.712204 -1.193326
v 1.214528 0.708450 -1.187960
v 1.209295 0.726590 -1.220854
v 1.185481 0.750789 -1.237758
v 1.197737 0.723492 -1.216746
v 1.179879 0.785620 -1.247364
v 1.197574 0.752693 -1.240948
v 1.192217 0.786003 -1.250134
v 1.215560 0.845888 -1.232455
v 1.207468 0.818396 -1.246328
v 1.228586 0.864469 -1.210123
v 1.244294 0.870929 -1.183192
v 1.259968 0.864150 -1.156321
v 1.272898 0.845303 -1.134154
v 1.280847 0.817649 -1.120525
v 1.282442 0.785968 -1.117791
v 1.266612 0.732187 -1.144931
v 1.277407 0.755738 -1.126424
v 1.251923 0.719386 -1.170113
v 1.235882 0.719550 -1.197615
v 1.210588 0.756419 -1.240979
v 1.221261 0.732649 -1.222682
v 1.205709 0.786750 -1.249344
v 1.221276 0.814987 -1.242441
v 1.228220 0.838577 -1.230536
v 1.239398 0.854522 -1.211372
v 1.252878 0.860065 -1.188263
v 1.277422 0.838076 -1.146183
v 1.266327 0.854247 -1.165204
v 1.284244 0.814345 -1.134488
v 1.285612 0.787158 -1.132142
v 1.281291 0.761219 -1.139550
v 1.272028 0.741009 -1.155431
v 1.245659 0.730165 -1.200639
v 1.259424 0.730025 -1.177040
v 1.233112 0.741406 -1.222150
v 1.219767 0.787830 -1.245028
v 1.223954 0.761803 -1.237851
v 1.234970 0.810675 -1.235330
v 1.240462 0.829334 -1.225914
v 1.249303 0.841945 -1.210756
v 1.259964 0.846329 -1.192478
v 1.279378 0.828937 -1.159195
v 1.270602 0.841727 -1.174240
v 1.285856 0.788665 -1.148089
v 1.284773 0.810167 -1.149945
v 1.282438 0.768148 -1.153949
v 1.275111 0.752163 -1.166510
v 1.265142 0.743475 -1.183601
v 1.254254 0.743586 -1.202267
v 1.237087 0.768610 -1.231699
v 1.244331 0.752477 -1.219281
v 1.233776 0.789196 -1.237376
v 1.247949 0.805651 -1.225306
v 1.257867 0.827289 -1.208302
v 1.251749 0.818562 -1.218790
v 1.265245 0.830323 -1.195653
v 1.278679 0.818287 -1.172622
v 1.272606 0.827139 -1.183033
v 1.283161 0.790420 -1.164937
v 1.282412 0.805298 -1.166222
v 1.280796 0.776222 -1.168992
v 1.275726 0.765160 -1.177684
v 1.261294 0.759226 -1.202427
v 1.268828 0.759149 -1.189511
v 1.254427 0.765378 -1.214200
v 1.249414 0.776542 -1.222794
v 1.247123 0.790786 -1.226722
v 1.261590 0.806732 -1.209477
v 1.259647 0.800132 -1.212807
v 1.264717 0.811194 -1.204115
v 1.272251 0.811117 -1.191199
v 1.268489 0.812744 -1.197650
v 1.275355 0.806592 -1.185877
v 1.277264 0.799953 -1.182605
v 1.276438 0.785089 -1.184021
v 1.277646 0.792346 -1.181949
v 1.273846 0.779435 -1.188465
v 1.270320 0.776362 -1.194510
v 1.266469 0.776402 -1.201113
v 1.262959 0.779547 -1.207131
v 1.260397 0.785253 -1.211523
v 1.259225 0.792535 -1.213531
v 1.269554 0.794362 -1.198380
v 0.929701 0.689069 -1.111509
v 0.959789 0.656385 -1.076197
v 0.949930 0.688830 -1.070184
v 1.180954 0.656625 -1.175074
v 1.070783 0.688830 -1.055686
v 1.021062 0.656625 -1.081811
v 1.011204 0.689069 -1.075798
v 1.080991 0.656386 -1.061086
v 0.936311 0.656625 -1.116448
v 0.944723 0.657872 -1.212690
v 0.967797 0.866206 -1.113369
v 0.983227 0.890601 -1.083142
v 1.001835 0.899081 -1.046692
v 1.020402 0.890181 -1.010322
v 1.035717 0.865439 -0.980320
v 1.045134 0.829132 -0.961874
v 1.047023 0.787540 -0.958173
v 1.041058 0.747853 -0.969858
v 1.028271 0.716934 -0.994907
v 1.010872 0.700129 -1.028990
v 0.991869 0.700343 -1.066213
v 0.974550 0.717541 -1.100141
v 0.961907 0.748746 -1.124906
v 0.956128 0.788567 -1.136227
v 0.958211 0.830114 -1.132146
v 0.864531 0.830114 -1.190375
v 0.869114 0.788567 -1.190375
v 0.856401 0.748746 -1.190375
v 0.828592 0.717541 -1.190375
v 0.790494 0.700343 -1.190375
v 0.748694 0.700129 -1.190375
v 0.710422 0.716934 -1.190375
v 0.682294 0.747853 -1.190375
v 0.669173 0.787540 -1.190375
v 0.673328 0.829132 -1.190375
v 0.694042 0.865439 -1.190375
v 0.727732 0.890181 -1.190375
v 0.768573 0.899081 -1.190375
v 0.809503 0.890601 -1.190375
v 0.843446 0.866206 -1.190375
v 1.355369 -1.049141 1.423973
v 1.327276 -1.021724 1.423973
v 1.327276 -1.049141 1.423973
v 1.355369 -0.532473 1.423973
v 1.327276 -0.532473 1.112861
v 1.327276 -0.532473 1.423973
v 1.355369 -1.021724 1.112861
v 1.327276 -1.049141 1.112861
v 1.327276 -1.021724 1.112861
v 1.355369 -1.049141 1.112861
v 1.797332 -1.049141 1.112861
v 1.797332 -1.021724 1.423973
v 1.797332 -1.049141 1.423973
v 1.355369 -0.532473 1.112861
v 1.355369 -1.021724 1.423973
v 1.797332 -1.021724 1.112861
v 1.355369 -1.049141 0.304875
v 1.327276 -1.021724 0.304875
v 1.327276 -1.049141 0.304875
v 1.355369 -0.532473 0.304875
v 1.327276 -0.532473 -0.006237
v 1.327276 -0.532473 0.304875
v 1.355369 -1.021724 -0.006237
v 1.327276 -1.049141 -0.006237
v 1.327276 -1.021724 -0.006237
v 1.355369 -1.049141 -0.006237
v 1.797332 -1.049141 -0.006237
v 1.797332 -1.021724 0.304875
v 1.797332 -1.049141 0.304875
v 1.355369 -0.532473 -0.006237
v 1.355369 -1.021724 0.304875
v 1.797332 -1.021724 -0.006237
v 1.355369 -1.049141 -0.820997
v 1.327276 -1.021724 -0.820997
v 1.327276 -1.049141 -0.820997
v 1.355369 -0.532473 -0.820997
v 1.327276 -0.532473 -1.132108
v 1.327276 -0.532473 -0.820997
v 1.355369 -1.021724 -1.132108
v 1.327276 -1.049141 -1.132108
v 1.327276 -1.021724 -1.132108
v 1.355369 -1.049141 -1.132108
v 1.797332 -1.049141 -1.132108
v 1.797332 -1.021724 -0.820997
v 1.797332 -1.049141 -0.820997
v 1.355369 -0.532473 -1.132108
v 1.355369 -1.021724 -0.820997
v 1.797332 -1.021724 -1.132108
v -1.357723 -1.049141 1.112861
v -1.329630 -1.021724 1.112861
v -1.329630 -1.049141 1.112861
v -1.357723 -0.532473 1.112861
v -1.329630 -0.532473 1.423973
v -1.329630 -0.532473 1.112861
v -1.357723 -1.021724 1.423973
v -1.329630 -1.049141 1.423973
v -1.329630 -1.021724 1.423973
v -1.357723 -1.049141 1.423973
v -1.799686 -1.049141 1.423973
v -1.799686 -1.021724 1.112861
v -1.799686 -1.049141 1.112861
v -1.357723 -0.532473 1.423973
v -1.357723 -1.021724 1.112861
v -1.799686 -1.021724 1.423973
v -1.357723 -1.049141 -0.006237
v -1.329630 -1.021724 -0.006237
v -1.329630 -1.049141 -0.006237
v -1.357723 -0.532473 -0.006237
v -1.329630 -0.532473 0.304874
v -1.329630 -0.532473 -0.006237
v -1.357723 -1.021724 0.304874
v -1.329630 -1.049141 0.304874
v -1.329630 -1.021724 0.304874
v -1.357723 -1.049141 0.304874
v -1.799686 -1.049141 0.304874
v -1.799686 -1.021724 -0.006237
v -1.799686 -1.049141 -0.006237
v -1.357723 -0.532473 0.304874
v -1.357723 -1.021724 -0.006237
v -1.799686 -1.021724 0.304874
v -1.357723 -1.049141 -1.132108
v -1.329630 -1.021724 -1.132108
v -1.329630 -1.049141 -1.132108
v -1.357723 -0.532473 -1.132108
v -1.329630 -0.532473 -0.820997
v -1.329630 -0.532473 -1.132108
v -1.357723 -1.021724 -0.820997
v -1.329630 -1.049141 -0.820997
v -1.329630 -1.021724 -0.820997
v -1.357723 -1.049141 -0.820997
v -1.799686 -1.049141 -0.820997
v -1.799686 -1.021724 -1.132108
v -1.799686 -1.049141 -1.132108
v -1.357723 -0.532473 -0.820997
v -1.357723 -1.021724 -1.132108
v -1.799686 -1.021724 -0.820997
v -0.303167 0.834301 -0.836611
v -0.386827 0.691102 -1.016547
v -0.386827 0.691102 -0.836611
v -0.168496 0.931093 -0.836611
v -0.303167 0.834301 -1.016547
v -0.006100 0.964741 -0.836611
v -0.168496 0.931093 -1.016547
v 0.155943 0.929427 -0.836611
v -0.006100 0.964741 -1.016547
v 0.289613 0.831258 -0.836611
v 0.155943 0.929427 -1.016547
v 0.371797 0.687207 -0.836611
v 0.289613 0.831258 -1.016547
v 0.388286 0.522183 -0.836611
v 0.371797 0.687207 -1.016547
v 0.336227 0.364719 -0.836611
v 0.388286 0.522183 -1.016547
v 0.224623 0.242043 -0.836611
v 0.336227 0.364719 -1.016547
v 0.072771 0.175366 -0.836611
v 0.224623 0.242043 -1.016547
v -0.093073 0.176218 -0.836611
v 0.072771 0.175366 -1.016547
v -0.244232 0.244451 -0.836611
v -0.093073 0.176218 -1.016547
v -0.354570 0.368266 -0.836611
v -0.244232 0.244451 -1.016547
v -0.405009 0.526256 -0.836611
v -0.354570 0.368266 -1.016547
v -0.405009 0.526256 -1.016547
v -0.008148 0.565909 -0.836611
v -0.337033 0.865110 -1.016547
v -0.430295 0.705473 -1.148841
v -0.430295 0.705473 -1.016547
v -0.186903 0.973013 -1.016547
v -0.337033 0.865110 -1.148841
v -0.005865 1.010523 -1.016547
v -0.186903 0.973013 -1.148841
v 0.174779 0.971156 -1.016547
v -0.005865 1.010523 -1.148841
v 0.323793 0.861717 -1.016547
v 0.174779 0.971156 -1.148841
v 0.415411 0.701131 -1.016547
v 0.323793 0.861717 -1.148841
v 0.433793 0.517163 -1.016547
v 0.415411 0.701131 -1.148841
v 0.375758 0.341624 -1.016547
v 0.433793 0.517163 -1.148841
v 0.251343 0.204866 -1.016547
v 0.375758 0.341624 -1.148841
v 0.082060 0.130535 -1.016547
v 0.251343 0.204866 -1.148841
v -0.103721 0.002758 -1.062357
v 0.081160 0.001809 -1.103031
v 0.081160 0.001809 -1.062357
v -0.271332 0.207550 -1.016547
v -0.102821 0.131485 -1.148841
v -0.102821 0.131485 -1.016547
v -0.394336 0.345578 -1.016547
v -0.271332 0.207550 -1.148841
v -0.450565 0.521705 -1.016547
v -0.394336 0.345578 -1.148841
v -0.450565 0.521705 -1.148841
v -0.386827 0.691102 -1.148841
v -0.303167 0.834301 -1.148841
v -0.168496 0.931093 -1.148841
v -0.006100 0.964741 -1.148841
v 0.155943 0.929427 -1.148841
v 0.289613 0.831258 -1.148841
v 0.371797 0.687207 -1.148841
v 0.388286 0.522183 -1.148841
v 0.336227 0.364719 -1.148841
v 0.224623 0.242043 -1.148841
v 0.082060 0.130535 -1.148841
v 0.072771 0.175366 -1.148841
v -0.093073 0.176218 -1.148841
v -0.244232 0.244451 -1.148841
v -0.354570 0.368266 -1.148841
v -0.405009 0.526256 -1.148841
v -0.386827 0.691102 -1.545477
v -0.303167 0.834301 -1.545477
v -0.168496 0.931093 -1.545477
v -0.006100 0.964741 -1.545477
v 0.155943 0.929427 -1.545477
v 0.289613 0.831258 -1.545477
v 0.371797 0.687207 -1.545477
v 0.388286 0.522183 -1.545477
v 0.336227 0.364719 -1.545477
v 0.224623 0.242043 -1.545477
v 0.072771 0.175366 -1.545477
v -0.093073 0.176218 -1.545477
v -0.244232 0.244451 -1.545477
v -0.354570 0.368266 -1.545477
v -0.405009 0.526256 -1.545477
v -0.272024 0.805500 -1.625881
v -0.346721 0.677643 -1.625881
v -0.151782 0.891921 -1.625881
v -0.006784 0.921965 -1.625881
v 0.137898 0.890434 -1.625881
v 0.257247 0.802783 -1.625881
v 0.330626 0.674165 -1.625881
v 0.345348 0.526821 -1.625881
v 0.298867 0.386228 -1.625881
v 0.199220 0.276695 -1.625881
v 0.063637 0.217162 -1.625881
v -0.084439 0.217922 -1.625881
v -0.219403 0.278844 -1.625881
v -0.317920 0.389395 -1.625881
v -0.362955 0.530458 -1.625881
v -0.337722 0.658760 -1.627105
v -0.253265 0.773759 -1.698838
v -0.323245 0.653974 -1.698838
v -0.264543 0.784020 -1.627105
v -0.140614 0.854724 -1.698838
v -0.004692 0.898118 -1.627105
v -0.146744 0.868685 -1.627105
v 0.137050 0.867228 -1.627105
v -0.004770 0.882871 -1.698838
v 0.253974 0.781357 -1.627105
v 0.130777 0.853331 -1.698838
v 0.311337 0.650716 -1.698838
v 0.242591 0.771213 -1.698838
v 0.325862 0.655353 -1.627105
v 0.325130 0.512675 -1.698838
v 0.340285 0.511003 -1.627105
v 0.281583 0.380958 -1.698838
v 0.294749 0.373266 -1.627105
v 0.188228 0.278340 -1.698838
v 0.197126 0.265959 -1.627105
v 0.061205 0.222566 -1.698838
v 0.064298 0.207636 -1.627105
v -0.077522 0.223278 -1.698838
v -0.212991 0.268065 -1.627105
v -0.080769 0.208380 -1.627105
v -0.309506 0.376369 -1.627105
v -0.203966 0.280354 -1.698838
v -0.353626 0.514566 -1.627105
v -0.296263 0.383925 -1.698838
v -0.338454 0.516082 -1.698838
v -0.294924 0.644611 -1.765834
v -0.231201 0.753687 -1.765834
v -0.128621 0.827413 -1.765834
v -0.004923 0.853043 -1.765834
v 0.118505 0.826144 -1.765834
v 0.220322 0.751368 -1.765834
v 0.282922 0.641644 -1.765834
v 0.295481 0.515945 -1.765834
v 0.255828 0.396004 -1.765834
v 0.170819 0.302562 -1.765834
v 0.055153 0.251774 -1.765834
v -0.186309 0.304395 -1.765834
v -0.071171 0.252422 -1.765834
v -0.270355 0.398706 -1.765834
v -0.308774 0.519048 -1.765834
v -0.253997 0.631081 -1.825163
v -0.199315 0.724679 -1.825163
v -0.005145 0.809938 -1.825163
v -0.111291 0.787945 -1.825163
v 0.100770 0.786856 -1.825163
v 0.188140 0.722690 -1.825163
v 0.241858 0.628535 -1.825163
v 0.252635 0.520671 -1.825163
v 0.218609 0.417749 -1.825163
v 0.145662 0.337564 -1.825163
v -0.061992 0.294539 -1.825163
v 0.046407 0.293983 -1.825163
v -0.160794 0.339138 -1.825163
v -0.265882 0.523333 -1.825163
v -0.232914 0.420067 -1.825163
v -0.202253 0.613974 -1.874235
v -0.159002 0.688005 -1.874235
v -0.005425 0.755439 -1.874235
v -0.089380 0.738044 -1.874235
v 0.078348 0.737183 -1.874235
v 0.147453 0.686431 -1.874235
v 0.189941 0.611960 -1.874235
v 0.171552 0.445240 -1.874235
v 0.198465 0.526646 -1.874235
v 0.113855 0.381819 -1.874235
v 0.035350 0.347348 -1.874235
v -0.050388 0.347789 -1.874235
v -0.185577 0.447074 -1.874235
v -0.128534 0.383064 -1.874235
v -0.211653 0.528751 -1.874235
v -0.112024 0.645266 -1.910902
v -0.141952 0.594038 -1.910902
v -0.063847 0.679892 -1.910902
v -0.005751 0.691930 -1.910902
v 0.052219 0.679296 -1.910902
v 0.100038 0.644177 -1.910902
v 0.129438 0.592644 -1.910902
v 0.116714 0.477277 -1.910902
v 0.135337 0.533609 -1.910902
v 0.022465 0.409538 -1.910902
v 0.076788 0.433391 -1.910902
v -0.036864 0.409843 -1.910902
v -0.090940 0.434252 -1.910902
v -0.130413 0.478546 -1.910902
v -0.148457 0.535066 -1.910902
v -0.075731 0.572145 -1.933564
v -0.035806 0.616031 -1.933564
v -0.060432 0.598331 -1.933564
v -0.006109 0.622184 -1.933564
v 0.047967 0.597774 -1.933564
v 0.023523 0.615726 -1.933564
v 0.062996 0.571432 -1.933564
v 0.066011 0.541255 -1.933564
v 0.056491 0.512460 -1.933564
v 0.008314 0.477834 -1.933564
v 0.036083 0.490027 -1.933564
v -0.049655 0.490467 -1.933564
v -0.022013 0.477990 -1.933564
v -0.079056 0.542000 -1.933564
v -0.069832 0.513109 -1.933564
v -0.006483 0.549251 -1.941230
v -0.103721 0.002758 -1.103031
v 0.050000 0.962002 1.941230
v 0.038446 0.439979 1.693095
v -1.244445 -0.074118 -1.045655
v -1.254072 0.873116 -1.092982
v 0.793177 0.656625 -1.408062
vt 0.709159 0.609911
vt 0.691068 0.646093
vt 0.691068 0.609911
vt 0.709159 0.646093
vt 0.691068 0.682276
vt 0.709159 0.682276
vt 0.691068 0.718458
vt 0.691068 0.682276
vt 0.691068 0.718458
vt 0.709159 0.754641
vt 0.691068 0.754641
vt 0.654886 0.646093
vt 0.654886 0.609911
vt 0.709159 0.682276
vt 0.691068 0.682276
vt 0.709159 0.718458
vt 0.691068 0.718458
vt 0.709159 0.718458
vt 0.709159 0.682276
vt 0.709159 0.718458
vt 0.709159 0.682276
vt 0.709159 0.718458
vt 0.709159 0.718458
vt 0.709159 0.682276
vt 0.709159 0.682276
vt 0.709159 0.718458
vt 0.709159 0.682276
vt 0.709159 0.718458
vt 0.709159 0.718458
vt 0.691068 0.646093
vt 0.709159 0.609911
vt 0.691068 0.609911
vt 0.691068 0.682276
vt 0.709159 0.646093
vt 0.691068 0.718458
vt 0.709159 0.682276
vt 0.691068 0.682276
vt 0.691068 0.718458
vt 0.709159 0.754641
vt 0.709159 0.718458
vt 0.654886 0.646093
vt 0.654886 0.609911
vt 0.691068 0.682276
vt 0.709159 0.682276
vt 0.691068 0.718458
vt 0.709159 0.718458
vt 0.709159 0.682276
vt 0.709159 0.718458
vt 0.709159 0.682276
vt 0.709159 0.718458
vt 0.327890 0.583614
vt 0.287674 0.591108
vt 0.287674 0.583614
vt 0.327890 0.623831
vt 0.287674 0.664048
vt 0.287674 0.623831
vt 0.327890 0.696771
vt 0.287674 0.704265
vt 0.287674 0.696771
vt 0.327890 0.704265
vt 0.287674 0.744482
vt 0.287674 0.704265
vt 0.368107 0.591108
vt 0.327890 0.591108
vt 0.247457 0.591108
vt 0.247457 0.583614
vt 0.327890 0.664048
vt 0.287674 0.664048
vt 0.327890 0.696771
vt 0.327890 0.704265
vt 0.287674 0.696771
vt 0.287674 0.704265
vt 0.327890 0.664048
vt 0.287674 0.664048
vt 0.327890 0.704265
vt 0.327890 0.696771
vt 0.287674 0.704265
vt 0.327890 0.664048
vt 0.287674 0.664048
vt 0.327890 0.704265
vt 0.327890 0.696771
vt 0.287674 0.696771
vt 0.287674 0.704265
vt 0.247457 0.615063
vt 0.247457 0.623831
vt 0.287674 0.672816
vt 0.287674 0.672816
vt 0.287674 0.672816
vt 0.327890 0.664048
vt 0.287674 0.672816
vt 0.287674 0.664048
vt 0.327890 0.672816
vt 0.327890 0.664048
vt 0.327890 0.672816
vt 0.327890 0.672816
vt 0.368107 0.615063
vt 0.327890 0.615063
vt 0.287674 0.615063
vt 0.327890 0.672816
vt 0.287674 0.696771
vt 0.287674 0.672816
vt 0.287674 0.696771
vt 0.327890 0.696771
vt 0.327890 0.704265
vt 0.287674 0.704265
vt 0.287674 0.664048
vt 0.327890 0.672816
vt 0.327890 0.664048
vt 0.287674 0.672816
vt 0.287674 0.696771
vt 0.327890 0.696771
vt 0.327890 0.704265
vt 0.287674 0.704265
vt 0.287674 0.664048
vt 0.327890 0.672816
vt 0.327890 0.664048
vt 0.287674 0.672816
vt 0.287674 0.664048
vt 0.327890 0.672816
vt 0.327890 0.664048
vt 0.287674 0.672816
vt 0.287674 0.664048
vt 0.327890 0.672816
vt 0.327890 0.664048
vt 0.287674 0.672816
vt 0.287674 0.664048
vt 0.327890 0.664048
vt 0.327890 0.672816
vt 0.287674 0.672816
vt 0.287674 0.664048
vt 0.327890 0.664048
vt 0.327890 0.672816
vt 0.287674 0.672816
vt 0.287674 0.696771
vt 0.327890 0.704265
vt 0.327890 0.696771
vt 0.287674 0.704265
vt 0.287674 0.664048
vt 0.327890 0.664048
vt 0.327890 0.672816
vt 0.287674 0.672816
vt 0.287674 0.696771
vt 0.327890 0.704265
vt 0.327890 0.696771
vt 0.287674 0.704265
vt 0.287674 0.664048
vt 0.327890 0.664048
vt 0.327890 0.672816
vt 0.287674 0.672816
vt 0.327890 0.696771
vt 0.327890 0.704265
vt 0.287674 0.704265
vt 0.287674 0.664048
vt 0.327890 0.664048
vt 0.287674 0.672816
vt 0.327890 0.672816
vt 0.287674 0.696771
vt 0.327890 0.672816
vt 0.327890 0.696771
vt 0.287674 0.696771
vt 0.327890 0.704265
vt 0.287674 0.704265
vt 0.287674 0.664048
vt 0.327890 0.664048
vt 0.287674 0.672816
vt 0.287674 0.696771
vt 0.327890 0.696771
vt 0.327890 0.704265
vt 0.287674 0.704265
vt 0.287674 0.664048
vt 0.327890 0.672816
vt 0.327890 0.664048
vt 0.287674 0.672816
vt 0.287674 0.696771
vt 0.327890 0.696771
vt 0.327890 0.704265
vt 0.287674 0.704265
vt 0.287674 0.664048
vt 0.327890 0.672816
vt 0.327890 0.664048
vt 0.287674 0.672816
vt 0.287674 0.696771
vt 0.327890 0.696771
vt 0.327890 0.704265
vt 0.287674 0.704265
vt 0.287674 0.664048
vt 0.327890 0.664048
vt 0.327890 0.672816
vt 0.287674 0.672816
vt 0.287674 0.664048
vt 0.327890 0.664048
vt 0.327890 0.672816
vt 0.287674 0.672816
vt 0.287674 0.664048
vt 0.327890 0.664048
vt 0.327890 0.672816
vt 0.287674 0.672816
vt 0.287674 0.664048
vt 0.327890 0.664048
vt 0.327890 0.672816
vt 0.287674 0.672816
vt 0.287674 0.664048
vt 0.327890 0.664048
vt 0.327890 0.672816
vt 0.287674 0.672816
vt 0.287674 0.664048
vt 0.327890 0.664048
vt 0.327890 0.672816
vt 0.287674 0.672816
vt 0.287674 0.664048
vt 0.327890 0.664048
vt 0.327890 0.672816
vt 0.287674 0.672816
vt 0.287674 0.664048
vt 0.327890 0.664048
vt 0.327890 0.672816
vt 0.287674 0.672816
vt 0.287674 0.696771
vt 0.327890 0.704265
vt 0.327890 0.696771
vt 0.287674 0.704265
vt 0.287674 0.696771
vt 0.327890 0.704265
vt 0.327890 0.696771
vt 0.287674 0.704265
vt 0.327890 0.696771
vt 0.327890 0.704265
vt 0.287674 0.696771
vt 0.287674 0.704265
vt 0.287674 0.664048
vt 0.327890 0.664048
vt 0.287674 0.672816
vt 0.327890 0.672816
vt 0.327890 0.672816
vt 0.327890 0.696771
vt 0.327890 0.704265
vt 0.287674 0.696771
vt 0.287674 0.704265
vt 0.287674 0.664048
vt 0.327890 0.664048
vt 0.287674 0.672816
vt 0.327890 0.672816
vt 0.327890 0.704265
vt 0.327890 0.696771
vt 0.287674 0.704265
vt 0.287674 0.664048
vt 0.327890 0.664048
vt 0.287674 0.672816
vt 0.327890 0.672816
vt 0.287674 0.696771
vt 0.327890 0.704265
vt 0.327890 0.696771
vt 0.287674 0.704265
vt 0.287674 0.664048
vt 0.327890 0.664048
vt 0.287674 0.672816
vt 0.327890 0.672816
vt 0.287674 0.696771
vt 0.327890 0.704265
vt 0.327890 0.696771
vt 0.287674 0.704265
vt 0.287674 0.664048
vt 0.327890 0.664048
vt 0.287674 0.672816
vt 0.327890 0.672816
vt 0.287674 0.696771
vt 0.327890 0.704265
vt 0.487438 0.648328
vt 0.485026 0.677535
vt 0.485026 0.648328
vt 0.489850 0.648328
vt 0.487438 0.677535
vt 0.492262 0.648328
vt 0.489850 0.677535
vt 0.494675 0.648328
vt 0.492262 0.677535
vt 0.497087 0.648328
vt 0.494675 0.677535
vt 0.499499 0.648328
vt 0.497087 0.677535
vt 0.501911 0.648328
vt 0.499499 0.677535
vt 0.504323 0.648328
vt 0.501911 0.677535
vt 0.506735 0.648328
vt 0.504323 0.677535
vt 0.509148 0.648328
vt 0.506735 0.677535
vt 0.511560 0.648328
vt 0.509148 0.677535
vt 0.513972 0.648328
vt 0.511560 0.677535
vt 0.516384 0.648328
vt 0.513972 0.677535
vt 0.518796 0.648328
vt 0.516384 0.677535
vt 0.521208 0.648328
vt 0.518796 0.677535
vt 0.518249 0.608908
vt 0.523776 0.616516
vt 0.503117 0.625714
vt 0.510105 0.604207
vt 0.500753 0.603224
vt 0.491810 0.606129
vt 0.484822 0.612422
vt 0.480997 0.621012
vt 0.480997 0.630416
vt 0.484822 0.639006
vt 0.491810 0.645298
vt 0.500753 0.648204
vt 0.510105 0.647221
vt 0.518249 0.642519
vt 0.523776 0.634912
vt 0.525731 0.625714
vt 0.521208 0.677535
vt 0.518796 0.702218
vt 0.518796 0.677535
vt 0.516384 0.702218
vt 0.516384 0.677535
vt 0.513972 0.702218
vt 0.513972 0.677535
vt 0.511560 0.702218
vt 0.511560 0.677535
vt 0.509148 0.702218
vt 0.509148 0.677535
vt 0.506735 0.702218
vt 0.506735 0.677535
vt 0.504323 0.702218
vt 0.504323 0.677535
vt 0.501911 0.702218
vt 0.501911 0.677535
vt 0.499499 0.702218
vt 0.499499 0.677535
vt 0.497087 0.702218
vt 0.497087 0.677535
vt 0.494675 0.702218
vt 0.494675 0.677535
vt 0.492262 0.702218
vt 0.492262 0.677535
vt 0.489850 0.702218
vt 0.489850 0.677535
vt 0.487438 0.702218
vt 0.487438 0.677535
vt 0.485026 0.702218
vt 0.485026 0.677535
vt 0.523776 0.616516
vt 0.518249 0.608908
vt 0.518249 0.608908
vt 0.510105 0.604207
vt 0.510105 0.604207
vt 0.500753 0.603224
vt 0.500753 0.603224
vt 0.491810 0.606129
vt 0.491810 0.606129
vt 0.484822 0.612422
vt 0.484822 0.612422
vt 0.480997 0.621012
vt 0.480997 0.621012
vt 0.480997 0.630416
vt 0.480997 0.630416
vt 0.484822 0.639006
vt 0.484822 0.639006
vt 0.491810 0.645298
vt 0.491810 0.645298
vt 0.500753 0.648204
vt 0.500753 0.648204
vt 0.510105 0.647221
vt 0.510105 0.647221
vt 0.518249 0.642519
vt 0.518249 0.642519
vt 0.523776 0.634912
vt 0.523776 0.634912
vt 0.525731 0.625714
vt 0.525731 0.625714
vt 0.523776 0.616516
vt 0.518249 0.608908
vt 0.510105 0.604207
vt 0.500753 0.603224
vt 0.491810 0.606129
vt 0.484822 0.612422
vt 0.480997 0.621012
vt 0.480997 0.630416
vt 0.484822 0.639006
vt 0.491810 0.645298
vt 0.500753 0.648204
vt 0.510105 0.647221
vt 0.518249 0.642519
vt 0.523776 0.634912
vt 0.525731 0.625714
vt 0.523776 0.616516
vt 0.485026 0.677535
vt 0.487438 0.648328
vt 0.485026 0.648328
vt 0.487438 0.677535
vt 0.489850 0.648328
vt 0.489850 0.677535
vt 0.492262 0.648328
vt 0.492262 0.677535
vt 0.494675 0.648328
vt 0.494675 0.677535
vt 0.497087 0.648328
vt 0.497087 0.677535
vt 0.499499 0.648328
vt 0.499499 0.677535
vt 0.501911 0.648328
vt 0.501911 0.677535
vt 0.504323 0.648328
vt 0.504323 0.677535
vt 0.506735 0.648328
vt 0.506735 0.677535
vt 0.509148 0.648328
vt 0.509148 0.677535
vt 0.511560 0.648328
vt 0.511560 0.677535
vt 0.513972 0.648328
vt 0.513972 0.677535
vt 0.516384 0.648328
vt 0.516384 0.677535
vt 0.518796 0.648328
vt 0.518796 0.677535
vt 0.521208 0.648328
vt 0.518249 0.608908
vt 0.503117 0.625714
vt 0.523776 0.616516
vt 0.510105 0.604207
vt 0.500753 0.603224
vt 0.491810 0.606129
vt 0.484822 0.612422
vt 0.480997 0.621012
vt 0.480997 0.630416
vt 0.484822 0.639006
vt 0.491810 0.645298
vt 0.500753 0.648204
vt 0.510105 0.647221
vt 0.518249 0.642519
vt 0.523776 0.634912
vt 0.525731 0.625714
vt 0.521208 0.677535
vt 0.518796 0.677535
vt 0.516384 0.677535
vt 0.513972 0.677535
vt 0.511560 0.677535
vt 0.509148 0.677535
vt 0.506735 0.677535
vt 0.504323 0.677535
vt 0.501911 0.677535
vt 0.499499 0.677535
vt 0.497087 0.677535
vt 0.494675 0.677535
vt 0.492262 0.677535
vt 0.489850 0.677535
vt 0.487438 0.677535
vt 0.485026 0.677535
vt 0.521208 0.677535
vt 0.518249 0.608908
vt 0.523776 0.616516
vt 0.518249 0.608908
vt 0.510105 0.604207
vt 0.510105 0.604207
vt 0.500753 0.603224
vt 0.500753 0.603224
vt 0.491810 0.606129
vt 0.491810 0.606129
vt 0.484822 0.612422
vt 0.484822 0.612422
vt 0.480997 0.621012
vt 0.480997 0.621012
vt 0.480997 0.630416
vt 0.480997 0.630416
vt 0.484822 0.639006
vt 0.484822 0.639006
vt 0.491810 0.645298
vt 0.491810 0.645298
vt 0.500753 0.648204
vt 0.500753 0.648204
vt 0.510105 0.647221
vt 0.510105 0.647221
vt 0.518249 0.642519
vt 0.518249 0.642519
vt 0.523776 0.634912
vt 0.523776 0.634912
vt 0.525731 0.625714
vt 0.525731 0.625714
vt 0.523776 0.616516
vt 0.518249 0.608908
vt 0.523776 0.616516
vt 0.510105 0.604207
vt 0.500753 0.603224
vt 0.491810 0.606129
vt 0.484822 0.612422
vt 0.480997 0.621012
vt 0.480997 0.630416
vt 0.484822 0.639006
vt 0.491810 0.645298
vt 0.500753 0.648204
vt 0.510105 0.647221
vt 0.518249 0.642519
vt 0.523776 0.634912
vt 0.525731 0.625714
vt 0.487438 0.648328
vt 0.485026 0.677535
vt 0.485026 0.648328
vt 0.489850 0.648328
vt 0.487438 0.677535
vt 0.492262 0.648328
vt 0.489850 0.677535
vt 0.494675 0.648328
vt 0.492262 0.677535
vt 0.497087 0.648328
vt 0.494675 0.677535
vt 0.499499 0.648328
vt 0.497087 0.677535
vt 0.501911 0.648328
vt 0.499499 0.677535
vt 0.504323 0.648328
vt 0.501911 0.677535
vt 0.506735 0.648328
vt 0.504323 0.677535
vt 0.509148 0.648328
vt 0.506735 0.677535
vt 0.511560 0.648328
vt 0.509148 0.677535
vt 0.513972 0.648328
vt 0.511560 0.677535
vt 0.516384 0.648328
vt 0.513972 0.677535
vt 0.518796 0.648328
vt 0.516384 0.677535
vt 0.521208 0.648328
vt 0.518796 0.677535
vt 0.518249 0.608908
vt 0.523776 0.616516
vt 0.503117 0.625714
vt 0.510105 0.604207
vt 0.500753 0.603224
vt 0.491810 0.606129
vt 0.484822 0.612422
vt 0.480997 0.621012
vt 0.480997 0.630416
vt 0.484822 0.639006
vt 0.491810 0.645298
vt 0.500753 0.648204
vt 0.510105 0.647221
vt 0.518249 0.642519
vt 0.523776 0.634912
vt 0.525731 0.625714
vt 0.521208 0.677535
vt 0.518796 0.702218
vt 0.518796 0.677535
vt 0.516384 0.702218
vt 0.516384 0.677535
vt 0.513972 0.702218
vt 0.513972 0.677535
vt 0.511560 0.702218
vt 0.511560 0.677535
vt 0.509148 0.702218
vt 0.509148 0.677535
vt 0.506735 0.702218
vt 0.506735 0.677535
vt 0.504323 0.702218
vt 0.504323 0.677535
vt 0.501911 0.702218
vt 0.501911 0.677535
vt 0.499499 0.702218
vt 0.499499 0.677535
vt 0.497087 0.702218
vt 0.497087 0.677535
vt 0.494675 0.702218
vt 0.494675 0.677535
vt 0.492262 0.702218
vt 0.492262 0.677535
vt 0.489850 0.702218
vt 0.489850 0.677535
vt 0.487438 0.702218
vt 0.487438 0.677535
vt 0.485026 0.702218
vt 0.485026 0.677535
vt 0.523776 0.616516
vt 0.518249 0.608908
vt 0.518249 0.608908
vt 0.510105 0.604207
vt 0.510105 0.604207
vt 0.500753 0.603224
vt 0.500753 0.603224
vt 0.491810 0.606129
vt 0.491810 0.606129
vt 0.484822 0.612422
vt 0.484822 0.612422
vt 0.480997 0.621012
vt 0.480997 0.621012
vt 0.480997 0.630416
vt 0.480997 0.630416
vt 0.484822 0.639006
vt 0.484822 0.639006
vt 0.491810 0.645298
vt 0.491810 0.645298
vt 0.500753 0.648204
vt 0.500753 0.648204
vt 0.510105 0.647221
vt 0.510105 0.647221
vt 0.518249 0.642519
vt 0.518249 0.642519
vt 0.523776 0.634912
vt 0.523776 0.634912
vt 0.525731 0.625714
vt 0.525731 0.625714
vt 0.523776 0.616516
vt 0.523776 0.616516
vt 0.518249 0.608908
vt 0.510105 0.604207
vt 0.500753 0.603224
vt 0.491810 0.606129
vt 0.484822 0.612422
vt 0.480997 0.621012
vt 0.480997 0.630416
vt 0.484822 0.639006
vt 0.491810 0.645298
vt 0.500753 0.648204
vt 0.510105 0.647221
vt 0.518249 0.642519
vt 0.523776 0.634912
vt 0.525731 0.625714
vt 0.485026 0.677535
vt 0.487438 0.648328
vt 0.485026 0.648328
vt 0.487438 0.677535
vt 0.489850 0.648328
vt 0.489850 0.677535
vt 0.492262 0.648328
vt 0.492262 0.677535
vt 0.494675 0.648328
vt 0.494675 0.677535
vt 0.497087 0.648328
vt 0.497087 0.677535
vt 0.499499 0.648328
vt 0.499499 0.677535
vt 0.501911 0.648328
vt 0.501911 0.677535
vt 0.504323 0.648328
vt 0.504323 0.677535
vt 0.506735 0.648328
vt 0.506735 0.677535
vt 0.509148 0.648328
vt 0.509148 0.677535
vt 0.511560 0.648328
vt 0.511560 0.677535
vt 0.513972 0.648328
vt 0.513972 0.677535
vt 0.516384 0.648328
vt 0.516384 0.677535
vt 0.518796 0.648328
vt 0.518796 0.677535
vt 0.521208 0.648328
vt 0.518249 0.608908
vt 0.503117 0.625714
vt 0.523776 0.616516
vt 0.510105 0.604207
vt 0.500753 0.603224
vt 0.491810 0.606129
vt 0.484822 0.612422
vt 0.480997 0.621012
vt 0.480997 0.630416
vt 0.484822 0.639006
vt 0.491810 0.645298
vt 0.500753 0.648204
vt 0.510105 0.647221
vt 0.518249 0.642519
vt 0.523776 0.634912
vt 0.525731 0.625714
vt 0.521208 0.677535
vt 0.518796 0.677535
vt 0.516384 0.677535
vt 0.513972 0.677535
vt 0.511560 0.677535
vt 0.509148 0.677535
vt 0.506735 0.677535
vt 0.504323 0.677535
vt 0.501911 0.677535
vt 0.499499 0.677535
vt 0.497087 0.677535
vt 0.494675 0.677535
vt 0.492262 0.677535
vt 0.489850 0.677535
vt 0.487438 0.677535
vt 0.485026 0.677535
vt 0.521208 0.677535
vt 0.518249 0.608908
vt 0.523776 0.616516
vt 0.518249 0.608908
vt 0.510105 0.604207
vt 0.510105 0.604207
vt 0.500753 0.603224
vt 0.500753 0.603224
vt 0.491810 0.606129
vt 0.491810 0.606129
vt 0.484822 0.612422
vt 0.484822 0.612422
vt 0.480997 0.621012
vt 0.480997 0.621012
vt 0.480997 0.630416
vt 0.480997 0.630416
vt 0.484822 0.639006
vt 0.484822 0.639006
vt 0.491810 0.645298
vt 0.491810 0.645298
vt 0.500753 0.648204
vt 0.500753 0.648204
vt 0.510105 0.647221
vt 0.510105 0.647221
vt 0.518249 0.642519
vt 0.518249 0.642519
vt 0.523776 0.634912
vt 0.523776 0.634912
vt 0.525731 0.625714
vt 0.525731 0.625714
vt 0.523776 0.616516
vt 0.523776 0.616516
vt 0.518249 0.608908
vt 0.510105 0.604207
vt 0.500753 0.603224
vt 0.491810 0.606129
vt 0.484822 0.612422
vt 0.480997 0.621012
vt 0.480997 0.630416
vt 0.484822 0.639006
vt 0.491810 0.645298
vt 0.500753 0.648204
vt 0.510105 0.647221
vt 0.518249 0.642519
vt 0.523776 0.634912
vt 0.525731 0.625714
vt 0.327890 0.583614
vt 0.287674 0.591108
vt 0.287674 0.583614
vt 0.327890 0.623831
vt 0.287674 0.664048
vt 0.287674 0.623831
vt 0.327890 0.696771
vt 0.287674 0.704265
vt 0.287674 0.696771
vt 0.327890 0.704265
vt 0.287674 0.744482
vt 0.287674 0.704265
vt 0.368107 0.591108
vt 0.327890 0.591108
vt 0.247457 0.591108
vt 0.247457 0.583614
vt 0.327890 0.664048
vt 0.287674 0.664048
vt 0.327890 0.696771
vt 0.327890 0.704265
vt 0.287674 0.696771
vt 0.287674 0.704265
vt 0.327890 0.664048
vt 0.287674 0.664048
vt 0.327890 0.704265
vt 0.327890 0.696771
vt 0.287674 0.704265
vt 0.327890 0.664048
vt 0.287674 0.664048
vt 0.327890 0.704265
vt 0.327890 0.696771
vt 0.287674 0.696771
vt 0.287674 0.704265
vt 0.247457 0.615063
vt 0.247457 0.623831
vt 0.287674 0.672816
vt 0.287674 0.672816
vt 0.287674 0.672816
vt 0.327890 0.664048
vt 0.287674 0.672816
vt 0.287674 0.664048
vt 0.327890 0.672816
vt 0.327890 0.664048
vt 0.327890 0.672816
vt 0.327890 0.672816
vt 0.368107 0.615063
vt 0.327890 0.615063
vt 0.287674 0.615063
vt 0.327890 0.672816
vt 0.287674 0.696771
vt 0.287674 0.672816
vt 0.287674 0.696771
vt 0.327890 0.696771
vt 0.327890 0.704265
vt 0.287674 0.704265
vt 0.287674 0.664048
vt 0.327890 0.672816
vt 0.327890 0.664048
vt 0.287674 0.672816
vt 0.287674 0.696771
vt 0.327890 0.696771
vt 0.327890 0.704265
vt 0.287674 0.704265
vt 0.287674 0.664048
vt 0.327890 0.672816
vt 0.327890 0.664048
vt 0.287674 0.672816
vt 0.287674 0.664048
vt 0.327890 0.672816
vt 0.327890 0.664048
vt 0.287674 0.672816
vt 0.287674 0.664048
vt 0.327890 0.672816
vt 0.327890 0.664048
vt 0.287674 0.672816
vt 0.287674 0.664048
vt 0.327890 0.664048
vt 0.327890 0.672816
vt 0.287674 0.672816
vt 0.287674 0.664048
vt 0.327890 0.664048
vt 0.327890 0.672816
vt 0.287674 0.672816
vt 0.287674 0.696771
vt 0.327890 0.704265
vt 0.327890 0.696771
vt 0.287674 0.704265
vt 0.287674 0.664048
vt 0.327890 0.664048
vt 0.327890 0.672816
vt 0.287674 0.672816
vt 0.287674 0.696771
vt 0.327890 0.704265
vt 0.327890 0.696771
vt 0.287674 0.704265
vt 0.287674 0.664048
vt 0.327890 0.664048
vt 0.327890 0.672816
vt 0.287674 0.672816
vt 0.327890 0.696771
vt 0.327890 0.704265
vt 0.287674 0.704265
vt 0.287674 0.664048
vt 0.327890 0.664048
vt 0.287674 0.672816
vt 0.327890 0.672816
vt 0.287674 0.696771
vt 0.327890 0.672816
vt 0.327890 0.696771
vt 0.287674 0.696771
vt 0.327890 0.704265
vt 0.287674 0.704265
vt 0.287674 0.664048
vt 0.327890 0.664048
vt 0.287674 0.672816
vt 0.287674 0.696771
vt 0.327890 0.696771
vt 0.327890 0.704265
vt 0.287674 0.704265
vt 0.287674 0.664048
vt 0.327890 0.672816
vt 0.327890 0.664048
vt 0.287674 0.672816
vt 0.287674 0.696771
vt 0.327890 0.696771
vt 0.327890 0.704265
vt 0.287674 0.704265
vt 0.287674 0.664048
vt 0.327890 0.672816
vt 0.327890 0.664048
vt 0.287674 0.672816
vt 0.287674 0.696771
vt 0.327890 0.696771
vt 0.327890 0.704265
vt 0.287674 0.704265
vt 0.287674 0.664048
vt 0.327890 0.664048
vt 0.327890 0.672816
vt 0.287674 0.672816
vt 0.287674 0.664048
vt 0.327890 0.664048
vt 0.327890 0.672816
vt 0.287674 0.672816
vt 0.287674 0.664048
vt 0.327890 0.664048
vt 0.327890 0.672816
vt 0.287674 0.672816
vt 0.287674 0.664048
vt 0.327890 0.664048
vt 0.327890 0.672816
vt 0.287674 0.672816
vt 0.287674 0.664048
vt 0.327890 0.664048
vt 0.327890 0.672816
vt 0.287674 0.672816
vt 0.287674 0.664048
vt 0.327890 0.664048
vt 0.327890 0.672816
vt 0.287674 0.672816
vt 0.287674 0.664048
vt 0.327890 0.664048
vt 0.327890 0.672816
vt 0.287674 0.672816
vt 0.287674 0.664048
vt 0.327890 0.664048
vt 0.327890 0.672816
vt 0.287674 0.672816
vt 0.287674 0.696771
vt 0.327890 0.704265
vt 0.327890 0.696771
vt 0.287674 0.704265
vt 0.287674 0.696771
vt 0.327890 0.704265
vt 0.327890 0.696771
vt 0.287674 0.704265
vt 0.327890 0.696771
vt 0.327890 0.704265
vt 0.287674 0.696771
vt 0.287674 0.704265
vt 0.287674 0.664048
vt 0.327890 0.664048
vt 0.287674 0.672816
vt 0.327890 0.672816
vt 0.327890 0.672816
vt 0.327890 0.696771
vt 0.327890 0.704265
vt 0.287674 0.696771
vt 0.287674 0.704265
vt 0.287674 0.664048
vt 0.327890 0.664048
vt 0.287674 0.672816
vt 0.327890 0.672816
vt 0.327890 0.704265
vt 0.327890 0.696771
vt 0.287674 0.704265
vt 0.287674 0.664048
vt 0.327890 0.664048
vt 0.287674 0.672816
vt 0.327890 0.672816
vt 0.287674 0.696771
vt 0.327890 0.704265
vt 0.327890 0.696771
vt 0.287674 0.704265
vt 0.287674 0.664048
vt 0.327890 0.664048
vt 0.287674 0.672816
vt 0.327890 0.672816
vt 0.287674 0.696771
vt 0.327890 0.704265
vt 0.327890 0.696771
vt 0.287674 0.704265
vt 0.287674 0.664048
vt 0.327890 0.664048
vt 0.287674 0.672816
vt 0.327890 0.672816
vt 0.287674 0.696771
vt 0.327890 0.704265
vt 0.891064 0.612791
vt 0.877007 0.640905
vt 0.877007 0.612791
vt 0.891064 0.640905
vt 0.877007 0.669019
vt 0.891064 0.669019
vt 0.877007 0.697133
vt 0.877007 0.669019
vt 0.877007 0.697133
vt 0.891064 0.725247
vt 0.877007 0.725247
vt 0.848893 0.640905
vt 0.848893 0.612791
vt 0.891064 0.669019
vt 0.877007 0.669019
vt 0.891064 0.697133
vt 0.877007 0.697133
vt 0.891064 0.697133
vt 0.891064 0.669019
vt 0.891064 0.697133
vt 0.891064 0.669019
vt 0.891064 0.697133
vt 0.891064 0.697133
vt 0.891064 0.669019
vt 0.891064 0.669019
vt 0.891064 0.697133
vt 0.891064 0.669019
vt 0.891064 0.697133
vt 0.891064 0.697133
vt 0.877007 0.640905
vt 0.891064 0.612791
vt 0.877007 0.612791
vt 0.877007 0.669019
vt 0.891064 0.640905
vt 0.877007 0.697133
vt 0.891064 0.669019
vt 0.877007 0.669019
vt 0.877007 0.697133
vt 0.891064 0.725247
vt 0.891064 0.697133
vt 0.848893 0.640905
vt 0.848893 0.612791
vt 0.877007 0.669019
vt 0.891064 0.669019
vt 0.877007 0.697133
vt 0.891064 0.697133
vt 0.891064 0.669019
vt 0.891064 0.697133
vt 0.891064 0.669019
vt 0.891064 0.697133
vt 0.881797 0.612791
vt 0.877007 0.619820
vt 0.877007 0.612791
vt 0.881797 0.640905
vt 0.877007 0.669019
vt 0.877007 0.640905
vt 0.881797 0.697133
vt 0.877007 0.725247
vt 0.877007 0.697133
vt 0.933235 0.612791
vt 0.905121 0.619820
vt 0.905121 0.612791
vt 0.848893 0.619820
vt 0.848893 0.612791
vt 0.883456 0.619820
vt 0.898720 0.612791
vt 0.898720 0.619820
vt 0.883456 0.640905
vt 0.886171 0.669019
vt 0.883456 0.669019
vt 0.883456 0.697133
vt 0.898720 0.725247
vt 0.883456 0.725247
vt 0.881797 0.619820
vt 0.883456 0.612791
vt 0.881797 0.640905
vt 0.883456 0.669019
vt 0.881797 0.669019
vt 0.881797 0.725247
vt 0.900267 0.612791
vt 0.900267 0.619820
vt 0.898720 0.640905
vt 0.900267 0.669019
vt 0.898720 0.669019
vt 0.898720 0.697133
vt 0.900267 0.725247
vt 0.900267 0.640905
vt 0.905121 0.669019
vt 0.900267 0.669019
vt 0.900267 0.697133
vt 0.905121 0.725247
vt 0.881797 0.669019
vt 0.883456 0.640905
vt 0.898720 0.640905
vt 0.898720 0.669019
vt 0.900267 0.640905
vt 0.881797 0.690105
vt 0.855922 0.626848
vt 0.900267 0.690105
vt 0.905121 0.697133
vt 0.898720 0.690105
vt 0.900267 0.697133
vt 0.898720 0.697133
vt 0.883456 0.690105
vt 0.883456 0.690105
vt 0.881797 0.697133
vt 0.881797 0.690105
vt 0.877007 0.633877
vt 0.848893 0.640905
vt 0.848893 0.633877
vt 0.881797 0.676048
vt 0.886171 0.676048
vt 0.898720 0.676048
vt 0.900267 0.676048
vt 0.933235 0.640905
vt 0.926207 0.654962
vt 0.933235 0.633877
vt 0.905121 0.640905
vt 0.905121 0.633877
vt 0.900267 0.633877
vt 0.898720 0.633877
vt 0.883456 0.633877
vt 0.886171 0.640905
vt 0.881797 0.633877
vt 0.848893 0.626848
vt 0.877007 0.626848
vt 0.881797 0.683076
vt 0.862950 0.640905
vt 0.883456 0.683076
vt 0.883456 0.676048
vt 0.898720 0.683076
vt 0.886417 0.676048
vt 0.900267 0.683076
vt 0.919178 0.669019
vt 0.905121 0.626848
vt 0.933235 0.626848
vt 0.900267 0.626848
vt 0.898720 0.626848
vt 0.883456 0.626848
vt 0.896080 0.633877
vt 0.895834 0.633877
vt 0.881797 0.626848
vt 0.898720 0.690105
vt 0.898720 0.697133
vt 0.898720 0.690105
vt 0.900267 0.690105
vt 0.900267 0.697133
vt 0.881797 0.690105
vt 0.883456 0.690105
vt 0.883456 0.697133
vt 0.881797 0.697133
vt 0.898720 0.690105
vt 0.898720 0.697133
vt 0.900267 0.690105
vt 0.900267 0.697133
vt 0.881797 0.690105
vt 0.883456 0.690105
vt 0.883456 0.697133
vt 0.881797 0.697133
vt 0.898720 0.690105
vt 0.898720 0.697133
vt 0.900267 0.690105
vt 0.900267 0.697133
vt 0.881797 0.690105
vt 0.883456 0.690105
vt 0.883456 0.697133
vt 0.881797 0.697133
vt 0.898720 0.690105
vt 0.898720 0.697133
vt 0.900267 0.690105
vt 0.900267 0.697133
vt 0.881797 0.690105
vt 0.883456 0.690105
vt 0.883456 0.697133
vt 0.881797 0.697133
vt 0.898720 0.697133
vt 0.898720 0.690105
vt 0.900267 0.697133
vt 0.900267 0.690105
vt 0.881797 0.690105
vt 0.883456 0.697133
vt 0.883456 0.690105
vt 0.881797 0.697133
vt 0.898720 0.697133
vt 0.898720 0.690105
vt 0.900267 0.697133
vt 0.900267 0.690105
vt 0.881797 0.690105
vt 0.883456 0.697133
vt 0.883456 0.690105
vt 0.881797 0.697133
vt 0.898720 0.697133
vt 0.898720 0.690105
vt 0.900267 0.697133
vt 0.900267 0.690105
vt 0.881797 0.690105
vt 0.883456 0.690105
vt 0.883456 0.697133
vt 0.881797 0.697133
vt 0.898720 0.697133
vt 0.898720 0.690105
vt 0.900267 0.697133
vt 0.900267 0.690105
vt 0.881797 0.690105
vt 0.883456 0.690105
vt 0.883456 0.697133
vt 0.881797 0.697133
vt 0.898720 0.697133
vt 0.898720 0.690105
vt 0.900267 0.697133
vt 0.900267 0.690105
vt 0.881797 0.690105
vt 0.883456 0.690105
vt 0.883456 0.697133
vt 0.881797 0.697133
vt 0.900267 0.690105
vt 0.883456 0.697133
vt 0.896080 0.640905
vt 0.896080 0.669019
vt 0.896080 0.676048
vt 0.886171 0.633877
vt 0.886417 0.640905
vt 0.886171 0.640905
vt 0.886417 0.669019
vt 0.886171 0.669019
vt 0.886417 0.669019
vt 0.895834 0.676048
vt 0.895834 0.669019
vt 0.886417 0.633877
vt 0.895834 0.640905
vt 0.895834 0.640905
vt 0.896080 0.669019
vt 0.895834 0.669019
vt 0.886171 0.669019
vt 0.886417 0.640905
vt 0.886171 0.640905
vt 0.886417 0.669019
vt 0.895834 0.669019
vt 0.895834 0.640905
vt 0.896080 0.640905
vt 0.896080 0.669019
vt 0.886171 0.640905
vt 0.886171 0.669019
vt 0.886171 0.669019
vt 0.886417 0.669019
vt 0.886417 0.640905
vt 0.886171 0.640905
vt 0.895834 0.669019
vt 0.896080 0.669019
vt 0.896080 0.669019
vt 0.896080 0.640905
vt 0.896080 0.640905
vt 0.895834 0.640905
vt 0.895834 0.669019
vt 0.896080 0.669019
vt 0.896080 0.640905
vt 0.896080 0.640905
vt 0.895834 0.640905
vt 0.886171 0.640905
vt 0.886171 0.669019
vt 0.886417 0.669019
vt 0.886417 0.640905
vt 0.886417 0.640905
vt 0.886171 0.669019
vt 0.896080 0.640905
vt 0.886171 0.640905
vt 0.896080 0.669019
vt 0.898720 0.619820
vt 0.900267 0.612791
vt 0.900267 0.619820
vt 0.898720 0.640905
vt 0.900267 0.669019
vt 0.898720 0.669019
vt 0.898720 0.697133
vt 0.900267 0.725247
vt 0.898720 0.725247
vt 0.898720 0.640905
vt 0.898720 0.669019
vt 0.900267 0.640905
vt 0.900267 0.669019
vt 0.900267 0.640905
vt 0.898720 0.690105
vt 0.900267 0.697133
vt 0.898720 0.697133
vt 0.898720 0.676048
vt 0.900267 0.676048
vt 0.898720 0.633877
vt 0.900267 0.683076
vt 0.898720 0.683076
vt 0.898720 0.626848
vt 0.900267 0.626848
vt 0.898720 0.690105
vt 0.898720 0.697133
vt 0.900267 0.690105
vt 0.898720 0.690105
vt 0.900267 0.697133
vt 0.900267 0.690105
vt 0.900267 0.697133
vt 0.898720 0.690105
vt 0.898720 0.697133
vt 0.900267 0.690105
vt 0.900267 0.697133
vt 0.898720 0.690105
vt 0.898720 0.697133
vt 0.900267 0.690105
vt 0.900267 0.697133
vt 0.898720 0.690105
vt 0.898720 0.697133
vt 0.900267 0.690105
vt 0.900267 0.697133
vt 0.898720 0.697133
vt 0.898720 0.690105
vt 0.900267 0.697133
vt 0.900267 0.690105
vt 0.898720 0.697133
vt 0.898720 0.690105
vt 0.900267 0.697133
vt 0.900267 0.690105
vt 0.898720 0.697133
vt 0.898720 0.690105
vt 0.900267 0.697133
vt 0.900267 0.690105
vt 0.898720 0.697133
vt 0.898720 0.690105
vt 0.900267 0.697133
vt 0.900267 0.690105
vt 0.898720 0.697133
vt 0.898720 0.690105
vt 0.900267 0.697133
vt 0.900267 0.690105
vt 0.900267 0.690105
vt 0.900267 0.633877
vt 0.898720 0.612791
vt 0.464472 0.712937
vt 0.458832 0.724264
vt 0.458832 0.712937
vt 0.470112 0.712937
vt 0.464472 0.724264
vt 0.475751 0.712937
vt 0.470112 0.724264
vt 0.481391 0.712937
vt 0.475751 0.724264
vt 0.487031 0.712937
vt 0.481391 0.724264
vt 0.492670 0.712937
vt 0.487031 0.724264
vt 0.498310 0.712937
vt 0.492670 0.724264
vt 0.503949 0.712937
vt 0.498310 0.724264
vt 0.509589 0.712937
vt 0.503949 0.724264
vt 0.515229 0.712937
vt 0.509589 0.724264
vt 0.520868 0.712937
vt 0.515229 0.724264
vt 0.526508 0.712937
vt 0.520868 0.724264
vt 0.532147 0.712937
vt 0.526508 0.724264
vt 0.537787 0.712937
vt 0.532147 0.724264
vt 0.543426 0.712937
vt 0.537787 0.724264
vt 0.705775 0.617863
vt 0.710378 0.624198
vt 0.693174 0.631858
vt 0.698993 0.613948
vt 0.691206 0.613129
vt 0.683758 0.615549
vt 0.677939 0.620789
vt 0.674754 0.627943
vt 0.674754 0.635774
vt 0.677939 0.642927
vt 0.683758 0.648167
vt 0.691206 0.650587
vt 0.698993 0.649768
vt 0.705775 0.645853
vt 0.710378 0.639518
vt 0.712006 0.631858
vt 0.536507 0.760887
vt 0.549430 0.743101
vt 0.549430 0.743101
vt 0.517468 0.771879
vt 0.536507 0.760887
vt 0.495603 0.774177
vt 0.517468 0.771879
vt 0.474694 0.767384
vt 0.495603 0.774177
vt 0.458356 0.752673
vt 0.474694 0.767384
vt 0.449413 0.732588
vt 0.458356 0.752673
vt 0.449413 0.710603
vt 0.449413 0.732588
vt 0.458356 0.690519
vt 0.449413 0.710603
vt 0.474694 0.675808
vt 0.458356 0.690519
vt 0.495603 0.669014
vt 0.474694 0.675808
vt 0.517468 0.671312
vt 0.495603 0.669014
vt 0.495603 0.669014
vt 0.536507 0.682305
vt 0.517468 0.671312
vt 0.517468 0.671312
vt 0.549430 0.700091
vt 0.536507 0.682305
vt 0.554001 0.721596
vt 0.549430 0.700091
vt 0.554001 0.721596
vt 0.549430 0.743101
vt 0.549430 0.743101
vt 0.536507 0.760887
vt 0.536507 0.760887
vt 0.517468 0.771879
vt 0.517468 0.771879
vt 0.495603 0.774177
vt 0.495603 0.774177
vt 0.474694 0.767384
vt 0.474694 0.767384
vt 0.458356 0.752673
vt 0.458356 0.752673
vt 0.449413 0.732588
vt 0.449413 0.732588
vt 0.449413 0.710603
vt 0.449413 0.710603
vt 0.458356 0.690519
vt 0.474694 0.675808
vt 0.458356 0.690519
vt 0.474694 0.675808
vt 0.495603 0.669014
vt 0.495603 0.669014
vt 0.495603 0.669014
vt 0.517468 0.671312
vt 0.517468 0.671312
vt 0.536507 0.682305
vt 0.549430 0.700091
vt 0.536507 0.682305
vt 0.549430 0.700091
vt 0.554001 0.721596
vt 0.554001 0.721596
vt 0.705775 0.728714
vt 0.710378 0.722378
vt 0.710378 0.722378
vt 0.698993 0.732629
vt 0.705775 0.728714
vt 0.691206 0.733447
vt 0.698993 0.732629
vt 0.683758 0.731028
vt 0.691206 0.733447
vt 0.683758 0.731028
vt 0.677939 0.725788
vt 0.674754 0.718634
vt 0.677939 0.725788
vt 0.674754 0.710803
vt 0.674754 0.718634
vt 0.677939 0.703650
vt 0.674754 0.710803
vt 0.683758 0.698410
vt 0.677939 0.703650
vt 0.691206 0.695990
vt 0.683758 0.698410
vt 0.698993 0.696809
vt 0.691206 0.695990
vt 0.705775 0.700724
vt 0.698993 0.696809
vt 0.710378 0.707059
vt 0.705775 0.700724
vt 0.712006 0.714719
vt 0.710378 0.707059
vt 0.712006 0.714719
vt 0.705775 0.728714
vt 0.710378 0.722378
vt 0.698993 0.732629
vt 0.691206 0.733447
vt 0.683758 0.731028
vt 0.677939 0.725788
vt 0.674754 0.718634
vt 0.674754 0.710803
vt 0.677939 0.703650
vt 0.683758 0.698410
vt 0.691206 0.695990
vt 0.698993 0.696809
vt 0.705775 0.700724
vt 0.710378 0.707059
vt 0.712006 0.714719
vt 0.899850 0.790438
vt 0.904615 0.794148
vt 0.900377 0.794675
vt 0.899323 0.786201
vt 0.904087 0.789911
vt 0.903033 0.781437
vt 0.903560 0.785674
vt 0.898796 0.781964
vt 0.902506 0.777200
vt 0.898269 0.777727
vt 0.901979 0.772964
vt 0.897742 0.773490
vt 0.901452 0.768726
vt 0.897215 0.769254
vt 0.900925 0.764489
vt 0.896688 0.765016
vt 0.900398 0.760252
vt 0.895634 0.756543
vt 0.896161 0.760780
vt 0.895107 0.752306
vt 0.899871 0.756016
vt 0.898817 0.747542
vt 0.899344 0.751779
vt 0.894580 0.748069
vt 0.898290 0.743304
vt 0.894053 0.743832
vt 0.897763 0.739068
vt 0.892999 0.735358
vt 0.893526 0.739595
vt 0.892472 0.731121
vt 0.897236 0.734831
vt 0.908851 0.793621
vt 0.907797 0.785147
vt 0.908324 0.789384
vt 0.907270 0.780910
vt 0.906743 0.776673
vt 0.906216 0.772436
vt 0.905689 0.768200
vt 0.905162 0.763962
vt 0.904635 0.759726
vt 0.904108 0.755489
vt 0.903054 0.747015
vt 0.903581 0.751252
vt 0.902527 0.742777
vt 0.902000 0.738541
vt 0.900946 0.730067
vt 0.901473 0.734304
vt 0.913088 0.793094
vt 0.912561 0.788857
vt 0.912034 0.784620
vt 0.911507 0.780383
vt 0.910453 0.771909
vt 0.910980 0.776146
vt 0.909926 0.767673
vt 0.908872 0.759198
vt 0.909399 0.763435
vt 0.908345 0.754962
vt 0.907818 0.750725
vt 0.907291 0.746488
vt 0.906764 0.742251
vt 0.906237 0.738014
vt 0.905710 0.733777
vt 0.916798 0.788330
vt 0.917325 0.792567
vt 0.915744 0.779856
vt 0.916271 0.784093
vt 0.915217 0.775619
vt 0.914163 0.767145
vt 0.914690 0.771382
vt 0.913109 0.758671
vt 0.913636 0.762908
vt 0.912582 0.754435
vt 0.912055 0.750197
vt 0.911528 0.745961
vt 0.910474 0.737487
vt 0.911001 0.741724
vt 0.909420 0.729013
vt 0.909947 0.733250
vt 0.921562 0.792040
vt 0.921035 0.787804
vt 0.919981 0.779329
vt 0.920508 0.783566
vt 0.919454 0.775092
vt 0.918927 0.770855
vt 0.918400 0.766618
vt 0.917346 0.758144
vt 0.917873 0.762381
vt 0.916819 0.753908
vt 0.916292 0.749671
vt 0.915765 0.745434
vt 0.914711 0.736960
vt 0.915238 0.741197
vt 0.914184 0.732723
vt 0.913657 0.728486
vt 0.925272 0.787276
vt 0.925799 0.791513
vt 0.924745 0.783039
vt 0.923691 0.774565
vt 0.924218 0.778802
vt 0.922637 0.766091
vt 0.923164 0.770328
vt 0.922110 0.761854
vt 0.921056 0.753380
vt 0.921583 0.757617
vt 0.920529 0.749144
vt 0.920002 0.744906
vt 0.919475 0.740669
vt 0.918421 0.732195
vt 0.918948 0.736432
vt 0.929773 0.788868
vt 0.929246 0.784631
vt 0.928719 0.780394
vt 0.928192 0.776157
vt 0.927665 0.771920
vt 0.927138 0.767683
vt 0.926611 0.763446
vt 0.926084 0.759209
vt 0.925556 0.754972
vt 0.925029 0.750735
vt 0.924502 0.746498
vt 0.923975 0.742261
vt 0.923448 0.738024
vt 0.922921 0.733787
vt 0.917894 0.727958
vt 0.922394 0.729550
vt 0.648982 0.677306
vt 0.640947 0.677306
vt 0.657017 0.677306
vt 0.665052 0.677306
vt 0.673087 0.677306
vt 0.681122 0.677306
vt 0.689156 0.677306
vt 0.697191 0.677306
vt 0.705226 0.677306
vt 0.721296 0.677306
vt 0.713261 0.677306
vt 0.729331 0.677306
vt 0.737366 0.677306
vt 0.745401 0.677306
vt 0.753436 0.677306
vt 0.632912 0.677306
vt 0.460560 0.568347
vt 0.438695 0.566049
vt 0.438695 0.566049
vt 0.466075 0.619634
vt 0.466075 0.619634
vt 0.466075 0.619634
vt 0.460560 0.568347
vt 0.438695 0.566049
vt 0.460560 0.568347
vt 0.482538 0.634955
vt 0.482538 0.634955
vt 0.482538 0.634955
vt 0.540146 0.602111
vt 0.532359 0.601293
vt 0.532359 0.601293
vt 0.460560 0.568347
vt 0.460560 0.568347
vt 0.460560 0.568347
vt 0.493680 0.688239
vt 0.515545 0.690537
vt 0.515545 0.690537
vt 0.438695 0.566049
vt 0.438695 0.566049
vt 0.438695 0.566049
vt 0.438695 0.566049
vt 0.493680 0.688239
vt 0.515545 0.690537
vt 0.540146 0.602111
vt 0.532359 0.601293
vt 0.460560 0.568347
vt 0.460560 0.568347
vt 0.515545 0.690537
vt 0.515545 0.690537
vt 0.460560 0.568347
vt 0.460560 0.568347
vt 0.460560 0.568347
vt 0.540146 0.602111
vt 0.540146 0.602111
vt 0.540146 0.602111
vt 0.698993 0.696809
vt 0.698993 0.696809
vt 0.698993 0.696809
vt 0.458832 0.712937
vt 0.464472 0.723432
vt 0.464472 0.712937
vt 0.470112 0.723432
vt 0.470112 0.712937
vt 0.475751 0.723432
vt 0.475751 0.712937
vt 0.481391 0.723432
vt 0.481391 0.712937
vt 0.487031 0.723432
vt 0.487031 0.712937
vt 0.492670 0.723432
vt 0.492670 0.712937
vt 0.498310 0.723432
vt 0.498310 0.712937
vt 0.503949 0.712937
vt 0.503949 0.723432
vt 0.509589 0.712937
vt 0.509589 0.723432
vt 0.515229 0.712937
vt 0.515229 0.723432
vt 0.520868 0.712937
vt 0.520868 0.723432
vt 0.526508 0.712937
vt 0.526508 0.723432
vt 0.532147 0.712937
vt 0.532147 0.723432
vt 0.537787 0.712937
vt 0.543426 0.723432
vt 0.543426 0.712937
vt 0.705775 0.617863
vt 0.693174 0.631858
vt 0.710378 0.624198
vt 0.698993 0.613948
vt 0.691206 0.613129
vt 0.683758 0.615549
vt 0.677939 0.620789
vt 0.674754 0.627943
vt 0.674754 0.635774
vt 0.677939 0.642927
vt 0.683758 0.648167
vt 0.691206 0.650587
vt 0.698993 0.649768
vt 0.705775 0.645853
vt 0.710378 0.639518
vt 0.712006 0.631858
vt 0.549430 0.743101
vt 0.536507 0.760887
vt 0.536507 0.760887
vt 0.517468 0.771879
vt 0.517468 0.771879
vt 0.495603 0.774177
vt 0.495603 0.774177
vt 0.474694 0.767384
vt 0.474694 0.767384
vt 0.458356 0.752673
vt 0.449413 0.732588
vt 0.449413 0.732588
vt 0.449413 0.710603
vt 0.449413 0.710603
vt 0.458356 0.690519
vt 0.458356 0.690519
vt 0.474694 0.675808
vt 0.474694 0.675808
vt 0.495603 0.669014
vt 0.495603 0.669014
vt 0.495603 0.669014
vt 0.517468 0.671312
vt 0.517468 0.671312
vt 0.517468 0.671312
vt 0.536507 0.682305
vt 0.517468 0.671312
vt 0.536507 0.682305
vt 0.549430 0.700091
vt 0.549430 0.700091
vt 0.554001 0.721596
vt 0.554001 0.721596
vt 0.549430 0.743101
vt 0.536507 0.760887
vt 0.549430 0.743101
vt 0.536507 0.760887
vt 0.517468 0.771879
vt 0.517468 0.771879
vt 0.495603 0.774177
vt 0.495603 0.774177
vt 0.474694 0.767384
vt 0.474694 0.767384
vt 0.458356 0.752673
vt 0.458356 0.752673
vt 0.449413 0.732588
vt 0.449413 0.732588
vt 0.449413 0.710603
vt 0.449413 0.710603
vt 0.458356 0.690519
vt 0.458356 0.690519
vt 0.474694 0.675808
vt 0.474694 0.675808
vt 0.495603 0.669014
vt 0.495603 0.669014
vt 0.517468 0.671312
vt 0.517468 0.671312
vt 0.536507 0.682305
vt 0.536507 0.682305
vt 0.549430 0.700091
vt 0.549430 0.700091
vt 0.554001 0.721596
vt 0.554001 0.721596
vt 0.549430 0.743101
vt 0.710378 0.722378
vt 0.705775 0.728714
vt 0.710378 0.722378
vt 0.705775 0.728714
vt 0.698993 0.732629
vt 0.698993 0.732629
vt 0.691206 0.733447
vt 0.691206 0.733447
vt 0.683758 0.731028
vt 0.683758 0.731028
vt 0.677939 0.725788
vt 0.677939 0.725788
vt 0.674754 0.718634
vt 0.674754 0.710803
vt 0.674754 0.710803
vt 0.677939 0.703650
vt 0.677939 0.703650
vt 0.683758 0.698410
vt 0.683758 0.698410
vt 0.691206 0.695990
vt 0.691206 0.695990
vt 0.698993 0.696809
vt 0.698993 0.696809
vt 0.705775 0.700724
vt 0.710378 0.707059
vt 0.710378 0.707059
vt 0.712006 0.714719
vt 0.712006 0.714719
vt 0.705775 0.728714
vt 0.698993 0.732629
vt 0.691206 0.733447
vt 0.683758 0.731028
vt 0.677939 0.725788
vt 0.674754 0.718634
vt 0.674754 0.718634
vt 0.674754 0.710803
vt 0.677939 0.703650
vt 0.683758 0.698410
vt 0.691206 0.695990
vt 0.698993 0.696809
vt 0.705775 0.700724
vt 0.705775 0.700724
vt 0.710378 0.707059
vt 0.710378 0.722378
vt 0.896350 0.727707
vt 0.891586 0.723998
vt 0.892113 0.728235
vt 0.895823 0.723470
vt 0.891059 0.719761
vt 0.894769 0.714997
vt 0.890532 0.715524
vt 0.890005 0.711287
vt 0.894242 0.710759
vt 0.889478 0.707050
vt 0.893715 0.706523
vt 0.888951 0.702813
vt 0.893188 0.702286
vt 0.888424 0.698576
vt 0.892661 0.698049
vt 0.887897 0.694339
vt 0.891607 0.689575
vt 0.887370 0.690102
vt 0.891080 0.685338
vt 0.886843 0.685865
vt 0.890553 0.681101
vt 0.886316 0.681628
vt 0.890026 0.676864
vt 0.885789 0.677391
vt 0.885262 0.673154
vt 0.889499 0.672627
vt 0.884735 0.668917
vt 0.888445 0.664153
vt 0.884208 0.664680
vt 0.900060 0.722944
vt 0.899533 0.718707
vt 0.895296 0.719234
vt 0.899006 0.714469
vt 0.898479 0.710233
vt 0.897952 0.705996
vt 0.897425 0.701759
vt 0.896898 0.697522
vt 0.892134 0.693812
vt 0.895844 0.689048
vt 0.895317 0.684811
vt 0.894790 0.680574
vt 0.893736 0.672100
vt 0.888972 0.668390
vt 0.892682 0.663626
vt 0.904824 0.726654
vt 0.900587 0.727181
vt 0.904297 0.722417
vt 0.903770 0.718180
vt 0.903243 0.713943
vt 0.902189 0.705469
vt 0.901662 0.701232
vt 0.901135 0.696995
vt 0.896371 0.693285
vt 0.900081 0.688521
vt 0.899027 0.680047
vt 0.894263 0.676337
vt 0.898500 0.675810
vt 0.897445 0.667336
vt 0.893209 0.667863
vt 0.909061 0.726127
vt 0.908534 0.721890
vt 0.908007 0.717653
vt 0.907480 0.713416
vt 0.902716 0.709706
vt 0.906426 0.704942
vt 0.905372 0.696468
vt 0.904845 0.692231
vt 0.900608 0.692758
vt 0.904318 0.687994
vt 0.903791 0.683757
vt 0.899554 0.684284
vt 0.903264 0.679520
vt 0.902210 0.671046
vt 0.897973 0.671573
vt 0.901682 0.666809
vt 0.896919 0.663099
vt 0.913298 0.725600
vt 0.912244 0.717126
vt 0.911717 0.712889
vt 0.906953 0.709179
vt 0.910663 0.704415
vt 0.905899 0.700705
vt 0.909609 0.695941
vt 0.909082 0.691704
vt 0.908555 0.687467
vt 0.908028 0.683230
vt 0.906974 0.674756
vt 0.902737 0.675283
vt 0.906447 0.670519
vt 0.905920 0.666282
vt 0.905392 0.662045
vt 0.901156 0.662572
vt 0.917008 0.720836
vt 0.912771 0.721363
vt 0.916481 0.716599
vt 0.915427 0.708125
vt 0.911190 0.708652
vt 0.914900 0.703888
vt 0.914373 0.699651
vt 0.910136 0.700178
vt 0.913846 0.695414
vt 0.913319 0.691177
vt 0.912792 0.686940
vt 0.912265 0.682703
vt 0.907501 0.678993
vt 0.911738 0.678466
vt 0.911211 0.674229
vt 0.910684 0.669992
vt 0.909630 0.661518
vt 0.917535 0.725073
vt 0.921508 0.722427
vt 0.920981 0.718190
vt 0.920454 0.713953
vt 0.915954 0.712362
vt 0.919927 0.709716
vt 0.919400 0.705479
vt 0.918873 0.701242
vt 0.918346 0.697005
vt 0.917819 0.692768
vt 0.917292 0.688531
vt 0.916765 0.684294
vt 0.916238 0.680057
vt 0.915711 0.675820
vt 0.915184 0.671584
vt 0.914657 0.667346
vt 0.910157 0.665755
vt 0.914130 0.663109
vt 0.648982 0.677306
vt 0.657017 0.677306
vt 0.665052 0.677306
vt 0.673087 0.677306
vt 0.681122 0.677306
vt 0.689156 0.677306
vt 0.697191 0.677306
vt 0.705226 0.677306
vt 0.721296 0.677306
vt 0.729331 0.677306
vt 0.737366 0.677306
vt 0.745401 0.677306
vt 0.712006 0.714719
vt 0.753436 0.677306
vt 0.640947 0.677306
vt 0.438695 0.566049
vt 0.460560 0.568347
vt 0.438695 0.566049
vt 0.552431 0.566832
vt 0.552431 0.566832
vt 0.552431 0.566832
vt 0.460560 0.568347
vt 0.438695 0.566049
vt 0.438695 0.566049
vt 0.552561 0.572303
vt 0.552561 0.572303
vt 0.552561 0.572303
vt 0.532359 0.601293
vt 0.540146 0.602111
vt 0.532359 0.601293
vt 0.460560 0.568347
vt 0.460560 0.568347
vt 0.460560 0.568347
vt 0.515545 0.690537
vt 0.493680 0.688239
vt 0.493680 0.688239
vt 0.438695 0.566049
vt 0.438695 0.566049
vt 0.438695 0.566049
vt 0.438695 0.566049
vt 0.515545 0.690537
vt 0.493680 0.688239
vt 0.532359 0.601293
vt 0.540146 0.602111
vt 0.460560 0.568347
vt 0.515545 0.690537
vt 0.515545 0.690537
vt 0.515545 0.690537
vt 0.460560 0.568347
vt 0.540146 0.602111
vt 0.698993 0.696809
vt 0.680117 0.654428
vt 0.682126 0.695887
vt 0.682126 0.654428
vt 0.684135 0.695887
vt 0.684135 0.654428
vt 0.686143 0.695887
vt 0.686143 0.654428
vt 0.688152 0.695887
vt 0.688152 0.654428
vt 0.690161 0.695887
vt 0.690161 0.654428
vt 0.692170 0.695887
vt 0.692170 0.654428
vt 0.694178 0.654428
vt 0.694178 0.695887
vt 0.696187 0.654428
vt 0.696187 0.695887
vt 0.698196 0.654428
vt 0.698196 0.695887
vt 0.700205 0.654428
vt 0.700205 0.695887
vt 0.702213 0.654428
vt 0.702213 0.695887
vt 0.704222 0.654428
vt 0.704222 0.695887
vt 0.706231 0.654428
vt 0.706231 0.695887
vt 0.708240 0.695887
vt 0.708240 0.654428
vt 0.678108 0.654428
vt 0.680117 0.695887
vt 0.708240 0.654725
vt 0.706231 0.695887
vt 0.706231 0.654725
vt 0.704222 0.695887
vt 0.704222 0.654725
vt 0.702213 0.695887
vt 0.702213 0.654725
vt 0.700205 0.695887
vt 0.700205 0.654725
vt 0.698196 0.695887
vt 0.698196 0.654725
vt 0.696187 0.695887
vt 0.696187 0.654725
vt 0.694178 0.695887
vt 0.694178 0.654725
vt 0.692170 0.695887
vt 0.692170 0.654725
vt 0.690161 0.695887
vt 0.690161 0.654725
vt 0.688152 0.695887
vt 0.688152 0.654725
vt 0.686143 0.695887
vt 0.686143 0.654725
vt 0.684135 0.695887
vt 0.684135 0.654725
vt 0.682126 0.695887
vt 0.682126 0.654725
vt 0.680117 0.695887
vt 0.680117 0.654725
vt 0.678108 0.695887
vt 0.678108 0.654725
vt 0.680117 0.650690
vt 0.678108 0.650690
vt 0.678108 0.650690
vt 0.464472 0.724264
vt 0.682126 0.650690
vt 0.680117 0.650690
vt 0.470112 0.724264
vt 0.684135 0.650690
vt 0.682126 0.650690
vt 0.475751 0.724264
vt 0.684135 0.650690
vt 0.686143 0.650690
vt 0.481391 0.724264
vt 0.688152 0.650690
vt 0.686143 0.650690
vt 0.487031 0.724264
vt 0.690161 0.650690
vt 0.688152 0.650690
vt 0.492670 0.724264
vt 0.690161 0.650690
vt 0.692170 0.650690
vt 0.498310 0.724264
vt 0.694178 0.650690
vt 0.692170 0.650690
vt 0.503949 0.724264
vt 0.696187 0.650690
vt 0.694178 0.650690
vt 0.509589 0.724264
vt 0.698196 0.650690
vt 0.696187 0.650690
vt 0.515229 0.724264
vt 0.700205 0.650690
vt 0.698196 0.650690
vt 0.520868 0.724264
vt 0.702213 0.650690
vt 0.700205 0.650690
vt 0.526508 0.724264
vt 0.704222 0.650690
vt 0.702213 0.650690
vt 0.532147 0.724264
vt 0.706231 0.650690
vt 0.704222 0.650690
vt 0.537787 0.724264
vt 0.706231 0.650690
vt 0.708240 0.650690
vt 0.543426 0.724264
vt 0.543426 0.724264
vt 0.464472 0.723432
vt 0.458832 0.723432
vt 0.458832 0.723432
vt 0.680117 0.650690
vt 0.678108 0.650690
vt 0.680117 0.650690
vt 0.470112 0.723432
vt 0.682126 0.650690
vt 0.682126 0.650690
vt 0.684135 0.650690
vt 0.684135 0.650690
vt 0.475751 0.723432
vt 0.686143 0.650690
vt 0.686143 0.650690
vt 0.481391 0.723432
vt 0.688152 0.650690
vt 0.688152 0.650690
vt 0.487031 0.723432
vt 0.690161 0.650690
vt 0.690161 0.650690
vt 0.492670 0.723432
vt 0.692170 0.650690
vt 0.692170 0.650690
vt 0.498310 0.723432
vt 0.694178 0.650690
vt 0.694178 0.650690
vt 0.509589 0.723432
vt 0.503949 0.723432
vt 0.696187 0.650690
vt 0.696187 0.650690
vt 0.515229 0.723432
vt 0.698196 0.650690
vt 0.698196 0.650690
vt 0.700205 0.650690
vt 0.700205 0.650690
vt 0.520868 0.723432
vt 0.702213 0.650690
vt 0.702213 0.650690
vt 0.526508 0.723432
vt 0.704222 0.650690
vt 0.704222 0.650690
vt 0.532147 0.723432
vt 0.537787 0.723432
vt 0.706231 0.650690
vt 0.706231 0.650690
vt 0.543426 0.723432
vt 0.537787 0.723432
vt 0.708240 0.650690
vt 0.708240 0.650690
vt 0.458832 0.724264
vt 0.464472 0.712937
vt 0.458832 0.712937
vt 0.464472 0.724264
vt 0.470112 0.712937
vt 0.470112 0.724264
vt 0.475751 0.712937
vt 0.475751 0.724264
vt 0.481391 0.712937
vt 0.481391 0.724264
vt 0.487031 0.712937
vt 0.487031 0.724264
vt 0.492670 0.712937
vt 0.492670 0.724264
vt 0.498310 0.712937
vt 0.498310 0.724264
vt 0.503949 0.712937
vt 0.503949 0.724264
vt 0.509589 0.712937
vt 0.509589 0.724264
vt 0.515229 0.712937
vt 0.515229 0.724264
vt 0.520868 0.712937
vt 0.520868 0.724264
vt 0.526508 0.712937
vt 0.526508 0.724264
vt 0.532147 0.712937
vt 0.532147 0.724264
vt 0.537787 0.712937
vt 0.537787 0.724264
vt 0.543426 0.712937
vt 0.705775 0.617863
vt 0.693174 0.631858
vt 0.710378 0.624198
vt 0.698993 0.613948
vt 0.691206 0.613129
vt 0.683758 0.615549
vt 0.677939 0.620789
vt 0.674754 0.627943
vt 0.674754 0.635774
vt 0.677939 0.642927
vt 0.683758 0.648167
vt 0.691206 0.650587
vt 0.698993 0.649768
vt 0.705775 0.645853
vt 0.710378 0.639518
vt 0.712006 0.631858
vt 0.549430 0.743101
vt 0.536507 0.760887
vt 0.549430 0.743101
vt 0.536507 0.760887
vt 0.517468 0.771879
vt 0.517468 0.771879
vt 0.495603 0.774177
vt 0.495603 0.774177
vt 0.474694 0.767384
vt 0.474694 0.767384
vt 0.458356 0.752673
vt 0.458356 0.752673
vt 0.449413 0.732588
vt 0.449413 0.732588
vt 0.449413 0.710603
vt 0.449413 0.710603
vt 0.458356 0.690519
vt 0.458356 0.690519
vt 0.474694 0.675808
vt 0.474694 0.675808
vt 0.495603 0.669014
vt 0.495603 0.669014
vt 0.517468 0.671312
vt 0.495603 0.669014
vt 0.517468 0.671312
vt 0.536507 0.682305
vt 0.517468 0.671312
vt 0.536507 0.682305
vt 0.549430 0.700091
vt 0.549430 0.700091
vt 0.554001 0.721596
vt 0.554001 0.721596
vt 0.549430 0.743101
vt 0.536507 0.760887
vt 0.549430 0.743101
vt 0.536507 0.760887
vt 0.517468 0.771879
vt 0.517468 0.771879
vt 0.495603 0.774177
vt 0.495603 0.774177
vt 0.474694 0.767384
vt 0.474694 0.767384
vt 0.458356 0.752673
vt 0.458356 0.752673
vt 0.449413 0.732588
vt 0.449413 0.732588
vt 0.449413 0.710603
vt 0.449413 0.710603
vt 0.458356 0.690519
vt 0.458356 0.690519
vt 0.474694 0.675808
vt 0.474694 0.675808
vt 0.495603 0.669014
vt 0.495603 0.669014
vt 0.495603 0.669014
vt 0.517468 0.671312
vt 0.517468 0.671312
vt 0.536507 0.682305
vt 0.536507 0.682305
vt 0.549430 0.700091
vt 0.549430 0.700091
vt 0.554001 0.721596
vt 0.554001 0.721596
vt 0.710378 0.722378
vt 0.705775 0.728714
vt 0.710378 0.722378
vt 0.705775 0.728714
vt 0.698993 0.732629
vt 0.698993 0.732629
vt 0.691206 0.733447
vt 0.683758 0.731028
vt 0.683758 0.731028
vt 0.677939 0.725788
vt 0.677939 0.725788
vt 0.674754 0.718634
vt 0.674754 0.718634
vt 0.674754 0.710803
vt 0.674754 0.710803
vt 0.677939 0.703650
vt 0.677939 0.703650
vt 0.683758 0.698410
vt 0.683758 0.698410
vt 0.691206 0.695990
vt 0.691206 0.695990
vt 0.698993 0.696809
vt 0.698993 0.696809
vt 0.705775 0.700724
vt 0.705775 0.700724
vt 0.710378 0.707059
vt 0.710378 0.707059
vt 0.712006 0.714719
vt 0.712006 0.714719
vt 0.705775 0.728714
vt 0.698993 0.732629
vt 0.691206 0.733447
vt 0.691206 0.733447
vt 0.683758 0.731028
vt 0.677939 0.725788
vt 0.674754 0.718634
vt 0.674754 0.710803
vt 0.677939 0.703650
vt 0.683758 0.698410
vt 0.691206 0.695990
vt 0.698993 0.696809
vt 0.705775 0.700724
vt 0.710378 0.707059
vt 0.710378 0.722378
vt 0.904615 0.794148
vt 0.899850 0.790438
vt 0.900377 0.794675
vt 0.904087 0.789911
vt 0.899323 0.786201
vt 0.903033 0.781437
vt 0.898796 0.781964
vt 0.902506 0.777200
vt 0.898269 0.777727
vt 0.901979 0.772964
vt 0.897742 0.773490
vt 0.901452 0.768726
vt 0.897215 0.769254
vt 0.900925 0.764489
vt 0.896688 0.765016
vt 0.900398 0.760252
vt 0.896161 0.760780
vt 0.895634 0.756543
vt 0.899871 0.756016
vt 0.895107 0.752306
vt 0.898817 0.747542
vt 0.894580 0.748069
vt 0.898290 0.743304
vt 0.894053 0.743832
vt 0.897763 0.739068
vt 0.893526 0.739595
vt 0.892999 0.735358
vt 0.897236 0.734831
vt 0.892472 0.731121
vt 0.908851 0.793621
vt 0.907797 0.785147
vt 0.903560 0.785674
vt 0.907270 0.780910
vt 0.906743 0.776673
vt 0.906216 0.772436
vt 0.905689 0.768200
vt 0.905162 0.763962
vt 0.904635 0.759726
vt 0.904108 0.755489
vt 0.899344 0.751779
vt 0.903054 0.747015
vt 0.902527 0.742777
vt 0.902000 0.738541
vt 0.900946 0.730067
vt 0.896709 0.730594
vt 0.913088 0.793094
vt 0.908324 0.789384
vt 0.912561 0.788857
vt 0.912034 0.784620
vt 0.911507 0.780383
vt 0.910453 0.771909
vt 0.909926 0.767673
vt 0.908872 0.759198
vt 0.908345 0.754962
vt 0.907818 0.750725
vt 0.903581 0.751252
vt 0.907291 0.746488
vt 0.906764 0.742251
vt 0.906237 0.738014
vt 0.901473 0.734304
vt 0.905710 0.733777
vt 0.916798 0.788330
vt 0.915744 0.779856
vt 0.915217 0.775619
vt 0.910980 0.776146
vt 0.914163 0.767145
vt 0.909399 0.763435
vt 0.913109 0.758671
vt 0.912582 0.754435
vt 0.912055 0.750197
vt 0.911528 0.745961
vt 0.910474 0.737487
vt 0.909420 0.729013
vt 0.905183 0.729540
vt 0.921562 0.792040
vt 0.917325 0.792567
vt 0.921035 0.787804
vt 0.916271 0.784093
vt 0.919981 0.779329
vt 0.919454 0.775092
vt 0.918927 0.770855
vt 0.914690 0.771382
vt 0.918400 0.766618
vt 0.913636 0.762908
vt 0.917346 0.758144
vt 0.916819 0.753908
vt 0.916292 0.749671
vt 0.915765 0.745434
vt 0.911001 0.741724
vt 0.914711 0.736960
vt 0.914184 0.732723
vt 0.909947 0.733250
vt 0.913657 0.728486
vt 0.925272 0.787276
vt 0.924745 0.783039
vt 0.920508 0.783566
vt 0.923691 0.774565
vt 0.922637 0.766091
vt 0.917873 0.762381
vt 0.922110 0.761854
vt 0.921056 0.753380
vt 0.920529 0.749144
vt 0.920002 0.744906
vt 0.915238 0.741197
vt 0.919475 0.740669
vt 0.918421 0.732195
vt 0.925799 0.791513
vt 0.929773 0.788868
vt 0.929246 0.784631
vt 0.928719 0.780394
vt 0.924218 0.778802
vt 0.928192 0.776157
vt 0.927665 0.771920
vt 0.923164 0.770328
vt 0.927138 0.767683
vt 0.926611 0.763446
vt 0.926084 0.759209
vt 0.921583 0.757617
vt 0.925556 0.754972
vt 0.925029 0.750735
vt 0.924502 0.746498
vt 0.923975 0.742261
vt 0.923448 0.738024
vt 0.918948 0.736432
vt 0.922921 0.733787
vt 0.922394 0.729550
vt 0.917894 0.727958
vt 0.648982 0.677306
vt 0.657017 0.677306
vt 0.665052 0.677306
vt 0.673087 0.677306
vt 0.681122 0.677306
vt 0.689156 0.677306
vt 0.697191 0.677306
vt 0.705226 0.677306
vt 0.721296 0.677306
vt 0.729331 0.677306
vt 0.737366 0.677306
vt 0.745401 0.677306
vt 0.712006 0.714719
vt 0.753436 0.677306
vt 0.640947 0.677306
vt 0.438695 0.566049
vt 0.460560 0.568347
vt 0.438695 0.566049
vt 0.466075 0.619634
vt 0.466075 0.619634
vt 0.466075 0.619634
vt 0.460560 0.568347
vt 0.438695 0.566049
vt 0.438695 0.566049
vt 0.482538 0.634955
vt 0.482538 0.634955
vt 0.482538 0.634955
vt 0.532359 0.601293
vt 0.540146 0.602111
vt 0.532359 0.601293
vt 0.460560 0.568347
vt 0.460560 0.568347
vt 0.460560 0.568347
vt 0.515545 0.690537
vt 0.493680 0.688239
vt 0.515545 0.690537
vt 0.438695 0.566049
vt 0.438695 0.566049
vt 0.438695 0.566049
vt 0.438695 0.566049
vt 0.493680 0.688239
vt 0.493680 0.688239
vt 0.532359 0.601293
vt 0.540146 0.602111
vt 0.460560 0.568347
vt 0.460560 0.568347
vt 0.515545 0.690537
vt 0.515545 0.690537
vt 0.515545 0.690537
vt 0.460560 0.568347
vt 0.460560 0.568347
vt 0.540146 0.602111
vt 0.540146 0.602111
vt 0.698993 0.696809
vt 0.698993 0.696809
vt 0.698993 0.696809
vt 0.458832 0.712937
vt 0.464472 0.723432
vt 0.458832 0.723432
vt 0.464472 0.712937
vt 0.470112 0.723432
vt 0.470112 0.712937
vt 0.475751 0.723432
vt 0.475751 0.712937
vt 0.481391 0.723432
vt 0.481391 0.712937
vt 0.487031 0.723432
vt 0.487031 0.712937
vt 0.492670 0.723432
vt 0.492670 0.712937
vt 0.498310 0.723432
vt 0.503949 0.712937
vt 0.498310 0.712937
vt 0.509589 0.712937
vt 0.503949 0.723432
vt 0.515229 0.712937
vt 0.509589 0.723432
vt 0.520868 0.712937
vt 0.515229 0.723432
vt 0.526508 0.712937
vt 0.520868 0.723432
vt 0.532147 0.712937
vt 0.526508 0.723432
vt 0.537787 0.712937
vt 0.532147 0.723432
vt 0.543426 0.723432
vt 0.537787 0.723432
vt 0.705775 0.617863
vt 0.710378 0.624198
vt 0.693174 0.631858
vt 0.698993 0.613948
vt 0.691206 0.613129
vt 0.683758 0.615549
vt 0.677939 0.620789
vt 0.674754 0.627943
vt 0.674754 0.635774
vt 0.677939 0.642927
vt 0.683758 0.648167
vt 0.691206 0.650587
vt 0.698993 0.649768
vt 0.705775 0.645853
vt 0.710378 0.639518
vt 0.712006 0.631858
vt 0.549430 0.743101
vt 0.536507 0.760887
vt 0.549430 0.743101
vt 0.536507 0.760887
vt 0.517468 0.771879
vt 0.517468 0.771879
vt 0.495603 0.774177
vt 0.495603 0.774177
vt 0.474694 0.767384
vt 0.458356 0.752673
vt 0.474694 0.767384
vt 0.449413 0.732588
vt 0.458356 0.752673
vt 0.449413 0.732588
vt 0.449413 0.710603
vt 0.449413 0.710603
vt 0.458356 0.690519
vt 0.458356 0.690519
vt 0.474694 0.675808
vt 0.474694 0.675808
vt 0.495603 0.669014
vt 0.495603 0.669014
vt 0.517468 0.671312
vt 0.495603 0.669014
vt 0.536507 0.682305
vt 0.517468 0.671312
vt 0.517468 0.671312
vt 0.549430 0.700091
vt 0.536507 0.682305
vt 0.554001 0.721596
vt 0.549430 0.700091
vt 0.554001 0.721596
vt 0.549430 0.743101
vt 0.549430 0.743101
vt 0.536507 0.760887
vt 0.536507 0.760887
vt 0.517468 0.771879
vt 0.495603 0.774177
vt 0.517468 0.771879
vt 0.495603 0.774177
vt 0.474694 0.767384
vt 0.474694 0.767384
vt 0.458356 0.752673
vt 0.458356 0.752673
vt 0.449413 0.732588
vt 0.449413 0.710603
vt 0.449413 0.732588
vt 0.449413 0.710603
vt 0.458356 0.690519
vt 0.458356 0.690519
vt 0.474694 0.675808
vt 0.474694 0.675808
vt 0.495603 0.669014
vt 0.495603 0.669014
vt 0.517468 0.671312
vt 0.495603 0.669014
vt 0.517468 0.671312
vt 0.536507 0.682305
vt 0.536507 0.682305
vt 0.549430 0.700091
vt 0.549430 0.700091
vt 0.554001 0.721596
vt 0.554001 0.721596
vt 0.705775 0.728714
vt 0.710378 0.722378
vt 0.710378 0.722378
vt 0.698993 0.732629
vt 0.705775 0.728714
vt 0.691206 0.733447
vt 0.698993 0.732629
vt 0.683758 0.731028
vt 0.691206 0.733447
vt 0.677939 0.725788
vt 0.683758 0.731028
vt 0.674754 0.718634
vt 0.677939 0.725788
vt 0.674754 0.710803
vt 0.674754 0.718634
vt 0.677939 0.703650
vt 0.674754 0.710803
vt 0.683758 0.698410
vt 0.677939 0.703650
vt 0.691206 0.695990
vt 0.683758 0.698410
vt 0.698993 0.696809
vt 0.691206 0.695990
vt 0.705775 0.700724
vt 0.698993 0.696809
vt 0.710378 0.707059
vt 0.705775 0.700724
vt 0.710378 0.707059
vt 0.712006 0.714719
vt 0.712006 0.714719
vt 0.705775 0.728714
vt 0.710378 0.722378
vt 0.698993 0.732629
vt 0.691206 0.733447
vt 0.683758 0.731028
vt 0.677939 0.725788
vt 0.674754 0.718634
vt 0.674754 0.710803
vt 0.677939 0.703650
vt 0.683758 0.698410
vt 0.691206 0.695990
vt 0.698993 0.696809
vt 0.705775 0.700724
vt 0.710378 0.707059
vt 0.712006 0.714719
vt 0.892113 0.728235
vt 0.895823 0.723470
vt 0.896350 0.727707
vt 0.891059 0.719761
vt 0.891586 0.723998
vt 0.894769 0.714997
vt 0.895296 0.719234
vt 0.890005 0.711287
vt 0.890532 0.715524
vt 0.889478 0.707050
vt 0.894242 0.710759
vt 0.888951 0.702813
vt 0.893715 0.706523
vt 0.888424 0.698576
vt 0.893188 0.702286
vt 0.887897 0.694339
vt 0.892661 0.698049
vt 0.891607 0.689575
vt 0.892134 0.693812
vt 0.887370 0.690102
vt 0.891080 0.685338
vt 0.886843 0.685865
vt 0.890553 0.681101
vt 0.886316 0.681628
vt 0.890026 0.676864
vt 0.885262 0.673154
vt 0.885789 0.677391
vt 0.884735 0.668917
vt 0.889499 0.672627
vt 0.888445 0.664153
vt 0.888972 0.668390
vt 0.900060 0.722944
vt 0.900587 0.727181
vt 0.899533 0.718707
vt 0.899006 0.714469
vt 0.898479 0.710233
vt 0.897952 0.705996
vt 0.897425 0.701759
vt 0.896898 0.697522
vt 0.895844 0.689048
vt 0.896371 0.693285
vt 0.895317 0.684811
vt 0.894790 0.680574
vt 0.893736 0.672100
vt 0.894263 0.676337
vt 0.892682 0.663626
vt 0.893209 0.667863
vt 0.904824 0.726654
vt 0.904297 0.722417
vt 0.903770 0.718180
vt 0.903243 0.713943
vt 0.902189 0.705469
vt 0.902716 0.709706
vt 0.901662 0.701232
vt 0.901135 0.696995
vt 0.900608 0.692758
vt 0.900081 0.688521
vt 0.899027 0.680047
vt 0.899554 0.684284
vt 0.898500 0.675810
vt 0.897445 0.667336
vt 0.897973 0.671573
vt 0.909061 0.726127
vt 0.908534 0.721890
vt 0.908007 0.717653
vt 0.907480 0.713416
vt 0.906426 0.704942
vt 0.906953 0.709179
vt 0.905372 0.696468
vt 0.905899 0.700705
vt 0.904845 0.692231
vt 0.904318 0.687994
vt 0.903791 0.683757
vt 0.903264 0.679520
vt 0.902210 0.671046
vt 0.902737 0.675283
vt 0.896919 0.663099
vt 0.901682 0.666809
vt 0.913298 0.725600
vt 0.912244 0.717126
vt 0.912771 0.721363
vt 0.911717 0.712889
vt 0.910663 0.704415
vt 0.911190 0.708652
vt 0.909609 0.695941
vt 0.910136 0.700178
vt 0.909082 0.691704
vt 0.908555 0.687467
vt 0.907501 0.678993
vt 0.908028 0.683230
vt 0.906974 0.674756
vt 0.906447 0.670519
vt 0.905920 0.666282
vt 0.905392 0.662045
vt 0.917008 0.720836
vt 0.917535 0.725073
vt 0.916481 0.716599
vt 0.915427 0.708125
vt 0.915954 0.712362
vt 0.914900 0.703888
vt 0.914373 0.699651
vt 0.913319 0.691177
vt 0.913846 0.695414
vt 0.912792 0.686940
vt 0.912265 0.682703
vt 0.911738 0.678466
vt 0.911211 0.674229
vt 0.910684 0.669992
vt 0.909630 0.661518
vt 0.910157 0.665755
vt 0.921508 0.722427
vt 0.920981 0.718190
vt 0.920454 0.713953
vt 0.919927 0.709716
vt 0.919400 0.705479
vt 0.918873 0.701242
vt 0.918346 0.697005
vt 0.917819 0.692768
vt 0.917292 0.688531
vt 0.916765 0.684294
vt 0.916238 0.680057
vt 0.915711 0.675820
vt 0.915184 0.671584
vt 0.914657 0.667346
vt 0.914130 0.663109
vt 0.648982 0.677306
vt 0.640947 0.677306
vt 0.657017 0.677306
vt 0.665052 0.677306
vt 0.673087 0.677306
vt 0.681122 0.677306
vt 0.689156 0.677306
vt 0.697191 0.677306
vt 0.705226 0.677306
vt 0.721296 0.677306
vt 0.713261 0.677306
vt 0.729331 0.677306
vt 0.737366 0.677306
vt 0.745401 0.677306
vt 0.753436 0.677306
vt 0.632912 0.677306
vt 0.460560 0.568347
vt 0.438695 0.566049
vt 0.438695 0.566049
vt 0.552431 0.566832
vt 0.552431 0.566832
vt 0.552431 0.566832
vt 0.460560 0.568347
vt 0.438695 0.566049
vt 0.460560 0.568347
vt 0.552561 0.572303
vt 0.552561 0.572303
vt 0.552561 0.572303
vt 0.540146 0.602111
vt 0.532359 0.601293
vt 0.532359 0.601293
vt 0.460560 0.568347
vt 0.460560 0.568347
vt 0.460560 0.568347
vt 0.515545 0.690537
vt 0.493680 0.688239
vt 0.515545 0.690537
vt 0.438695 0.566049
vt 0.438695 0.566049
vt 0.438695 0.566049
vt 0.438695 0.566049
vt 0.493680 0.688239
vt 0.515545 0.690537
vt 0.540146 0.602111
vt 0.532359 0.601293
vt 0.460560 0.568347
vt 0.515545 0.690537
vt 0.515545 0.690537
vt 0.460560 0.568347
vt 0.460560 0.568347
vt 0.540146 0.602111
vt 0.540146 0.602111
vt 0.698993 0.696809
vt 0.682126 0.695887
vt 0.680117 0.654428
vt 0.682126 0.654428
vt 0.684135 0.695887
vt 0.684135 0.654428
vt 0.686143 0.695887
vt 0.686143 0.654428
vt 0.688152 0.695887
vt 0.688152 0.654428
vt 0.690161 0.695887
vt 0.690161 0.654428
vt 0.692170 0.695887
vt 0.692170 0.654428
vt 0.694178 0.654428
vt 0.696187 0.654428
vt 0.694178 0.695887
vt 0.698196 0.654428
vt 0.696187 0.695887
vt 0.700205 0.654428
vt 0.698196 0.695887
vt 0.702213 0.654428
vt 0.700205 0.695887
vt 0.704222 0.654428
vt 0.702213 0.695887
vt 0.706231 0.654428
vt 0.704222 0.695887
vt 0.708240 0.695887
vt 0.708240 0.654428
vt 0.680117 0.695887
vt 0.678108 0.654428
vt 0.706231 0.695887
vt 0.708240 0.654725
vt 0.706231 0.654725
vt 0.704222 0.695887
vt 0.704222 0.654725
vt 0.702213 0.695887
vt 0.702213 0.654725
vt 0.700205 0.695887
vt 0.700205 0.654725
vt 0.698196 0.695887
vt 0.698196 0.654725
vt 0.696187 0.695887
vt 0.696187 0.654725
vt 0.694178 0.695887
vt 0.694178 0.654725
vt 0.692170 0.695887
vt 0.692170 0.654725
vt 0.690161 0.695887
vt 0.690161 0.654725
vt 0.688152 0.695887
vt 0.688152 0.654725
vt 0.686143 0.695887
vt 0.686143 0.654725
vt 0.684135 0.695887
vt 0.684135 0.654725
vt 0.682126 0.695887
vt 0.682126 0.654725
vt 0.680117 0.695887
vt 0.680117 0.654725
vt 0.678108 0.695887
vt 0.678108 0.654725
vt 0.678108 0.650690
vt 0.680117 0.650690
vt 0.678108 0.650690
vt 0.464472 0.724264
vt 0.458832 0.724264
vt 0.680117 0.650690
vt 0.682126 0.650690
vt 0.470112 0.724264
vt 0.684135 0.650690
vt 0.684135 0.650690
vt 0.475751 0.724264
vt 0.686143 0.650690
vt 0.686143 0.650690
vt 0.481391 0.724264
vt 0.688152 0.650690
vt 0.487031 0.724264
vt 0.690161 0.650690
vt 0.690161 0.650690
vt 0.492670 0.724264
vt 0.692170 0.650690
vt 0.692170 0.650690
vt 0.498310 0.724264
vt 0.694178 0.650690
vt 0.503949 0.724264
vt 0.694178 0.650690
vt 0.696187 0.650690
vt 0.509589 0.724264
vt 0.696187 0.650690
vt 0.698196 0.650690
vt 0.515229 0.724264
vt 0.698196 0.650690
vt 0.700205 0.650690
vt 0.520868 0.724264
vt 0.702213 0.650690
vt 0.702213 0.650690
vt 0.526508 0.724264
vt 0.704222 0.650690
vt 0.532147 0.724264
vt 0.706231 0.650690
vt 0.706231 0.650690
vt 0.537787 0.724264
vt 0.708240 0.650690
vt 0.708240 0.650690
vt 0.543426 0.724264
vt 0.543426 0.724264
vt 0.464472 0.723432
vt 0.458832 0.723432
vt 0.680117 0.650690
vt 0.678108 0.650690
vt 0.678108 0.650690
vt 0.470112 0.723432
vt 0.682126 0.650690
vt 0.680117 0.650690
vt 0.475751 0.723432
vt 0.684135 0.650690
vt 0.682126 0.650690
vt 0.481391 0.723432
vt 0.686143 0.650690
vt 0.686143 0.650690
vt 0.487031 0.723432
vt 0.688152 0.650690
vt 0.688152 0.650690
vt 0.492670 0.723432
vt 0.690161 0.650690
vt 0.690161 0.650690
vt 0.498310 0.723432
vt 0.692170 0.650690
vt 0.692170 0.650690
vt 0.503949 0.723432
vt 0.694178 0.650690
vt 0.694178 0.650690
vt 0.509589 0.723432
vt 0.696187 0.650690
vt 0.515229 0.723432
vt 0.698196 0.650690
vt 0.696187 0.650690
vt 0.520868 0.723432
vt 0.700205 0.650690
vt 0.700205 0.650690
vt 0.526508 0.723432
vt 0.702213 0.650690
vt 0.702213 0.650690
vt 0.532147 0.723432
vt 0.704222 0.650690
vt 0.704222 0.650690
vt 0.537787 0.723432
vt 0.706231 0.650690
vt 0.706231 0.650690
vt 0.543426 0.723432
vt 0.708240 0.650690
vt 0.515440 0.615353
vt 0.484560 0.616992
vt 0.484560 0.615353
vt 0.515440 0.646234
vt 0.484560 0.677115
vt 0.484560 0.646234
vt 0.515440 0.706357
vt 0.484560 0.707996
vt 0.484560 0.706357
vt 0.515440 0.707996
vt 0.484560 0.738876
vt 0.546321 0.615353
vt 0.515440 0.616992
vt 0.515440 0.615353
vt 0.453679 0.616992
vt 0.453679 0.615353
vt 0.453679 0.646234
vt 0.515440 0.677115
vt 0.546321 0.616992
vt 0.515440 0.616992
vt 0.546321 0.615353
vt 0.546321 0.616992
vt 0.515440 0.615353
vt 0.484560 0.616992
vt 0.484560 0.615353
vt 0.515440 0.646234
vt 0.484560 0.677115
vt 0.484560 0.646234
vt 0.515440 0.706357
vt 0.484560 0.707996
vt 0.484560 0.706357
vt 0.515440 0.707996
vt 0.484560 0.738876
vt 0.546321 0.615353
vt 0.515440 0.616992
vt 0.515440 0.615353
vt 0.453679 0.616992
vt 0.453679 0.615353
vt 0.453679 0.646234
vt 0.515440 0.677115
vt 0.546321 0.616992
vt 0.515440 0.616992
vt 0.546321 0.615353
vt 0.546321 0.616992
vt 0.515440 0.615353
vt 0.484560 0.616992
vt 0.484560 0.615353
vt 0.515440 0.646234
vt 0.484560 0.677115
vt 0.484560 0.646234
vt 0.515440 0.706357
vt 0.484560 0.707996
vt 0.484560 0.706357
vt 0.515440 0.707996
vt 0.484560 0.738876
vt 0.546321 0.615353
vt 0.515440 0.616992
vt 0.515440 0.615353
vt 0.453679 0.616992
vt 0.453679 0.615353
vt 0.453679 0.646234
vt 0.515440 0.677115
vt 0.546321 0.616992
vt 0.515440 0.616992
vt 0.546321 0.615353
vt 0.546321 0.616992
vt 0.515440 0.615353
vt 0.484560 0.616992
vt 0.484560 0.615353
vt 0.515440 0.646234
vt 0.484560 0.677115
vt 0.484560 0.646234
vt 0.515440 0.706357
vt 0.484560 0.707996
vt 0.484560 0.706357
vt 0.515440 0.707996
vt 0.484560 0.738876
vt 0.546321 0.615353
vt 0.515440 0.616992
vt 0.515440 0.615353
vt 0.453679 0.616992
vt 0.453679 0.615353
vt 0.453679 0.646234
vt 0.515440 0.677115
vt 0.546321 0.616992
vt 0.515440 0.616992
vt 0.546321 0.615353
vt 0.546321 0.616992
vt 0.515440 0.615353
vt 0.484560 0.616992
vt 0.484560 0.615353
vt 0.515440 0.646234
vt 0.484560 0.677115
vt 0.484560 0.646234
vt 0.515440 0.706357
vt 0.484560 0.707996
vt 0.484560 0.706357
vt 0.515440 0.707996
vt 0.484560 0.738876
vt 0.546321 0.615353
vt 0.515440 0.616992
vt 0.515440 0.615353
vt 0.453679 0.616992
vt 0.453679 0.615353
vt 0.453679 0.646234
vt 0.515440 0.677115
vt 0.546321 0.616992
vt 0.515440 0.616992
vt 0.546321 0.615353
vt 0.546321 0.616992
vt 0.515440 0.615353
vt 0.484560 0.616992
vt 0.484560 0.615353
vt 0.515440 0.646234
vt 0.484560 0.677115
vt 0.484560 0.646234
vt 0.515440 0.706357
vt 0.484560 0.707996
vt 0.484560 0.706357
vt 0.515440 0.707996
vt 0.484560 0.738876
vt 0.546321 0.615353
vt 0.515440 0.616992
vt 0.515440 0.615353
vt 0.453679 0.616992
vt 0.453679 0.615353
vt 0.453679 0.646234
vt 0.515440 0.677115
vt 0.546321 0.616992
vt 0.515440 0.616992
vt 0.546321 0.615353
vt 0.546321 0.616992
vt 0.677470 0.694289
vt 0.674707 0.756455
vt 0.674707 0.694289
vt 0.680233 0.694289
vt 0.677470 0.756455
vt 0.682996 0.694289
vt 0.680233 0.756455
vt 0.685759 0.694289
vt 0.682996 0.756455
vt 0.688522 0.694289
vt 0.685759 0.756455
vt 0.691284 0.694289
vt 0.688522 0.756455
vt 0.694047 0.694289
vt 0.691284 0.756455
vt 0.696810 0.694289
vt 0.694047 0.756455
vt 0.699573 0.694289
vt 0.696810 0.756455
vt 0.702336 0.694289
vt 0.699573 0.756455
vt 0.705099 0.694289
vt 0.702336 0.756455
vt 0.707862 0.694289
vt 0.705099 0.756455
vt 0.710625 0.694289
vt 0.707862 0.756455
vt 0.713388 0.694289
vt 0.710625 0.756455
vt 0.716151 0.694289
vt 0.713388 0.756455
vt 0.712761 0.649138
vt 0.719092 0.657852
vt 0.695429 0.668387
vt 0.703433 0.643753
vt 0.692721 0.642627
vt 0.682478 0.645955
vt 0.674473 0.653162
vt 0.670093 0.663002
vt 0.670093 0.673772
vt 0.674473 0.683612
vt 0.682478 0.690819
vt 0.692721 0.694148
vt 0.703433 0.693022
vt 0.712761 0.687636
vt 0.719092 0.678923
vt 0.721331 0.668387
vt 0.513089 0.788723
vt 0.526936 0.769665
vt 0.526936 0.769665
vt 0.492687 0.800502
vt 0.513089 0.788723
vt 0.469259 0.802965
vt 0.492687 0.800502
vt 0.446854 0.795685
vt 0.469259 0.802965
vt 0.429347 0.779922
vt 0.446854 0.795685
vt 0.419765 0.758400
vt 0.429347 0.779922
vt 0.419765 0.734843
vt 0.419765 0.758400
vt 0.429347 0.713322
vt 0.419765 0.734843
vt 0.446854 0.697558
vt 0.429347 0.713322
vt 0.469259 0.690279
vt 0.446854 0.697558
vt 0.492687 0.692741
vt 0.469259 0.690279
vt 0.469259 0.690279
vt 0.513089 0.704520
vt 0.492687 0.692741
vt 0.492687 0.692741
vt 0.526936 0.723579
vt 0.513089 0.704520
vt 0.531834 0.746622
vt 0.526936 0.723579
vt 0.531834 0.746622
vt 0.526936 0.769665
vt 0.526563 0.770914
vt 0.512716 0.789973
vt 0.512716 0.789973
vt 0.513089 0.788723
vt 0.492314 0.801752
vt 0.492314 0.801752
vt 0.492687 0.800502
vt 0.468885 0.804214
vt 0.468885 0.804214
vt 0.469259 0.802965
vt 0.446481 0.796935
vt 0.446481 0.796935
vt 0.429347 0.779922
vt 0.446854 0.795685
vt 0.428974 0.781171
vt 0.428974 0.781171
vt 0.419765 0.758400
vt 0.419392 0.759650
vt 0.419392 0.759650
vt 0.419765 0.734843
vt 0.419392 0.736093
vt 0.419392 0.736093
vt 0.429347 0.713322
vt 0.428974 0.714571
vt 0.428974 0.714571
vt 0.446854 0.697558
vt 0.446481 0.698808
vt 0.446481 0.698808
vt 0.469259 0.690279
vt 0.468885 0.691528
vt 0.468885 0.691528
vt 0.492314 0.693991
vt 0.492314 0.693991
vt 0.492687 0.692741
vt 0.512716 0.705770
vt 0.512716 0.705770
vt 0.513089 0.704520
vt 0.526563 0.724828
vt 0.526563 0.724828
vt 0.531834 0.746622
vt 0.526936 0.723579
vt 0.531461 0.747871
vt 0.531461 0.747871
vt 0.526563 0.770914
vt 0.712761 0.801606
vt 0.719092 0.792892
vt 0.719092 0.792892
vt 0.703433 0.751762
vt 0.712761 0.746376
vt 0.712761 0.746376
vt 0.675659 0.773941
vt 0.706671 0.770682
vt 0.706671 0.770682
vt 0.682478 0.749559
vt 0.692721 0.752887
vt 0.692721 0.752887
vt 0.674473 0.797582
vt 0.682478 0.804789
vt 0.682478 0.804789
vt 0.670093 0.787742
vt 0.674473 0.797582
vt 0.670093 0.776972
vt 0.670093 0.787742
vt 0.674473 0.767132
vt 0.670093 0.776972
vt 0.682478 0.759925
vt 0.674473 0.767132
vt 0.692721 0.756597
vt 0.682478 0.759925
vt 0.703433 0.757722
vt 0.692721 0.756597
vt 0.712761 0.763108
vt 0.703433 0.757722
vt 0.719092 0.771822
vt 0.712761 0.763108
vt 0.721331 0.782357
vt 0.719092 0.771822
vt 0.721331 0.782357
vt 0.712761 0.801606
vt 0.719092 0.792892
vt 0.703433 0.751762
vt 0.712761 0.746376
vt 0.675659 0.773941
vt 0.706671 0.770682
vt 0.682478 0.749559
vt 0.692721 0.752887
vt 0.674473 0.797582
vt 0.682478 0.804789
vt 0.670093 0.787742
vt 0.670093 0.776972
vt 0.674473 0.767132
vt 0.682478 0.759925
vt 0.692721 0.756597
vt 0.703433 0.757722
vt 0.712761 0.763108
vt 0.719092 0.771822
vt 0.721331 0.782357
vt 0.868783 0.762614
vt 0.880487 0.751413
vt 0.880236 0.762865
vt 0.869035 0.751161
vt 0.880739 0.739960
vt 0.869538 0.728256
vt 0.869286 0.739708
vt 0.869789 0.716803
vt 0.880990 0.728507
vt 0.870041 0.705350
vt 0.881242 0.717054
vt 0.881745 0.694149
vt 0.881493 0.705602
vt 0.870292 0.693897
vt 0.881996 0.682696
vt 0.870544 0.682445
vt 0.882248 0.671243
vt 0.870795 0.670992
vt 0.882499 0.659791
vt 0.871047 0.659539
vt 0.882751 0.648338
vt 0.871298 0.648086
vt 0.883002 0.636885
vt 0.871801 0.625181
vt 0.871550 0.636634
vt 0.872053 0.613728
vt 0.883254 0.625432
vt 0.872304 0.602275
vt 0.883506 0.613980
vt 0.872556 0.590822
vt 0.883757 0.602527
vt 0.891689 0.763117
vt 0.891940 0.751664
vt 0.892192 0.740211
vt 0.892443 0.728759
vt 0.892695 0.717306
vt 0.892946 0.705853
vt 0.893198 0.694400
vt 0.893449 0.682948
vt 0.893701 0.671495
vt 0.893952 0.660042
vt 0.894204 0.648589
vt 0.894707 0.625684
vt 0.894455 0.637137
vt 0.894958 0.614231
vt 0.884009 0.591074
vt 0.895210 0.602778
vt 0.903141 0.763369
vt 0.903393 0.751916
vt 0.903896 0.729010
vt 0.903644 0.740463
vt 0.904147 0.717557
vt 0.904399 0.706105
vt 0.904650 0.694652
vt 0.904902 0.683199
vt 0.905154 0.671746
vt 0.905405 0.660294
vt 0.905908 0.637388
vt 0.905657 0.648841
vt 0.906160 0.625935
vt 0.906663 0.603030
vt 0.906411 0.614483
vt 0.895461 0.591325
vt 0.914594 0.763620
vt 0.914846 0.752167
vt 0.915349 0.729262
vt 0.915097 0.740714
vt 0.915600 0.717809
vt 0.915852 0.706356
vt 0.916103 0.694903
vt 0.916606 0.671998
vt 0.916355 0.683451
vt 0.916858 0.660545
vt 0.917109 0.649092
vt 0.917361 0.637640
vt 0.917864 0.614734
vt 0.917612 0.626187
vt 0.918115 0.603281
vt 0.918367 0.591828
vt 0.926298 0.752419
vt 0.926047 0.763872
vt 0.926550 0.740966
vt 0.926801 0.729513
vt 0.927053 0.718060
vt 0.927305 0.706608
vt 0.927556 0.695155
vt 0.928059 0.672249
vt 0.927808 0.683702
vt 0.928562 0.649344
vt 0.928311 0.660797
vt 0.928814 0.637891
vt 0.929065 0.626438
vt 0.929317 0.614986
vt 0.929568 0.603533
vt 0.937500 0.764123
vt 0.938003 0.741217
vt 0.937751 0.752670
vt 0.938254 0.729765
vt 0.938757 0.706859
vt 0.938506 0.718312
vt 0.939009 0.695406
vt 0.939260 0.683954
vt 0.939512 0.672501
vt 0.940015 0.649595
vt 0.939763 0.661048
vt 0.940518 0.626690
vt 0.940266 0.638143
vt 0.941021 0.603784
vt 0.940769 0.615237
vt 0.929820 0.592080
vt 0.949078 0.758648
vt 0.949330 0.747195
vt 0.949581 0.735743
vt 0.949833 0.724290
vt 0.950084 0.712837
vt 0.950336 0.701384
vt 0.950587 0.689932
vt 0.950839 0.678479
vt 0.951090 0.667026
vt 0.951342 0.655573
vt 0.951593 0.644121
vt 0.951845 0.632668
vt 0.952096 0.621215
vt 0.952348 0.609762
vt 0.941272 0.592332
vt 0.952599 0.598309
vt 0.634645 0.730898
vt 0.623593 0.730898
vt 0.703433 0.806992
vt 0.645696 0.730898
vt 0.692721 0.808118
vt 0.656748 0.730898
vt 0.667800 0.730898
vt 0.678851 0.730898
vt 0.689903 0.730898
vt 0.700955 0.730898
vt 0.712006 0.730898
vt 0.734109 0.730898
vt 0.723058 0.730898
vt 0.745161 0.730898
vt 0.756213 0.730898
vt 0.767264 0.730898
vt 0.778316 0.730898
vt 0.612541 0.730898
vt 0.898650 0.669034
vt 0.897239 0.680109
vt 0.897239 0.680109
vt 0.898650 0.669034
vt 0.897239 0.680109
vt 0.898650 0.669034
vt 0.469259 0.690279
vt 0.709159 0.682276
vt 0.691068 0.754641
vt 0.327890 0.744482
vt 0.368107 0.583614
vt 0.327890 0.696771
vt 0.287674 0.696771
vt 0.368107 0.623831
vt 0.521208 0.677535
vt 0.521208 0.702218
vt 0.521208 0.677535
vt 0.521208 0.702218
vt 0.327890 0.744482
vt 0.368107 0.583614
vt 0.327890 0.696771
vt 0.287674 0.696771
vt 0.368107 0.623831
vt 0.891064 0.669019
vt 0.877007 0.725247
vt 0.933235 0.619820
vt 0.912150 0.683076
vt 0.869979 0.654962
vt 0.517468 0.671312
vt 0.896709 0.730594
vt 0.905183 0.729540
vt 0.466075 0.619634
vt 0.438695 0.566049
vt 0.482538 0.634955
vt 0.460560 0.568347
vt 0.493680 0.688239
vt 0.460560 0.568347
vt 0.458356 0.752673
vt 0.495603 0.669014
vt 0.713261 0.677306
vt 0.632912 0.677306
vt 0.552431 0.566832
vt 0.460560 0.568347
vt 0.552561 0.572303
vt 0.460560 0.568347
vt 0.678108 0.695887
vt 0.708240 0.695887
vt 0.458832 0.724264
vt 0.708240 0.650690
vt 0.678108 0.650690
vt 0.517468 0.671312
vt 0.713261 0.677306
vt 0.632912 0.677306
vt 0.466075 0.619634
vt 0.460560 0.568347
vt 0.482538 0.634955
vt 0.460560 0.568347
vt 0.543426 0.712937
vt 0.517468 0.671312
vt 0.884208 0.664680
vt 0.901156 0.662572
vt 0.552431 0.566832
vt 0.438695 0.566049
vt 0.552561 0.572303
vt 0.460560 0.568347
vt 0.493680 0.688239
vt 0.460560 0.568347
vt 0.706231 0.695887
vt 0.678108 0.695887
vt 0.708240 0.695887
vt 0.682126 0.650690
vt 0.688152 0.650690
vt 0.700205 0.650690
vt 0.704222 0.650690
vt 0.684135 0.650690
vt 0.698196 0.650690
vt 0.708240 0.650690
vt 0.515440 0.738876
vt 0.546321 0.646234
vt 0.515440 0.738876
vt 0.546321 0.646234
vt 0.515440 0.738876
vt 0.546321 0.646234
vt 0.515440 0.738876
vt 0.546321 0.646234
vt 0.515440 0.738876
vt 0.546321 0.646234
vt 0.515440 0.738876
vt 0.546321 0.646234
vt 0.716151 0.756455
vt 0.492687 0.692741
vt 0.712761 0.801606
vt 0.703433 0.751762
vt 0.675659 0.773941
vt 0.682478 0.749559
vt 0.906914 0.591577
vt 0.898650 0.669034
vt 0.897239 0.680109
vn 0.0023 0.0000 -1.0000
vn 0.0000 1.0000 0.0000
vn 0.0000 0.0000 1.0000
vn -0.0000 -1.0000 -0.0000
vn 0.9005 -0.0000 -0.4350
vn 0.9881 0.0000 -0.1539
vn 0.9880 -0.0000 -0.1547
vn 0.9953 0.0000 0.0968
vn -1.0000 0.0000 -0.0033
vn 0.0000 0.0000 -1.0000
vn 0.9946 0.0000 0.1042
vn 0.7295 0.0000 0.6839
vn 1.0000 0.0000 0.0000
vn -0.0023 0.0000 -1.0000
vn -0.9881 0.0000 -0.1539
vn -0.9005 0.0000 -0.4350
vn -0.9880 -0.0000 -0.1547
vn -0.9953 0.0000 0.0968
vn 1.0000 0.0000 -0.0033
vn -0.7295 0.0000 0.6839
vn -0.9946 0.0000 0.1042
vn -1.0000 0.0000 0.0000
vn 0.0000 0.4510 -0.8925
vn 0.0000 0.0001 1.0000
vn 0.0000 -0.4053 -0.9142
vn 0.0000 0.6630 -0.7486
vn 0.0000 -0.8886 -0.4586
vn 0.0000 -0.9728 -0.2315
vn 0.0000 0.8400 -0.5425
vn 0.0000 0.9244 -0.3814
vn 0.0000 0.9277 -0.3733
vn 0.0000 -0.0001 1.0000
vn 0.0000 -0.0088 1.0000
vn 0.0000 0.8222 0.5692
vn 0.0000 0.9277 -0.3732
vn 0.0000 0.9472 -0.3207
vn 0.0000 -0.8035 0.5952
vn 0.0001 0.9969 -0.0782
vn 0.0000 0.9711 -0.2388
vn 0.0000 -0.9604 0.2786
vn -0.0000 -0.9613 0.2757
vn 0.0000 0.9927 -0.1207
vn 0.0000 -0.9613 0.2755
vn 0.0000 -0.9686 0.2485
vn 0.0000 0.9999 -0.0164
vn 0.0000 -0.9995 0.0329
vn 0.0000 0.9994 0.0352
vn 0.0000 -0.9995 0.0331
vn 0.0000 -0.9983 -0.0582
vn 0.0000 0.9971 0.0760
vn -0.0000 -0.9778 -0.2097
vn 0.0000 0.9971 -0.0757
vn 0.0000 0.8139 -0.5810
vn 0.0000 0.9967 0.0806
vn 0.0000 -0.9778 -0.2096
vn -0.0000 -0.7238 -0.6900
vn 0.0000 0.3526 -0.9358
vn -0.0000 0.9934 0.1148
vn 0.0000 -0.7239 -0.6899
vn 0.0000 -0.4085 -0.9128
vn 0.0000 0.9872 0.1595
vn 0.0000 -0.0104 0.9999
vn 0.0000 0.0106 -0.9999
vn -0.0000 0.9872 0.1597
vn 0.0000 0.9569 0.2904
vn 0.0000 0.6207 0.7840
vn 0.0000 0.9630 0.2695
vn 0.0000 -0.6871 0.7265
vn 0.0000 0.8863 0.4631
vn 0.0000 0.9994 0.0353
vn 0.0000 0.9706 0.2406
vn 0.0000 0.9806 0.1958
vn 0.0000 -0.9068 0.4215
vn 0.0000 -0.9992 0.0398
vn 0.0002 0.9993 0.0385
vn 0.0000 0.9986 -0.0538
vn -0.0000 0.9806 0.1959
vn 0.0000 0.9774 0.2112
vn -0.0000 -0.9991 0.0416
vn -0.0000 -0.9914 -0.1309
vn 0.0000 0.9775 0.2111
vn 0.0000 0.9696 0.2448
vn 0.0000 -0.9829 -0.1840
vn 0.0000 0.9633 0.2683
vn 0.0000 -0.9691 -0.2468
vn 0.0000 0.9510 0.3092
vn 0.0000 -0.9487 -0.3162
vn 0.0000 0.9525 0.3046
vn -0.0000 -0.9525 -0.3046
vn 0.0000 0.9393 0.3430
vn 0.0000 -0.9393 -0.3431
vn 0.0000 0.9148 0.4039
vn 0.0000 -0.9393 -0.3430
vn 0.0000 -0.7984 -0.6021
vn 0.0000 0.9204 0.3909
vn 0.0000 -0.7989 -0.6015
vn 0.0000 -0.4990 -0.8666
vn 0.0000 0.9987 -0.0513
vn -0.0000 0.7442 -0.6680
vn 0.0000 0.7442 -0.6679
vn 0.0000 0.5450 -0.8384
vn -0.0000 0.9204 0.3910
vn 0.0000 0.9096 0.4156
vn 0.0000 -0.0166 0.9999
vn 0.0000 0.0071 -1.0000
vn -0.0000 -0.9603 0.2791
vn 0.0000 0.8708 0.4916
vn 0.0000 -0.8206 0.5716
vn 0.0000 0.8508 0.5255
vn 0.0000 -0.7273 0.6864
vn 0.0000 0.8091 0.5877
vn 0.0000 -0.5486 0.8361
vn 0.0000 0.6585 0.7526
vn 0.0000 -0.4137 0.9104
vn 0.0000 0.6301 0.7765
vn 0.0000 0.8090 0.5878
vn 0.0000 0.3090 0.9511
vn -0.0000 0.6691 0.7432
vn 0.0000 -0.1045 0.9945
vn 0.0000 -0.5000 0.8660
vn 0.0000 -0.8090 0.5878
vn 0.0000 -0.9781 0.2079
vn 0.0000 -0.9781 -0.2079
vn 0.0000 -0.8090 -0.5878
vn 0.0000 -0.5000 -0.8660
vn 0.0000 -0.1045 -0.9945
vn 0.0000 0.3090 -0.9511
vn 0.0000 0.6691 -0.7431
vn 0.0000 0.9135 -0.4067
vn 0.0000 0.9136 0.4067
vn 0.0000 0.9135 0.4067
vn 0.0000 0.6691 0.7431
vn -0.0002 0.9969 -0.0782
vn -0.0000 -0.9613 0.2756
vn 0.0000 -0.9612 0.2758
vn 0.0000 -0.9686 0.2486
vn 0.0001 0.9993 0.0385
vn -0.0003 0.9986 -0.0538
vn 0.0000 0.9633 0.2684
vn 0.0000 0.9509 0.3094
vn -0.0000 0.9510 0.3093
vn 0.0000 0.9525 0.3045
vn 0.0000 -0.8205 0.5716
vn 0.0048 0.0000 -1.0000
vn 0.9477 0.0000 -0.3193
vn 0.9951 -0.0000 -0.0992
vn 0.9950 -0.0000 -0.0999
vn 0.9925 0.0000 0.1224
vn -1.0000 -0.0000 -0.0042
vn 0.9924 0.0001 0.1227
vn -0.0048 0.0000 -1.0000
vn -0.9951 -0.0000 -0.0992
vn -0.9477 0.0000 -0.3193
vn -0.9950 -0.0000 -0.0999
vn -0.9925 0.0000 0.1224
vn 1.0000 0.0000 -0.0042
vn -0.9924 0.0000 0.1227
vn 0.0000 0.9957 0.0926
vn 0.0000 0.6645 0.7473
vn 0.0000 0.6814 0.7319
vn 0.0000 -0.6645 -0.7473
vn -0.0000 -0.6814 -0.7319
vn 0.0000 0.8254 0.5645
vn -0.0000 -0.8254 -0.5645
vn -0.0000 0.8253 0.5646
vn -0.0000 0.9715 0.2369
vn 0.0000 -0.8255 -0.5644
vn 0.0000 -0.9715 -0.2370
vn -0.0000 0.8254 0.5646
vn 0.0000 0.9727 -0.2322
vn 0.0000 -0.9727 0.2320
vn -0.0000 0.9728 -0.2315
vn 0.0000 -0.9725 0.2328
vn 0.0000 0.8021 -0.5972
vn -0.0000 -0.9727 0.2321
vn 0.0000 -0.8021 0.5972
vn 0.0000 0.9729 -0.2314
vn 0.0000 0.8001 -0.5998
vn 0.0000 -0.8039 0.5948
vn -0.0000 0.6139 -0.7894
vn 0.0000 -0.6140 0.7893
vn 0.0000 0.6120 -0.7909
vn 0.0000 -0.6158 0.7879
vn 0.0000 0.6140 -0.7893
vn -0.0000 0.3116 -0.9502
vn 0.0000 -0.6139 0.7894
vn -0.0000 -0.3909 0.9204
vn 0.0000 0.6120 -0.7908
vn 0.0000 0.3572 -0.9340
vn -0.0000 -0.6157 0.7880
vn 0.0000 -0.3526 0.9358
vn 0.0000 0.3117 -0.9502
vn 0.0000 0.0072 -1.0000
vn 0.0000 -0.0597 0.9982
vn 0.0000 0.0317 -0.9995
vn -0.0000 -0.0364 0.9993
vn -0.0000 0.0075 -1.0000
vn 0.0000 -0.0173 -0.9999
vn 0.0000 -0.0587 0.9983
vn 0.0000 0.0173 0.9999
vn 0.0000 0.0326 -0.9995
vn 0.0000 -0.0357 0.9994
vn 0.9942 -0.1079 -0.0000
vn -0.9947 0.1026 0.0000
vn -0.9953 0.0969 0.0000
vn 0.9947 0.1026 0.0000
vn 0.9953 0.0972 0.0000
vn -0.9942 -0.1079 0.0000
vn 1.0000 -0.0084 0.0000
vn -0.9953 0.0971 0.0000
vn -1.0000 0.0080 0.0000
vn -1.0000 -0.0084 0.0000
vn 0.9952 0.0974 0.0000
vn 1.0000 0.0080 0.0000
vn -0.9923 0.1239 0.0000
vn -0.9719 0.2354 0.0000
vn 0.9930 -0.1178 -0.0000
vn 0.9745 -0.2243 0.0000
vn 0.9922 0.1244 0.0000
vn 0.9719 0.2354 0.0000
vn -0.9930 -0.1182 -0.0000
vn -0.9745 -0.2243 0.0000
vn -0.0084 -1.0000 0.0000
vn 0.0084 1.0000 0.0000
vn 0.0084 -1.0000 0.0000
vn -0.0084 1.0000 0.0000
vn 0.0000 -0.8255 -0.5645
vn 0.0000 0.9727 -0.2323
vn 0.0000 0.0073 -1.0000
vn 0.0000 -0.3910 0.9204
vn -0.0000 -0.0596 0.9982
vn -0.0000 0.0076 -1.0000
vn -0.8634 0.5044 0.0000
vn -0.4020 0.9156 0.0000
vn -0.7397 0.6730 0.0000
vn 0.0051 1.0000 0.0000
vn 0.4114 0.9114 0.0000
vn 0.7466 0.6653 0.0000
vn 0.9526 0.3041 0.0000
vn 0.9940 -0.1096 0.0000
vn 0.8634 -0.5044 0.0000
vn 0.5836 -0.8120 0.0000
vn 0.2029 -0.9792 0.0000
vn -0.2129 -0.9771 0.0000
vn -0.5919 -0.8060 0.0000
vn -0.8686 -0.4955 0.0000
vn -0.9950 -0.0994 0.0000
vn -0.9495 0.3138 -0.0000
vn -0.7397 0.6729 0.0000
vn -0.9495 0.3139 0.0000
vn 0.4114 0.9115 0.0000
vn 0.4020 -0.9156 0.0000
vn -0.0051 -1.0000 0.0000
vn -0.4115 -0.9114 0.0000
vn -0.0013 -0.2205 -0.9754
vn -0.0011 -0.2205 -0.9754
vn -0.7596 0.2514 -0.5999
vn -0.8282 0.4289 -0.3608
vn -0.5827 0.7279 -0.3614
vn 0.3278 0.7250 -0.6057
vn -0.2392 0.9010 -0.3618
vn 0.4114 0.9114 0.0002
vn 0.5942 0.5290 -0.6059
vn 0.7821 0.5063 -0.3633
vn 0.9205 0.1439 -0.3633
vn 0.8997 -0.2427 -0.3628
vn 0.7229 -0.5884 -0.3623
vn -0.2130 -0.9771 0.0000
vn 0.4202 -0.8323 -0.3616
vn 0.0442 -0.9316 -0.3609
vn -0.3396 -0.8688 -0.3603
vn -0.6643 -0.6551 -0.3601
vn -0.8733 -0.3283 -0.3599
vn -0.4921 0.4469 -0.7471
vn -0.6322 0.2087 -0.7462
vn -0.2674 0.6070 -0.7483
vn 0.0026 0.6616 -0.7498
vn 0.2708 0.6018 -0.7513
vn 0.4915 0.4386 -0.7524
vn 0.6268 0.2003 -0.7530
vn 0.6541 -0.0723 -0.7530
vn 0.5685 -0.3327 -0.7524
vn 0.3846 -0.5363 -0.7513
vn 0.1334 -0.6480 -0.7499
vn -0.1420 -0.6479 -0.7484
vn -0.3940 -0.5354 -0.7471
vn -0.5784 -0.3296 -0.7462
vn -0.6628 -0.0662 -0.7459
vn -0.7047 0.6411 -0.3038
vn -0.8587 0.2839 -0.4268
vn -0.9046 0.2991 -0.3038
vn -0.3830 0.8724 -0.3037
vn -0.6690 0.6086 -0.4268
vn 0.0047 0.9044 -0.4267
vn -0.3636 0.8281 -0.4268
vn 0.0049 0.9527 -0.3038
vn 0.3721 0.8243 -0.4267
vn 0.3920 0.8684 -0.3038
vn 0.6752 0.6017 -0.4268
vn 0.7113 0.6339 -0.3038
vn 0.8615 0.2750 -0.4267
vn 0.9076 0.2898 -0.3038
vn 0.8989 -0.0991 -0.4267
vn 0.9470 -0.1045 -0.3038
vn 0.7809 -0.4562 -0.4267
vn 0.5561 -0.7737 -0.3038
vn 0.8226 -0.4806 -0.3038
vn 0.1933 -0.9329 -0.3038
vn 0.5275 -0.7345 -0.4268
vn -0.1926 -0.8836 -0.4267
vn 0.1830 -0.8856 -0.4268
vn -0.2029 -0.9309 -0.3037
vn -0.5353 -0.7289 -0.4267
vn -0.5640 -0.7679 -0.3038
vn -0.7855 -0.4482 -0.4268
vn -0.9480 -0.0947 -0.3038
vn -0.8275 -0.4721 -0.3038
vn -0.8999 -0.0899 -0.4267
vn -0.7286 0.2409 -0.6412
vn -0.3085 0.7026 -0.6412
vn -0.5647 0.5170 -0.6433
vn 0.0039 0.7674 -0.6412
vn 0.3157 0.6994 -0.6412
vn 0.5730 0.5106 -0.6411
vn 0.7311 0.2334 -0.6411
vn 0.7608 -0.0863 -0.6433
vn 0.6598 -0.3883 -0.6433
vn 0.4448 -0.6231 -0.6433
vn -0.1634 -0.7498 -0.6412
vn 0.1530 -0.7502 -0.6433
vn -0.4551 -0.6157 -0.6433
vn -0.6662 -0.3773 -0.6433
vn -0.7621 -0.0737 -0.6433
vn -0.5804 0.1919 -0.7914
vn -0.4447 0.4120 -0.7953
vn -0.2386 0.5572 -0.7954
vn 0.0086 0.6061 -0.7954
vn 0.4564 0.4067 -0.7914
vn 0.2543 0.5502 -0.7953
vn 0.5823 0.1859 -0.7914
vn 0.5278 -0.3083 -0.7914
vn 0.6019 -0.0719 -0.7953
vn 0.3568 -0.4964 -0.7914
vn 0.1240 -0.5986 -0.7914
vn -0.1344 -0.5911 -0.7954
vn -0.3633 -0.4853 -0.7953
vn -0.5292 -0.2956 -0.7953
vn -0.6037 -0.0549 -0.7953
vn -0.3376 0.3071 -0.8898
vn -0.4333 0.1432 -0.8898
vn 0.0023 0.4563 -0.8898
vn -0.1707 0.4123 -0.8949
vn 0.1877 0.4159 -0.8898
vn 0.4347 0.1388 -0.8898
vn 0.3393 0.2899 -0.8949
vn 0.3940 -0.2302 -0.8898
vn 0.4424 -0.0583 -0.8949
vn 0.2663 -0.3706 -0.8898
vn 0.0926 -0.4469 -0.8898
vn -0.1042 -0.4339 -0.8949
vn -0.3964 -0.2261 -0.8898
vn -0.2717 -0.3540 -0.8949
vn -0.4449 -0.0350 -0.8949
vn -0.2952 0.0976 -0.9504
vn -0.2059 0.2085 -0.9561
vn 0.0016 0.3109 -0.9504
vn -0.1034 0.2742 -0.9561
vn 0.1279 0.2833 -0.9505
vn 0.2321 0.2069 -0.9504
vn 0.2835 0.0741 -0.9561
vn 0.2685 -0.1568 -0.9504
vn 0.2891 -0.0476 -0.9561
vn 0.1581 -0.2467 -0.9561
vn 0.0441 -0.2897 -0.9561
vn -0.0776 -0.2826 -0.9561
vn -0.2700 -0.1541 -0.9504
vn -0.1858 -0.2266 -0.9561
vn -0.3093 -0.0309 -0.9505
vn -0.1349 0.1227 -0.9832
vn -0.1730 0.0572 -0.9833
vn -0.0733 0.1670 -0.9832
vn 0.0750 0.1662 -0.9832
vn 0.0322 0.1437 -0.9891
vn 0.1738 0.0555 -0.9832
vn 0.1284 0.0722 -0.9891
vn 0.1395 -0.0472 -0.9891
vn 0.1064 -0.1480 -0.9832
vn 0.1083 -0.0998 -0.9891
vn 0.0370 -0.1786 -0.9832
vn -0.0615 -0.1338 -0.9891
vn -0.1106 -0.0973 -0.9891
vn -0.1815 -0.0181 -0.9832
vn -0.1406 -0.0440 -0.9891
vn -0.0219 0.0304 -0.9993
vn -0.0070 0.0336 -0.9994
vn 0.0076 0.0349 -0.9994
vn 0.0252 0.0343 -0.9991
vn 0.0527 0.0300 -0.9982
vn 0.0526 0.0300 -0.9982
vn 0.1220 0.0122 -0.9925
vn 0.1222 0.0122 -0.9924
vn 0.9320 -0.3089 0.1895
vn 0.9321 -0.3082 0.1903
vn 0.9321 -0.3081 0.1906
vn 0.1054 -0.0959 0.9898
vn 0.1055 -0.0959 0.9898
vn 0.1052 -0.0957 0.9898
vn 0.0364 -0.0829 0.9959
vn -0.0004 -0.0855 0.9963
vn -0.0465 -0.1030 0.9936
vn -0.2421 -0.2154 0.9460
vn -0.2419 -0.2156 0.9461
vn -0.2422 -0.2155 0.9460
vn -0.1883 -0.0601 -0.9803
vn -0.0735 0.0081 -0.9973
vn -0.0736 0.0081 -0.9973
vn -0.0408 0.0238 -0.9989
vn -0.0022 -0.3353 0.9421
vn -0.0017 -0.3353 0.9421
vn -1.0000 0.0070 0.0000
vn -0.0017 -0.3353 -0.9421
vn 1.0000 -0.0070 -0.0000
vn 0.0051 1.0000 0.0007
vn -0.0056 -1.0000 -0.0036
vn 0.9693 -0.0885 0.2295
vn 0.9187 -0.1381 0.3700
vn 0.5822 -0.2762 0.7647
vn -0.0051 -1.0000 -0.0067
vn -0.0078 -0.9999 -0.0102
vn 0.0056 1.0000 0.0035
vn 0.0051 1.0000 0.0067
vn 0.0028 0.3353 -0.9421
vn 0.0027 0.3335 -0.9427
vn 0.0006 -0.9999 -0.0118
vn -0.0146 -0.9999 -0.0044
vn -0.0028 -0.3353 0.9421
vn 0.0076 0.9999 0.0100
vn 0.0067 0.9999 0.0118
vn 0.0063 0.9999 0.0118
vn -0.9999 0.0102 0.0051
vn -0.9999 0.0102 0.0050
vn 0.4627 0.3152 -0.8286
vn 0.3615 0.6710 -0.6474
vn 0.3595 0.6755 -0.6438
vn 0.1976 0.9142 -0.3539
vn 0.1936 0.9177 -0.3468
vn -0.0009 1.0000 0.0017
vn -0.0056 0.9999 0.0100
vn -0.1991 0.9127 0.3568
vn -0.2031 0.9090 0.3641
vn -0.3630 0.6668 0.6508
vn -0.3650 0.6621 0.6545
vn -0.4638 0.3052 0.8317
vn -0.4643 0.3021 0.8326
vn -0.4841 -0.1100 0.8681
vn -0.4842 -0.1090 0.8682
vn -0.4214 -0.5015 0.7556
vn -0.4202 -0.5058 0.7534
vn -0.2864 -0.8088 0.5136
vn -0.2834 -0.8133 0.5081
vn -0.1018 -0.9779 0.1825
vn -0.0973 -0.9799 0.1744
vn 0.1010 -0.9783 -0.1809
vn 0.1055 -0.9763 -0.1890
vn 0.2866 -0.8088 -0.5135
vn 0.2897 -0.8042 -0.5189
vn 0.4229 -0.4979 -0.7572
vn 0.4240 -0.4938 -0.7592
vn 0.4852 -0.0998 -0.8687
vn 0.4632 0.3123 -0.8294
vn 0.8907 -0.0050 0.4545
vn 0.8929 -0.0000 0.4502
vn 0.8893 -0.0030 0.4574
vn 0.8924 -0.0039 0.4513
vn 0.8927 -0.0000 0.4506
vn 0.8923 0.0039 0.4514
vn 0.8907 0.0049 0.4546
vn 0.8893 0.0029 0.4573
vn 0.8890 -0.0006 0.4579
vn 0.8901 -0.0045 0.4558
vn 0.8916 -0.0048 0.4528
vn 0.8925 -0.0017 0.4511
vn 0.8929 0.0025 0.4503
vn 0.8916 0.0048 0.4529
vn 0.8899 0.0043 0.4562
vn 0.8889 0.0010 0.4581
vn 0.4784 0.3139 -0.8201
vn 0.3727 0.6729 -0.6390
vn 0.2026 0.9156 -0.3473
vn -0.0026 1.0000 0.0044
vn -0.2073 0.9114 0.3554
vn -0.3761 0.6653 0.6449
vn -0.4800 0.3041 0.8229
vn -0.5008 -0.1096 0.8586
vn -0.4350 -0.5044 0.7458
vn -0.2941 -0.8120 0.5041
vn -0.2026 -0.9156 0.3473
vn 0.0026 -1.0000 -0.0044
vn 0.2073 -0.9114 -0.3554
vn 0.2982 -0.8060 -0.5113
vn 0.4376 -0.4955 -0.7503
vn 0.5014 -0.0994 -0.8595
vn 0.8638 -0.0000 0.5039
vn -0.8638 0.0000 -0.5039
vn -0.8638 0.0000 -0.5038
vn 0.8638 -0.0000 0.5038
vn -0.8638 -0.0001 -0.5038
vn 0.8638 0.0001 0.5038
vn -0.8421 -0.2199 -0.4925
vn -0.8418 -0.2210 -0.4925
vn -0.1379 0.2719 -0.9524
vn 0.3726 0.6729 -0.6390
vn 0.0856 0.4226 -0.9022
vn -0.0371 0.7198 -0.6932
vn -0.2100 0.8929 -0.3984
vn -0.4034 0.9125 -0.0683
vn -0.5840 0.7753 0.2406
vn -0.4800 0.3041 0.8228
vn -0.9218 -0.0871 0.3777
vn -0.5010 -0.1096 0.8585
vn -0.4351 -0.5044 0.7458
vn -0.7805 -0.2377 0.5782
vn -0.2942 -0.8120 0.5041
vn -0.6922 -0.5810 0.4282
vn -0.1022 -0.9792 0.1753
vn -0.5407 -0.8238 0.1701
vn 0.1073 -0.9771 -0.1839
vn -0.3524 -0.9235 -0.1514
vn 0.2983 -0.8060 -0.5113
vn -0.1681 -0.3967 -0.9024
vn 0.4375 -0.4955 -0.7503
vn -0.1159 -0.0795 -0.9901
vn 0.5012 -0.0994 -0.8596
vn -0.3973 0.4469 -0.8015
vn -0.5116 0.6071 -0.6080
vn -0.6490 0.6616 -0.3756
vn -0.7854 0.6019 -0.1445
vn -0.8975 0.4387 0.0455
vn -0.9662 0.2003 0.1621
vn -0.7826 0.0386 0.6213
vn -0.9799 -0.0723 0.1857
vn -0.9363 -0.3327 0.1120
vn -0.8427 -0.5364 -0.0463
vn -0.7149 -0.6480 -0.2625
vn -0.5749 -0.6479 -0.4997
vn 0.0554 -0.5830 -0.8106
vn -0.4467 -0.5355 -0.7167
vn -0.3530 -0.3296 -0.8756
vn -0.3260 0.2087 -0.9221
vn 0.0640 0.2839 -0.9567
vn 0.0927 0.6411 -0.7618
vn 0.1934 0.2991 -0.9344
vn -0.0316 0.6090 -0.7926
vn -0.0694 0.8724 -0.4839
vn -0.3710 0.9044 -0.2110
vn -0.2649 0.9527 -0.1488
vn -0.4599 0.8684 0.1855
vn -0.5561 0.8243 0.1064
vn -0.6208 0.6339 0.4614
vn -0.7088 0.6017 0.3682
vn -0.7197 0.2898 0.6309
vn -0.8027 0.2746 0.5294
vn -0.7396 -0.1045 0.6649
vn -0.8215 -0.0992 0.5614
vn -0.6769 -0.4806 0.5576
vn -0.6345 -0.7344 0.2409
vn -0.5425 -0.7737 0.3273
vn -0.4611 -0.8856 -0.0565
vn -0.3598 -0.9329 0.0139
vn -0.2716 -0.8836 -0.3814
vn -0.1601 -0.9309 -0.3283
vn -0.0989 -0.7289 -0.6774
vn 0.0217 -0.7679 -0.6402
vn 0.1546 -0.4721 -0.8679
vn 0.0273 -0.4479 -0.8937
vn 0.2153 -0.0947 -0.9720
vn -0.2678 0.5164 -0.8134
vn -0.3983 0.7027 -0.5895
vn -0.1854 0.8281 -0.5291
vn -0.5559 0.7673 -0.3197
vn -0.7129 0.6995 -0.0503
vn -0.8425 0.5106 0.1719
vn -0.9221 0.2334 0.3085
vn -0.9386 -0.0863 0.3339
vn -0.7621 -0.4562 0.4595
vn -0.7795 -0.6232 0.0638
vn -0.6322 -0.7515 -0.1885
vn -0.4717 -0.7481 -0.4667
vn -0.2179 -0.3803 -0.8988
vn 0.0848 -0.0899 -0.9923
vn -0.1890 0.2380 -0.9527
vn -0.3913 0.1894 -0.9006
vn -0.4608 0.4132 -0.7854
vn -0.5649 0.5590 -0.6069
vn -0.6899 0.6081 -0.3928
vn -0.9135 0.4067 -0.0045
vn -0.9770 0.1859 0.1044
vn -0.9900 -0.0720 0.1217
vn -0.8894 -0.3841 0.2480
vn -0.8634 -0.4964 -0.0905
vn -0.6180 -0.5973 -0.5112
vn -0.3283 -0.6185 -0.7139
vn -0.5021 -0.4870 -0.7146
vn -0.3771 -0.0608 -0.9242
vn -0.1719 -0.0785 -0.9820
vn -0.5507 0.1379 -0.8232
vn -0.6058 0.3101 -0.7327
vn -0.6837 0.4165 -0.5992
vn -0.7766 0.4509 -0.4400
vn -0.8101 0.5547 -0.1897
vn -0.9403 0.3036 -0.1541
vn -0.9971 -0.0500 -0.0565
vn -0.9671 -0.2302 -0.1080
vn -0.9521 -0.3010 0.0537
vn -0.9028 -0.3705 -0.2183
vn -0.8153 -0.4468 -0.3684
vn -0.7516 -0.5925 -0.2899
vn -0.7181 -0.4388 -0.5401
vn -0.5689 -0.2261 -0.7907
vn -0.4231 -0.3051 -0.8532
vn -0.5444 -0.0360 -0.8381
vn -0.6736 0.0860 -0.7341
vn -0.7580 0.2846 -0.5868
vn -0.8218 0.3109 -0.4775
vn -0.8612 0.4105 -0.2997
vn -0.9379 0.2068 -0.2784
vn -0.9857 0.1446 -0.0862
vn -0.9767 -0.0341 -0.2119
vn -0.9515 -0.1649 -0.2596
vn -0.9066 -0.2545 -0.3366
vn -0.8473 -0.3000 -0.4383
vn -0.7283 -0.2505 -0.6378
vn -0.6438 -0.3652 -0.6724
vn -0.6850 -0.1540 -0.7121
vn -0.6652 -0.0309 -0.7461
vn -0.7814 0.1227 -0.6119
vn -0.7116 0.1854 -0.6777
vn -0.8123 0.1670 -0.5588
vn -0.8871 0.1662 -0.4306
vn -0.8794 0.2731 -0.3900
vn -0.9179 0.1213 -0.3778
vn -0.9368 0.0555 -0.3453
vn -0.9639 0.1038 -0.2450
vn -0.9360 -0.0415 -0.3496
vn -0.9201 -0.1069 -0.3768
vn -0.8922 -0.1538 -0.4247
vn -0.8571 -0.1742 -0.4849
vn -0.8021 -0.2892 -0.5224
vn -0.8208 -0.1644 -0.5470
vn -0.7897 -0.1262 -0.6004
vn -0.7691 -0.0661 -0.6357
vn -0.7806 0.0151 -0.6249
vn -0.8389 0.1440 -0.5249
vn -0.7838 -0.0456 -0.6193
vn -0.8522 0.0304 -0.5223
vn -0.8522 0.0303 -0.5223
vn -0.8598 0.0335 -0.5095
vn -0.8671 0.0348 -0.4970
vn -0.8671 0.0349 -0.4969
vn -0.8757 0.0343 -0.4816
vn -0.8757 0.0342 -0.4817
vn -0.8887 0.0300 -0.4575
vn -0.8887 0.0300 -0.4574
vn -0.9187 0.0122 -0.3947
vn -0.9188 0.0122 -0.3945
vn -0.3079 -0.3086 0.9000
vn -0.3035 -0.3075 0.9018
vn -0.3081 -0.3086 0.8999
vn 0.8020 -0.0957 0.5896
vn 0.8017 -0.0961 0.5900
vn 0.8420 -0.0827 0.5332
vn 0.8420 -0.0828 0.5331
vn 0.8420 -0.0826 0.5332
vn 0.8608 -0.0855 0.5016
vn 0.8609 -0.0856 0.5016
vn 0.8817 -0.1029 0.4604
vn 0.8816 -0.1023 0.4608
vn 0.9391 -0.2151 0.2679
vn 0.9391 -0.2155 0.2676
vn 0.9391 -0.2156 0.2675
vn -0.7524 -0.0599 -0.6560
vn -0.7517 -0.0602 -0.6568
vn -0.7517 -0.0602 -0.6567
vn -0.8245 0.0081 -0.5659
vn -0.8245 0.0081 -0.5658
vn -0.8424 0.0237 -0.5384
vn -0.8423 0.0238 -0.5385
vn 0.8450 -0.2988 0.4434
vn 0.8212 -0.2644 0.5058
vn 0.8473 -0.3340 0.4129
vn 0.5038 0.0070 -0.8638
vn -0.8129 -0.3353 -0.4762
vn -0.5038 -0.0070 0.8638
vn -0.5111 0.0009 0.8595
vn -0.0022 1.0000 0.0055
vn 0.0024 -1.0000 -0.0051
vn -0.2922 -0.0686 0.9539
vn -0.5102 0.0002 0.8600
vn 0.1171 -0.2127 0.9701
vn -0.1620 -0.1139 0.9802
vn -0.0009 -0.9999 -0.0123
vn -0.0031 -1.0000 -0.0088
vn 0.0031 1.0000 0.0084
vn 0.0009 0.9999 0.0126
vn -0.8152 0.3353 -0.4723
vn -0.8166 0.3342 -0.4705
vn -0.8152 0.3352 -0.4723
vn 0.0033 -0.9999 -0.0158
vn -0.0067 -0.9999 -0.0117
vn -0.0047 -0.9999 -0.0115
vn 0.8226 -0.2665 0.5023
vn 0.8081 -0.2998 0.5070
vn 0.0051 0.9999 0.0118
vn 0.5015 0.0071 -0.8651
vn 0.5016 0.0071 -0.8651
vn 0.3594 0.6756 -0.6437
vn 0.1945 0.9169 -0.3485
vn 0.1936 0.9177 -0.3469
vn -0.0043 1.0000 0.0077
vn -0.0054 0.9999 0.0097
vn -0.2020 0.9101 0.3619
vn -0.2029 0.9092 0.3637
vn -0.3645 0.6634 0.6535
vn -0.3649 0.6623 0.6544
vn -0.4642 0.3030 0.8323
vn -0.4643 0.3022 0.8325
vn -0.4841 -0.1093 0.8681
vn -0.4841 -0.1090 0.8682
vn -0.4212 -0.5020 0.7553
vn -0.4209 -0.5032 0.7547
vn -0.2864 -0.8089 0.5134
vn -0.2854 -0.8104 0.5117
vn -0.1017 -0.9780 0.1823
vn -0.1006 -0.9785 0.1802
vn 0.1011 -0.9782 -0.1811
vn 0.1022 -0.9778 -0.1830
vn 0.2868 -0.8087 -0.5136
vn 0.2875 -0.8076 -0.5149
vn 0.4228 -0.4978 -0.7572
vn 0.4231 -0.4969 -0.7576
vn 0.4851 -0.0998 -0.8687
vn 0.4852 -0.0996 -0.8687
vn 0.4628 0.3146 -0.8288
vn 0.3600 0.6744 -0.6446
vn -0.8686 -0.4956 0.0000
vn -0.8806 0.0183 -0.4735
vn -0.8750 0.0105 -0.4840
vn -0.8748 0.0110 -0.4844
vn 0.8753 -0.0120 0.4835
vn 0.8820 -0.0195 0.4708
vn -0.8867 0.0124 -0.4622
vn -0.8810 0.0171 -0.4728
vn 0.8892 -0.0137 0.4574
vn -0.8898 0.0009 -0.4564
vn -0.8867 0.0125 -0.4623
vn 0.8914 0.0001 0.4533
vn -0.8900 -0.0010 -0.4560
vn -0.8872 -0.0122 -0.4612
vn 0.8891 0.0139 0.4576
vn -0.8871 -0.0139 -0.4614
vn -0.8809 -0.0169 -0.4729
vn 0.8819 0.0192 0.4710
vn -0.8806 -0.0180 -0.4735
vn -0.8752 -0.0101 -0.4837
vn 0.8754 0.0115 0.4833
vn -0.8749 -0.0105 -0.4842
vn -0.8736 0.0035 -0.4866
vn 0.8736 -0.0040 0.4866
vn -0.8737 0.0035 -0.4865
vn -0.8778 0.0155 -0.4788
vn 0.8784 -0.0176 0.4777
vn -0.8842 0.0173 -0.4668
vn -0.8777 0.0160 -0.4789
vn 0.8859 -0.0180 0.4634
vn -0.8886 0.0066 -0.4586
vn -0.8845 0.0158 -0.4663
vn 0.8906 -0.0076 0.4547
vn -0.8891 -0.0062 -0.4576
vn -0.8886 0.0067 -0.4586
vn 0.8912 0.0072 0.4535
vn -0.8891 -0.0081 -0.4576
vn -0.8842 -0.0162 -0.4668
vn 0.8857 0.0183 0.4639
vn -0.8839 -0.0177 -0.4673
vn -0.8775 -0.0150 -0.4793
vn 0.8781 0.0171 0.4782
vn -0.8772 -0.0158 -0.4799
vn -0.8734 -0.0036 -0.4869
vn 0.8735 0.0040 0.4868
vn -0.8732 -0.0037 -0.4873
vn 0.8634 0.5044 0.0000
vn 0.7397 0.6730 0.0000
vn 0.4020 0.9156 0.0000
vn -0.0051 1.0000 0.0000
vn -0.4114 0.9114 0.0000
vn -0.7466 0.6653 0.0000
vn -0.9526 0.3041 0.0000
vn -0.9940 -0.1096 0.0000
vn -0.8634 -0.5044 0.0000
vn -0.5836 -0.8120 0.0000
vn -0.2029 -0.9792 0.0000
vn 0.2129 -0.9771 0.0000
vn 0.5919 -0.8060 0.0000
vn 0.8686 -0.4955 0.0000
vn 0.9950 -0.0994 0.0000
vn 0.9495 0.3138 -0.0001
vn 0.9495 0.3139 0.0000
vn 0.7397 0.6729 0.0000
vn -0.4114 0.9115 0.0000
vn -0.4020 -0.9156 0.0000
vn 0.0051 -1.0000 0.0000
vn 0.4115 -0.9114 0.0000
vn 0.0011 -0.2205 -0.9754
vn 0.0013 -0.2205 -0.9754
vn 0.7532 0.2719 -0.5990
vn 0.8225 0.4226 -0.3806
vn 0.5801 0.7198 -0.3814
vn -0.3279 0.7250 -0.6057
vn -0.4114 0.9114 0.0002
vn -0.5942 0.5290 -0.6059
vn -0.7736 0.5045 -0.3835
vn -0.9120 0.1457 -0.3835
vn -0.8927 -0.2376 -0.3829
vn -0.7186 -0.5810 -0.3822
vn -0.4194 -0.8238 -0.3815
vn 0.2130 -0.9771 0.0000
vn -0.0468 -0.9235 -0.3807
vn 0.3340 -0.8625 -0.3801
vn 0.6566 -0.6516 -0.3798
vn 0.8649 -0.3283 -0.3798
vn 0.4921 0.4469 -0.7471
vn 0.2674 0.6070 -0.7483
vn -0.0026 0.6616 -0.7498
vn -0.2490 0.8986 -0.3612
vn -0.2708 0.6018 -0.7513
vn -0.4915 0.4386 -0.7524
vn -0.6268 0.2003 -0.7530
vn -0.6541 -0.0723 -0.7530
vn -0.5685 -0.3327 -0.7524
vn -0.3846 -0.5363 -0.7513
vn -0.1334 -0.6480 -0.7499
vn 0.1420 -0.6479 -0.7484
vn 0.3940 -0.5354 -0.7471
vn 0.5784 -0.3296 -0.7462
vn 0.6322 0.2087 -0.7462
vn 0.8587 0.2839 -0.4268
vn 0.7047 0.6411 -0.3038
vn 0.9046 0.2991 -0.3038
vn 0.6690 0.6086 -0.4268
vn 0.3830 0.8724 -0.3037
vn -0.0047 0.9044 -0.4267
vn -0.0049 0.9527 -0.3038
vn -0.3721 0.8243 -0.4267
vn -0.3920 0.8684 -0.3038
vn -0.6752 0.6017 -0.4268
vn -0.7113 0.6339 -0.3038
vn -0.8615 0.2750 -0.4267
vn -0.9076 0.2898 -0.3038
vn -0.8989 -0.0991 -0.4267
vn -0.9470 -0.1045 -0.3038
vn -0.7809 -0.4562 -0.4267
vn -0.8226 -0.4806 -0.3038
vn -0.5561 -0.7737 -0.3038
vn -0.5278 -0.7344 -0.4267
vn -0.1933 -0.9329 -0.3038
vn 0.1926 -0.8839 -0.4262
vn 0.2029 -0.9309 -0.3037
vn 0.5353 -0.7289 -0.4267
vn 0.5640 -0.7679 -0.3038
vn 0.7855 -0.4482 -0.4268
vn 0.8275 -0.4721 -0.3038
vn 0.9480 -0.0947 -0.3038
vn 0.8999 -0.0899 -0.4267
vn 0.7288 0.2400 -0.6413
vn 0.3085 0.7026 -0.6413
vn 0.3636 0.8281 -0.4268
vn -0.0039 0.7674 -0.6411
vn -0.3157 0.6994 -0.6412
vn -0.5729 0.5106 -0.6412
vn -0.7311 0.2334 -0.6411
vn -0.7614 -0.0864 -0.6425
vn -0.6604 -0.3885 -0.6426
vn -0.4452 -0.6236 -0.6425
vn -0.1840 -0.8854 -0.4268
vn 0.1634 -0.7498 -0.6412
vn 0.4554 -0.6162 -0.6426
vn 0.6667 -0.3775 -0.6426
vn 0.5808 0.1894 -0.7917
vn 0.5680 0.5134 -0.6433
vn 0.4463 0.4132 -0.7938
vn 0.2396 0.5590 -0.7938
vn -0.0084 0.6081 -0.7938
vn -0.4564 0.4067 -0.7914
vn -0.5823 0.1859 -0.7914
vn -0.5278 -0.3083 -0.7914
vn -0.3568 -0.4964 -0.7914
vn -0.1240 -0.5986 -0.7914
vn -0.1577 -0.7492 -0.6433
vn 0.1347 -0.5931 -0.7938
vn 0.3643 -0.4870 -0.7938
vn 0.5308 -0.2968 -0.7938
vn 0.7616 -0.0787 -0.6433
vn 0.6056 -0.0552 -0.7938
vn 0.3376 0.3071 -0.8898
vn -0.0023 0.4563 -0.8898
vn -0.1877 0.4159 -0.8898
vn -0.2444 0.5547 -0.7953
vn -0.4347 0.1388 -0.8898
vn -0.6031 -0.0610 -0.7953
vn -0.3940 -0.2302 -0.8898
vn -0.2663 -0.3706 -0.8898
vn -0.0926 -0.4469 -0.8898
vn 0.1047 -0.4388 -0.8925
vn 0.3964 -0.2261 -0.8898
vn 0.4266 0.1311 -0.8949
vn 0.2948 0.0860 -0.9517
vn 0.2153 0.2144 -0.9527
vn 0.1880 0.4047 -0.8949
vn -0.0016 0.3109 -0.9504
vn -0.1279 0.2833 -0.9505
vn -0.2321 0.2069 -0.9504
vn -0.3269 0.3038 -0.8949
vn -0.2933 0.0793 -0.9527
vn -0.4445 -0.0396 -0.8949
vn -0.2685 -0.1568 -0.9504
vn -0.1661 -0.2544 -0.9527
vn -0.0482 -0.3000 -0.9527
vn 0.0780 -0.2937 -0.9527
vn 0.2565 -0.3652 -0.8949
vn 0.2700 -0.1541 -0.9504
vn 0.3093 -0.0309 -0.9505
vn 0.4430 -0.0537 -0.8949
vn 0.1349 0.1227 -0.9832
vn 0.0733 0.1670 -0.9832
vn 0.1319 0.2617 -0.9561
vn -0.0750 0.1662 -0.9832
vn -0.1738 0.0555 -0.9832
vn -0.2926 -0.0166 -0.9561
vn -0.1696 -0.0415 -0.9846
vn -0.1064 -0.1480 -0.9832
vn -0.0370 -0.1786 -0.9832
vn 0.0590 -0.1644 -0.9846
vn 0.1607 -0.2451 -0.9561
vn 0.1207 -0.1262 -0.9846
vn 0.1815 -0.0181 -0.9832
vn 0.1391 0.0792 -0.9871
vn 0.0307 0.1441 -0.9891
vn -0.0865 0.1192 -0.9891
vn -0.1401 -0.0454 -0.9891
vn 0.1094 -0.0987 -0.9891
vn 0.0219 0.0304 -0.9993
vn 0.0070 0.0336 -0.9994
vn -0.0076 0.0349 -0.9994
vn -0.0252 0.0343 -0.9991
vn -0.0526 0.0300 -0.9982
vn -0.0527 0.0300 -0.9982
vn -0.1221 0.0122 -0.9924
vn -0.1220 0.0122 -0.9925
vn -0.9321 -0.3081 0.1905
vn -0.9321 -0.3085 0.1899
vn -0.1055 -0.0959 0.9898
vn -0.1054 -0.0959 0.9898
vn -0.0364 -0.0829 0.9959
vn 0.0004 -0.0855 0.9963
vn 0.0465 -0.1030 0.9936
vn 0.2421 -0.2153 0.9461
vn 0.2419 -0.2156 0.9461
vn 0.2414 -0.2153 0.9462
vn 0.1883 -0.0601 -0.9803
vn 0.0735 0.0081 -0.9973
vn 0.0736 0.0081 -0.9973
vn 0.0408 0.0238 -0.9989
vn 0.0017 -0.3353 0.9421
vn 0.0022 -0.3353 0.9421
vn 1.0000 0.0070 0.0000
vn 0.0017 -0.3353 -0.9421
vn -1.0000 -0.0070 0.0000
vn -0.0051 1.0000 0.0007
vn 0.0056 -1.0000 -0.0036
vn -0.9693 -0.0885 0.2295
vn -0.5822 -0.2762 0.7647
vn -0.9187 -0.1381 0.3700
vn 0.0051 -1.0000 -0.0067
vn 0.0051 -1.0000 -0.0007
vn -0.0051 1.0000 0.0067
vn -0.0056 1.0000 0.0035
vn -0.0028 0.3353 -0.9421
vn -0.0048 0.3350 -0.9422
vn 0.0146 -0.9999 -0.0074
vn 0.0067 -0.9999 -0.0117
vn 0.0078 -0.9999 -0.0102
vn 0.0028 -0.3353 0.9421
vn -0.0076 0.9999 0.0100
vn -0.0067 0.9999 0.0118
vn 0.9999 0.0102 0.0051
vn 0.9999 0.0102 0.0050
vn -0.4627 0.3152 -0.8286
vn -0.3615 0.6710 -0.6474
vn -0.4631 0.3128 -0.8293
vn -0.3595 0.6755 -0.6438
vn -0.1976 0.9142 -0.3539
vn -0.1937 0.9177 -0.3468
vn 0.0009 1.0000 0.0017
vn 0.0056 0.9999 0.0100
vn 0.1992 0.9125 0.3572
vn 0.2031 0.9090 0.3640
vn 0.3630 0.6668 0.6508
vn 0.3650 0.6621 0.6545
vn 0.4638 0.3052 0.8317
vn 0.4643 0.3024 0.8325
vn 0.4841 -0.1100 0.8681
vn 0.4214 -0.5015 0.7556
vn 0.4842 -0.1090 0.8682
vn 0.2865 -0.8088 0.5136
vn 0.4202 -0.5055 0.7536
vn 0.1018 -0.9779 0.1824
vn 0.2834 -0.8133 0.5081
vn -0.1010 -0.9783 -0.1809
vn 0.0974 -0.9798 0.1744
vn -0.2867 -0.8087 -0.5136
vn -0.1054 -0.9763 -0.1888
vn -0.4230 -0.4975 -0.7574
vn -0.2899 -0.8040 -0.5192
vn -0.4852 -0.0998 -0.8687
vn -0.4240 -0.4937 -0.7592
vn -0.4852 -0.0989 -0.8688
vn -0.8907 -0.0050 0.4545
vn -0.8893 -0.0030 0.4574
vn -0.8929 -0.0000 0.4502
vn -0.8924 -0.0039 0.4513
vn -0.8926 -0.0000 0.4508
vn -0.8923 0.0039 0.4514
vn -0.8907 0.0049 0.4546
vn -0.8893 0.0029 0.4573
vn -0.8890 -0.0008 0.4579
vn -0.8901 -0.0045 0.4558
vn -0.8916 -0.0048 0.4528
vn -0.8925 -0.0016 0.4511
vn -0.8929 0.0025 0.4503
vn -0.8916 0.0048 0.4529
vn -0.8898 0.0043 0.4562
vn -0.8889 0.0010 0.4581
vn -0.4784 0.3139 -0.8201
vn -0.3727 0.6729 -0.6390
vn -0.2026 0.9156 -0.3473
vn 0.0026 1.0000 0.0044
vn 0.2073 0.9114 0.3554
vn 0.3761 0.6653 0.6449
vn 0.4800 0.3041 0.8229
vn 0.5008 -0.1096 0.8586
vn 0.4350 -0.5044 0.7458
vn 0.2941 -0.8120 0.5041
vn 0.2026 -0.9156 0.3473
vn -0.0026 -1.0000 -0.0044
vn -0.2982 -0.8060 -0.5113
vn -0.2073 -0.9114 -0.3554
vn -0.4376 -0.4955 -0.7503
vn -0.5014 -0.0994 -0.8595
vn -0.8638 -0.0000 0.5039
vn 0.8638 -0.0000 -0.5038
vn 0.8638 0.0000 -0.5039
vn -0.8638 -0.0000 0.5038
vn 0.8638 -0.0001 -0.5038
vn -0.8638 0.0001 0.5038
vn 0.8420 -0.2199 -0.4926
vn 0.8419 -0.2210 -0.4924
vn -0.3726 0.6729 -0.6390
vn 0.1354 0.2514 -0.9584
vn -0.1056 0.4289 -0.8972
vn 0.0186 0.7278 -0.6855
vn 0.6877 0.7257 -0.0212
vn 0.1921 0.9010 -0.3889
vn 0.4800 0.3041 0.8228
vn 0.5702 0.7804 0.2567
vn 0.9218 -0.0871 0.3777
vn 0.7072 0.5079 0.4918
vn 0.4351 -0.5044 0.7458
vn 0.5010 -0.1096 0.8585
vn 0.2942 -0.8120 0.5041
vn 0.7668 -0.2427 0.5943
vn 0.1022 -0.9792 0.1753
vn 0.6772 -0.5884 0.4418
vn -0.1073 -0.9771 -0.1839
vn 0.5240 -0.8323 0.1808
vn -0.2983 -0.8060 -0.5113
vn 0.3340 -0.9316 -0.1437
vn 0.1681 -0.3967 -0.9024
vn 0.1407 -0.8695 -0.4734
vn -0.4375 -0.4955 -0.7503
vn 0.1159 -0.0796 -0.9901
vn -0.5012 -0.0994 -0.8596
vn 0.3973 0.4469 -0.8015
vn 0.3260 0.2087 -0.9221
vn 0.5116 0.6071 -0.6080
vn 0.6490 0.6616 -0.3756
vn 0.7854 0.6019 -0.1445
vn 0.8975 0.4387 0.0455
vn 0.9662 0.2003 0.1621
vn 0.9799 -0.0723 0.1857
vn 0.9363 -0.3327 0.1120
vn 0.8427 -0.5364 -0.0463
vn 0.7149 -0.6480 -0.2625
vn 0.5749 -0.6479 -0.4997
vn 0.4467 -0.5355 -0.7167
vn 0.3530 -0.3296 -0.8756
vn 0.3103 -0.0662 -0.9483
vn -0.1934 0.2991 -0.9344
vn 0.0311 0.6087 -0.7928
vn -0.0640 0.2839 -0.9567
vn 0.0694 0.8724 -0.4839
vn -0.0927 0.6411 -0.7618
vn 0.3710 0.9044 -0.2110
vn 0.1854 0.8281 -0.5291
vn 0.4599 0.8684 0.1855
vn 0.2649 0.9527 -0.1488
vn 0.6208 0.6339 0.4614
vn 0.5563 0.8241 0.1067
vn 0.7197 0.2898 0.6309
vn 0.7088 0.6017 0.3682
vn 0.7396 -0.1045 0.6649
vn 0.8027 0.2750 0.5292
vn 0.6769 -0.4806 0.5576
vn 0.8215 -0.0992 0.5615
vn 0.6345 -0.7344 0.2409
vn 0.7621 -0.4562 0.4595
vn 0.5425 -0.7737 0.3273
vn 0.4611 -0.8856 -0.0565
vn 0.3598 -0.9329 0.0139
vn 0.2716 -0.8836 -0.3814
vn 0.1601 -0.9309 -0.3283
vn 0.0989 -0.7289 -0.6774
vn -0.1546 -0.4721 -0.8679
vn -0.0217 -0.7679 -0.6402
vn -0.2153 -0.0947 -0.9719
vn -0.0272 -0.4482 -0.8935
vn -0.0848 -0.0899 -0.9923
vn 0.2678 0.5164 -0.8134
vn 0.1868 0.2409 -0.9524
vn 0.3985 0.7027 -0.5895
vn 0.5559 0.7674 -0.3196
vn 0.7129 0.6995 -0.0503
vn 0.8425 0.5106 0.1719
vn 0.9221 0.2334 0.3085
vn 0.9390 -0.0864 0.3330
vn 0.7795 -0.6231 0.0638
vn 0.8882 -0.3883 0.2458
vn 0.6322 -0.7515 -0.1885
vn 0.4723 -0.7475 -0.4670
vn 0.2178 -0.3803 -0.8988
vn 0.3263 -0.6157 -0.7173
vn 0.1717 -0.0737 -0.9824
vn 0.3912 0.1919 -0.9001
vn 0.4629 0.4120 -0.7848
vn 0.5667 0.5572 -0.6069
vn 0.6913 0.6061 -0.3933
vn 0.9136 0.4067 -0.0045
vn 0.8152 0.5502 -0.1810
vn 0.9770 0.1859 0.1043
vn 0.9903 -0.0720 0.1192
vn 0.9493 -0.3105 0.0490
vn 0.8630 -0.4954 -0.0990
vn 0.6180 -0.5973 -0.5112
vn 0.7463 -0.5946 -0.2991
vn 0.5013 -0.4927 -0.7113
vn 0.3772 -0.0608 -0.9241
vn 0.4204 -0.2956 -0.8578
vn 0.5503 0.1432 -0.8226
vn 0.6099 0.3072 -0.7305
vn 0.6870 0.4123 -0.5984
vn 0.7789 0.4461 -0.4408
vn 0.9403 0.3036 -0.1541
vn 0.8698 0.4028 -0.2849
vn 0.9971 -0.0500 -0.0566
vn 0.9886 0.1267 -0.0813
vn 0.9671 -0.2302 -0.1080
vn 0.9028 -0.3705 -0.2183
vn 0.8153 -0.4468 -0.3683
vn 0.7205 -0.4339 -0.5409
vn 0.5689 -0.2261 -0.7907
vn 0.6361 -0.3540 -0.6856
vn 0.5489 -0.0350 -0.8352
vn 0.6723 0.0976 -0.7338
vn 0.7580 0.2846 -0.5868
vn 0.7221 0.2084 -0.6596
vn 0.8218 0.3109 -0.4775
vn 0.9379 0.2068 -0.2784
vn 0.8937 0.2603 -0.3655
vn 0.9767 -0.0341 -0.2119
vn 0.9687 0.0742 -0.2368
vn 0.9492 -0.1611 -0.2703
vn 0.9055 -0.2467 -0.3452
vn 0.7877 -0.3037 -0.5361
vn 0.8481 -0.2897 -0.4436
vn 0.7283 -0.2505 -0.6378
vn 0.6850 -0.1540 -0.7121
vn 0.6652 -0.0309 -0.7461
vn 0.7814 0.1227 -0.6119
vn 0.7621 0.0572 -0.6449
vn 0.8124 0.1670 -0.5587
vn 0.8871 0.1662 -0.4306
vn 0.8706 0.1437 -0.4705
vn 0.9179 0.1213 -0.3778
vn 0.9369 0.0554 -0.3453
vn 0.9287 -0.0920 -0.3593
vn 0.9247 -0.0471 -0.3778
vn 0.8838 -0.1352 -0.4480
vn 0.8535 -0.1473 -0.4998
vn 0.8234 -0.1338 -0.5514
vn 0.7986 -0.0973 -0.5939
vn 0.7835 -0.0438 -0.6198
vn 0.7806 0.0171 -0.6247
vn 0.8522 0.0304 -0.5223
vn 0.8522 0.0303 -0.5223
vn 0.8522 0.0304 -0.5224
vn 0.8598 0.0335 -0.5095
vn 0.8671 0.0349 -0.4969
vn 0.8671 0.0349 -0.4970
vn 0.8671 0.0348 -0.4970
vn 0.8757 0.0342 -0.4817
vn 0.8757 0.0343 -0.4816
vn 0.8887 0.0301 -0.4575
vn 0.8887 0.0299 -0.4575
vn 0.9188 0.0122 -0.3945
vn 0.9187 0.0122 -0.3947
vn 0.3041 -0.3075 0.9016
vn 0.3073 -0.3086 0.9002
vn -0.8017 -0.0961 0.5900
vn -0.8020 -0.0958 0.5896
vn -0.8020 -0.0957 0.5896
vn -0.8419 -0.0831 0.5332
vn -0.8419 -0.0830 0.5332
vn -0.8608 -0.0855 0.5016
vn -0.8609 -0.0856 0.5016
vn -0.8817 -0.1029 0.4604
vn -0.8816 -0.1023 0.4608
vn -0.9391 -0.2149 0.2680
vn -0.9391 -0.2155 0.2676
vn -0.9391 -0.2150 0.2679
vn 0.7524 -0.0599 -0.6560
vn 0.7520 -0.0601 -0.6564
vn 0.8245 0.0081 -0.5659
vn 0.8245 0.0081 -0.5658
vn 0.8424 0.0237 -0.5384
vn 0.8423 0.0238 -0.5385
vn -0.8211 -0.2644 0.5059
vn -0.8450 -0.2988 0.4434
vn -0.8473 -0.3340 0.4129
vn -0.5038 0.0070 -0.8638
vn 0.8129 -0.3353 -0.4762
vn 0.5111 0.0009 0.8595
vn 0.5038 -0.0070 0.8638
vn 0.0025 1.0000 0.0052
vn -0.0024 -1.0000 -0.0051
vn 0.0009 -0.9999 -0.0123
vn 0.2922 -0.0686 0.9539
vn 0.5102 0.0002 0.8600
vn 0.1620 -0.1139 0.9802
vn -0.1171 -0.2127 0.9701
vn 0.0031 -1.0000 -0.0088
vn 0.0047 -0.9999 -0.0115
vn -0.0009 0.9999 0.0125
vn -0.0031 1.0000 0.0084
vn 0.8152 0.3352 -0.4723
vn 0.8155 0.3341 -0.4726
vn 0.8152 0.3353 -0.4723
vn 0.0108 -0.9999 -0.0067
vn -0.0034 -0.9999 -0.0132
vn -0.8226 -0.2665 0.5023
vn -0.8081 -0.2998 0.5070
vn -0.8152 -0.3353 0.4723
vn -0.0051 0.9999 0.0118
vn -0.0063 0.9999 0.0118
vn -0.5015 0.0071 -0.8651
vn -0.5016 0.0071 -0.8651
vn -0.1945 0.9170 -0.3483
vn -0.3594 0.6756 -0.6437
vn -0.1937 0.9177 -0.3469
vn 0.0043 1.0000 0.0077
vn 0.0054 0.9999 0.0098
vn 0.2020 0.9100 0.3622
vn 0.2030 0.9091 0.3639
vn 0.3645 0.6635 0.6534
vn 0.3651 0.6620 0.6546
vn 0.4641 0.3033 0.8322
vn 0.4643 0.3022 0.8326
vn 0.4841 -0.1093 0.8681
vn 0.4841 -0.1090 0.8682
vn 0.4212 -0.5020 0.7553
vn 0.2864 -0.8089 0.5134
vn 0.4211 -0.5028 0.7549
vn 0.1016 -0.9780 0.1823
vn 0.2856 -0.8102 0.5119
vn -0.1010 -0.9783 -0.1811
vn 0.1006 -0.9785 0.1802
vn -0.1021 -0.9778 -0.1830
vn -0.4228 -0.4977 -0.7573
vn -0.2874 -0.8077 -0.5148
vn -0.4851 -0.0998 -0.8687
vn -0.4230 -0.4973 -0.7575
vn -0.4628 0.3146 -0.8288
vn -0.3599 0.6746 -0.6445
vn 0.8686 -0.4956 0.0000
vn 0.8750 0.0105 -0.4840
vn 0.8806 0.0183 -0.4735
vn 0.8748 0.0110 -0.4844
vn -0.8753 -0.0120 0.4835
vn 0.8810 0.0171 -0.4728
vn 0.8867 0.0124 -0.4622
vn -0.8820 -0.0195 0.4708
vn 0.8898 0.0009 -0.4564
vn 0.8900 -0.0010 -0.4560
vn -0.8892 -0.0137 0.4574
vn 0.8872 -0.0122 -0.4612
vn 0.8871 -0.0139 -0.4614
vn -0.8891 0.0139 0.4576
vn 0.8809 -0.0169 -0.4729
vn 0.8806 -0.0180 -0.4735
vn -0.8819 0.0192 0.4710
vn 0.8752 -0.0101 -0.4837
vn 0.8749 -0.0105 -0.4842
vn -0.8754 0.0115 0.4833
vn 0.8736 0.0035 -0.4866
vn 0.8737 0.0035 -0.4865
vn -0.8736 -0.0040 0.4866
vn 0.8778 0.0155 -0.4788
vn 0.8777 0.0160 -0.4789
vn -0.8784 -0.0176 0.4777
vn 0.8842 0.0173 -0.4668
vn 0.8845 0.0158 -0.4663
vn 0.8886 0.0066 -0.4586
vn -0.8859 -0.0180 0.4634
vn 0.8891 -0.0062 -0.4576
vn 0.8891 -0.0081 -0.4576
vn -0.8912 0.0072 0.4535
vn 0.8842 -0.0162 -0.4668
vn 0.8839 -0.0177 -0.4673
vn -0.8857 0.0183 0.4639
vn 0.8775 -0.0150 -0.4793
vn 0.8772 -0.0158 -0.4799
vn -0.8781 0.0171 0.4782
vn 0.8734 -0.0036 -0.4869
vn 0.8732 -0.0037 -0.4873
vn -0.8735 0.0040 0.4868
vn -0.7397 0.6730 -0.0001
vn -0.4114 -0.9114 -0.0000
vn -0.0013 -0.2205 0.9754
vn -0.0011 -0.2207 0.9753
vn -0.9465 0.3130 -0.0780
vn -0.6037 0.7609 -0.2378
vn -0.2415 0.9406 -0.2385
vn 0.1626 0.9572 -0.2394
vn 0.5381 0.8079 -0.2403
vn 0.8203 0.5188 -0.2409
vn 0.9601 0.1409 -0.2414
vn 0.9343 -0.2624 -0.2414
vn 0.7470 -0.6195 -0.2411
vn 0.4310 -0.8697 -0.2405
vn 0.0405 -0.9700 -0.2397
vn -0.3570 -0.9031 -0.2388
vn -0.6933 -0.6802 -0.2380
vn -0.9101 -0.3397 -0.2375
vn -0.9696 0.0603 -0.2372
vn -0.6546 0.5948 -0.4666
vn -0.8403 0.2775 -0.4656
vn -0.3559 0.8089 -0.4681
vn 0.0039 0.8828 -0.4697
vn 0.3623 0.8041 -0.4713
vn 0.6577 0.5866 -0.4725
vn 0.8392 0.2681 -0.4732
vn 0.8756 -0.0967 -0.4732
vn 0.7608 -0.4449 -0.4725
vn 0.5143 -0.7165 -0.4713
vn 0.1785 -0.8646 -0.4697
vn -0.1888 -0.8633 -0.4680
vn -0.5239 -0.7126 -0.4666
vn -0.7688 -0.4383 -0.4656
vn -0.8808 -0.0880 -0.4653
vn -0.9287 0.3070 -0.2079
vn -0.7053 0.6416 -0.3014
vn -0.9053 0.2993 -0.3015
vn -0.7235 0.6582 -0.2079
vn -0.3833 0.8730 -0.3015
vn 0.0050 0.9781 -0.2079
vn -0.3933 0.8956 -0.2079
vn 0.4024 0.8915 -0.2079
vn 0.0087 0.9522 -0.3053
vn 0.7303 0.6508 -0.2079
vn 0.3952 0.8664 -0.3053
vn 0.9083 0.2900 -0.3016
vn 0.7134 0.6307 -0.3053
vn 0.9318 0.2975 -0.2079
vn 0.9477 -0.1045 -0.3014
vn 0.9723 -0.1072 -0.2079
vn 0.8233 -0.4810 -0.3014
vn 0.8446 -0.4934 -0.2079
vn 0.5565 -0.7742 -0.3015
vn 0.5709 -0.7943 -0.2079
vn 0.1934 -0.9336 -0.3016
vn 0.1985 -0.9578 -0.2079
vn -0.2030 -0.9316 -0.3014
vn -0.5790 -0.7884 -0.2079
vn -0.2083 -0.9557 -0.2079
vn -0.8496 -0.4847 -0.2079
vn -0.5667 -0.7653 -0.3052
vn -0.9733 -0.0972 -0.2079
vn -0.8290 -0.4686 -0.3052
vn -0.9479 -0.0910 -0.3052
vn -0.8286 0.2739 -0.4883
vn -0.6384 0.5897 -0.4947
vn -0.3433 0.7984 -0.4947
vn 0.0110 0.8690 -0.4947
vn 0.3635 0.7894 -0.4947
vn 0.6532 0.5733 -0.4947
vn 0.8299 0.2580 -0.4947
vn 0.8631 -0.1018 -0.4947
vn 0.7471 -0.4441 -0.4947
vn 0.5019 -0.7095 -0.4947
vn 0.1699 -0.8523 -0.4947
vn -0.5166 -0.7034 -0.4883
vn -0.1914 -0.8477 -0.4947
vn -0.7580 -0.4325 -0.4883
vn -0.8654 -0.0799 -0.4947
vn -0.7177 0.2373 -0.6547
vn -0.5467 0.5110 -0.6633
vn 0.0039 0.7559 -0.6547
vn -0.2917 0.6892 -0.6633
vn 0.3110 0.6889 -0.6547
vn 0.5643 0.5029 -0.6547
vn 0.7201 0.2299 -0.6547
vn 0.7514 -0.0829 -0.6547
vn 0.6527 -0.3813 -0.6547
vn 0.4412 -0.6138 -0.6547
vn -0.1610 -0.7386 -0.6547
vn 0.1420 -0.7347 -0.6633
vn -0.4510 -0.5971 -0.6633
vn -0.7521 -0.0752 -0.6547
vn -0.6549 -0.3621 -0.6633
vn -0.5781 0.1911 -0.7933
vn -0.4298 0.4112 -0.8039
vn 0.0031 0.6088 -0.7933
vn -0.2254 0.5504 -0.8039
vn 0.2505 0.5550 -0.7933
vn 0.4539 0.3845 -0.8038
vn 0.5710 0.1666 -0.8039
vn 0.5257 -0.3071 -0.7933
vn 0.5894 -0.0800 -0.8039
vn 0.3554 -0.4944 -0.7933
vn 0.1060 -0.5853 -0.8039
vn -0.1412 -0.5778 -0.8039
vn -0.5288 -0.3017 -0.7933
vn -0.3640 -0.4705 -0.8039
vn -0.6058 -0.0605 -0.7933
vn -0.3255 0.2961 -0.8980
vn -0.4177 0.1381 -0.8980
vn -0.1769 0.4029 -0.8980
vn 0.0023 0.4400 -0.8980
vn 0.1919 0.3675 -0.9100
vn 0.3247 0.2578 -0.9100
vn 0.4015 0.1034 -0.9100
vn 0.3799 -0.2220 -0.8980
vn 0.4089 -0.0688 -0.9100
vn 0.0893 -0.4308 -0.8980
vn 0.2224 -0.3499 -0.9100
vn -0.0937 -0.4299 -0.8980
vn -0.2604 -0.3546 -0.8980
vn -0.3822 -0.2181 -0.8980
vn -0.4143 -0.0177 -0.9100
vn -0.2544 0.0841 -0.9634
vn -0.1077 0.2453 -0.9634
vn -0.1247 0.1770 -0.9763
vn 0.0014 0.2681 -0.9634
vn 0.2001 0.1783 -0.9634
vn 0.1298 0.1733 -0.9763
vn 0.2157 0.0193 -0.9763
vn 0.2049 -0.0701 -0.9763
vn 0.1587 -0.1474 -0.9763
vn 0.0544 -0.2625 -0.9634
vn 0.0852 -0.1991 -0.9763
vn -0.1587 -0.2161 -0.9634
vn -0.0910 -0.1966 -0.9763
vn -0.2667 -0.0266 -0.9634
vn -0.2069 -0.0639 -0.9763
vn -0.0327 0.0455 -0.9984
vn -0.0104 0.0503 -0.9987
vn 0.0114 0.0523 -0.9986
vn 0.0376 0.0513 -0.9980
vn 0.0377 0.0513 -0.9980
vn 0.0787 0.0449 -0.9959
vn 0.1812 0.0181 -0.9833
vn 0.1811 0.0181 -0.9833
vn 0.9416 -0.3113 0.1283
vn 0.9416 -0.3113 0.1281
vn 0.9417 -0.3113 0.1278
vn 0.1559 -0.1419 0.9775
vn 0.1559 -0.1418 0.9775
vn 0.0542 -0.1236 0.9909
vn 0.0543 -0.1236 0.9909
vn -0.0007 -0.1275 0.9918
vn -0.0691 -0.1530 0.9858
vn -0.3409 -0.3039 0.8896
vn -0.3409 -0.3038 0.8897
vn -0.2754 -0.0879 -0.9573
vn -0.1098 0.0121 -0.9939
vn -0.0610 0.0356 -0.9975
vn -0.9495 0.3138 0.0001
vn -0.2414 -0.2153 0.9462
vn -0.0051 -1.0000 -0.0007
vn 0.0027 0.3322 -0.9432
vn 0.4852 -0.0989 -0.8688
vn -0.3103 -0.0662 -0.9483
vn -0.8522 0.0304 -0.5224
vn -0.8887 0.0301 -0.4574
vn -0.3036 -0.3075 0.9018
vn 0.8420 -0.0827 0.5330
vn -0.7522 -0.0600 -0.6562
vn 0.1163 -0.2151 0.9697
vn -0.8272 0.3265 -0.4574
vn 0.8152 -0.3353 0.4723
vn 0.9495 0.3138 0.0000
vn 0.6628 -0.0662 -0.7459
vn -0.9321 -0.3086 0.1898
vn 0.2421 -0.2154 0.9460
vn -0.0204 0.3332 -0.9426
vn 0.8887 0.0301 -0.4574
vn 0.3042 -0.3075 0.9016
vn -0.9391 -0.2156 0.2675
vn -0.1163 -0.2151 0.9697
vn 0.8157 0.3335 -0.4726
vn -0.4852 -0.0996 -0.8687
vn 0.8867 0.0125 -0.4622
vn -0.8914 0.0001 0.4533
vn 0.8886 0.0067 -0.4586
vn -0.8906 -0.0076 0.4547
vn 0.9416 -0.3113 0.1286
s 1
f 1/1/1 2/2/1 3/3/1
f 4/4/2 5/5/2 2/2/2
f 6/6/3 7/7/3 8/8/3
f 9/9/4 1/10/4 3/11/4
f 3/3/5 5/12/6 9/13/7
f 10/14/2 11/15/2 5/5/2
f 12/16/4 13/17/4 14/18/4
f 5/5/6 13/17/8 9/9/7
f 1/10/9 10/14/9 4/4/9
f 12/16/10 15/19/10 10/14/10
f 14/18/4 16/20/4 12/16/4
f 17/21/3 18/22/3 19/23/3
f 10/14/2 20/24/2 21/25/2
f 21/25/2 8/8/2 11/15/2
f 14/18/4 7/7/4 22/26/4
f 11/15/11 7/7/12 13/17/8
f 20/24/2 6/6/2 21/25/2
f 6/6/13 19/23/13 22/26/13
f 23/27/2 17/21/2 6/6/2
f 24/28/4 22/26/4 25/29/4
f 25/29/4 19/23/4 18/22/4
f 26/30/14 27/31/14 28/32/14
f 29/33/2 30/34/2 26/30/2
f 31/35/3 32/36/3 33/37/3
f 34/38/4 27/39/4 35/40/4
f 29/41/15 28/32/16 34/42/17
f 36/43/2 37/44/2 29/33/2
f 38/45/4 35/40/4 39/46/4
f 38/45/18 29/33/15 34/38/17
f 37/44/19 27/39/19 30/34/19
f 15/19/10 35/40/10 37/44/10
f 16/20/4 39/46/4 35/40/4
f 18/22/3 40/47/3 41/48/3
f 20/24/2 37/44/2 42/49/2
f 33/37/2 42/49/2 36/43/2
f 39/46/4 31/35/4 38/45/4
f 31/35/20 36/43/21 38/45/18
f 32/36/2 20/24/2 42/49/2
f 41/48/22 32/36/22 43/50/22
f 40/47/2 23/27/2 32/36/2
f 43/50/4 24/28/4 25/29/4
f 41/48/4 25/29/4 18/22/4
f 44/51/10 45/52/10 46/53/10
f 47/54/23 48/55/23 49/56/23
f 50/57/24 51/58/24 52/59/24
f 53/60/25 46/61/25 54/62/25
f 44/51/22 55/63/22 56/64/22
f 46/53/13 57/65/13 54/66/13
f 58/67/26 59/68/26 48/55/26
f 60/69/22 53/60/22 61/70/22
f 54/62/27 61/70/28 53/60/27
f 54/62/13 62/71/13 63/72/13
f 64/73/29 65/74/29 59/68/29
f 60/69/22 66/75/22 67/76/22
f 63/72/28 66/75/4 61/70/28
f 62/71/13 68/77/13 63/72/13
f 69/78/30 70/79/31 65/74/30
f 67/76/22 71/80/22 72/81/22
f 68/77/4 71/80/4 66/75/4
f 73/82/13 74/83/13 68/77/13
f 75/84/13 49/56/13 48/85/13
f 76/86/13 48/55/13 59/68/13
f 77/87/13 59/68/13 65/74/13
f 78/88/13 65/74/13 70/79/13
f 79/89/32 80/90/32 81/91/32
f 69/78/22 82/92/22 83/93/22
f 64/73/22 84/94/22 69/78/22
f 58/67/22 85/95/22 64/73/22
f 86/96/22 47/54/22 87/97/22
f 87/97/10 49/56/10 88/98/10
f 45/52/13 75/84/13 57/65/13
f 56/64/10 88/98/10 45/52/10
f 56/64/22 86/96/22 87/97/22
f 86/99/22 60/69/22 85/95/22
f 85/95/22 67/76/22 84/94/22
f 84/94/22 72/81/22 82/92/22
f 82/92/33 89/100/33 78/88/33
f 89/100/13 77/87/13 78/88/13
f 73/82/13 76/86/13 77/87/13
f 62/71/13 75/101/13 76/86/13
f 72/81/34 90/102/34 89/100/34
f 71/80/22 91/103/22 72/81/22
f 74/83/4 92/104/4 71/80/4
f 74/83/13 90/102/13 93/105/13
f 83/93/35 94/106/36 70/79/31
f 83/93/22 95/107/22 96/108/22
f 78/88/37 95/107/37 82/92/37
f 70/79/13 97/109/13 78/88/13
f 91/103/2 98/110/38 90/102/2
f 92/104/22 99/111/22 91/103/22
f 93/105/4 100/112/4 92/104/4
f 90/102/13 101/113/13 93/105/13
f 96/108/36 102/114/39 94/106/36
f 96/108/22 103/115/22 104/116/22
f 97/109/40 103/115/41 95/107/40
f 94/106/13 105/117/13 97/109/13
f 104/116/39 106/118/42 102/114/39
f 104/116/22 107/119/22 108/120/22
f 105/117/43 107/119/44 103/115/41
f 102/114/13 109/121/13 105/117/13
f 108/120/42 110/122/45 106/118/42
f 108/120/22 111/123/22 112/124/22
f 109/121/44 111/123/46 107/119/44
f 106/118/13 113/125/13 109/121/13
f 112/124/45 114/126/47 110/122/45
f 111/123/22 115/127/22 112/124/22
f 113/125/48 116/128/49 111/123/46
f 113/125/13 114/126/13 117/129/13
f 115/127/47 118/130/50 114/126/47
f 116/128/22 119/131/22 115/127/22
f 117/129/49 120/132/51 116/128/49
f 117/129/13 118/130/13 121/133/13
f 99/111/52 122/134/53 98/110/38
f 99/111/22 123/135/22 124/136/22
f 101/113/4 123/135/4 100/112/4
f 98/110/13 125/137/13 101/113/13
f 119/131/50 126/138/54 118/130/50
f 120/132/22 127/139/22 119/131/22
f 121/133/55 128/140/56 120/132/51
f 121/133/13 126/138/13 129/141/13
f 124/136/57 130/142/57 122/134/57
f 124/136/22 131/143/22 132/144/22
f 125/137/4 131/143/4 123/135/4
f 122/134/13 133/145/13 125/137/13
f 127/139/54 134/146/58 126/138/54
f 128/140/22 135/147/22 127/139/22
f 129/141/59 136/148/60 128/140/56
f 129/141/13 134/146/13 137/149/13
f 131/143/22 138/150/22 132/144/22
f 133/145/4 139/151/4 131/143/4
f 130/142/13 140/152/13 133/145/13
f 135/147/58 141/153/61 134/146/58
f 136/148/22 142/154/22 135/147/22
f 137/149/13 141/153/13 143/155/13
f 132/144/22 144/156/22 136/148/22
f 145/157/62 146/158/62 147/159/62
f 130/142/13 143/155/13 148/160/13
f 132/144/63 137/149/63 130/142/63
f 139/151/22 147/159/22 138/150/22
f 140/152/4 149/161/4 139/151/4
f 140/152/13 145/157/13 150/162/13
f 142/154/64 151/163/65 141/153/61
f 144/156/22 152/164/22 142/154/22
f 143/155/13 151/163/13 153/165/13
f 148/160/13 153/165/13 145/157/13
f 138/150/22 146/158/22 144/156/22
f 147/159/66 154/166/66 145/157/66
f 149/161/22 155/167/22 147/159/22
f 150/162/4 156/168/4 149/161/4
f 150/162/13 154/166/13 157/169/13
f 152/164/65 158/170/67 151/163/65
f 152/164/22 159/171/22 160/172/22
f 153/165/68 159/171/68 146/158/68
f 151/163/13 161/173/13 153/165/13
f 155/167/69 162/174/70 154/166/69
f 156/168/22 163/175/22 155/167/22
f 157/169/4 164/176/4 156/168/4
f 157/169/13 162/174/13 165/177/13
f 160/172/71 166/178/72 158/170/71
f 160/172/22 167/179/22 168/180/22
f 161/173/73 167/179/74 159/171/73
f 158/170/13 169/181/13 161/173/13
f 163/175/75 170/182/76 162/174/70
f 164/176/22 171/183/22 163/175/22
f 165/177/4 172/184/4 164/176/4
f 165/177/13 170/182/13 173/185/13
f 168/180/77 174/186/78 166/178/72
f 167/179/22 175/187/22 168/180/22
f 169/181/79 176/188/80 167/179/74
f 169/181/13 174/186/13 177/189/13
f 175/187/81 178/190/82 174/186/78
f 176/188/22 179/191/22 175/187/22
f 177/189/80 180/192/83 176/188/80
f 177/189/13 178/190/13 181/193/13
f 179/191/82 182/194/84 178/190/82
f 180/192/22 183/195/22 179/191/22
f 181/193/83 184/196/85 180/192/83
f 181/193/13 182/194/13 185/197/13
f 183/195/84 186/198/86 182/194/84
f 184/196/22 187/199/22 183/195/22
f 185/197/85 188/200/87 184/196/85
f 185/197/13 186/198/13 189/201/13
f 187/199/86 190/202/88 186/198/86
f 188/200/22 191/203/22 187/199/22
f 189/201/87 192/204/89 188/200/87
f 189/201/13 190/202/13 193/205/13
f 191/203/88 194/206/90 190/202/88
f 192/204/22 195/207/22 191/203/22
f 193/205/89 196/208/91 192/204/89
f 193/205/13 194/206/13 197/209/13
f 195/207/90 198/210/92 194/206/90
f 196/208/22 199/211/22 195/207/22
f 197/209/93 200/212/94 196/208/91
f 197/209/13 198/210/13 201/213/13
f 199/211/92 202/214/95 198/210/92
f 200/212/22 203/215/22 199/211/22
f 201/213/96 204/216/97 200/212/94
f 201/213/13 202/214/13 205/217/13
f 171/183/98 206/218/99 170/182/76
f 171/183/22 207/219/22 208/220/22
f 173/185/4 207/219/4 172/184/4
f 170/182/13 209/221/13 173/185/13
f 208/220/100 210/222/101 206/218/99
f 208/220/22 211/223/22 212/224/22
f 209/221/4 211/223/4 207/219/4
f 206/218/13 213/225/13 209/221/13
f 211/223/22 214/226/22 212/224/22
f 213/225/4 215/227/4 211/223/4
f 213/225/13 216/228/13 217/229/13
f 203/215/102 218/230/103 202/214/95
f 204/216/22 219/231/22 203/215/22
f 205/217/13 218/230/13 220/232/13
f 205/217/13 216/228/13 210/222/13
f 221/233/104 52/59/104 80/90/104
f 204/216/22 214/226/22 222/234/22
f 205/217/105 212/224/105 204/216/105
f 215/227/22 223/235/22 214/226/22
f 217/229/4 224/236/106 215/227/4
f 217/229/13 225/237/13 226/238/13
f 219/231/103 227/239/107 218/230/103
f 222/234/22 228/240/22 219/231/22
f 220/232/13 227/239/13 229/241/13
f 222/234/22 223/235/22 230/242/22
f 220/232/13 225/237/13 216/228/13
f 223/235/22 231/243/22 232/244/22
f 226/238/106 231/243/108 224/236/106
f 225/237/13 233/245/13 226/238/13
f 228/240/107 234/246/109 227/239/107
f 230/242/22 235/247/22 228/240/22
f 229/241/13 234/246/13 236/248/13
f 230/242/22 232/244/22 237/249/22
f 229/241/13 238/250/13 225/237/13
f 232/244/22 239/251/22 240/252/22
f 233/245/108 239/251/110 231/243/108
f 238/250/13 241/253/13 233/245/13
f 235/247/111 242/254/111 234/246/111
f 237/249/22 243/255/22 235/247/22
f 236/248/13 242/254/13 244/256/13
f 237/249/22 240/252/22 245/257/22
f 236/248/13 246/258/13 238/250/13
f 240/252/22 247/259/22 248/260/22
f 241/253/112 247/259/112 239/251/112
f 246/258/13 249/261/13 241/253/13
f 243/255/113 250/262/113 242/254/113
f 245/257/22 251/263/22 243/255/22
f 244/256/13 250/262/13 252/264/13
f 245/257/22 248/260/22 253/265/22
f 244/256/13 254/266/13 246/258/13
f 248/260/22 255/267/22 50/57/22
f 249/261/114 255/267/114 247/259/114
f 254/266/13 51/58/13 249/261/13
f 251/263/115 81/91/115 250/262/115
f 253/265/22 79/89/22 251/263/22
f 252/264/13 81/91/13 80/90/13
f 248/260/22 221/233/22 253/265/22
f 254/266/13 80/90/13 52/59/13
f 256/268/116 257/269/116 258/270/116
f 259/271/117 260/272/118 256/268/118
f 261/273/119 262/274/117 259/271/117
f 263/275/120 264/276/119 261/273/119
f 265/277/121 266/278/120 263/275/120
f 267/279/122 268/280/121 265/277/121
f 269/281/123 270/282/122 267/279/122
f 271/283/124 272/284/123 269/281/123
f 273/285/125 274/286/124 271/283/124
f 275/287/126 276/288/125 273/285/125
f 277/289/127 278/290/126 275/287/126
f 279/291/128 280/292/127 277/289/127
f 281/293/129 282/294/128 279/291/128
f 283/295/2 284/296/129 281/293/129
f 258/297/130 285/298/2 283/295/2
f 286/299/22 287/300/22 288/301/22
f 289/302/22 286/299/22 288/301/22
f 290/303/22 289/302/22 288/301/22
f 291/304/22 290/303/22 288/301/22
f 292/305/22 291/304/22 288/301/22
f 293/306/22 292/305/22 288/301/22
f 294/307/22 293/306/22 288/301/22
f 295/308/22 294/307/22 288/301/22
f 296/309/22 295/308/22 288/301/22
f 297/310/22 296/309/22 288/301/22
f 298/311/22 297/310/22 288/301/22
f 299/312/22 298/311/22 288/301/22
f 300/313/22 299/312/22 288/301/22
f 301/314/22 300/313/22 288/301/22
f 287/300/22 301/314/22 288/301/22
f 302/315/131 303/316/2 304/317/2
f 304/317/2 305/318/129 306/319/129
f 306/319/129 307/320/128 308/321/128
f 308/321/128 309/322/127 310/323/127
f 310/323/127 311/324/126 312/325/126
f 312/325/126 313/326/125 314/327/125
f 314/327/125 315/328/124 316/329/124
f 316/329/124 317/330/123 318/331/123
f 318/331/123 319/332/122 320/333/122
f 320/333/122 321/334/121 322/335/121
f 322/335/121 323/336/120 324/337/120
f 324/337/120 325/338/119 326/339/119
f 326/339/119 327/340/117 328/341/117
f 328/341/117 329/342/132 330/343/132
f 330/343/132 331/344/131 302/345/131
f 285/298/22 302/315/22 304/317/22
f 285/298/22 306/319/22 284/296/22
f 284/296/22 308/321/22 282/294/22
f 282/294/22 310/323/22 280/292/22
f 278/290/22 310/323/22 312/325/22
f 276/288/22 312/325/22 314/327/22
f 274/286/22 314/327/22 316/329/22
f 274/286/22 318/331/22 272/284/22
f 272/284/22 320/333/22 270/282/22
f 270/282/22 322/335/22 268/280/22
f 268/280/22 324/337/22 266/278/22
f 266/278/22 326/339/22 264/276/22
f 262/274/22 326/339/22 328/341/22
f 260/272/22 328/341/22 330/343/22
f 257/269/22 330/343/22 302/345/22
f 332/346/131 333/347/132 334/348/132
f 334/348/132 335/349/117 336/350/117
f 336/350/117 337/351/119 338/352/119
f 338/352/119 339/353/120 340/354/120
f 340/354/120 341/355/121 342/356/121
f 342/356/121 343/357/122 344/358/122
f 344/358/122 345/359/123 346/360/123
f 346/360/123 347/361/124 348/362/124
f 348/362/124 349/363/125 350/364/125
f 350/364/125 351/365/126 352/366/126
f 352/366/126 353/367/127 354/368/127
f 354/368/127 355/369/128 356/370/128
f 356/370/128 357/371/129 358/372/129
f 358/372/129 359/373/2 360/374/2
f 360/374/2 361/375/131 332/346/131
f 256/376/13 332/346/13 334/348/13
f 286/299/22 361/375/22 287/300/22
f 256/376/13 336/350/13 259/377/13
f 286/299/22 335/349/22 333/347/22
f 259/377/13 338/352/13 261/378/13
f 289/302/22 337/351/22 335/349/22
f 263/379/13 338/352/13 340/354/13
f 291/304/22 337/351/22 290/303/22
f 265/380/13 340/354/13 342/356/13
f 292/305/22 339/353/22 291/304/22
f 267/381/13 342/356/13 344/358/13
f 293/306/22 341/355/22 292/305/22
f 269/382/13 344/358/13 346/360/13
f 294/307/22 343/357/22 293/306/22
f 271/383/13 346/360/13 348/362/13
f 295/308/22 345/359/22 294/307/22
f 271/383/13 350/364/13 273/384/13
f 295/308/22 349/363/22 347/361/22
f 273/384/13 352/366/13 275/385/13
f 296/309/22 351/365/22 349/363/22
f 275/385/13 354/368/13 277/386/13
f 297/310/22 353/367/22 351/365/22
f 277/386/13 356/370/13 279/387/13
f 298/311/22 355/369/22 353/367/22
f 279/387/13 358/372/13 281/388/13
f 299/312/22 357/371/22 355/369/22
f 281/388/13 360/374/13 283/389/13
f 300/313/22 359/373/22 357/371/22
f 258/390/13 360/374/13 332/346/13
f 287/300/22 359/373/22 301/314/22
f 362/391/131 363/392/132 364/393/131
f 365/394/132 366/395/117 363/392/132
f 367/396/117 368/397/119 366/395/117
f 369/398/119 370/399/120 368/397/119
f 371/400/120 372/401/121 370/399/120
f 373/402/121 374/403/122 372/401/121
f 375/404/122 376/405/123 374/403/122
f 377/406/123 378/407/124 376/405/123
f 379/408/124 380/409/125 378/407/124
f 381/410/125 382/411/126 380/409/125
f 383/412/126 384/413/127 382/411/126
f 385/414/127 386/415/128 384/413/127
f 387/416/128 388/417/129 386/415/128
f 389/418/129 390/419/2 388/417/129
f 391/420/2 364/421/131 390/419/2
f 392/422/13 393/423/13 394/424/13
f 395/425/13 393/423/13 392/422/13
f 396/426/13 393/423/13 395/425/13
f 397/427/13 393/423/13 396/426/13
f 398/428/13 393/423/13 397/427/13
f 399/429/13 393/423/13 398/428/13
f 400/430/13 393/423/13 399/429/13
f 401/431/13 393/423/13 400/430/13
f 402/432/13 393/423/13 401/431/13
f 403/433/13 393/423/13 402/432/13
f 404/434/13 393/423/13 403/433/13
f 405/435/13 393/423/13 404/434/13
f 406/436/13 393/423/13 405/435/13
f 407/437/13 393/423/13 406/436/13
f 394/424/13 393/423/13 407/437/13
f 303/316/2 408/438/131 409/439/2
f 305/318/129 409/439/2 410/440/129
f 307/320/128 410/440/129 411/441/128
f 309/322/127 411/441/128 412/442/127
f 311/324/126 412/442/127 413/443/126
f 313/326/125 413/443/126 414/444/125
f 315/328/124 414/444/125 415/445/124
f 317/330/123 415/445/124 416/446/123
f 319/332/122 416/446/123 417/447/122
f 321/334/121 417/447/122 418/448/121
f 323/336/120 418/448/121 419/449/120
f 325/338/119 419/449/120 420/450/119
f 327/340/117 420/450/119 421/451/117
f 329/342/132 421/451/117 422/452/132
f 331/344/131 422/452/132 408/453/131
f 391/420/13 408/438/13 362/454/13
f 410/440/13 391/420/13 389/418/13
f 411/441/13 389/418/13 387/416/13
f 412/442/13 387/416/13 385/414/13
f 383/412/13 412/442/13 385/414/13
f 381/410/13 413/443/13 383/412/13
f 379/408/13 414/444/13 381/410/13
f 416/446/13 379/408/13 377/406/13
f 417/447/13 377/406/13 375/404/13
f 418/448/13 375/404/13 373/402/13
f 419/449/13 373/402/13 371/400/13
f 420/450/13 371/400/13 369/398/13
f 367/396/13 420/450/13 369/398/13
f 365/394/13 421/451/13 367/396/13
f 362/391/13 422/452/13 365/394/13
f 423/455/132 424/456/131 425/457/132
f 426/458/117 425/457/132 427/459/117
f 428/460/119 427/459/117 429/461/119
f 430/462/120 429/461/119 431/463/120
f 432/464/121 431/463/120 433/465/121
f 434/466/122 433/465/121 435/467/122
f 436/468/123 435/467/122 437/469/123
f 438/470/124 437/469/123 439/471/124
f 440/472/125 439/471/124 441/473/125
f 442/474/126 441/473/125 443/475/126
f 444/476/127 443/475/126 445/477/127
f 446/478/128 445/477/127 447/479/128
f 448/480/129 447/479/128 449/481/129
f 450/482/2 449/481/129 451/483/2
f 452/484/131 451/483/2 424/456/131
f 363/485/22 424/456/22 364/486/22
f 452/484/13 392/422/13 394/424/13
f 427/459/22 363/485/22 366/487/22
f 392/422/13 426/458/13 395/425/13
f 429/461/22 366/487/22 368/488/22
f 395/425/13 428/460/13 396/426/13
f 370/489/22 429/461/22 368/488/22
f 428/460/13 397/427/13 396/426/13
f 372/490/22 431/463/22 370/489/22
f 430/462/13 398/428/13 397/427/13
f 374/491/22 433/465/22 372/490/22
f 432/464/13 399/429/13 398/428/13
f 376/492/22 435/467/22 374/491/22
f 434/466/13 400/430/13 399/429/13
f 378/493/22 437/469/22 376/492/22
f 436/468/13 401/431/13 400/430/13
f 441/473/22 378/493/22 380/494/22
f 401/431/13 440/472/13 402/432/13
f 443/475/22 380/494/22 382/495/22
f 402/432/13 442/474/13 403/433/13
f 445/477/22 382/495/22 384/496/22
f 403/433/13 444/476/13 404/434/13
f 447/479/22 384/496/22 386/497/22
f 404/434/13 446/478/13 405/435/13
f 449/481/22 386/497/22 388/498/22
f 405/435/13 448/480/13 406/436/13
f 451/483/22 388/498/22 390/499/22
f 406/436/13 450/482/13 407/437/13
f 364/486/22 451/483/22 390/499/22
f 450/482/13 394/424/13 407/437/13
f 453/500/116 454/501/116 455/502/116
f 456/503/117 457/504/118 453/500/118
f 458/505/119 459/506/117 456/503/117
f 460/507/120 461/508/119 458/505/119
f 462/509/121 463/510/120 460/507/120
f 464/511/122 465/512/121 462/509/121
f 466/513/123 467/514/122 464/511/122
f 468/515/124 469/516/123 466/513/123
f 470/517/125 471/518/124 468/515/124
f 472/519/126 473/520/125 470/517/125
f 474/521/127 475/522/126 472/519/126
f 476/523/128 477/524/127 474/521/127
f 478/525/129 479/526/128 476/523/128
f 480/527/2 481/528/129 478/525/129
f 455/529/130 482/530/2 480/527/2
f 483/531/22 484/532/22 485/533/22
f 486/534/22 483/531/22 485/533/22
f 487/535/22 486/534/22 485/533/22
f 488/536/22 487/535/22 485/533/22
f 489/537/22 488/536/22 485/533/22
f 490/538/22 489/537/22 485/533/22
f 491/539/22 490/538/22 485/533/22
f 492/540/22 491/539/22 485/533/22
f 493/541/22 492/540/22 485/533/22
f 494/542/22 493/541/22 485/533/22
f 495/543/22 494/542/22 485/533/22
f 496/544/22 495/543/22 485/533/22
f 497/545/22 496/544/22 485/533/22
f 498/546/22 497/545/22 485/533/22
f 484/532/22 498/546/22 485/533/22
f 499/547/131 500/548/2 501/549/2
f 501/549/2 502/550/129 503/551/129
f 503/551/129 504/552/128 505/553/128
f 505/553/128 506/554/127 507/555/127
f 507/555/127 508/556/126 509/557/126
f 509/557/126 510/558/125 511/559/125
f 511/559/125 512/560/124 513/561/124
f 513/561/124 514/562/123 515/563/123
f 515/563/123 516/564/122 517/565/122
f 517/565/122 518/566/121 519/567/121
f 519/567/121 520/568/120 521/569/120
f 521/569/120 522/570/119 523/571/119
f 523/571/119 524/572/117 525/573/117
f 525/573/117 526/574/132 527/575/132
f 527/575/132 528/576/131 499/577/131
f 482/530/22 499/547/22 501/549/22
f 482/530/22 503/551/22 481/528/22
f 481/528/22 505/553/22 479/526/22
f 479/526/22 507/555/22 477/524/22
f 475/522/22 507/555/22 509/557/22
f 473/520/22 509/557/22 511/559/22
f 471/518/22 511/559/22 513/561/22
f 469/516/22 513/561/22 515/563/22
f 467/514/22 515/563/22 517/565/22
f 465/512/22 517/565/22 519/567/22
f 465/512/22 521/569/22 463/510/22
f 463/510/22 523/571/22 461/508/22
f 459/506/22 523/571/22 525/573/22
f 457/504/22 525/573/22 527/575/22
f 454/501/22 527/575/22 499/577/22
f 529/578/131 530/579/132 531/580/132
f 531/580/132 532/581/117 533/582/117
f 533/582/117 534/583/119 535/584/119
f 535/584/119 536/585/120 537/586/120
f 537/586/120 538/587/121 539/588/121
f 539/588/121 540/589/122 541/590/122
f 541/590/122 542/591/123 543/592/123
f 543/592/123 544/593/124 545/594/124
f 545/594/124 546/595/125 547/596/125
f 547/596/125 548/597/126 549/598/126
f 549/598/126 550/599/127 551/600/127
f 551/600/127 552/601/128 553/602/128
f 553/602/128 554/603/129 555/604/129
f 555/604/129 556/605/2 557/606/2
f 557/606/2 558/607/131 529/578/131
f 455/608/13 531/580/13 453/609/13
f 484/532/22 530/579/22 558/607/22
f 453/609/13 533/582/13 456/610/13
f 483/531/22 532/581/22 530/579/22
f 456/610/13 535/584/13 458/611/13
f 486/534/22 534/583/22 532/581/22
f 460/612/13 535/584/13 537/586/13
f 488/536/22 534/583/22 487/535/22
f 462/613/13 537/586/13 539/588/13
f 489/537/22 536/585/22 488/536/22
f 462/613/13 541/590/13 464/614/13
f 489/537/22 540/589/22 538/587/22
f 464/614/13 543/592/13 466/615/13
f 490/538/22 542/591/22 540/589/22
f 466/615/13 545/594/13 468/616/13
f 491/539/22 544/593/22 542/591/22
f 468/616/13 547/596/13 470/617/13
f 492/540/22 546/595/22 544/593/22
f 470/617/13 549/598/13 472/618/13
f 493/541/22 548/597/22 546/595/22
f 472/618/13 551/600/13 474/619/13
f 494/542/22 550/599/22 548/597/22
f 476/620/13 551/600/13 553/602/13
f 496/544/22 550/599/22 495/543/22
f 478/621/13 553/602/13 555/604/13
f 497/545/22 552/601/22 496/544/22
f 478/621/13 557/606/13 480/622/13
f 497/545/22 556/605/22 554/603/22
f 480/622/13 529/578/13 455/608/13
f 498/546/22 558/607/22 556/605/22
f 559/623/131 560/624/132 561/625/131
f 562/626/132 563/627/117 560/624/132
f 564/628/117 565/629/119 563/627/117
f 566/630/119 567/631/120 565/629/119
f 568/632/120 569/633/121 567/631/120
f 570/634/121 571/635/122 569/633/121
f 572/636/122 573/637/123 571/635/122
f 574/638/123 575/639/124 573/637/123
f 576/640/124 577/641/125 575/639/124
f 578/642/125 579/643/126 577/641/125
f 580/644/126 581/645/127 579/643/126
f 582/646/127 583/647/128 581/645/127
f 584/648/128 585/649/129 583/647/128
f 586/650/129 587/651/2 585/649/129
f 588/652/2 561/653/131 587/651/2
f 589/654/13 590/655/13 591/656/13
f 592/657/13 590/655/13 589/654/13
f 593/658/13 590/655/13 592/657/13
f 594/659/13 590/655/13 593/658/13
f 595/660/13 590/655/13 594/659/13
f 596/661/13 590/655/13 595/660/13
f 597/662/13 590/655/13 596/661/13
f 598/663/13 590/655/13 597/662/13
f 599/664/13 590/655/13 598/663/13
f 600/665/13 590/655/13 599/664/13
f 601/666/13 590/655/13 600/665/13
f 602/667/13 590/655/13 601/666/13
f 603/668/13 590/655/13 602/667/13
f 604/669/13 590/655/13 603/668/13
f 591/656/13 590/655/13 604/669/13
f 500/548/2 605/670/131 606/671/2
f 502/550/129 606/671/2 607/672/129
f 504/552/128 607/672/129 608/673/128
f 506/554/127 608/673/128 609/674/127
f 508/556/126 609/674/127 610/675/126
f 510/558/125 610/675/126 611/676/125
f 512/560/124 611/676/125 612/677/124
f 514/562/123 612/677/124 613/678/123
f 516/564/122 613/678/123 614/679/122
f 518/566/121 614/679/122 615/680/121
f 520/568/120 615/680/121 616/681/120
f 522/570/119 616/681/120 617/682/119
f 524/572/117 617/682/119 618/683/117
f 526/574/132 618/683/117 619/684/132
f 528/576/131 619/684/132 605/685/131
f 588/652/13 605/670/13 559/686/13
f 607/672/13 588/652/13 586/650/13
f 608/673/13 586/650/13 584/648/13
f 609/674/13 584/648/13 582/646/13
f 580/644/13 609/674/13 582/646/13
f 578/642/13 610/675/13 580/644/13
f 576/640/13 611/676/13 578/642/13
f 574/638/13 612/677/13 576/640/13
f 572/636/13 613/678/13 574/638/13
f 570/634/13 614/679/13 572/636/13
f 616/681/13 570/634/13 568/632/13
f 617/682/13 568/632/13 566/630/13
f 564/628/13 617/682/13 566/630/13
f 562/626/13 618/683/13 564/628/13
f 559/623/13 619/684/13 562/626/13
f 620/687/132 621/688/131 622/689/132
f 623/690/117 622/689/132 624/691/117
f 625/692/119 624/691/117 626/693/119
f 627/694/120 626/693/119 628/695/120
f 629/696/121 628/695/120 630/697/121
f 631/698/122 630/697/121 632/699/122
f 633/700/123 632/699/122 634/701/123
f 635/702/124 634/701/123 636/703/124
f 637/704/125 636/703/124 638/705/125
f 639/706/126 638/705/125 640/707/126
f 641/708/127 640/707/126 642/709/127
f 643/710/128 642/709/127 644/711/128
f 645/712/129 644/711/128 646/713/129
f 647/714/2 646/713/129 648/715/2
f 649/716/131 648/715/2 621/688/131
f 622/689/22 561/717/22 560/718/22
f 591/656/13 620/687/13 589/654/13
f 624/691/22 560/718/22 563/719/22
f 620/687/13 592/657/13 589/654/13
f 626/693/22 563/719/22 565/720/22
f 592/657/13 625/692/13 593/658/13
f 567/721/22 626/693/22 565/720/22
f 625/692/13 594/659/13 593/658/13
f 569/722/22 628/695/22 567/721/22
f 627/694/13 595/660/13 594/659/13
f 632/699/22 569/722/22 571/723/22
f 595/660/13 631/698/13 596/661/13
f 634/701/22 571/723/22 573/724/22
f 596/661/13 633/700/13 597/662/13
f 636/703/22 573/724/22 575/725/22
f 597/662/13 635/702/13 598/663/13
f 638/705/22 575/725/22 577/726/22
f 598/663/13 637/704/13 599/664/13
f 640/707/22 577/726/22 579/727/22
f 599/664/13 639/706/13 600/665/13
f 642/709/22 579/727/22 581/728/22
f 600/665/13 641/708/13 601/666/13
f 583/729/22 642/709/22 581/728/22
f 641/708/13 602/667/13 601/666/13
f 585/730/22 644/711/22 583/729/22
f 643/710/13 603/668/13 602/667/13
f 648/715/22 585/730/22 587/731/22
f 603/668/13 647/714/13 604/669/13
f 621/688/22 587/731/22 561/717/22
f 604/669/13 649/716/13 591/656/13
f 650/732/10 651/733/10 652/734/10
f 653/735/23 654/736/23 655/737/23
f 656/738/24 657/739/24 658/740/24
f 659/741/25 652/742/25 660/743/25
f 650/732/22 661/744/22 662/745/22
f 652/734/13 663/746/13 660/747/13
f 664/748/26 665/749/26 654/736/26
f 666/750/22 659/741/22 667/751/22
f 660/743/27 667/751/28 659/741/27
f 660/743/13 668/752/13 669/753/13
f 670/754/29 671/755/29 665/749/29
f 666/750/22 672/756/22 673/757/22
f 669/753/28 672/756/4 667/751/28
f 668/752/13 674/758/13 669/753/13
f 675/759/30 676/760/31 671/755/30
f 673/757/22 677/761/22 678/762/22
f 674/758/4 677/761/4 672/756/4
f 679/763/13 680/764/13 674/758/13
f 681/765/13 655/737/13 654/766/13
f 682/767/13 654/736/13 665/749/13
f 683/768/13 665/749/13 671/755/13
f 684/769/13 671/755/13 676/760/13
f 685/770/32 686/771/32 687/772/32
f 675/759/22 688/773/22 689/774/22
f 670/754/22 690/775/22 675/759/22
f 664/748/22 691/776/22 670/754/22
f 692/777/22 653/735/22 693/778/22
f 693/778/10 655/737/10 694/779/10
f 651/733/13 681/765/13 663/746/13
f 662/745/10 694/779/10 651/733/10
f 662/745/22 692/777/22 693/778/22
f 692/780/22 666/750/22 691/776/22
f 691/776/22 673/757/22 690/775/22
f 690/775/22 678/762/22 688/773/22
f 688/773/33 695/781/33 684/769/33
f 695/781/13 683/768/13 684/769/13
f 679/763/13 682/767/13 683/768/13
f 668/752/13 681/782/13 682/767/13
f 678/762/34 696/783/34 695/781/34
f 677/761/22 697/784/22 678/762/22
f 680/764/4 698/785/4 677/761/4
f 680/764/13 696/783/13 699/786/13
f 689/774/35 700/787/36 676/760/31
f 689/774/22 701/788/22 702/789/22
f 684/769/37 701/788/37 688/773/37
f 676/760/13 703/790/13 684/769/13
f 697/784/2 704/791/133 696/783/2
f 698/785/22 705/792/22 697/784/22
f 699/786/4 706/793/4 698/785/4
f 696/783/13 707/794/13 699/786/13
f 702/789/36 708/795/39 700/787/36
f 702/789/22 709/796/22 710/797/22
f 703/790/40 709/796/134 701/788/40
f 700/787/13 711/798/13 703/790/13
f 710/797/39 712/799/42 708/795/39
f 710/797/22 713/800/22 714/801/22
f 711/798/135 713/800/136 709/796/134
f 708/795/13 715/802/13 711/798/13
f 714/801/42 716/803/45 712/799/42
f 714/801/22 717/804/22 718/805/22
f 715/802/136 717/804/46 713/800/136
f 712/799/13 719/806/13 715/802/13
f 718/805/45 720/807/47 716/803/45
f 717/804/22 721/808/22 718/805/22
f 719/806/48 722/809/49 717/804/46
f 719/806/13 720/807/13 723/810/13
f 721/808/47 724/811/50 720/807/47
f 722/809/22 725/812/22 721/808/22
f 723/810/49 726/813/51 722/809/49
f 723/810/13 724/811/13 727/814/13
f 705/792/52 728/815/53 704/791/133
f 705/792/22 729/816/22 730/817/22
f 707/794/4 729/816/4 706/793/4
f 704/791/13 731/818/13 707/794/13
f 725/812/50 732/819/54 724/811/50
f 726/813/22 733/820/22 725/812/22
f 727/814/55 734/821/56 726/813/51
f 727/814/13 732/819/13 735/822/13
f 730/817/57 736/823/57 728/815/57
f 730/817/22 737/824/22 738/825/22
f 731/818/4 737/824/4 729/816/4
f 728/815/13 739/826/13 731/818/13
f 733/820/54 740/827/58 732/819/54
f 734/821/22 741/828/22 733/820/22
f 735/822/59 742/829/60 734/821/56
f 735/822/13 740/827/13 743/830/13
f 737/824/22 744/831/22 738/825/22
f 739/826/4 745/832/4 737/824/4
f 736/823/13 746/833/13 739/826/13
f 741/828/58 747/834/61 740/827/58
f 742/829/22 748/835/22 741/828/22
f 743/830/13 747/834/13 749/836/13
f 738/825/22 750/837/22 742/829/22
f 751/838/62 752/839/62 753/840/62
f 736/823/13 749/836/13 754/841/13
f 738/825/63 743/830/63 736/823/63
f 745/832/22 753/840/22 744/831/22
f 746/833/4 755/842/4 745/832/4
f 746/833/13 751/838/13 756/843/13
f 748/835/64 757/844/65 747/834/61
f 750/837/22 758/845/22 748/835/22
f 749/836/13 757/844/13 759/846/13
f 754/841/13 759/846/13 751/838/13
f 744/831/22 752/839/22 750/837/22
f 753/840/66 760/847/66 751/838/66
f 755/842/22 761/848/22 753/840/22
f 756/843/4 762/849/4 755/842/4
f 756/843/13 760/847/13 763/850/13
f 758/845/65 764/851/67 757/844/65
f 758/845/22 765/852/22 766/853/22
f 759/846/68 765/852/68 752/839/68
f 757/844/13 767/854/13 759/846/13
f 761/848/69 768/855/70 760/847/69
f 762/849/22 769/856/22 761/848/22
f 763/850/4 770/857/4 762/849/4
f 763/850/13 768/855/13 771/858/13
f 766/853/71 772/859/72 764/851/71
f 766/853/22 773/860/22 774/861/22
f 767/854/73 773/860/74 765/852/73
f 764/851/13 775/862/13 767/854/13
f 769/856/137 776/863/138 768/855/70
f 770/857/22 777/864/22 769/856/22
f 771/858/4 778/865/4 770/857/4
f 771/858/13 776/863/13 779/866/13
f 774/861/77 780/867/78 772/859/72
f 773/860/22 781/868/22 774/861/22
f 775/862/79 782/869/80 773/860/74
f 775/862/13 780/867/13 783/870/13
f 781/868/81 784/871/82 780/867/78
f 782/869/22 785/872/22 781/868/22
f 783/870/80 786/873/83 782/869/80
f 783/870/13 784/871/13 787/874/13
f 785/872/82 788/875/139 784/871/82
f 786/873/22 789/876/22 785/872/22
f 787/874/83 790/877/85 786/873/83
f 787/874/13 788/875/13 791/878/13
f 789/876/84 792/879/140 788/875/139
f 790/877/22 793/880/22 789/876/22
f 791/878/85 794/881/87 790/877/85
f 791/878/13 792/879/13 795/882/13
f 793/880/141 796/883/88 792/879/140
f 794/881/22 797/884/22 793/880/22
f 795/882/87 798/885/89 794/881/87
f 795/882/13 796/883/13 799/886/13
f 797/884/142 800/887/90 796/883/88
f 798/885/22 801/888/22 797/884/22
f 799/886/89 802/889/93 798/885/89
f 799/886/13 800/887/13 803/890/13
f 801/888/90 804/891/92 800/887/90
f 802/889/22 805/892/22 801/888/22
f 803/890/93 806/893/94 802/889/93
f 803/890/13 804/891/13 807/894/13
f 805/892/92 808/895/95 804/891/92
f 806/893/22 809/896/22 805/892/22
f 807/894/96 810/897/97 806/893/94
f 807/894/13 808/895/13 811/898/13
f 777/864/98 812/899/99 776/863/138
f 777/864/22 813/900/22 814/901/22
f 779/866/4 813/900/4 778/865/4
f 776/863/13 815/902/13 779/866/13
f 814/901/100 816/903/101 812/899/99
f 814/901/22 817/904/22 818/905/22
f 815/902/4 817/904/4 813/900/4
f 812/899/13 819/906/13 815/902/13
f 817/904/22 820/907/22 818/905/22
f 819/906/4 821/908/4 817/904/4
f 819/906/13 822/909/13 823/910/13
f 809/896/102 824/911/103 808/895/95
f 810/897/22 825/912/22 809/896/22
f 811/898/13 824/911/13 826/913/13
f 811/898/13 822/909/13 816/903/13
f 827/914/104 658/740/104 686/771/104
f 810/897/22 820/907/22 828/915/22
f 811/898/105 818/905/105 810/897/105
f 821/908/22 829/916/22 820/907/22
f 823/910/4 830/917/106 821/908/4
f 823/910/13 831/918/13 832/919/13
f 825/912/103 833/920/107 824/911/103
f 828/915/22 834/921/22 825/912/22
f 826/913/13 833/920/13 835/922/13
f 828/915/22 829/916/22 836/923/22
f 826/913/13 831/918/13 822/909/13
f 829/916/22 837/924/22 838/925/22
f 832/919/106 837/924/143 830/917/106
f 831/918/13 839/926/13 832/919/13
f 834/921/107 840/927/109 833/920/107
f 836/923/22 841/928/22 834/921/22
f 835/922/13 840/927/13 842/929/13
f 836/923/22 838/925/22 843/930/22
f 835/922/13 844/931/13 831/918/13
f 838/925/22 845/932/22 846/933/22
f 839/926/108 845/932/110 837/924/143
f 844/931/13 847/934/13 839/926/13
f 841/928/111 848/935/111 840/927/111
f 843/930/22 849/936/22 841/928/22
f 842/929/13 848/935/13 850/937/13
f 843/930/22 846/933/22 851/938/22
f 842/929/13 852/939/13 844/931/13
f 846/933/22 853/940/22 854/941/22
f 847/934/112 853/940/112 845/932/112
f 852/939/13 855/942/13 847/934/13
f 849/936/113 856/943/113 848/935/113
f 851/938/22 857/944/22 849/936/22
f 850/937/13 856/943/13 858/945/13
f 851/938/22 854/941/22 859/946/22
f 850/937/13 860/947/13 852/939/13
f 854/941/22 861/948/22 656/738/22
f 855/942/114 861/948/114 853/940/114
f 860/947/13 657/739/13 855/942/13
f 857/944/115 687/772/115 856/943/115
f 859/946/22 685/770/22 857/944/22
f 858/945/13 687/772/13 686/771/13
f 854/941/22 827/914/22 859/946/22
f 860/947/13 686/771/13 658/740/13
f 862/949/144 863/950/144 864/951/144
f 865/952/2 866/953/2 863/950/2
f 867/954/3 868/955/3 869/956/3
f 870/957/4 862/958/4 864/959/4
f 864/951/145 866/960/146 870/961/147
f 871/962/2 872/963/2 866/953/2
f 873/964/4 874/965/4 875/966/4
f 866/953/146 874/965/148 870/957/147
f 862/958/149 871/962/149 865/952/149
f 873/964/10 876/967/10 871/962/10
f 875/966/4 877/968/4 873/964/4
f 878/969/3 879/970/3 880/971/3
f 881/972/2 876/967/2 882/973/2
f 881/972/2 869/956/2 872/963/2
f 875/966/4 868/955/4 883/974/4
f 872/963/150 868/955/12 874/965/148
f 882/973/2 867/954/2 881/972/2
f 867/954/13 880/971/13 883/974/13
f 884/975/2 878/969/2 867/954/2
f 885/976/4 883/974/4 886/977/4
f 886/977/4 880/971/4 879/970/4
f 887/978/151 888/979/151 889/980/151
f 890/981/2 891/982/2 887/978/2
f 892/983/3 893/984/3 894/985/3
f 895/986/4 888/987/4 896/988/4
f 890/989/152 889/980/153 895/990/154
f 897/991/2 898/992/2 890/981/2
f 899/993/4 896/988/4 900/994/4
f 899/993/155 890/981/152 895/986/154
f 898/992/156 888/987/156 891/982/156
f 876/967/10 896/988/10 898/992/10
f 877/968/4 900/994/4 896/988/4
f 879/970/3 901/995/3 902/996/3
f 903/997/2 876/967/2 898/992/2
f 894/985/2 903/997/2 897/991/2
f 900/994/4 892/983/4 899/993/4
f 892/983/20 897/991/157 899/993/155
f 893/984/2 882/973/2 903/997/2
f 902/996/22 893/984/22 904/998/22
f 901/995/2 884/975/2 893/984/2
f 904/998/4 885/976/4 886/977/4
f 902/996/4 886/977/4 879/970/4
f 905/999/10 906/1000/10 907/1001/10
f 908/1002/2 909/1003/2 910/1004/2
f 911/1005/4 907/1006/4 912/1007/4
f 913/1008/22 914/1009/22 915/1010/22
f 907/1001/13 916/1011/13 912/1012/13
f 917/1013/10 918/1014/10 919/1015/10
f 920/1016/2 921/1017/2 922/1018/2
f 923/1019/4 918/1020/4 924/1021/4
f 925/1022/10 924/1023/10 917/1013/10
f 926/1024/2 927/1025/2 928/1026/2
f 911/1005/4 924/1021/4 905/1027/4
f 919/1015/10 929/1028/10 930/1029/10
f 931/1030/2 932/1031/2 933/1032/2
f 934/1033/4 929/1034/4 918/1020/4
f 930/1029/10 915/1010/10 914/1009/10
f 935/1035/2 936/1036/2 937/1037/2
f 938/1038/4 915/1039/4 929/1034/4
f 908/1002/13 928/1026/13 939/1040/13
f 920/1016/10 926/1024/10 908/1002/10
f 922/1018/22 940/1041/22 920/1016/22
f 939/1040/3 927/1025/3 922/1018/3
f 941/1042/13 933/1032/13 942/1043/13
f 935/1035/10 931/1030/10 941/1042/10
f 937/1037/22 943/1044/22 935/1035/22
f 942/1043/3 932/1031/3 937/1037/3
f 944/1045/3 912/1012/3 916/1046/3
f 945/1047/3 913/1048/3 938/1038/3
f 946/1049/158 947/1050/158 948/1051/158
f 949/1052/3 934/1033/3 923/1019/3
f 950/1053/158 951/1054/158 952/1055/158
f 953/1056/13 909/1057/13 954/1058/13
f 955/1059/3 909/1003/3 939/1040/3
f 922/1018/3 955/1059/3 939/1040/3
f 956/1060/3 922/1018/3 921/1017/3
f 957/1061/3 937/1037/3 958/1062/3
f 958/1062/3 936/1063/3 959/1064/3
f 959/1065/22 960/1066/22 961/1067/22
f 962/1068/10 960/1066/10 935/1035/10
f 963/1069/10 935/1035/10 941/1042/10
f 964/1070/10 965/1071/10 920/1016/10
f 966/1072/10 920/1016/10 908/1002/10
f 966/1072/10 910/1004/10 953/1056/10
f 967/1073/13 968/1074/13 954/1058/13
f 969/1075/3 967/1076/3 955/1059/3
f 970/1077/3 969/1075/3 971/1078/3
f 972/1079/3 956/1060/3 973/1080/3
f 974/1081/3 972/1079/3 958/1062/3
f 975/1082/3 974/1081/3 959/1064/3
f 976/1083/22 975/1084/22 961/1067/22
f 977/1085/10 976/1083/10 962/1068/10
f 978/1086/10 977/1085/10 963/1069/10
f 979/1087/10 980/1088/10 981/1089/10
f 982/1090/10 979/1087/10 966/1072/10
f 968/1074/10 982/1090/10 953/1056/10
f 983/1091/13 984/1092/13 934/1033/13
f 945/1047/2 985/1093/2 983/1091/2
f 938/1038/22 986/1094/22 945/1047/22
f 934/1033/4 987/1095/4 938/1038/4
f 949/1052/2 988/1096/2 944/1045/2
f 923/1019/22 989/1097/22 949/1052/22
f 911/1005/4 990/1098/4 923/1019/4
f 944/1045/13 991/1099/13 911/1005/13
f 984/1092/13 992/1100/13 993/1101/13
f 986/1094/159 992/1100/160 985/1093/159
f 987/1095/22 994/1102/22 986/1094/22
f 984/1092/161 995/1103/162 987/1095/161
f 989/1097/159 996/1104/160 988/1096/159
f 990/1098/22 997/1105/22 989/1097/22
f 991/1099/161 998/1106/162 990/1098/161
f 991/1099/13 996/1104/13 999/1107/13
f 993/1101/13 1000/1108/13 1001/1109/13
f 994/1102/160 1000/1108/163 992/1100/160
f 995/1103/22 1002/1110/22 994/1102/22
f 993/1101/162 1003/1111/164 995/1103/162
f 997/1105/160 1004/1112/163 996/1104/160
f 998/1106/22 1005/1113/22 997/1105/22
f 999/1107/162 1006/1114/164 998/1106/162
f 999/1107/13 1004/1112/13 1007/1115/13
f 1001/1109/13 1008/1116/13 1009/1117/13
f 1002/1110/165 1008/1116/166 1000/1108/163
f 1003/1111/22 1010/1118/22 1002/1110/22
f 1001/1109/167 1011/1119/168 1003/1111/164
f 1005/1113/169 1012/1120/166 1004/1112/163
f 1006/1114/22 1013/1121/22 1005/1113/22
f 1007/1115/167 1014/1122/168 1006/1114/164
f 1007/1115/13 1012/1120/13 1015/1123/13
f 1008/1116/13 1016/1124/13 1009/1117/13
f 1010/1118/166 1017/1125/170 1008/1116/166
f 1010/1118/22 1018/1126/22 1019/1127/22
f 1009/1117/168 1018/1126/171 1011/1119/168
f 1013/1121/166 1020/1128/172 1012/1120/166
f 1013/1121/22 1021/1129/22 1022/1130/22
f 1015/1123/168 1021/1129/173 1014/1122/168
f 1012/1120/13 1023/1131/13 1015/1123/13
f 1017/1125/13 1024/1132/13 1016/1124/13
f 1019/1127/170 1025/1133/174 1017/1125/170
f 1019/1127/22 1026/1134/22 1027/1135/22
f 1016/1124/175 1026/1134/176 1018/1126/171
f 1022/1130/177 1028/1136/178 1020/1128/172
f 1022/1130/22 1029/1137/22 1030/1138/22
f 1023/1131/173 1029/1137/179 1021/1129/173
f 1020/1128/13 1031/1139/13 1023/1131/13
f 1025/1133/13 1032/1140/13 1024/1132/13
f 1027/1135/174 1033/1141/180 1025/1133/174
f 1027/1135/22 1034/1142/22 1035/1143/22
f 1024/1132/176 1034/1142/181 1026/1134/176
f 1030/1138/178 1036/1144/182 1028/1136/178
f 1029/1137/22 1037/1145/22 1030/1138/22
f 1031/1139/179 1038/1146/183 1029/1137/179
f 1031/1139/13 1036/1144/13 1039/1147/13
f 1033/1141/13 1040/1148/13 1032/1140/13
f 1035/1143/184 1041/1149/185 1033/1141/180
f 1035/1143/22 1042/1150/22 1043/1151/22
f 1032/1140/186 1042/1150/187 1034/1142/181
f 1037/1145/188 1044/1152/189 1036/1144/182
f 1038/1146/22 1045/1153/22 1037/1145/22
f 1039/1147/190 1046/1154/191 1038/1146/183
f 1039/1147/13 1044/1152/13 1047/1155/13
f 1041/1149/13 1048/1156/13 1040/1148/13
f 1043/1151/192 1049/1157/193 1041/1149/185
f 1043/1151/22 1050/1158/22 1051/1159/22
f 1040/1148/187 1050/1158/194 1042/1150/187
f 1045/1153/189 1052/1160/195 1044/1152/189
f 1046/1154/22 1053/1161/22 1045/1153/22
f 1047/1155/191 1054/1162/196 1046/1154/191
f 1047/1155/13 1052/1160/13 1055/1163/13
f 1049/1157/13 948/1051/13 1048/1156/13
f 1051/1159/197 946/1049/198 1049/1157/193
f 1051/1159/22 947/1050/22 1056/1164/22
f 1048/1156/199 947/1050/200 1050/1158/194
f 1053/1161/201 952/1055/198 1052/1160/195
f 1053/1161/22 1057/1165/22 950/1053/22
f 1055/1163/202 1057/1165/200 1054/1162/196
f 1052/1160/13 951/1054/13 1055/1163/13
f 980/1088/10 941/1042/10 1058/1166/10
f 1058/1166/2 942/1043/2 1059/1167/2
f 1060/1168/3 942/1043/3 957/1061/3
f 1061/1169/10 1062/1170/10 965/1071/10
f 1063/1171/2 1064/1172/2 1065/1173/2
f 973/1080/3 921/1017/3 1066/1174/3
f 1067/1175/3 1066/1174/3 1068/1176/3
f 1062/1170/2 1068/1176/2 1066/1174/2
f 1069/1177/10 1070/1178/10 1062/1170/10
f 1060/1168/3 1068/1176/3 1059/1167/3
f 1071/1179/2 1072/1180/2 1073/1181/2
f 981/1089/10 1058/1166/10 1070/1178/10
f 965/1071/203 1074/1182/203 921/1017/203
f 965/1071/10 1075/1183/10 1076/1184/10
f 1066/1174/204 1075/1183/205 1062/1170/204
f 921/1017/3 1077/1185/3 1066/1174/3
f 1070/1178/206 1078/1186/207 1068/1176/206
f 1058/1166/10 1079/1187/10 1070/1178/10
f 1059/1167/208 1080/1188/208 1058/1166/208
f 1059/1167/3 1078/1186/3 1081/1189/3
f 1082/1190/209 1083/1191/209 1084/1192/209
f 1074/1182/3 1085/1193/3 1077/1185/3
f 1077/1185/210 1086/1194/211 1075/1183/205
f 1076/1184/10 1086/1194/10 1087/1195/10
f 1081/1189/3 1088/1196/3 1089/1197/3
f 1090/1198/212 1091/1199/212 1092/1200/212
f 1080/1188/10 1093/1201/10 1079/1187/10
f 1079/1187/213 1088/1196/214 1078/1186/207
f 1094/1202/3 1072/1180/3 1095/1203/3
f 1095/1203/215 1096/1204/216 1097/1205/215
f 1098/1206/10 1096/1204/10 1071/1179/10
f 1098/1206/217 1073/1181/218 1094/1202/217
f 1099/1207/219 1065/1173/220 1100/1208/219
f 1101/1209/3 1065/1173/3 1064/1172/3
f 1101/1209/221 1102/1210/222 1103/1211/221
f 1103/1211/10 1063/1171/10 1099/1207/10
f 1087/1195/209 1100/1208/219 1104/1212/209
f 1104/1212/3 1101/1209/3 1085/1193/3
f 1085/1193/211 1103/1211/221 1086/1194/211
f 1087/1195/10 1103/1211/10 1099/1207/10
f 1089/1197/3 1094/1202/3 1095/1203/3
f 1089/1197/212 1097/1205/215 1105/1213/212
f 1105/1213/10 1098/1206/10 1093/1201/10
f 1093/1201/214 1094/1202/217 1088/1196/214
f 1076/1184/223 1084/1192/223 1074/1182/223
f 1076/1184/10 1106/1214/10 1082/1190/10
f 1104/1212/224 1106/1214/224 1087/1195/224
f 1074/1182/3 1083/1191/3 1104/1212/3
f 1081/1189/225 1092/1200/225 1080/1188/225
f 1081/1189/3 1107/1215/3 1090/1198/3
f 1105/1213/226 1107/1215/226 1089/1197/226
f 1080/1188/10 1091/1199/10 1105/1213/10
f 1108/1216/10 1109/1217/10 1110/1218/10
f 1111/1219/2 1112/1220/2 1113/1221/2
f 1114/1222/4 1109/1223/4 1115/1224/4
f 1116/1225/13 1113/1221/13 1117/1226/13
f 1118/1227/10 1111/1219/10 1116/1225/10
f 1119/1228/22 1120/1229/22 1118/1227/22
f 1117/1226/3 1112/1220/3 1119/1228/3
f 1121/1230/158 1122/1231/158 1123/1232/158
f 1124/1233/3 1119/1228/3 1125/1234/3
f 1126/1235/10 1118/1227/10 1116/1225/10
f 1127/1236/3 1128/1237/3 1125/1234/3
f 1129/1238/10 1130/1239/10 1126/1235/10
f 1131/1240/13 1132/1241/13 1114/1222/13
f 1133/1242/2 1134/1243/2 1131/1240/2
f 1135/1244/22 1136/1245/22 1133/1242/22
f 1114/1222/4 1137/1246/4 1135/1244/4
f 1132/1241/13 1138/1247/13 1139/1248/13
f 1136/1245/159 1138/1247/160 1134/1243/159
f 1137/1246/22 1140/1249/22 1136/1245/22
f 1132/1241/161 1141/1250/162 1137/1246/161
f 1139/1248/13 1142/1251/13 1143/1252/13
f 1140/1249/160 1142/1251/163 1138/1247/160
f 1141/1250/22 1144/1253/22 1140/1249/22
f 1139/1248/162 1145/1254/227 1141/1250/162
f 1143/1252/13 1146/1255/13 1147/1256/13
f 1144/1253/165 1146/1255/166 1142/1251/163
f 1145/1254/22 1148/1257/22 1144/1253/22
f 1143/1252/167 1149/1258/168 1145/1254/227
f 1146/1255/13 1150/1259/13 1147/1256/13
f 1148/1257/166 1151/1260/228 1146/1255/166
f 1148/1257/22 1152/1261/22 1153/1262/22
f 1147/1256/168 1152/1261/171 1149/1258/168
f 1151/1260/13 1154/1263/13 1150/1259/13
f 1153/1262/170 1155/1264/174 1151/1260/228
f 1153/1262/22 1156/1265/22 1157/1266/22
f 1150/1259/175 1156/1265/176 1152/1261/171
f 1155/1264/13 1158/1267/13 1154/1263/13
f 1157/1266/174 1159/1268/180 1155/1264/174
f 1157/1266/22 1160/1269/22 1161/1270/22
f 1154/1263/176 1160/1269/181 1156/1265/176
f 1159/1268/13 1162/1271/13 1158/1267/13
f 1161/1270/184 1163/1272/185 1159/1268/180
f 1161/1270/22 1164/1273/22 1165/1274/22
f 1158/1267/186 1164/1273/187 1160/1269/181
f 1163/1272/13 1166/1275/13 1162/1271/13
f 1165/1274/192 1167/1276/229 1163/1272/185
f 1165/1274/22 1168/1277/22 1169/1278/22
f 1162/1271/230 1168/1277/231 1164/1273/187
f 1167/1276/13 1123/1232/13 1166/1275/13
f 1169/1278/232 1121/1230/198 1167/1276/229
f 1169/1278/22 1122/1231/22 1170/1279/22
f 1166/1275/199 1122/1231/200 1168/1277/231
f 1125/1234/22 1118/1227/22 1171/1280/22
f 1127/1236/22 1171/1280/22 1130/1239/22
f 1109/1223/22 1133/1242/22 1110/1218/22
f 1126/1235/13 1117/1226/13 1124/1233/13
f 1129/1238/13 1124/1233/13 1128/1237/13
f 1131/1240/13 1115/1281/13 1108/1216/13
f 1172/1282/233 1173/1283/233 1174/1284/233
f 1175/1285/234 1176/1286/235 1172/1282/235
f 1177/1287/236 1178/1288/234 1175/1285/234
f 1179/1289/237 1180/1290/236 1177/1287/236
f 1181/1291/238 1182/1292/237 1179/1289/237
f 1183/1293/239 1184/1294/238 1181/1291/238
f 1185/1295/240 1186/1296/239 1183/1293/239
f 1187/1297/241 1188/1298/240 1185/1295/240
f 1189/1299/242 1190/1300/241 1187/1297/241
f 1191/1301/243 1192/1302/242 1189/1299/242
f 1193/1303/244 1194/1304/243 1191/1301/243
f 1195/1305/245 1196/1306/244 1193/1303/244
f 1197/1307/246 1198/1308/245 1195/1305/245
f 1199/1309/247 1200/1310/246 1197/1307/246
f 1174/1311/248 1201/1312/247 1199/1309/247
f 1202/1313/3 1203/1314/3 1204/1315/3
f 1205/1316/3 1202/1313/3 1204/1315/3
f 1206/1317/3 1205/1316/3 1204/1315/3
f 1207/1318/3 1206/1317/3 1204/1315/3
f 1208/1319/3 1207/1318/3 1204/1315/3
f 1209/1320/3 1208/1319/3 1204/1315/3
f 1210/1321/3 1209/1320/3 1204/1315/3
f 1211/1322/3 1210/1321/3 1204/1315/3
f 1212/1323/3 1211/1322/3 1204/1315/3
f 1213/1324/3 1212/1323/3 1204/1315/3
f 1214/1325/3 1213/1324/3 1204/1315/3
f 1215/1326/3 1214/1325/3 1204/1315/3
f 1216/1327/3 1215/1326/3 1204/1315/3
f 1217/1328/3 1216/1327/3 1204/1315/3
f 1203/1314/3 1217/1328/3 1204/1315/3
f 1218/1329/249 1219/1330/250 1220/1331/250
f 1221/1332/234 1222/1333/249 1218/1329/249
f 1223/1334/236 1224/1335/234 1221/1332/234
f 1225/1336/237 1226/1337/236 1223/1334/236
f 1227/1338/238 1228/1339/251 1225/1336/237
f 1229/1340/239 1230/1341/238 1227/1338/238
f 1231/1342/240 1232/1343/239 1229/1340/239
f 1233/1344/241 1234/1345/240 1231/1342/240
f 1235/1346/242 1236/1347/241 1233/1344/241
f 1237/1348/252 1238/1349/242 1235/1346/242
f 1239/1350/253 1240/1351/253 1241/1352/253
f 1242/1353/245 1243/1354/254 1244/1355/254
f 1245/1356/246 1246/1357/245 1242/1353/245
f 1247/1358/247 1248/1359/246 1245/1356/246
f 1220/1331/250 1249/1360/247 1247/1358/247
f 1250/1361/3 1218/1329/3 1220/1331/3
f 1251/1362/10 1222/1333/10 1252/1363/10
f 1253/1364/3 1221/1332/3 1218/1329/3
f 1252/1363/10 1224/1335/10 1254/1365/10
f 1255/1366/3 1223/1334/3 1221/1332/3
f 1254/1365/10 1226/1337/10 1256/1367/10
f 1257/1368/3 1225/1336/3 1223/1334/3
f 1256/1367/10 1228/1339/10 1258/1369/10
f 1259/1370/3 1227/1338/3 1225/1336/3
f 1258/1369/10 1230/1341/10 1260/1371/10
f 1261/1372/3 1229/1340/3 1227/1338/3
f 1260/1371/10 1232/1343/10 1262/1373/10
f 1263/1374/3 1231/1342/3 1229/1340/3
f 1262/1373/10 1234/1345/10 1264/1375/10
f 1265/1376/3 1233/1344/3 1231/1342/3
f 1264/1375/10 1236/1347/10 1266/1377/10
f 1267/1378/3 1233/1344/3 1268/1379/3
f 1269/1380/10 1236/1347/10 1238/1349/10
f 1270/1381/3 1235/1346/3 1267/1378/3
f 1269/1380/10 1271/1382/255 1272/1383/10
f 1273/1384/3 1237/1348/3 1270/1381/3
f 1272/1383/10 1243/1354/256 1274/1385/10
f 1273/1384/3 1242/1353/3 1244/1355/3
f 1274/1385/10 1246/1357/10 1275/1386/10
f 1276/1387/3 1242/1353/3 1277/1388/3
f 1278/1389/10 1246/1357/10 1248/1359/10
f 1276/1387/3 1247/1358/3 1245/1356/3
f 1278/1389/10 1249/1360/10 1279/1390/10
f 1280/1391/3 1220/1331/3 1247/1358/3
f 1279/1390/10 1219/1330/10 1251/1362/10
f 1252/1392/249 1281/1393/257 1251/1394/250
f 1254/1395/234 1282/1396/258 1252/1392/249
f 1256/1397/236 1283/1398/259 1254/1395/234
f 1256/1397/236 1284/1399/260 1285/1400/261
f 1258/1401/262 1286/1402/263 1284/1399/260
f 1262/1403/239 1286/1402/263 1260/1404/238
f 1264/1405/240 1287/1406/264 1262/1403/239
f 1266/1407/241 1288/1408/265 1264/1405/240
f 1269/1409/242 1289/1410/266 1266/1407/241
f 1272/1411/243 1290/1412/267 1269/1409/242
f 1274/1413/268 1291/1414/269 1272/1411/243
f 1275/1415/245 1292/1416/270 1274/1413/268
f 1278/1417/246 1293/1418/271 1275/1415/245
f 1279/1419/247 1294/1420/272 1278/1417/246
f 1251/1394/250 1295/1421/273 1279/1419/247
f 1281/1393/257 1296/1422/274 1297/1423/275
f 1282/1396/258 1298/1424/276 1296/1422/274
f 1283/1398/259 1299/1425/277 1298/1424/276
f 1285/1400/261 1300/1426/278 1299/1425/277
f 1284/1399/260 1301/1427/279 1300/1426/278
f 1286/1402/263 1302/1428/280 1301/1427/279
f 1287/1406/264 1303/1429/281 1302/1428/280
f 1289/1410/266 1303/1429/281 1288/1408/265
f 1290/1412/267 1304/1430/282 1289/1410/266
f 1291/1414/269 1305/1431/283 1290/1412/267
f 1292/1416/270 1306/1432/284 1291/1414/269
f 1293/1418/271 1307/1433/285 1292/1416/270
f 1294/1420/272 1308/1434/286 1293/1418/271
f 1295/1421/273 1309/1435/287 1294/1420/272
f 1295/1421/273 1297/1423/275 1310/1436/288
f 1311/1437/289 1312/1438/290 1313/1439/291
f 1314/1440/292 1315/1441/293 1311/1437/289
f 1314/1440/292 1316/1442/294 1317/1443/295
f 1318/1444/296 1319/1445/297 1316/1442/294
f 1320/1446/298 1321/1447/299 1319/1445/297
f 1322/1448/300 1323/1449/301 1321/1447/299
f 1324/1450/302 1325/1451/303 1323/1449/301
f 1326/1452/304 1327/1453/305 1325/1451/303
f 1328/1454/306 1327/1453/305 1329/1455/307
f 1330/1456/308 1331/1457/309 1328/1454/306
f 1330/1456/308 1332/1458/310 1333/1459/311
f 1334/1460/312 1335/1461/313 1332/1458/310
f 1336/1462/314 1337/1463/315 1335/1461/313
f 1338/1464/316 1337/1463/315 1339/1465/317
f 1313/1466/291 1340/1467/318 1338/1464/316
f 1315/1441/293 1341/1468/319 1312/1438/290
f 1315/1441/293 1342/1469/320 1343/1470/321
f 1317/1443/295 1344/1471/322 1342/1469/320
f 1316/1442/294 1345/1472/323 1344/1471/322
f 1319/1445/297 1346/1473/324 1345/1472/323
f 1321/1447/299 1347/1474/325 1346/1473/324
f 1325/1451/303 1347/1474/325 1323/1449/301
f 1327/1453/305 1348/1475/326 1325/1451/303
f 1331/1457/309 1349/1476/327 1327/1453/305
f 1333/1459/311 1350/1477/328 1331/1457/309
f 1333/1459/311 1351/1478/329 1352/1479/330
f 1335/1461/313 1351/1478/329 1332/1458/310
f 1337/1463/315 1353/1480/331 1335/1461/313
f 1340/1467/318 1354/1481/332 1337/1463/315
f 1340/1467/318 1341/1482/319 1355/1483/333
f 1343/1470/321 1356/1484/334 1341/1468/319
f 1342/1469/320 1357/1485/335 1343/1470/321
f 1344/1471/322 1358/1486/336 1342/1469/320
f 1345/1472/323 1359/1487/337 1344/1471/322
f 1345/1472/323 1360/1488/338 1361/1489/339
f 1346/1473/324 1362/1490/340 1360/1488/338
f 1348/1475/326 1362/1490/340 1347/1474/325
f 1348/1475/326 1363/1491/341 1364/1492/342
f 1349/1476/327 1365/1493/343 1363/1491/341
f 1350/1477/328 1366/1494/344 1365/1493/343
f 1351/1478/329 1366/1494/344 1352/1479/330
f 1353/1480/331 1367/1495/345 1351/1478/329
f 1354/1481/332 1368/1496/346 1353/1480/331
f 1355/1483/333 1369/1497/347 1354/1481/332
f 1341/1482/319 1370/1498/348 1355/1483/333
f 1356/1484/334 1371/1499/349 1372/1500/350
f 1358/1486/336 1371/1499/349 1357/1485/335
f 1358/1486/336 1373/1501/351 1374/1502/352
f 1359/1487/337 1375/1503/353 1373/1501/351
f 1360/1488/338 1375/1503/353 1361/1489/339
f 1360/1488/338 1376/1504/354 1377/1505/355
f 1364/1492/342 1376/1504/354 1362/1490/340
f 1364/1492/342 1378/1506/356 1379/1507/357
f 1363/1491/341 1380/1508/358 1378/1506/356
f 1365/1493/343 1381/1509/359 1380/1508/358
f 1367/1495/345 1381/1509/359 1366/1494/344
f 1368/1496/346 1382/1510/360 1367/1495/345
f 1368/1496/346 1383/1511/361 1384/1512/362
f 1370/1498/348 1383/1511/361 1369/1497/347
f 1370/1498/348 1372/1513/350 1385/1514/363
f 1371/1499/349 1386/1515/364 1372/1500/350
f 1374/1502/352 1387/1516/365 1371/1499/349
f 1374/1502/352 1388/1517/366 1389/1518/367
f 1373/1501/351 1390/1519/368 1388/1517/366
f 1375/1503/353 1391/1520/369 1390/1519/368
f 1376/1504/354 1391/1520/369 1377/1505/355
f 1379/1507/357 1392/1521/370 1376/1504/354
f 1379/1507/357 1393/1522/371 1394/1523/372
f 1380/1508/358 1393/1522/371 1378/1506/356
f 1381/1509/359 1395/1524/373 1380/1508/358
f 1382/1510/360 1396/1525/374 1381/1509/359
f 1384/1512/362 1397/1526/375 1382/1510/360
f 1384/1512/362 1398/1527/376 1399/1528/377
f 1383/1511/361 1400/1529/378 1398/1527/376
f 1385/1514/363 1386/1530/364 1400/1529/378
f 1386/1515/364 1401/1531/379 1402/1532/380
f 1387/1516/365 1403/1533/381 1401/1531/379
f 1388/1517/366 1403/1533/381 1389/1518/367
f 1388/1517/366 1404/1534/382 1405/1535/383
f 1391/1520/369 1404/1534/382 1390/1519/368
f 1391/1520/369 1406/1536/384 1407/1537/385
f 1394/1523/372 1406/1536/384 1392/1521/370
f 1393/1522/371 1408/1538/386 1394/1523/372
f 1393/1522/371 1409/1539/387 1410/1540/388
f 1395/1524/373 1411/1541/389 1409/1539/387
f 1397/1526/375 1411/1541/389 1396/1525/374
f 1399/1528/377 1412/1542/390 1397/1526/375
f 1398/1527/376 1413/1543/391 1399/1528/377
f 1398/1527/376 1414/1544/392 1415/1545/393
f 1386/1530/364 1414/1544/392 1400/1529/378
f 1402/1532/380 1401/1531/379 1416/1546/10
f 1401/1531/379 1403/1533/381 1416/1547/10
f 1403/1533/381 1405/1535/383 1416/1548/10
f 1405/1535/383 1404/1534/382 1416/1549/10
f 1404/1534/382 1407/1537/385 1416/1550/10
f 1407/1537/385 1406/1536/384 1416/1551/10
f 1406/1536/384 1408/1538/386 1416/1552/10
f 1408/1538/386 1410/1540/388 1416/1553/10
f 1410/1540/388 1409/1539/387 1416/1554/10
f 1409/1539/387 1411/1541/389 1416/1555/10
f 1411/1541/389 1412/1542/390 1416/1556/10
f 1412/1542/390 1413/1543/391 1416/1557/10
f 1413/1543/391 1415/1545/393 1416/1558/10
f 1415/1545/393 1414/1544/392 1416/1559/10
f 1414/1544/392 1402/1560/380 1416/1561/10
f 1296/1422/394 1314/1562/394 1311/1563/394
f 1298/1424/395 1318/1564/395 1314/1562/395
f 1300/1426/396 1318/1564/396 1299/1425/396
f 1301/1427/397 1320/1565/397 1300/1426/397
f 1302/1428/398 1322/1566/399 1301/1427/399
f 1303/1429/400 1324/1567/401 1302/1428/401
f 1304/1430/402 1326/1568/403 1303/1429/404
f 1305/1431/405 1329/1569/406 1304/1430/407
f 1306/1432/408 1328/1570/408 1305/1431/408
f 1306/1432/409 1334/1571/409 1330/1572/409
f 1307/1433/410 1336/1573/410 1334/1571/410
f 1308/1434/411 1339/1574/412 1336/1573/413
f 1309/1435/414 1338/1575/414 1339/1574/414
f 1310/1436/415 1313/1576/416 1338/1575/415
f 1297/1423/417 1311/1563/417 1313/1577/417
f 1417/1578/418 1418/1579/419 1419/1580/419
f 1243/1581/420 1239/1582/420 1244/1583/420
f 1243/1584/256 1240/1585/421 1420/1586/421
f 1237/1587/422 1240/1588/422 1271/1589/422
f 1244/1590/236 1421/1591/423 1237/1592/236
f 1244/1593/420 1422/1594/420 1423/1595/420
f 1241/1596/253 1422/1597/424 1239/1598/253
f 1237/1599/422 1424/1600/425 1241/1601/422
f 1421/1602/426 1418/1579/427 1424/1600/425
f 1422/1597/424 1418/1603/428 1425/1604/429
f 1423/1605/430 1419/1606/431 1421/1591/423
f 1422/1594/432 1426/1607/433 1427/1608/432
f 1425/1604/429 1428/1609/434 1429/1610/435
f 1425/1611/418 1430/1612/436 1431/1613/436
f 1417/1614/437 1427/1615/438 1430/1616/439
f 1428/1617/440 1426/1618/441 1429/1619/440
f 1432/1620/442 1433/1621/443 1434/1622/444
f 1434/1622/444 1435/1623/445 1436/1624/446
f 1436/1624/446 1437/1625/447 1438/1626/448
f 1438/1626/448 1439/1627/449 1440/1628/450
f 1440/1628/450 1441/1629/451 1442/1630/452
f 1442/1630/452 1443/1631/453 1444/1632/454
f 1444/1632/454 1445/1633/455 1446/1634/456
f 1445/1633/455 1447/1635/457 1446/1634/456
f 1448/1636/458 1449/1637/459 1447/1635/457
f 1450/1638/460 1451/1639/461 1449/1637/459
f 1452/1640/462 1453/1641/463 1451/1639/461
f 1454/1642/464 1455/1643/465 1453/1641/463
f 1456/1644/466 1457/1645/467 1455/1643/465
f 1458/1646/468 1459/1647/469 1457/1645/467
f 1459/1647/469 1460/1648/470 1432/1649/442
f 1461/1650/471 1462/1651/472 1463/1652/473
f 1464/1653/474 1462/1651/472 1461/1650/471
f 1465/1654/475 1462/1651/472 1464/1653/474
f 1466/1655/476 1462/1651/472 1465/1654/475
f 1467/1656/477 1462/1651/472 1466/1655/476
f 1468/1657/478 1462/1651/472 1467/1656/477
f 1469/1658/479 1462/1651/472 1468/1657/478
f 1470/1659/480 1462/1651/472 1469/1658/479
f 1471/1660/481 1462/1651/472 1470/1659/480
f 1472/1661/482 1462/1651/472 1471/1660/481
f 1473/1662/483 1462/1651/472 1472/1661/482
f 1474/1663/484 1462/1651/472 1473/1662/483
f 1475/1664/485 1462/1651/472 1474/1663/484
f 1476/1665/486 1462/1651/472 1475/1664/485
f 1463/1652/473 1462/1651/472 1476/1665/486
f 1477/1666/487 1478/1667/488 1479/1668/488
f 1479/1668/488 1480/1669/489 1481/1670/489
f 1481/1670/489 1482/1671/490 1483/1672/490
f 1483/1672/490 1484/1673/491 1485/1674/491
f 1484/1673/491 1486/1675/492 1485/1674/491
f 1486/1675/492 1487/1676/493 1488/1677/493
f 1488/1677/493 1489/1678/494 1490/1679/494
f 1490/1679/494 1491/1680/495 1492/1681/495
f 1492/1681/495 1493/1682/496 1494/1683/496
f 1494/1683/496 1495/1684/497 1496/1685/497
f 1497/1686/498 1498/1687/498 1499/1688/498
f 1500/1689/499 1501/1690/500 1502/1691/499
f 1503/1692/500 1504/1693/501 1501/1690/500
f 1505/1694/501 1506/1695/502 1504/1693/501
f 1507/1696/502 1477/1666/487 1506/1695/502
f 1508/1697/503 1479/1668/503 1509/1698/503
f 1478/1667/504 1510/1699/505 1511/1700/504
f 1509/1698/503 1481/1670/503 1512/1701/503
f 1513/1702/505 1478/1667/504 1511/1700/504
f 1481/1670/503 1514/1703/506 1512/1701/503
f 1515/1704/507 1480/1669/505 1513/1702/505
f 1483/1672/506 1516/1705/506 1514/1703/506
f 1517/1706/505 1482/1671/507 1515/1704/507
f 1516/1705/506 1486/1675/506 1518/1707/506
f 1519/1708/505 1484/1673/505 1517/1706/505
f 1518/1707/506 1488/1677/506 1520/1709/506
f 1487/1676/505 1519/1708/505 1521/1710/505
f 1488/1677/506 1522/1711/506 1520/1709/506
f 1489/1678/505 1521/1710/505 1523/1712/505
f 1490/1679/506 1524/1713/506 1522/1711/506
f 1525/1714/505 1489/1678/505 1523/1712/505
f 1492/1681/506 1526/1715/506 1524/1713/506
f 1527/1716/507 1491/1680/505 1525/1714/505
f 1494/1683/506 1528/1717/508 1526/1715/506
f 1529/1718/505 1493/1682/507 1527/1716/507
f 1496/1685/508 1530/1719/506 1528/1717/508
f 1531/1720/505 1495/1684/509 1529/1718/505
f 1530/1719/506 1501/1690/506 1532/1721/506
f 1533/1722/504 1500/1689/510 1531/1720/505
f 1532/1721/506 1504/1693/506 1534/1723/506
f 1505/1694/504 1533/1722/504 1535/1724/504
f 1534/1723/506 1506/1695/506 1536/1725/506
f 1507/1696/505 1535/1724/504 1537/1726/505
f 1536/1725/506 1477/1666/503 1508/1697/503
f 1538/1727/505 1537/1726/505 1510/1699/505
f 1539/1728/511 1511/1729/512 1510/1730/487
f 1540/1731/513 1513/1732/489 1511/1729/512
f 1541/1733/514 1515/1734/490 1513/1732/489
f 1542/1735/515 1517/1736/491 1515/1734/490
f 1543/1737/516 1519/1738/492 1517/1736/491
f 1544/1739/517 1521/1740/518 1519/1738/492
f 1521/1740/518 1545/1741/519 1523/1742/520
f 1545/1741/519 1525/1743/521 1523/1742/520
f 1546/1744/522 1527/1745/523 1525/1743/521
f 1547/1746/524 1529/1747/525 1527/1745/523
f 1548/1748/526 1531/1749/527 1529/1747/525
f 1549/1750/528 1533/1751/529 1531/1749/527
f 1533/1751/529 1550/1752/530 1535/1753/531
f 1535/1753/531 1551/1754/532 1537/1755/533
f 1551/1754/532 1510/1730/487 1537/1755/533
f 1539/1728/511 1552/1756/534 1540/1731/513
f 1540/1731/513 1553/1757/535 1541/1733/514
f 1541/1733/514 1554/1758/536 1542/1735/515
f 1542/1735/515 1555/1759/537 1543/1737/516
f 1543/1737/516 1556/1760/538 1544/1739/517
f 1544/1739/517 1557/1761/539 1558/1762/540
f 1558/1762/540 1559/1763/541 1545/1741/519
f 1559/1763/541 1546/1744/522 1545/1741/519
f 1560/1764/542 1547/1746/524 1546/1744/522
f 1561/1765/543 1548/1748/526 1547/1746/524
f 1562/1766/544 1549/1750/528 1548/1748/526
f 1563/1767/545 1564/1768/546 1549/1750/528
f 1565/1769/547 1550/1752/530 1564/1768/546
f 1566/1770/548 1551/1754/532 1550/1752/530
f 1551/1754/532 1567/1771/549 1539/1728/511
f 1568/1772/550 1569/1773/551 1570/1774/552
f 1571/1775/553 1572/1776/554 1569/1773/551
f 1572/1776/554 1573/1777/555 1574/1778/556
f 1573/1777/555 1575/1779/557 1574/1778/556
f 1576/1780/558 1577/1781/559 1575/1779/557
f 1578/1782/560 1579/1783/561 1577/1781/559
f 1580/1784/562 1581/1785/563 1579/1783/561
f 1582/1786/564 1583/1787/565 1581/1785/563
f 1583/1787/565 1584/1788/566 1585/1789/567
f 1585/1789/567 1586/1790/568 1587/1791/569
f 1587/1791/569 1588/1792/570 1589/1793/571
f 1589/1793/571 1590/1794/572 1591/1795/573
f 1590/1794/572 1592/1796/574 1591/1795/573
f 1593/1797/575 1594/1798/576 1592/1796/574
f 1594/1798/576 1568/1799/550 1570/1800/552
f 1568/1772/550 1595/1801/577 1571/1775/553
f 1571/1775/553 1596/1802/578 1597/1803/579
f 1597/1803/579 1598/1804/580 1573/1777/555
f 1573/1777/555 1599/1805/581 1576/1780/558
f 1576/1780/558 1600/1806/582 1578/1782/560
f 1578/1782/560 1601/1807/583 1580/1784/562
f 1601/1807/583 1582/1786/564 1580/1784/562
f 1602/1808/584 1603/1809/585 1582/1786/564
f 1603/1809/585 1604/1810/586 1584/1788/566
f 1584/1788/566 1605/1811/587 1586/1790/568
f 1605/1811/587 1588/1792/570 1586/1790/568
f 1606/1812/588 1590/1794/572 1588/1792/570
f 1590/1794/572 1607/1813/589 1593/1797/575
f 1607/1813/589 1608/1814/590 1593/1797/575
f 1608/1814/590 1609/1815/591 1568/1799/550
f 1610/1816/592 1595/1801/577 1609/1817/591
f 1611/1818/593 1596/1802/578 1595/1801/577
f 1612/1819/594 1598/1804/580 1596/1802/578
f 1613/1820/595 1599/1805/581 1598/1804/580
f 1599/1805/581 1614/1821/596 1600/1806/582
f 1600/1806/582 1615/1822/597 1601/1807/583
f 1615/1822/597 1602/1808/584 1601/1807/583
f 1616/1823/598 1617/1824/599 1602/1808/584
f 1617/1824/599 1618/1825/600 1604/1810/586
f 1618/1825/600 1605/1811/587 1604/1810/586
f 1605/1811/587 1619/1826/601 1606/1812/588
f 1619/1826/601 1620/1827/602 1606/1812/588
f 1621/1828/603 1607/1813/589 1620/1827/602
f 1607/1813/589 1622/1829/604 1623/1830/605
f 1622/1829/604 1609/1815/591 1623/1830/605
f 1624/1831/606 1611/1818/593 1610/1816/592
f 1625/1832/607 1612/1819/594 1611/1818/593
f 1626/1833/608 1613/1820/595 1612/1819/594
f 1627/1834/609 1628/1835/610 1613/1820/595
f 1628/1835/610 1629/1836/611 1614/1821/596
f 1629/1836/611 1615/1822/597 1614/1821/596
f 1615/1822/597 1630/1837/612 1616/1823/598
f 1616/1823/598 1631/1838/613 1632/1839/614
f 1632/1839/614 1633/1840/615 1618/1825/600
f 1618/1825/600 1634/1841/616 1635/1842/617
f 1634/1841/616 1619/1826/601 1635/1842/617
f 1636/1843/618 1621/1828/603 1619/1826/601
f 1621/1828/603 1637/1844/619 1638/1845/620
f 1637/1844/619 1622/1829/604 1638/1845/620
f 1639/1846/621 1610/1847/592 1622/1829/604
f 1640/1848/622 1625/1832/607 1624/1831/606
f 1625/1832/607 1641/1849/623 1626/1833/608
f 1626/1833/608 1642/1850/624 1627/1834/609
f 1642/1850/624 1643/1851/625 1627/1834/609
f 1643/1851/625 1644/1852/626 1629/1836/611
f 1644/1852/626 1645/1853/627 1629/1836/611
f 1645/1853/627 1646/1854/628 1630/1837/612
f 1646/1854/628 1631/1838/613 1630/1837/612
f 1647/1855/629 1633/1840/615 1631/1838/613
f 1648/1856/630 1634/1841/616 1633/1840/615
f 1649/1857/631 1636/1843/618 1634/1841/616
f 1636/1843/618 1650/1858/632 1651/1859/633
f 1651/1859/633 1652/1860/634 1637/1844/619
f 1637/1844/619 1653/1861/635 1639/1846/621
f 1639/1846/621 1640/1862/622 1624/1863/606
f 1640/1848/622 1654/1864/636 1655/1865/637
f 1655/1865/637 1656/1866/638 1641/1849/623
f 1656/1866/638 1642/1850/624 1641/1849/623
f 1642/1850/624 1657/1867/639 1658/1868/640
f 1658/1868/640 1659/1869/641 1644/1852/626
f 1644/1852/626 1660/1870/642 1661/1871/643
f 1660/1870/642 1646/1854/628 1661/1871/643
f 1662/1872/644 1647/1855/629 1646/1854/628
f 1663/1873/645 1648/1856/630 1647/1855/629
f 1664/1874/646 1649/1857/631 1648/1856/630
f 1665/1875/647 1666/1876/648 1649/1857/631
f 1667/1877/649 1650/1858/632 1666/1876/648
f 1668/1878/650 1652/1860/634 1650/1858/632
f 1669/1879/651 1653/1861/635 1652/1860/634
f 1653/1861/635 1670/1880/652 1640/1862/622
f 1670/1881/652 1671/1882/505 1654/1864/636
f 1654/1864/636 1671/1883/505 1656/1866/638
f 1656/1866/638 1671/1884/505 1672/1885/653
f 1672/1885/653 1671/1886/505 1657/1867/639
f 1657/1867/639 1671/1887/505 1659/1869/641
f 1659/1869/641 1671/1888/505 1660/1870/642
f 1660/1870/642 1671/1889/505 1662/1872/644
f 1662/1872/644 1671/1890/505 1663/1873/645
f 1663/1873/645 1671/1891/505 1664/1874/646
f 1664/1874/646 1671/1892/505 1665/1875/647
f 1665/1875/647 1671/1893/505 1667/1877/649
f 1667/1877/649 1671/1894/505 1668/1878/650
f 1668/1878/650 1671/1895/505 1669/1879/651
f 1669/1879/651 1671/1896/505 1673/1897/654
f 1673/1897/654 1671/1898/505 1670/1880/652
f 1552/1756/655 1572/1899/656 1553/1757/656
f 1553/1757/657 1574/1900/657 1554/1758/657
f 1574/1900/658 1555/1759/659 1554/1758/658
f 1575/1901/660 1556/1760/661 1555/1759/660
f 1577/1902/662 1557/1761/663 1556/1760/662
f 1579/1903/664 1559/1763/665 1557/1761/664
f 1581/1904/666 1560/1764/667 1559/1763/668
f 1583/1905/669 1561/1765/670 1560/1764/669
f 1585/1906/671 1562/1766/672 1561/1765/673
f 1562/1766/674 1589/1907/675 1563/1767/675
f 1563/1767/676 1591/1908/677 1565/1769/677
f 1565/1769/678 1592/1909/679 1566/1770/680
f 1566/1770/681 1594/1910/682 1674/1911/683
f 1674/1911/684 1570/1912/685 1567/1771/685
f 1567/1771/686 1569/1913/687 1552/1756/687
f 1675/1914/688 1676/1915/689 1677/1916/690
f 1502/1917/691 1498/1918/691 1500/1919/691
f 1500/1920/510 1678/1921/692 1495/1922/509
f 1678/1923/693 1496/1924/694 1495/1925/693
f 1679/1926/695 1502/1927/490 1496/1928/490
f 1502/1929/691 1680/1930/691 1499/1931/691
f 1499/1932/498 1681/1933/696 1497/1934/498
f 1681/1935/697 1496/1936/694 1497/1937/698
f 1675/1914/699 1679/1938/700 1681/1935/697
f 1680/1939/701 1675/1940/702 1681/1933/696
f 1677/1941/703 1682/1942/704 1679/1926/695
f 1427/1608/705 1683/1943/706 1680/1930/707
f 1683/1944/708 1431/1945/709 1684/1946/710
f 1684/1947/711 1430/1612/712 1676/1915/689
f 1676/1948/713 1427/1615/438 1682/1942/704
f 1428/1617/714 1683/1949/715 1426/1618/714
f 1685/1950/716 1512/1951/717 1686/1952/718
f 1686/1952/718 1514/1953/719 1687/1954/720
f 1687/1954/720 1516/1955/721 1688/1956/722
f 1688/1956/722 1518/1957/723 1689/1958/724
f 1689/1958/724 1520/1959/725 1690/1960/726
f 1690/1960/726 1522/1961/727 1691/1962/728
f 1692/1963/729 1522/1961/727 1524/1964/730
f 1693/1965/731 1524/1964/730 1526/1966/732
f 1694/1967/733 1526/1966/732 1528/1968/734
f 1695/1969/735 1528/1968/734 1530/1970/736
f 1696/1971/737 1530/1970/736 1532/1972/738
f 1697/1973/739 1532/1972/738 1534/1974/740
f 1698/1975/741 1534/1974/740 1536/1976/742
f 1698/1975/741 1508/1977/743 1699/1978/442
f 1699/1979/442 1509/1980/744 1685/1950/716
f 1700/1981/250 1280/1982/247 1701/1983/247
f 1701/1983/247 1276/1984/745 1702/1985/745
f 1702/1985/745 1277/1986/245 1703/1987/245
f 1703/1987/245 1273/1988/244 1704/1989/244
f 1704/1989/244 1270/1990/243 1705/1991/243
f 1705/1991/243 1267/1992/242 1706/1993/242
f 1706/1993/242 1268/1994/241 1707/1995/241
f 1707/1995/241 1265/1996/240 1708/1997/240
f 1708/1997/240 1263/1998/239 1709/1999/239
f 1709/1999/239 1261/2000/238 1710/2001/238
f 1710/2001/238 1259/2002/237 1711/2003/237
f 1711/2003/237 1257/2004/236 1712/2005/236
f 1712/2005/236 1255/2006/234 1713/2007/234
f 1713/2007/234 1253/2008/249 1714/2009/249
f 1714/2009/249 1250/2010/250 1700/2011/250
f 1202/2012/3 1174/2013/3 1203/2014/3
f 1714/2015/10 1173/1283/10 1176/1286/10
f 1205/2016/3 1172/2017/3 1202/2012/3
f 1713/2018/10 1176/1286/10 1178/1288/10
f 1205/2016/3 1177/2019/3 1175/2020/3
f 1713/2018/10 1180/1290/10 1712/2021/10
f 1206/2022/3 1179/2023/3 1177/2019/3
f 1712/2021/10 1182/1292/10 1711/2024/10
f 1208/2025/3 1179/2023/3 1207/2026/3
f 1710/2027/10 1182/1292/10 1184/1294/10
f 1208/2025/3 1183/2028/3 1181/2029/3
f 1710/2027/10 1186/1296/10 1709/2030/10
f 1209/2031/3 1185/2032/3 1183/2028/3
f 1709/2030/10 1188/1298/10 1708/2033/10
f 1211/2034/3 1185/2032/3 1210/2035/3
f 1707/2036/10 1188/1298/10 1190/1300/10
f 1212/2037/3 1187/2038/3 1211/2034/3
f 1706/2039/10 1190/1300/10 1192/1302/10
f 1213/2040/3 1189/2041/3 1212/2037/3
f 1705/2042/10 1192/1302/10 1194/1304/10
f 1214/2043/3 1191/2044/3 1213/2040/3
f 1704/2045/10 1194/1304/10 1196/1306/10
f 1214/2043/3 1195/2046/3 1193/2047/3
f 1704/2045/10 1198/1308/10 1703/2048/10
f 1216/2049/3 1195/2046/3 1215/2050/3
f 1702/2051/10 1198/1308/10 1200/1310/10
f 1216/2049/3 1199/2052/3 1197/2053/3
f 1702/2051/10 1201/1312/10 1701/2054/10
f 1217/2055/3 1174/2056/3 1199/2052/3
f 1701/2054/10 1173/2057/10 1700/2058/10
f 1685/2059/746 1460/2060/747 1699/2061/748
f 1461/2062/471 1432/2063/749 1434/2064/750
f 1686/2065/751 1433/1621/752 1685/2059/746
f 1464/2066/474 1434/2064/750 1436/2067/753
f 1686/2065/751 1437/1625/754 1435/1623/755
f 1465/2068/475 1436/2067/753 1438/2069/756
f 1687/2070/757 1439/1627/758 1437/1625/754
f 1465/2068/475 1440/2071/759 1466/2072/476
f 1688/2073/760 1441/1629/761 1439/1627/758
f 1466/2072/476 1442/2074/762 1467/2075/477
f 1689/2076/763 1443/1631/764 1441/1629/761
f 1467/2075/477 1444/2077/765 1468/2078/478
f 1690/2079/766 1445/1633/767 1443/1631/764
f 1468/2078/478 1446/2080/768 1469/2081/479
f 1691/2082/769 1448/1636/770 1445/1633/767
f 1469/2081/479 1447/2083/771 1470/2084/480
f 1693/2085/772 1448/1636/770 1692/2086/773
f 1471/2087/481 1447/2083/771 1449/2088/774
f 1694/2089/775 1450/1638/776 1693/2085/772
f 1472/2090/482 1449/2088/774 1451/2091/777
f 1694/2089/775 1454/1642/778 1452/1640/779
f 1472/2090/482 1453/2092/780 1473/2093/483
f 1695/2094/781 1456/1644/782 1454/1642/778
f 1473/2093/483 1455/2095/783 1474/2096/484
f 1696/2097/784 1458/1646/785 1456/1644/782
f 1474/2096/484 1457/2098/786 1475/2099/485
f 1697/2100/787 1715/2101/788 1458/1646/785
f 1475/2099/485 1459/2102/789 1476/2103/486
f 1699/2104/748 1715/2101/788 1698/2105/790
f 1463/2106/473 1459/2102/789 1432/2107/749
f 1716/2108/791 1717/2109/791 1718/2110/791
f 1719/2111/792 1720/2112/793 1717/2109/792
f 1721/2113/793 1722/2114/794 1720/2112/793
f 1723/2115/794 1724/2116/795 1722/2114/794
f 1725/2117/795 1726/2118/796 1724/2116/795
f 1727/2119/796 1728/2120/797 1726/2118/796
f 1729/2121/797 1730/2122/798 1728/2120/797
f 1731/2123/798 1732/2124/799 1730/2122/798
f 1733/2125/799 1734/2126/800 1732/2124/799
f 1735/2127/800 1736/2128/801 1734/2126/800
f 1737/2129/801 1738/2130/802 1736/2128/801
f 1739/2131/802 1740/2132/803 1738/2130/802
f 1741/2133/803 1742/2134/804 1740/2132/803
f 1743/2135/804 1744/2136/805 1742/2134/804
f 1745/2137/805 1718/2138/806 1744/2136/805
f 1746/2139/3 1747/2140/3 1748/2141/3
f 1749/2142/3 1747/2140/3 1746/2139/3
f 1750/2143/3 1747/2140/3 1749/2142/3
f 1751/2144/3 1747/2140/3 1750/2143/3
f 1752/2145/3 1747/2140/3 1751/2144/3
f 1753/2146/3 1747/2140/3 1752/2145/3
f 1754/2147/3 1747/2140/3 1753/2146/3
f 1755/2148/3 1747/2140/3 1754/2147/3
f 1756/2149/3 1747/2140/3 1755/2148/3
f 1757/2150/3 1747/2140/3 1756/2149/3
f 1758/2151/3 1747/2140/3 1757/2150/3
f 1759/2152/3 1747/2140/3 1758/2151/3
f 1760/2153/3 1747/2140/3 1759/2152/3
f 1761/2154/3 1747/2140/3 1760/2153/3
f 1748/2141/3 1747/2140/3 1761/2154/3
f 1762/2155/807 1763/2156/808 1764/2157/807
f 1765/2158/808 1766/2159/793 1763/2156/808
f 1767/2160/793 1768/2161/794 1766/2159/793
f 1769/2162/794 1770/2163/795 1768/2161/794
f 1771/2164/809 1772/2165/796 1770/2163/795
f 1773/2166/796 1774/2167/797 1772/2165/796
f 1775/2168/797 1776/2169/798 1774/2167/797
f 1777/2170/798 1778/2171/799 1776/2169/798
f 1779/2172/799 1780/2173/800 1778/2171/799
f 1781/2174/800 1782/2175/810 1780/2173/800
f 1783/2176/811 1784/2177/811 1785/2178/811
f 1786/2179/812 1787/2180/803 1788/2181/812
f 1789/2182/803 1790/2183/804 1787/2180/803
f 1791/2184/804 1792/2185/805 1790/2183/804
f 1793/2186/805 1764/2157/807 1792/2185/805
f 1794/2187/3 1763/2156/3 1795/2188/3
f 1765/2158/10 1796/2189/10 1797/2190/10
f 1795/2188/3 1766/2159/3 1798/2191/3
f 1767/2160/10 1797/2190/10 1799/2192/10
f 1798/2191/3 1768/2161/3 1800/2193/3
f 1769/2162/10 1799/2192/10 1801/2194/10
f 1800/2193/3 1770/2163/3 1802/2195/3
f 1771/2164/10 1801/2194/10 1803/2196/10
f 1802/2195/3 1772/2165/3 1804/2197/3
f 1773/2166/10 1803/2196/10 1805/2198/10
f 1804/2197/3 1774/2167/3 1806/2199/3
f 1775/2168/10 1805/2198/10 1807/2200/10
f 1806/2199/3 1776/2169/3 1808/2201/3
f 1777/2170/10 1807/2200/10 1809/2202/10
f 1808/2201/3 1778/2171/3 1810/2203/3
f 1779/2172/10 1809/2202/10 1811/2204/10
f 1778/2171/3 1812/2205/3 1810/2203/3
f 1813/2206/10 1779/2172/10 1811/2204/10
f 1780/2173/3 1814/2207/3 1812/2205/3
f 1815/2208/813 1813/2206/10 1816/2209/10
f 1782/2175/3 1817/2210/3 1814/2207/3
f 1786/2179/814 1816/2209/10 1818/2211/10
f 1817/2210/3 1787/2180/3 1819/2212/3
f 1789/2182/10 1818/2211/10 1820/2213/10
f 1787/2180/3 1821/2214/3 1819/2212/3
f 1822/2215/10 1789/2182/10 1820/2213/10
f 1821/2214/3 1792/2185/3 1823/2216/3
f 1793/2186/10 1822/2215/10 1824/2217/10
f 1823/2216/3 1764/2157/3 1794/2187/3
f 1762/2155/10 1824/2217/10 1796/2189/10
f 1825/2218/815 1797/2219/808 1796/2220/807
f 1826/2221/816 1799/2222/793 1797/2219/808
f 1827/2223/817 1801/2224/794 1799/2222/793
f 1801/2224/794 1828/2225/818 1803/2226/819
f 1803/2226/819 1829/2227/820 1805/2228/796
f 1829/2227/820 1807/2229/797 1805/2228/796
f 1830/2230/821 1809/2231/798 1807/2229/797
f 1831/2232/822 1811/2233/799 1809/2231/798
f 1832/2234/823 1813/2235/800 1811/2233/799
f 1833/2236/824 1816/2237/801 1813/2235/800
f 1834/2238/825 1818/2239/826 1816/2237/801
f 1835/2240/827 1820/2241/803 1818/2239/826
f 1836/2242/828 1822/2243/804 1820/2241/803
f 1837/2244/829 1824/2245/805 1822/2243/804
f 1838/2246/830 1796/2220/807 1824/2245/805
f 1825/2218/815 1839/2247/831 1826/2221/816
f 1826/2221/816 1840/2248/832 1827/2223/817
f 1827/2223/817 1841/2249/833 1842/2250/834
f 1842/2250/834 1843/2251/835 1828/2225/818
f 1828/2225/818 1844/2252/836 1829/2227/820
f 1829/2227/820 1845/2253/837 1830/2230/821
f 1830/2230/821 1846/2254/838 1831/2232/822
f 1846/2254/838 1832/2234/823 1831/2232/822
f 1847/2255/839 1833/2236/824 1832/2234/823
f 1848/2256/840 1834/2238/825 1833/2236/824
f 1849/2257/841 1835/2240/827 1834/2238/825
f 1850/2258/842 1836/2242/828 1835/2240/827
f 1851/2259/843 1837/2244/829 1836/2242/828
f 1852/2260/844 1838/2246/830 1837/2244/829
f 1838/2246/830 1853/2261/845 1825/2218/815
f 1854/2262/846 1855/2263/847 1856/2264/848
f 1857/2265/849 1858/2266/850 1855/2263/847
f 1858/2266/850 1859/2267/851 1860/2268/852
f 1860/2268/852 1861/2269/853 1862/2270/854
f 1862/2270/854 1863/2271/855 1864/2272/856
f 1864/2272/856 1865/2273/857 1866/2274/858
f 1866/2274/858 1867/2275/859 1868/2276/860
f 1868/2276/860 1869/2277/861 1870/2278/862
f 1869/2277/861 1871/2279/863 1870/2278/862
f 1872/2280/864 1873/2281/865 1871/2279/863
f 1873/2281/865 1874/2282/866 1875/2283/867
f 1875/2283/867 1876/2284/868 1877/2285/869
f 1877/2285/869 1878/2286/870 1879/2287/871
f 1878/2286/870 1880/2288/872 1879/2287/871
f 1881/2289/873 1856/2290/848 1880/2288/872
f 1882/2291/874 1857/2265/849 1854/2262/846
f 1857/2265/849 1883/2292/875 1884/2293/876
f 1884/2293/876 1885/2294/877 1859/2267/851
f 1859/2267/851 1886/2295/878 1861/2269/853
f 1861/2269/853 1887/2296/879 1863/2271/855
f 1863/2271/855 1888/2297/880 1865/2273/857
f 1888/2297/880 1867/2275/859 1865/2273/857
f 1889/2298/881 1869/2277/861 1867/2275/859
f 1890/2299/882 1872/2280/864 1869/2277/861
f 1891/2300/883 1892/2301/884 1872/2280/864
f 1892/2301/884 1893/2302/885 1874/2282/866
f 1893/2302/885 1876/2284/868 1874/2282/866
f 1894/2303/886 1878/2286/870 1876/2284/868
f 1895/2304/887 1881/2289/873 1878/2286/870
f 1881/2289/873 1882/2305/874 1854/2306/846
f 1896/2307/888 1897/2308/889 1882/2291/874
f 1898/2309/890 1883/2292/875 1897/2308/889
f 1899/2310/891 1885/2294/877 1883/2292/875
f 1900/2311/892 1886/2295/878 1885/2294/877
f 1886/2295/878 1901/2312/893 1887/2296/879
f 1887/2296/879 1902/2313/894 1888/2297/880
f 1902/2313/894 1889/2298/881 1888/2297/880
f 1889/2298/881 1903/2314/895 1890/2299/882
f 1890/2299/882 1904/2315/896 1891/2300/883
f 1891/2300/883 1905/2316/897 1906/2317/898
f 1905/2316/897 1893/2302/885 1906/2317/898
f 1907/2318/899 1894/2303/886 1893/2302/885
f 1908/2319/900 1895/2304/887 1894/2303/886
f 1909/2320/901 1910/2321/902 1895/2304/887
f 1911/2322/903 1882/2305/874 1910/2321/902
f 1896/2307/888 1912/2323/904 1898/2309/890
f 1912/2323/904 1899/2310/891 1898/2309/890
f 1899/2310/891 1913/2324/905 1900/2311/892
f 1900/2311/892 1914/2325/906 1915/2326/907
f 1914/2325/906 1901/2312/893 1915/2326/907
f 1901/2312/893 1916/2327/908 1902/2313/894
f 1916/2327/908 1917/2328/909 1902/2313/894
f 1917/2328/909 1918/2329/910 1903/2314/895
f 1903/2314/895 1919/2330/911 1904/2315/896
f 1904/2315/896 1920/2331/912 1905/2316/897
f 1920/2331/912 1907/2318/899 1905/2316/897
f 1921/2332/913 1908/2319/900 1907/2318/899
f 1908/2319/900 1922/2333/914 1909/2320/901
f 1922/2333/914 1911/2322/903 1909/2320/901
f 1911/2322/903 1923/2334/915 1896/2335/888
f 1924/2336/916 1912/2323/904 1923/2337/915
f 1925/2338/917 1926/2339/918 1912/2323/904
f 1926/2339/918 1927/2340/919 1913/2324/905
f 1913/2324/905 1928/2341/920 1914/2325/906
f 1914/2325/906 1929/2342/921 1930/2343/922
f 1929/2342/921 1916/2327/908 1930/2343/922
f 1931/2344/923 1932/2345/924 1916/2327/908
f 1932/2345/924 1933/2346/925 1918/2329/910
f 1933/2346/925 1919/2330/911 1918/2329/910
f 1934/2347/926 1920/2331/912 1919/2330/911
f 1935/2348/927 1921/2332/913 1920/2331/912
f 1936/2349/928 1937/2350/929 1921/2332/913
f 1937/2350/929 1938/2351/930 1922/2333/914
f 1922/2333/914 1939/2352/931 1940/2353/932
f 1940/2353/932 1924/2354/916 1923/2334/915
f 1924/2336/916 1941/2355/933 1925/2338/917
f 1925/2338/917 1942/2356/934 1943/2357/935
f 1942/2356/934 1927/2340/919 1943/2357/935
f 1927/2340/919 1944/2358/936 1928/2341/920
f 1944/2358/936 1929/2342/921 1928/2341/920
f 1929/2342/921 1945/2359/937 1931/2344/923
f 1945/2359/937 1946/2360/938 1931/2344/923
f 1947/2361/939 1933/2346/925 1946/2360/938
f 1933/2346/925 1948/2362/940 1934/2347/926
f 1934/2347/926 1949/2363/941 1935/2348/927
f 1949/2363/941 1936/2349/928 1935/2348/927
f 1950/2364/942 1951/2365/943 1936/2349/928
f 1952/2366/944 1938/2351/930 1951/2365/943
f 1938/2351/930 1953/2367/945 1939/2352/931
f 1953/2367/945 1924/2354/916 1939/2352/931
f 1954/2368/946 1955/2369/10 1941/2355/933
f 1941/2355/933 1955/2370/10 1942/2356/934
f 1942/2356/934 1955/2371/10 1956/2372/947
f 1956/2372/947 1955/2373/10 1944/2358/936
f 1944/2358/936 1955/2374/10 1957/2375/948
f 1957/2375/948 1955/2376/10 1945/2359/937
f 1945/2359/937 1955/2377/10 1947/2361/939
f 1947/2361/939 1955/2378/10 1958/2379/949
f 1958/2379/949 1955/2380/10 1948/2362/940
f 1948/2362/940 1955/2381/10 1949/2363/941
f 1949/2363/941 1955/2382/10 1950/2364/942
f 1950/2364/942 1955/2383/10 1952/2366/944
f 1952/2366/944 1955/2384/10 1959/2385/950
f 1959/2385/950 1955/2386/10 1953/2367/945
f 1953/2367/945 1955/2387/10 1954/2388/946
f 1839/2247/951 1858/2389/951 1840/2248/951
f 1840/2248/952 1860/2390/952 1841/2249/952
f 1860/2390/953 1843/2251/953 1841/2249/953
f 1862/2391/954 1844/2252/954 1843/2251/954
f 1864/2392/955 1845/2253/956 1844/2252/955
f 1866/2393/957 1846/2254/958 1845/2253/957
f 1868/2394/959 1847/2255/960 1846/2254/959
f 1870/2395/961 1848/2256/962 1847/2255/961
f 1871/2396/963 1849/2257/963 1848/2256/963
f 1849/2257/964 1875/2397/964 1850/2258/964
f 1850/2258/965 1877/2398/965 1851/2259/965
f 1851/2259/966 1879/2399/967 1852/2260/968
f 1852/2260/969 1880/2400/969 1960/2401/969
f 1960/2401/970 1856/2402/971 1853/2261/971
f 1853/2261/972 1855/2403/972 1839/2247/972
f 1961/2404/973 1962/2405/974 1963/2406/973
f 1784/2407/975 1786/2408/975 1788/2409/975
f 1786/2410/814 1783/2411/976 1815/2412/813
f 1783/2413/977 1782/2414/977 1815/2415/977
f 1964/2416/978 1788/2417/794 1782/2418/794
f 1788/2419/975 1965/2420/975 1784/2421/975
f 1965/2422/979 1785/2423/811 1784/2424/811
f 1966/2425/980 1782/2426/977 1785/2427/977
f 1961/2404/981 1964/2428/982 1966/2425/980
f 1965/2422/979 1961/2429/983 1966/2430/984
f 1963/2431/985 1967/2432/986 1964/2416/978
f 1968/2433/987 1969/2434/988 1965/2420/987
f 1969/2435/989 1970/2436/990 1971/2437/991
f 1971/2438/974 1972/2439/992 1962/2405/974
f 1962/2440/993 1968/2441/994 1967/2432/986
f 1973/2442/995 1969/2443/995 1974/2444/996
f 1975/2445/997 1976/2446/998 1977/2447/999
f 1978/2448/1000 1979/2449/1001 1976/2446/998
f 1980/2450/1002 1981/2451/1003 1979/2449/1001
f 1982/2452/1004 1983/2453/1005 1981/2451/1003
f 1984/2454/1006 1985/2455/1007 1983/2453/1005
f 1986/2456/1008 1987/2457/1009 1985/2455/1007
f 1988/2458/1010 1989/2459/1011 1987/2457/1009
f 1990/2460/1012 1989/2459/1011 1991/2461/1013
f 1992/2462/1014 1993/2463/1015 1990/2460/1012
f 1994/2464/1016 1995/2465/1017 1992/2462/1014
f 1996/2466/1018 1997/2467/1019 1994/2464/1016
f 1998/2468/1020 1999/2469/1021 1996/2466/1018
f 2000/2470/1022 2001/2471/1023 1998/2468/1020
f 2002/2472/1024 2003/2473/1025 2000/2470/1022
f 2002/2472/1024 1977/2474/999 2004/2475/1026
f 2005/2476/1027 2006/2477/1028 2007/2478/1029
f 2008/2479/1030 2005/2476/1027 2007/2478/1029
f 2009/2480/1031 2008/2479/1030 2007/2478/1029
f 2010/2481/1032 2009/2480/1031 2007/2478/1029
f 2011/2482/1033 2010/2481/1032 2007/2478/1029
f 2012/2483/1034 2011/2482/1033 2007/2478/1029
f 2013/2484/1035 2012/2483/1034 2007/2478/1029
f 2014/2485/1036 2013/2484/1035 2007/2478/1029
f 2015/2486/1037 2014/2485/1036 2007/2478/1029
f 2016/2487/1038 2015/2486/1037 2007/2478/1029
f 2017/2488/1039 2016/2487/1038 2007/2478/1029
f 2018/2489/1040 2017/2488/1039 2007/2478/1029
f 2019/2490/1041 2018/2489/1040 2007/2478/1029
f 2020/2491/1042 2019/2490/1041 2007/2478/1029
f 2006/2477/1028 2020/2491/1042 2007/2478/1029
f 2021/2492/1043 2022/2493/1044 2023/2494/1043
f 2024/2495/1044 2025/2496/1045 2022/2493/1044
f 2026/2497/1045 2027/2498/1046 2025/2496/1045
f 2028/2499/1046 2029/2500/1047 2027/2498/1046
f 2030/2501/1048 2029/2500/1047 2031/2502/1047
f 2030/2501/1048 2032/2503/1049 2033/2504/1048
f 2034/2505/1049 2035/2506/1050 2032/2503/1049
f 2036/2507/1050 2037/2508/1051 2035/2506/1050
f 2038/2509/1051 2039/2510/1052 2037/2508/1051
f 2040/2511/1052 2041/2512/1053 2039/2510/1052
f 2042/2513/1054 2043/2514/1054 2044/2515/1054
f 2045/2516/1055 2046/2517/1056 2047/2518/1056
f 2048/2519/1057 2049/2520/1055 2045/2516/1055
f 2050/2521/1058 2051/2522/1057 2048/2519/1057
f 2021/2492/1043 2052/2523/1058 2050/2521/1058
f 2053/2524/1059 2024/2495/1059 2021/2492/1059
f 2054/2525/1060 2022/2493/1061 2055/2526/1061
f 2056/2527/1059 2026/2497/1059 2024/2495/1059
f 2057/2528/1060 2022/2493/1061 2025/2496/1060
f 2058/2529/1062 2026/2497/1059 2059/2530/1059
f 2060/2531/1063 2025/2496/1060 2027/2498/1063
f 2061/2532/1062 2028/2499/1062 2058/2529/1062
f 2062/2533/1060 2027/2498/1063 2029/2500/1060
f 2061/2532/1062 2030/2501/1062 2031/2502/1062
f 2063/2534/1060 2029/2500/1060 2033/2504/1060
f 2064/2535/1062 2034/2505/1062 2030/2501/1062
f 2063/2534/1060 2032/2503/1060 2065/2536/1060
f 2066/2537/1062 2034/2505/1062 2067/2538/1062
f 2065/2536/1060 2035/2506/1060 2068/2539/1060
f 2069/2540/1062 2036/2507/1062 2066/2537/1062
f 2070/2541/1060 2035/2506/1060 2037/2508/1060
f 2071/2542/1062 2038/2509/1062 2069/2540/1062
f 2072/2543/1063 2037/2508/1060 2039/2510/1063
f 2073/2544/1064 2040/2511/1062 2071/2542/1062
f 2074/2545/1060 2039/2510/1063 2041/2512/1065
f 2075/2546/1062 2076/2547/1064 2073/2544/1064
f 2077/2548/1060 2041/2512/1065 2046/2517/1066
f 2075/2546/1062 2045/2516/1062 2047/2518/1062
f 2078/2549/1061 2046/2517/1066 2049/2520/1061
f 2079/2550/1062 2048/2519/1062 2045/2516/1062
f 2078/2549/1061 2051/2522/1061 2080/2551/1061
f 2081/2552/1062 2050/2521/1062 2048/2519/1062
f 2080/2551/1061 2052/2523/1060 2082/2553/1060
f 2083/2554/1062 2021/2492/1059 2050/2521/1062
f 2082/2553/1060 2023/2494/1060 2054/2525/1060
f 2055/2555/1067 2084/2556/1068 2054/2557/1043
f 2057/2558/1045 2085/2559/1069 2055/2555/1067
f 2060/2560/1046 2086/2561/1070 2057/2558/1045
f 2060/2560/1046 2087/2562/1071 2088/2563/1072
f 2063/2564/1048 2087/2562/1071 2062/2565/1047
f 2065/2566/1073 2089/2567/1074 2063/2564/1048
f 2065/2566/1073 2090/2568/1075 2091/2569/1076
f 2070/2570/1077 2090/2568/1075 2068/2571/1078
f 2072/2572/1079 2092/2573/1080 2070/2570/1077
f 2074/2574/1081 2093/2575/1082 2072/2572/1079
f 2077/2576/1083 2094/2577/1084 2074/2574/1081
f 2078/2578/1085 2095/2579/1086 2077/2576/1083
f 2078/2578/1085 2096/2580/1087 2097/2581/1088
f 2080/2582/1089 2098/2583/1090 2096/2580/1087
f 2054/2557/1043 2098/2583/1090 2082/2584/1091
f 2084/2556/1068 2099/2585/1092 2100/2586/1093
f 2085/2559/1069 2101/2587/1094 2099/2585/1092
f 2086/2561/1070 2102/2588/1095 2101/2587/1094
f 2088/2563/1072 2103/2589/1096 2102/2588/1095
f 2087/2562/1071 2104/2590/1097 2103/2589/1096
f 2089/2567/1074 2105/2591/1098 2104/2590/1097
f 2091/2569/1076 2106/2592/1099 2105/2591/1098
f 2092/2573/1080 2106/2592/1099 2090/2568/1075
f 2093/2575/1082 2107/2593/1100 2092/2573/1080
f 2094/2577/1084 2108/2594/1101 2093/2575/1082
f 2095/2579/1086 2109/2595/1102 2094/2577/1084
f 2097/2581/1088 2110/2596/1103 2095/2579/1086
f 2096/2580/1087 2111/2597/1104 2097/2581/1088
f 2098/2583/1090 2112/2598/1105 2096/2580/1087
f 2098/2583/1090 2100/2586/1093 2113/2599/1106
f 2114/2600/1107 2115/2601/1108 2116/2602/1109
f 2117/2603/1110 2115/2601/1108 2118/2604/1111
f 2117/2603/1110 2119/2605/1112 2120/2606/1113
f 2121/2607/1114 2119/2605/1112 2122/2608/1115
f 2123/2609/1116 2124/2610/1117 2121/2607/1114
f 2125/2611/1118 2126/2612/1119 2123/2609/1116
f 2127/2613/1120 2128/2614/1121 2125/2611/1118
f 2129/2615/1122 2130/2616/1123 2127/2613/1120
f 2129/2615/1122 2131/2617/1124 2132/2618/1125
f 2133/2619/1126 2134/2620/1127 2131/2617/1124
f 2135/2621/1128 2136/2622/1129 2134/2620/1127
f 2137/2623/1130 2138/2624/1131 2136/2622/1129
f 2139/2625/1132 2138/2624/1131 2140/2626/1133
f 2141/2627/1134 2142/2628/1135 2139/2625/1132
f 2141/2627/1134 2116/2629/1109 2143/2630/1136
f 2116/2602/1109 2144/2631/1137 2145/2632/1138
f 2115/2601/1108 2146/2633/1139 2144/2631/1137
f 2120/2606/1113 2147/2634/1140 2146/2633/1139
f 2119/2605/1112 2148/2635/1141 2147/2634/1140
f 2124/2610/1117 2149/2636/1142 2148/2635/1141
f 2126/2612/1119 2150/2637/1143 2149/2636/1142
f 2130/2616/1123 2150/2637/1143 2128/2614/1121
f 2132/2618/1125 2151/2638/1144 2130/2616/1123
f 2132/2618/1125 2152/2639/1145 2153/2640/1146
f 2131/2617/1124 2154/2641/1147 2152/2639/1145
f 2136/2622/1129 2154/2641/1147 2134/2620/1127
f 2138/2624/1131 2155/2642/1148 2136/2622/1129
f 2138/2624/1131 2156/2643/1149 2157/2644/1150
f 2143/2630/1136 2156/2643/1149 2142/2628/1135
f 2143/2630/1136 2145/2645/1138 2158/2646/1151
f 2144/2631/1137 2159/2647/1152 2145/2632/1138
f 2146/2633/1139 2160/2648/1153 2144/2631/1137
f 2147/2634/1140 2161/2649/1154 2146/2633/1139
f 2148/2635/1141 2162/2650/1155 2147/2634/1140
f 2148/2635/1141 2163/2651/1156 2164/2652/1157
f 2149/2636/1142 2165/2653/1158 2163/2651/1156
f 2151/2638/1144 2165/2653/1158 2150/2637/1143
f 2153/2640/1146 2166/2654/1159 2151/2638/1144
f 2152/2639/1145 2167/2655/1160 2153/2640/1146
f 2154/2641/1147 2168/2656/1161 2152/2639/1145
f 2154/2641/1147 2169/2657/1162 2170/2658/1163
f 2155/2642/1148 2171/2659/1164 2169/2657/1162
f 2156/2643/1149 2171/2659/1164 2157/2644/1150
f 2156/2643/1149 2172/2660/1165 2173/2661/1166
f 2145/2645/1138 2172/2660/1165 2158/2646/1151
f 2160/2648/1153 2174/2662/1167 2159/2647/1152
f 2161/2649/1154 2175/2663/1168 2160/2648/1153
f 2162/2650/1155 2176/2664/1169 2161/2649/1154
f 2164/2652/1157 2177/2665/1170 2162/2650/1155
f 2164/2652/1157 2178/2666/1171 2179/2667/1172
f 2165/2653/1158 2178/2666/1171 2163/2651/1156
f 2165/2653/1158 2180/2668/1173 2181/2669/1174
f 2166/2654/1159 2182/2670/1175 2180/2668/1173
f 2167/2655/1160 2183/2671/1176 2182/2670/1175
f 2168/2656/1161 2184/2672/1177 2183/2671/1176
f 2169/2657/1162 2184/2672/1177 2170/2658/1163
f 2171/2659/1164 2185/2673/1178 2169/2657/1162
f 2171/2659/1164 2186/2674/1179 2187/2675/1180
f 2172/2660/1165 2186/2674/1179 2173/2661/1166
f 2159/2676/1152 2188/2677/1181 2172/2660/1165
f 2175/2663/1168 2189/2678/1182 2174/2662/1167
f 2175/2663/1168 2190/2679/1183 2191/2680/1184
f 2176/2664/1169 2192/2681/1185 2190/2679/1183
f 2179/2667/1172 2192/2681/1185 2177/2665/1170
f 2179/2667/1172 2193/2682/1186 2194/2683/1187
f 2181/2669/1174 2193/2682/1186 2178/2666/1171
f 2181/2669/1174 2195/2684/1188 2196/2685/1189
f 2182/2670/1175 2195/2684/1188 2180/2668/1173
f 2183/2671/1176 2197/2686/1190 2182/2670/1175
f 2184/2672/1177 2198/2687/1191 2183/2671/1176
f 2184/2672/1177 2199/2688/1192 2200/2689/1193
f 2185/2673/1178 2201/2690/1194 2199/2688/1192
f 2187/2675/1180 2202/2691/1195 2201/2690/1194
f 2186/2674/1179 2203/2692/1196 2202/2691/1195
f 2188/2677/1181 2189/2693/1182 2203/2692/1196
f 2189/2678/1182 2204/2694/1197 2205/2695/1198
f 2191/2680/1184 2206/2696/1199 2204/2694/1197
f 2192/2681/1185 2206/2696/1199 2190/2679/1183
f 2192/2681/1185 2207/2697/1200 2208/2698/1201
f 2194/2683/1187 2209/2699/1202 2207/2697/1200
f 2193/2682/1186 2210/2700/1203 2209/2699/1202
f 2195/2684/1188 2210/2700/1203 2196/2685/1189
f 2195/2684/1188 2211/2701/1204 2212/2702/1205
f 2198/2687/1191 2211/2701/1204 2197/2686/1190
f 2200/2689/1193 2213/2703/1206 2198/2687/1191
f 2199/2688/1192 2214/2704/1207 2200/2689/1193
f 2201/2690/1194 2215/2705/1208 2199/2688/1192
f 2202/2691/1195 2216/2706/1209 2201/2690/1194
f 2203/2692/1196 2217/2707/1210 2202/2691/1195
f 2203/2692/1196 2205/2708/1198 2218/2709/1211
f 2205/2695/1198 2204/2694/1197 2219/2710/1060
f 2204/2694/1197 2206/2696/1199 2219/2711/1060
f 2206/2696/1199 2208/2698/1201 2219/2712/1060
f 2208/2698/1201 2207/2697/1200 2219/2713/1060
f 2207/2697/1200 2209/2699/1202 2219/2714/1060
f 2209/2699/1202 2210/2700/1203 2219/2715/1060
f 2210/2700/1203 2212/2702/1205 2219/2716/1060
f 2212/2702/1205 2211/2701/1204 2219/2717/1060
f 2211/2701/1204 2213/2703/1206 2219/2718/1060
f 2213/2703/1206 2214/2704/1207 2219/2719/1060
f 2214/2704/1207 2215/2705/1208 2219/2720/1060
f 2215/2705/1208 2216/2706/1209 2219/2721/1060
f 2216/2706/1209 2217/2707/1210 2219/2722/1060
f 2217/2707/1210 2218/2709/1211 2219/2723/1060
f 2218/2709/1211 2205/2708/1198 2219/2724/1060
f 2099/2585/1212 2117/2725/1213 2118/2726/1214
f 2101/2587/1215 2122/2727/1215 2117/2725/1215
f 2103/2589/1216 2122/2727/1217 2102/2588/1218
f 2104/2590/1219 2121/2728/1220 2103/2589/1220
f 2105/2591/1221 2123/2729/1222 2104/2590/1222
f 2106/2592/1223 2125/2730/1224 2105/2591/1224
f 2107/2593/1225 2127/2731/1226 2106/2592/1226
f 2108/2594/1227 2129/2732/1228 2107/2593/1229
f 2109/2595/1230 2133/2733/1231 2108/2594/1231
f 2109/2595/1232 2137/2734/1233 2135/2735/1232
f 2110/2596/1234 2140/2736/1235 2137/2734/1234
f 2111/2597/1236 2139/2737/1237 2140/2736/1238
f 2112/2598/1239 2141/2738/1240 2139/2737/1239
f 2113/2599/1241 2114/2739/1242 2141/2738/1241
f 2100/2586/1243 2118/2726/1244 2114/2740/1243
f 2220/2741/1245 2221/2742/1246 2222/2743/1247
f 2047/2744/1248 2043/2745/1248 2223/2746/1248
f 2046/2747/1066 2044/2748/1249 2043/2749/1249
f 2076/2750/1250 2044/2751/1251 2041/2752/1251
f 2047/2753/1046 2224/2754/1252 2076/2755/1046
f 2047/2756/1248 2225/2757/1248 2226/2758/1248
f 2223/2759/1054 2227/2760/1253 2225/2761/1254
f 2076/2762/1250 2227/2763/1255 2042/2764/1256
f 2224/2765/1257 2221/2742/1258 2227/2763/1255
f 2225/2761/1254 2221/2766/1259 2228/2767/1260
f 2226/2768/1261 2222/2769/1262 2224/2754/1252
f 2225/2757/1263 1974/2770/1264 1968/2433/1265
f 2228/2767/1260 1973/2771/1266 2229/2772/1267
f 2228/2773/1268 1972/2439/1269 1970/2774/1270
f 2220/2775/1271 1968/2441/994 1972/2776/1272
f 1973/2442/1273 1974/2444/1273 2229/2777/1274
f 2059/2778/1275 2230/2779/1276 2231/2780/1277
f 2058/2781/1278 2231/2780/1277 2232/2782/1279
f 2061/2783/1280 2232/2782/1279 2233/2784/1281
f 2064/2785/1282 2233/2784/1281 2234/2786/1283
f 2067/2787/1284 2234/2786/1283 2235/2788/1285
f 2066/2789/1286 2235/2788/1285 2236/2790/1287
f 2237/2791/1288 2066/2789/1286 2236/2790/1287
f 2238/2792/1289 2069/2793/1290 2237/2791/1288
f 2239/2794/1291 2071/2795/1292 2238/2792/1289
f 2240/2796/1293 2073/2797/1294 2239/2794/1291
f 2241/2798/1020 2075/2799/1295 2240/2796/1293
f 2242/2800/1296 2079/2801/1297 2241/2798/1020
f 2243/2802/1298 2081/2803/1299 2242/2800/1296
f 2053/2804/1300 2243/2802/1298 2244/2805/997
f 2056/2806/1301 2244/2807/997 2230/2779/1276
f 1823/2808/805 2245/2809/807 2246/2810/805
f 1821/2811/1302 2246/2810/805 2247/2812/1302
f 1819/2813/803 2247/2812/1302 2248/2814/803
f 1817/2815/802 2248/2814/803 2249/2816/802
f 1814/2817/801 2249/2816/802 2250/2818/801
f 1812/2819/800 2250/2818/801 2251/2820/800
f 1810/2821/799 2251/2820/800 2252/2822/799
f 1808/2823/798 2252/2822/799 2253/2824/798
f 1806/2825/797 2253/2824/798 2254/2826/797
f 1804/2827/796 2254/2826/797 2255/2828/796
f 1802/2829/795 2255/2828/796 2256/2830/795
f 1800/2831/794 2256/2830/795 2257/2832/794
f 1798/2833/793 2257/2832/794 2258/2834/793
f 1795/2835/808 2258/2834/793 2259/2836/808
f 1794/2837/807 2259/2836/808 2245/2838/807
f 1718/2839/3 1746/2840/3 1748/2841/3
f 2259/2842/10 1716/2108/10 2245/2843/10
f 1717/2844/3 1749/2845/3 1746/2840/3
f 2258/2846/10 1719/2111/10 2259/2842/10
f 1749/2845/3 1722/2847/3 1750/2848/3
f 1723/2115/10 2258/2846/10 2257/2849/10
f 1750/2848/3 1724/2850/3 1751/2851/3
f 1725/2117/10 2257/2849/10 2256/2852/10
f 1724/2850/3 1752/2853/3 1751/2851/3
f 2255/2854/10 1725/2117/10 2256/2852/10
f 1752/2853/3 1728/2855/3 1753/2856/3
f 1729/2121/10 2255/2854/10 2254/2857/10
f 1753/2856/3 1730/2858/3 1754/2859/3
f 1731/2123/10 2254/2857/10 2253/2860/10
f 1730/2858/3 1755/2861/3 1754/2859/3
f 2252/2862/10 1731/2123/10 2253/2860/10
f 1732/2863/3 1756/2864/3 1755/2861/3
f 2251/2865/10 1733/2125/10 2252/2862/10
f 1734/2866/3 1757/2867/3 1756/2864/3
f 2250/2868/10 1735/2127/10 2251/2865/10
f 1736/2869/3 1758/2870/3 1757/2867/3
f 2249/2871/10 1737/2129/10 2250/2868/10
f 1758/2870/3 1740/2872/3 1759/2873/3
f 1741/2133/10 2249/2871/10 2248/2874/10
f 1740/2872/3 1760/2875/3 1759/2873/3
f 2247/2876/10 1741/2133/10 2248/2874/10
f 1760/2875/3 1744/2877/3 1761/2878/3
f 1745/2137/10 2247/2876/10 2246/2879/10
f 1761/2878/3 1718/2880/3 1748/2881/3
f 1716/2882/10 2246/2879/10 2245/2883/10
f 1977/2447/1303 2230/2884/1304 2244/2885/1305
f 2005/2886/1027 1975/2887/1306 2006/2888/1028
f 1976/2446/1307 2231/2889/1308 2230/2884/1304
f 2008/2890/1030 1978/2891/1309 2005/2886/1027
f 2231/2889/1308 1981/2451/1310 2232/2892/1311
f 2009/2893/1031 1980/2894/1312 2008/2890/1030
f 2232/2892/1311 1983/2453/1313 2233/2895/1314
f 1984/2896/1315 2009/2893/1031 2010/2897/1032
f 2233/2895/1314 1985/2455/1316 2234/2898/1317
f 1986/2899/1318 2010/2897/1032 2011/2900/1033
f 2234/2898/1317 1987/2457/1319 2235/2901/1320
f 1988/2902/1321 2011/2900/1033 2012/2903/1034
f 2235/2901/1320 1989/2459/1322 2236/2904/1323
f 1991/2905/1324 2012/2903/1034 2013/2906/1035
f 2236/2904/1323 1993/2463/1325 2237/2907/1326
f 1990/2908/1327 2013/2906/1035 2014/2909/1036
f 1993/2463/1325 2238/2910/1328 2237/2907/1326
f 2015/2911/1037 1990/2908/1327 2014/2909/1036
f 1995/2465/1329 2239/2912/1330 2238/2910/1328
f 2016/2913/1038 1992/2914/1331 2015/2911/1037
f 2239/2912/1330 1999/2469/1332 2240/2915/1333
f 1996/2916/1334 2016/2913/1038 2017/2917/1039
f 2240/2915/1333 2001/2471/1335 2241/2918/1336
f 1998/2919/1337 2017/2917/1039 2018/2920/1040
f 2241/2918/1336 2003/2473/1338 2242/2921/1339
f 2000/2922/1340 2018/2920/1040 2019/2923/1041
f 2242/2921/1339 2004/2475/1341 2243/2924/1342
f 2002/2925/1343 2019/2923/1041 2020/2926/1042
f 2004/2475/1341 2244/2927/1305 2243/2924/1342
f 2006/2928/1028 2002/2925/1343 2020/2926/1042
f 2260/2929/3 2261/2930/3 2262/2931/3
f 2263/2932/2 2264/2933/2 2265/2934/2
f 2266/2935/10 2267/2936/10 2268/2937/10
f 2269/2938/4 2262/2939/4 2267/2936/4
f 2270/2940/13 2271/2941/13 2272/2942/13
f 2262/2931/22 2268/2943/22 2267/2944/22
f 2261/2930/22 2264/2945/22 2268/2943/22
f 2273/2946/10 2268/2937/10 2264/2933/10
f 2266/2947/13 2263/2932/13 2274/2948/13
f 2274/2948/3 2265/2934/3 2261/2930/3
f 2269/2949/4 2272/2942/4 2260/2929/4
f 2266/2947/10 2270/2940/10 2269/2949/10
f 2274/2948/2 2275/2950/2 2266/2947/2
f 2260/2929/3 2271/2941/3 2274/2948/3
f 2276/2951/3 2277/2952/3 2278/2953/3
f 2279/2954/2 2280/2955/2 2281/2956/2
f 2282/2957/10 2283/2958/10 2284/2959/10
f 2285/2960/4 2278/2961/4 2283/2958/4
f 2286/2962/13 2287/2963/13 2288/2964/13
f 2278/2953/22 2284/2965/22 2283/2966/22
f 2277/2952/22 2280/2967/22 2284/2965/22
f 2289/2968/10 2284/2959/10 2280/2955/10
f 2282/2969/13 2279/2954/13 2290/2970/13
f 2290/2970/3 2281/2956/3 2277/2952/3
f 2285/2971/4 2288/2964/4 2276/2951/4
f 2282/2969/10 2286/2962/10 2285/2971/10
f 2290/2970/2 2291/2972/2 2282/2969/2
f 2276/2951/3 2287/2963/3 2290/2970/3
f 2292/2973/3 2293/2974/3 2294/2975/3
f 2295/2976/2 2296/2977/2 2297/2978/2
f 2298/2979/10 2299/2980/10 2300/2981/10
f 2301/2982/4 2294/2983/4 2299/2980/4
f 2302/2984/13 2303/2985/13 2304/2986/13
f 2294/2975/22 2300/2987/22 2299/2988/22
f 2293/2974/22 2296/2989/22 2300/2987/22
f 2305/2990/10 2300/2981/10 2296/2977/10
f 2298/2991/13 2295/2976/13 2306/2992/13
f 2306/2992/3 2297/2978/3 2293/2974/3
f 2301/2993/4 2304/2986/4 2292/2973/4
f 2298/2991/10 2302/2984/10 2301/2993/10
f 2306/2992/2 2307/2994/2 2298/2991/2
f 2292/2973/3 2303/2985/3 2306/2992/3
f 2308/2995/10 2309/2996/10 2310/2997/10
f 2311/2998/2 2312/2999/2 2313/3000/2
f 2314/3001/3 2315/3002/3 2316/3003/3
f 2317/3004/4 2310/3005/4 2315/3002/4
f 2318/3006/22 2319/3007/22 2320/3008/22
f 2310/2997/13 2316/3009/13 2315/3010/13
f 2309/2996/13 2312/3011/13 2316/3009/13
f 2321/3012/3 2316/3003/3 2312/2999/3
f 2314/3013/22 2311/2998/22 2322/3014/22
f 2322/3014/10 2313/3000/10 2309/2996/10
f 2317/3015/4 2320/3008/4 2308/2995/4
f 2314/3013/3 2318/3006/3 2317/3015/3
f 2322/3014/2 2323/3016/2 2314/3013/2
f 2308/2995/10 2319/3007/10 2322/3014/10
f 2324/3017/10 2325/3018/10 2326/3019/10
f 2327/3020/2 2328/3021/2 2329/3022/2
f 2330/3023/3 2331/3024/3 2332/3025/3
f 2333/3026/4 2326/3027/4 2331/3024/4
f 2334/3028/22 2335/3029/22 2336/3030/22
f 2326/3019/13 2332/3031/13 2331/3032/13
f 2325/3018/13 2328/3033/13 2332/3031/13
f 2337/3034/3 2332/3025/3 2328/3021/3
f 2330/3035/22 2327/3020/22 2338/3036/22
f 2338/3036/10 2329/3022/10 2325/3018/10
f 2333/3037/4 2336/3030/4 2324/3017/4
f 2330/3035/3 2334/3028/3 2333/3037/3
f 2338/3036/2 2339/3038/2 2330/3035/2
f 2324/3017/10 2335/3029/10 2338/3036/10
f 2340/3039/10 2341/3040/10 2342/3041/10
f 2343/3042/2 2344/3043/2 2345/3044/2
f 2346/3045/3 2347/3046/3 2348/3047/3
f 2349/3048/4 2342/3049/4 2347/3046/4
f 2350/3050/22 2351/3051/22 2352/3052/22
f 2342/3041/13 2348/3053/13 2347/3054/13
f 2341/3040/13 2344/3055/13 2348/3053/13
f 2353/3056/3 2348/3047/3 2344/3043/3
f 2346/3057/22 2343/3042/22 2354/3058/22
f 2354/3058/10 2345/3044/10 2341/3040/10
f 2349/3059/4 2352/3052/4 2340/3039/4
f 2346/3057/3 2350/3050/3 2349/3059/3
f 2354/3058/2 2355/3060/2 2346/3057/2
f 2340/3039/10 2351/3051/10 2354/3058/10
f 2356/3061/233 2357/3062/233 2358/3063/233
f 2359/3064/234 2360/3065/235 2356/3061/1344
f 2361/3066/236 2362/3067/234 2359/3064/234
f 2363/3068/237 2364/3069/236 2361/3066/236
f 2365/3070/238 2366/3071/237 2363/3068/237
f 2367/3072/239 2368/3073/238 2365/3070/238
f 2369/3074/240 2370/3075/239 2367/3072/239
f 2371/3076/241 2372/3077/240 2369/3074/240
f 2373/3078/242 2374/3079/241 2371/3076/241
f 2375/3080/243 2376/3081/242 2373/3078/242
f 2377/3082/244 2378/3083/243 2375/3080/243
f 2379/3084/245 2380/3085/244 2377/3082/244
f 2381/3086/246 2382/3087/245 2379/3084/245
f 2383/3088/247 2384/3089/246 2381/3086/246
f 2358/3090/250 2385/3091/247 2383/3088/247
f 2356/3092/3 2358/3093/3 2386/3094/3
f 2359/3095/3 2356/3092/3 2386/3094/3
f 2361/3096/3 2359/3095/3 2386/3094/3
f 2363/3097/3 2361/3096/3 2386/3094/3
f 2365/3098/3 2363/3097/3 2386/3094/3
f 2367/3099/3 2365/3098/3 2386/3094/3
f 2369/3100/3 2367/3099/3 2386/3094/3
f 2371/3101/3 2369/3100/3 2386/3094/3
f 2373/3102/3 2371/3101/3 2386/3094/3
f 2375/3103/3 2373/3102/3 2386/3094/3
f 2377/3104/3 2375/3103/3 2386/3094/3
f 2379/3105/3 2377/3104/3 2386/3094/3
f 2381/3106/3 2379/3105/3 2386/3094/3
f 2383/3107/3 2381/3106/3 2386/3094/3
f 2358/3093/3 2383/3107/3 2386/3094/3
f 2387/3108/249 2388/3109/250 2389/3110/250
f 2390/3111/234 2391/3112/249 2387/3108/249
f 2392/3113/236 2393/3114/234 2390/3111/234
f 2394/3115/237 2395/3116/236 2392/3113/236
f 2396/3117/238 2397/3118/237 2394/3115/237
f 2398/3119/239 2399/3120/238 2396/3117/238
f 2400/3121/240 2401/3122/239 2398/3119/239
f 2402/3123/241 2403/3124/240 2400/3121/240
f 2404/3125/242 2405/3126/241 2402/3123/241
f 2406/3127/252 2407/3128/242 2404/3125/242
f 2408/3129/253 2409/3130/253 2410/3131/253
f 2411/3132/245 2412/3133/1345 2413/3134/1345
f 2414/3135/246 2415/3136/245 2411/3132/245
f 2416/3137/247 2417/3138/246 2414/3135/246
f 2389/3110/250 2418/3139/247 2416/3137/247
f 2357/3140/3 2387/3108/3 2389/3110/3
f 2419/3141/10 2391/3142/10 2420/3143/10
f 2360/3144/3 2390/3111/3 2387/3108/3
f 2420/3143/10 2393/3145/10 2421/3146/10
f 2362/3147/3 2392/3113/3 2390/3111/3
f 2421/3146/10 2395/3148/10 2422/3149/10
f 2364/3150/3 2394/3115/3 2392/3113/3
f 2422/3149/10 2397/3151/10 2423/3152/10
f 2368/3153/3 2394/3115/3 2366/3154/3
f 2424/3155/10 2397/3151/10 2399/3156/10
f 2370/3157/3 2396/3117/3 2368/3153/3
f 2425/3158/10 2399/3156/10 2401/3159/10
f 2372/3160/3 2398/3119/3 2370/3157/3
f 2426/3161/10 2401/3159/10 2403/3162/10
f 2374/3163/3 2400/3121/3 2372/3160/3
f 2427/3164/10 2403/3162/10 2405/3165/10
f 2376/3166/3 2402/3123/3 2374/3163/3
f 2428/3167/10 2405/3165/10 2407/3168/10
f 2378/3169/3 2404/3125/3 2376/3166/3
f 2428/3167/10 2429/3170/255 2430/3171/10
f 2378/3169/3 2413/3134/1346 2406/3127/1347
f 2430/3171/10 2412/3172/256 2431/3173/10
f 2380/3174/3 2411/3132/3 2413/3134/1346
f 2431/3173/10 2415/3175/10 2432/3176/10
f 2382/3177/3 2414/3135/3 2411/3132/3
f 2432/3176/10 2417/3178/10 2433/3179/10
f 2385/3180/3 2414/3135/3 2384/3181/3
f 2434/3182/10 2417/3178/10 2418/3183/10
f 2357/3140/3 2416/3137/3 2385/3180/3
f 2419/3141/10 2418/3183/10 2388/3184/10
f 2420/3185/249 2435/3186/1348 2419/3187/250
f 2421/3188/234 2436/3189/1349 2420/3190/249
f 2422/3191/236 2437/3192/1350 2421/3193/234
f 2423/3194/237 2438/3195/1351 2422/3196/236
f 2424/3197/238 2439/3198/1352 2423/3199/237
f 2425/3200/239 2440/3201/1353 2424/3197/238
f 2426/3202/240 2441/3203/1354 2425/3200/239
f 2427/3204/241 2442/3205/1355 2426/3202/240
f 2428/3206/242 2443/3207/1356 2427/3204/241
f 2430/3208/243 2444/3209/1357 2428/3206/242
f 2431/3210/244 2445/3211/1358 2430/3208/243
f 2432/3212/245 2446/3213/1359 2431/3210/244
f 2433/3214/246 2447/3215/1360 2432/3212/245
f 2434/3216/247 2448/3217/1361 2433/3214/246
f 2419/3187/250 2449/3218/1362 2434/3216/247
f 2435/3186/1348 2450/3219/1363 2451/3220/1364
f 2436/3189/1349 2452/3221/1365 2450/3222/1363
f 2437/3192/1350 2453/3223/1366 2452/3224/1365
f 2438/3195/1351 2454/3225/1367 2453/3226/1366
f 2439/3198/1352 2455/3227/1368 2454/3228/1367
f 2440/3201/1353 2456/3229/1369 2455/3227/1368
f 2442/3205/1355 2456/3229/1369 2441/3203/1354
f 2443/3207/1356 2457/3230/1370 2442/3205/1355
f 2444/3209/1357 2458/3231/1371 2443/3207/1356
f 2445/3211/1358 2459/3232/1372 2444/3209/1357
f 2446/3213/1359 2460/3233/1373 2445/3211/1358
f 2447/3215/1360 2461/3234/1374 2446/3213/1359
f 2448/3217/1361 2462/3235/1375 2447/3215/1360
f 2449/3218/1362 2463/3236/1376 2448/3217/1361
f 2449/3218/1362 2451/3220/1364 2464/3237/1377
f 2465/3238/1378 2466/3239/1379 2467/3240/1380
f 2468/3241/1381 2469/3242/1382 2466/3239/1379
f 2470/3243/1383 2469/3242/1382 2471/3244/1384
f 2472/3245/1385 2473/3246/1386 2470/3243/1383
f 2474/3247/1387 2475/3248/1388 2472/3245/1385
f 2474/3247/1387 2476/3249/1389 2477/3250/1390
f 2478/3251/1391 2479/3252/1392 2476/3249/1389
f 2480/3253/1393 2481/3254/1394 2479/3252/1392
f 2482/3255/1395 2483/3256/1396 2481/3254/1394
f 2484/3257/1397 2485/3258/1398 2483/3256/1396
f 2486/3259/1399 2487/3260/1400 2485/3258/1398
f 2488/3261/1401 2487/3260/1400 2489/3262/1402
f 2490/3263/1403 2491/3264/1404 2488/3261/1401
f 2492/3265/1405 2493/3266/1406 2490/3263/1403
f 2465/3267/1378 2494/3268/1407 2492/3265/1405
f 2466/3239/1379 2495/3269/1408 2467/3240/1380
f 2469/3242/1382 2496/3270/1409 2466/3239/1379
f 2473/3246/1386 2497/3271/1410 2469/3242/1382
f 2475/3248/1388 2498/3272/1411 2473/3246/1386
f 2477/3250/1390 2499/3273/1412 2475/3248/1388
f 2476/3249/1389 2500/3274/1413 2477/3250/1390
f 2479/3252/1392 2501/3275/1414 2476/3249/1389
f 2481/3254/1394 2502/3276/1415 2479/3252/1392
f 2483/3256/1396 2503/3277/1416 2481/3254/1394
f 2485/3258/1398 2504/3278/1417 2483/3256/1396
f 2487/3260/1400 2505/3279/1418 2485/3258/1398
f 2487/3260/1400 2506/3280/1419 2507/3281/1420
f 2491/3264/1404 2508/3282/1421 2506/3280/1419
f 2494/3268/1407 2508/3282/1421 2493/3266/1406
f 2467/3283/1380 2509/3284/1422 2494/3268/1407
f 2496/3270/1409 2510/3285/1423 2495/3269/1408
f 2497/3271/1410 2511/3286/1424 2496/3270/1409
f 2497/3271/1410 2512/3287/1425 2513/3288/1426
f 2498/3272/1411 2514/3289/1427 2512/3287/1425
f 2499/3273/1412 2515/3290/1428 2514/3289/1427
f 2500/3274/1413 2516/3291/1429 2515/3290/1428
f 2501/3275/1414 2517/3292/1430 2516/3291/1429
f 2502/3276/1415 2518/3293/1431 2517/3292/1430
f 2503/3277/1416 2519/3294/1432 2518/3293/1431
f 2505/3279/1418 2519/3294/1432 2504/3278/1417
f 2505/3279/1418 2520/3295/1433 2521/3296/1434
f 2506/3280/1419 2520/3295/1433 2507/3281/1420
f 2508/3282/1421 2522/3297/1435 2506/3280/1419
f 2508/3282/1421 2523/3298/1436 2524/3299/1437
f 2495/3300/1408 2523/3298/1436 2509/3284/1422
f 2511/3286/1424 2525/3301/1438 2510/3285/1423
f 2513/3288/1426 2526/3302/1439 2511/3286/1424
f 2513/3288/1426 2527/3303/1440 2528/3304/1441
f 2512/3287/1425 2529/3305/1442 2527/3303/1440
f 2515/3290/1428 2529/3305/1442 2514/3289/1427
f 2516/3291/1429 2530/3306/1443 2515/3290/1428
f 2517/3292/1430 2531/3307/1444 2516/3291/1429
f 2517/3292/1430 2532/3308/1445 2533/3309/1446
f 2518/3293/1431 2534/3310/1447 2532/3308/1445
f 2521/3296/1434 2534/3310/1447 2519/3294/1432
f 2520/3295/1433 2535/3311/1448 2521/3296/1434
f 2522/3297/1435 2536/3312/1449 2520/3295/1433
f 2522/3297/1435 2537/3313/1450 2538/3314/1451
f 2524/3299/1437 2539/3315/1452 2537/3313/1450
f 2523/3298/1436 2525/3316/1438 2539/3315/1452
f 2525/3301/1438 2540/3317/1453 2541/3318/1454
f 2526/3302/1439 2542/3319/1455 2540/3317/1453
f 2528/3304/1441 2543/3320/1456 2542/3319/1455
f 2529/3305/1442 2543/3320/1456 2527/3303/1440
f 2530/3306/1443 2544/3321/1457 2529/3305/1442
f 2531/3307/1444 2545/3322/1458 2530/3306/1443
f 2533/3309/1446 2546/3323/1459 2531/3307/1444
f 2533/3309/1446 2547/3324/1460 2548/3325/1461
f 2534/3310/1447 2547/3324/1460 2532/3308/1445
f 2534/3310/1447 2549/3326/1462 2550/3327/1463
f 2535/3311/1448 2551/3328/1464 2549/3326/1462
f 2536/3312/1449 2552/3329/1465 2551/3328/1464
f 2538/3314/1451 2553/3330/1466 2552/3329/1465
f 2539/3315/1452 2553/3330/1466 2537/3313/1450
f 2525/3316/1438 2554/3331/1467 2539/3315/1452
f 2540/3317/1453 2555/3332/1468 2541/3318/1454
f 2540/3317/1453 2556/3333/1469 2557/3334/1470
f 2542/3319/1455 2558/3335/1471 2556/3333/1469
f 2544/3321/1457 2558/3335/1471 2543/3320/1456
f 2544/3321/1457 2559/3336/1472 2560/3337/1473
f 2546/3323/1459 2559/3336/1472 2545/3322/1458
f 2548/3325/1461 2561/3338/1474 2546/3323/1459
f 2547/3324/1460 2562/3339/1475 2548/3325/1461
f 2550/3327/1463 2563/3340/1476 2547/3324/1460
f 2550/3327/1463 2564/3341/1477 2565/3342/1478
f 2551/3328/1464 2564/3341/1477 2549/3326/1462
f 2551/3328/1464 2566/3343/1479 2567/3344/1480
f 2553/3330/1466 2566/3343/1479 2552/3329/1465
f 2553/3330/1466 2568/3345/1481 2569/3346/1482
f 2541/3347/1454 2568/3345/1481 2554/3331/1467
f 2555/3332/1468 2557/3334/1470 2570/3348/10
f 2557/3334/1470 2556/3333/1469 2570/3349/10
f 2556/3333/1469 2558/3335/1471 2570/3350/10
f 2558/3335/1471 2560/3337/1473 2570/3351/10
f 2560/3337/1473 2559/3336/1472 2570/3352/10
f 2559/3336/1472 2561/3338/1474 2570/3353/10
f 2561/3338/1474 2562/3339/1475 2570/3354/10
f 2562/3339/1475 2563/3340/1476 2570/3355/10
f 2563/3340/1476 2565/3342/1478 2570/3356/10
f 2565/3342/1478 2564/3341/1477 2570/3357/10
f 2564/3341/1477 2567/3344/1480 2570/3358/10
f 2567/3344/1480 2566/3343/1479 2570/3359/10
f 2566/3343/1479 2569/3346/1482 2570/3360/10
f 2569/3346/1482 2568/3345/1481 2570/3361/10
f 2568/3345/1481 2555/3362/1468 2570/3363/10
f 2450/3219/1483 2471/3364/1483 2468/3365/1483
f 2452/3366/1484 2470/3367/1484 2471/3364/1484
f 2454/3228/1485 2470/3367/1485 2453/3368/1485
f 2455/3227/1486 2472/3369/1487 2454/3228/1487
f 2456/3229/1488 2474/3370/1488 2455/3227/1488
f 2457/3230/1489 2478/3371/1490 2456/3229/1490
f 2458/3231/1491 2480/3372/1492 2457/3230/1493
f 2459/3232/1494 2482/3373/1495 2458/3231/1495
f 2460/3233/1496 2484/3374/1497 2459/3232/1497
f 2460/3233/1498 2489/3375/1498 2486/3376/1498
f 2461/3234/1499 2488/3377/1499 2489/3375/1499
f 2462/3235/1500 2490/3378/1501 2488/3377/1500
f 2463/3236/1502 2492/3379/1502 2490/3378/1502
f 2464/3237/1503 2465/3380/1503 2492/3379/1503
f 2451/3220/1504 2468/3365/1504 2465/3381/1504
f 2413/3382/1346 2410/3383/419 2406/3384/1347
f 2412/3133/420 2408/3129/420 2413/3134/420
f 2412/3385/256 2409/3386/421 2571/3387/421
f 2406/3127/422 2409/3130/422 2429/3388/422
f 1/1/1 4/4/1 2/2/1
f 4/4/2 10/14/2 5/5/2
f 6/6/3 22/26/3 7/7/3
f 9/9/4 12/16/4 1/10/4
f 3/3/5 2/2/5 5/12/6
f 10/14/2 21/25/2 11/15/2
f 12/16/4 9/9/4 13/17/4
f 5/5/6 11/15/11 13/17/8
f 1/10/9 12/16/9 10/14/9
f 12/16/10 16/20/10 15/19/10
f 14/18/4 24/28/4 16/20/4
f 17/21/3 2572/3389/3 18/22/3
f 10/14/2 15/19/2 20/24/2
f 21/25/2 6/6/2 8/8/2
f 14/18/4 13/17/4 7/7/4
f 11/15/11 8/8/12 7/7/12
f 20/24/2 23/27/2 6/6/2
f 6/6/13 17/21/13 19/23/13
f 23/27/2 2572/3389/2 17/21/2
f 24/28/4 14/18/4 22/26/4
f 25/29/4 22/26/4 19/23/4
f 26/30/14 30/34/14 27/31/14
f 29/33/2 37/44/2 30/34/2
f 31/35/3 43/50/3 32/36/3
f 34/38/4 28/3390/4 27/39/4
f 29/41/15 26/30/16 28/32/16
f 36/43/2 42/49/2 37/44/2
f 38/45/4 34/38/4 35/40/4
f 38/45/18 36/43/21 29/33/15
f 37/44/19 35/40/19 27/39/19
f 15/19/10 16/20/10 35/40/10
f 16/20/4 24/28/4 39/46/4
f 18/22/3 2572/3389/3 40/47/3
f 20/24/2 15/19/2 37/44/2
f 33/37/2 32/36/2 42/49/2
f 39/46/4 43/50/4 31/35/4
f 31/35/20 33/37/20 36/43/21
f 32/36/2 23/27/2 20/24/2
f 41/48/22 40/47/22 32/36/22
f 40/47/2 2572/3389/2 23/27/2
f 43/50/4 39/46/4 24/28/4
f 41/48/4 43/50/4 25/29/4
f 44/51/10 56/64/10 45/52/10
f 47/54/23 58/67/23 48/55/23
f 50/57/24 255/267/24 51/58/24
f 53/60/25 44/3391/25 46/61/25
f 44/51/22 53/3392/22 55/63/22
f 46/53/13 45/52/13 57/65/13
f 58/67/26 64/73/26 59/68/26
f 60/69/22 55/3393/22 53/60/22
f 54/62/27 63/72/28 61/70/28
f 54/62/13 57/3394/13 62/71/13
f 64/73/29 69/78/29 65/74/29
f 60/69/22 61/70/22 66/75/22
f 63/72/28 68/77/4 66/75/4
f 62/71/13 73/82/13 68/77/13
f 69/78/30 83/93/35 70/79/31
f 67/76/22 66/75/22 71/80/22
f 68/77/4 74/83/4 71/80/4
f 73/82/13 89/100/13 74/83/13
f 75/84/13 88/98/13 49/56/13
f 76/86/13 75/101/13 48/55/13
f 77/87/13 76/86/13 59/68/13
f 78/88/13 77/87/13 65/74/13
f 79/89/32 221/233/32 80/90/32
f 69/78/22 84/94/22 82/92/22
f 64/73/22 85/95/22 84/94/22
f 58/67/22 86/99/22 85/95/22
f 86/96/22 58/3395/22 47/54/22
f 87/97/10 47/54/10 49/56/10
f 45/52/13 88/98/13 75/84/13
f 56/64/10 87/97/10 88/98/10
f 56/64/22 55/63/22 86/96/22
f 86/99/22 55/3393/22 60/69/22
f 85/95/22 60/69/22 67/76/22
f 84/94/22 67/76/22 72/81/22
f 82/92/33 72/81/33 89/100/33
f 89/100/13 73/82/13 77/87/13
f 73/82/13 62/71/13 76/86/13
f 62/71/13 57/3394/13 75/101/13
f 72/81/34 91/103/34 90/102/34
f 71/80/22 92/104/22 91/103/22
f 74/83/4 93/105/4 92/104/4
f 74/83/13 89/100/13 90/102/13
f 83/93/35 96/108/36 94/106/36
f 83/93/22 82/92/22 95/107/22
f 78/88/37 97/109/37 95/107/37
f 70/79/13 94/106/13 97/109/13
f 91/103/2 99/111/52 98/110/38
f 92/104/22 100/112/22 99/111/22
f 93/105/4 101/113/4 100/112/4
f 90/102/13 98/110/13 101/113/13
f 96/108/36 104/116/39 102/114/39
f 96/108/22 95/107/22 103/115/22
f 97/109/40 105/117/43 103/115/41
f 94/106/13 102/114/13 105/117/13
f 104/116/39 108/120/42 106/118/42
f 104/116/22 103/115/22 107/119/22
f 105/117/43 109/121/44 107/119/44
f 102/114/13 106/118/13 109/121/13
f 108/120/42 112/124/45 110/122/45
f 108/120/22 107/119/22 111/123/22
f 109/121/44 113/125/48 111/123/46
f 106/118/13 110/122/13 113/125/13
f 112/124/45 115/127/47 114/126/47
f 111/123/22 116/128/22 115/127/22
f 113/125/48 117/129/49 116/128/49
f 113/125/13 110/122/13 114/126/13
f 115/127/47 119/131/50 118/130/50
f 116/128/22 120/132/22 119/131/22
f 117/129/49 121/133/55 120/132/51
f 117/129/13 114/126/13 118/130/13
f 99/111/52 124/136/53 122/134/53
f 99/111/22 100/112/22 123/135/22
f 101/113/4 125/137/4 123/135/4
f 98/110/13 122/134/13 125/137/13
f 119/131/50 127/139/54 126/138/54
f 120/132/22 128/140/22 127/139/22
f 121/133/55 129/141/59 128/140/56
f 121/133/13 118/130/13 126/138/13
f 124/136/57 132/144/57 130/142/57
f 124/136/22 123/135/22 131/143/22
f 125/137/4 133/145/4 131/143/4
f 122/134/13 130/142/13 133/145/13
f 127/139/54 135/147/58 134/146/58
f 128/140/22 136/148/22 135/147/22
f 129/141/59 137/149/60 136/148/60
f 129/141/13 126/138/13 134/146/13
f 131/143/22 139/151/22 138/150/22
f 133/145/4 140/152/4 139/151/4
f 130/142/13 148/160/13 140/152/13
f 135/147/58 142/154/64 141/153/61
f 136/148/22 144/156/22 142/154/22
f 137/149/13 134/146/13 141/153/13
f 132/144/22 138/150/22 144/156/22
f 145/157/62 153/165/62 146/158/62
f 130/142/13 137/149/13 143/155/13
f 132/144/63 136/148/63 137/149/63
f 139/151/22 149/161/22 147/159/22
f 140/152/4 150/162/4 149/161/4
f 140/152/13 148/160/13 145/157/13
f 142/154/64 152/164/65 151/163/65
f 144/156/22 146/158/22 152/164/22
f 143/155/13 141/153/13 151/163/13
f 148/160/13 143/155/13 153/165/13
f 138/150/22 147/159/22 146/158/22
f 147/159/66 155/167/66 154/166/66
f 149/161/22 156/168/22 155/167/22
f 150/162/4 157/169/4 156/168/4
f 150/162/13 145/157/13 154/166/13
f 152/164/65 160/172/67 158/170/67
f 152/164/22 146/158/22 159/171/22
f 153/165/68 161/173/68 159/171/68
f 151/163/13 158/170/13 161/173/13
f 155/167/69 163/175/75 162/174/70
f 156/168/22 164/176/22 163/175/22
f 157/169/4 165/177/4 164/176/4
f 157/169/13 154/166/13 162/174/13
f 160/172/71 168/180/77 166/178/72
f 160/172/22 159/171/22 167/179/22
f 161/173/73 169/181/79 167/179/74
f 158/170/13 166/178/13 169/181/13
f 163/175/75 171/183/98 170/182/76
f 164/176/22 172/184/22 171/183/22
f 165/177/4 173/185/4 172/184/4
f 165/177/13 162/174/13 170/182/13
f 168/180/77 175/187/81 174/186/78
f 167/179/22 176/188/22 175/187/22
f 169/181/79 177/189/80 176/188/80
f 169/181/13 166/178/13 174/186/13
f 175/187/81 179/191/82 178/190/82
f 176/188/22 180/192/22 179/191/22
f 177/189/80 181/193/83 180/192/83
f 177/189/13 174/186/13 178/190/13
f 179/191/82 183/195/84 182/194/84
f 180/192/22 184/196/22 183/195/22
f 181/193/83 185/197/85 184/196/85
f 181/193/13 178/190/13 182/194/13
f 183/195/84 187/199/86 186/198/86
f 184/196/22 188/200/22 187/199/22
f 185/197/85 189/201/87 188/200/87
f 185/197/13 182/194/13 186/198/13
f 187/199/86 191/203/88 190/202/88
f 188/200/22 192/204/22 191/203/22
f 189/201/87 193/205/89 192/204/89
f 189/201/13 186/198/13 190/202/13
f 191/203/88 195/207/90 194/206/90
f 192/204/22 196/208/22 195/207/22
f 193/205/89 197/209/93 196/208/91
f 193/205/13 190/202/13 194/206/13
f 195/207/90 199/211/92 198/210/92
f 196/208/22 200/212/22 199/211/22
f 197/209/93 201/213/96 200/212/94
f 197/209/13 194/206/13 198/210/13
f 199/211/92 203/215/102 202/214/95
f 200/212/22 204/216/22 203/215/22
f 201/213/96 205/217/97 204/216/97
f 201/213/13 198/210/13 202/214/13
f 171/183/98 208/220/100 206/218/99
f 171/183/22 172/184/22 207/219/22
f 173/185/4 209/221/4 207/219/4
f 170/182/13 206/218/13 209/221/13
f 208/220/100 212/224/101 210/222/101
f 208/220/22 207/219/22 211/223/22
f 209/221/4 213/225/4 211/223/4
f 206/218/13 210/222/13 213/225/13
f 211/223/22 215/227/22 214/226/22
f 213/225/4 217/229/4 215/227/4
f 213/225/13 210/222/13 216/228/13
f 203/215/102 219/231/103 218/230/103
f 204/216/22 222/234/22 219/231/22
f 205/217/13 202/214/13 218/230/13
f 205/217/13 220/232/13 216/228/13
f 221/233/104 50/57/104 52/59/104
f 204/216/22 212/224/22 214/226/22
f 205/217/105 210/222/105 212/224/105
f 215/227/22 224/236/22 223/235/22
f 217/229/4 226/238/106 224/236/106
f 217/229/13 216/228/13 225/237/13
f 219/231/103 228/240/107 227/239/107
f 222/234/22 230/242/22 228/240/22
f 220/232/13 218/230/13 227/239/13
f 222/234/22 214/226/22 223/235/22
f 220/232/13 229/241/13 225/237/13
f 223/235/22 224/236/22 231/243/22
f 226/238/106 233/245/108 231/243/108
f 225/237/13 238/250/13 233/245/13
f 228/240/107 235/247/109 234/246/109
f 230/242/22 237/249/22 235/247/22
f 229/241/13 227/239/13 234/246/13
f 230/242/22 223/235/22 232/244/22
f 229/241/13 236/248/13 238/250/13
f 232/244/22 231/243/22 239/251/22
f 233/245/108 241/253/110 239/251/110
f 238/250/13 246/258/13 241/253/13
f 235/247/111 243/255/111 242/254/111
f 237/249/22 245/257/22 243/255/22
f 236/248/13 234/246/13 242/254/13
f 237/249/22 232/244/22 240/252/22
f 236/248/13 244/256/13 246/258/13
f 240/252/22 239/251/22 247/259/22
f 241/253/112 249/261/112 247/259/112
f 246/258/13 254/266/13 249/261/13
f 243/255/113 251/263/113 250/262/113
f 245/257/22 253/265/22 251/263/22
f 244/256/13 242/254/13 250/262/13
f 245/257/22 240/252/22 248/260/22
f 244/256/13 252/264/13 254/266/13
f 248/260/22 247/259/22 255/267/22
f 249/261/114 51/58/114 255/267/114
f 254/266/13 52/59/13 51/58/13
f 251/263/115 79/89/115 81/91/115
f 253/265/22 221/233/22 79/89/22
f 252/264/13 250/262/13 81/91/13
f 248/260/22 50/57/22 221/233/22
f 254/266/13 252/264/13 80/90/13
f 256/268/116 260/272/116 257/269/116
f 259/271/117 262/274/117 260/272/118
f 261/273/119 264/276/119 262/274/117
f 263/275/120 266/278/120 264/276/119
f 265/277/121 268/280/121 266/278/120
f 267/279/122 270/282/122 268/280/121
f 269/281/123 272/284/123 270/282/122
f 271/283/124 274/286/124 272/284/123
f 273/285/125 276/288/125 274/286/124
f 275/287/126 278/290/126 276/288/125
f 277/289/127 280/292/127 278/290/126
f 279/291/128 282/294/128 280/292/127
f 281/293/129 284/296/129 282/294/128
f 283/295/2 285/298/2 284/296/129
f 258/297/130 257/3396/130 285/298/2
f 302/315/131 331/3397/131 303/316/2
f 304/317/2 303/316/2 305/318/129
f 306/319/129 305/318/129 307/320/128
f 308/321/128 307/320/128 309/322/127
f 310/323/127 309/322/127 311/324/126
f 312/325/126 311/324/126 313/326/125
f 314/327/125 313/326/125 315/328/124
f 316/329/124 315/328/124 317/330/123
f 318/331/123 317/330/123 319/332/122
f 320/333/122 319/332/122 321/334/121
f 322/335/121 321/334/121 323/336/120
f 324/337/120 323/336/120 325/338/119
f 326/339/119 325/338/119 327/340/117
f 328/341/117 327/340/117 329/342/132
f 330/343/132 329/342/132 331/344/131
f 285/298/22 257/3396/22 302/315/22
f 285/298/22 304/317/22 306/319/22
f 284/296/22 306/319/22 308/321/22
f 282/294/22 308/321/22 310/323/22
f 278/290/22 280/292/22 310/323/22
f 276/288/22 278/290/22 312/325/22
f 274/286/22 276/288/22 314/327/22
f 274/286/22 316/329/22 318/331/22
f 272/284/22 318/331/22 320/333/22
f 270/282/22 320/333/22 322/335/22
f 268/280/22 322/335/22 324/337/22
f 266/278/22 324/337/22 326/339/22
f 262/274/22 264/276/22 326/339/22
f 260/272/22 262/274/22 328/341/22
f 257/269/22 260/272/22 330/343/22
f 332/346/131 361/375/131 333/347/132
f 334/348/132 333/347/132 335/349/117
f 336/350/117 335/349/117 337/351/119
f 338/352/119 337/351/119 339/353/120
f 340/354/120 339/353/120 341/355/121
f 342/356/121 341/355/121 343/357/122
f 344/358/122 343/357/122 345/359/123
f 346/360/123 345/359/123 347/361/124
f 348/362/124 347/361/124 349/363/125
f 350/364/125 349/363/125 351/365/126
f 352/366/126 351/365/126 353/367/127
f 354/368/127 353/367/127 355/369/128
f 356/370/128 355/369/128 357/371/129
f 358/372/129 357/371/129 359/373/2
f 360/374/2 359/373/2 361/375/131
f 256/376/13 258/390/13 332/346/13
f 286/299/22 333/347/22 361/375/22
f 256/376/13 334/348/13 336/350/13
f 286/299/22 289/302/22 335/349/22
f 259/377/13 336/350/13 338/352/13
f 289/302/22 290/303/22 337/351/22
f 263/379/13 261/378/13 338/352/13
f 291/304/22 339/353/22 337/351/22
f 265/380/13 263/379/13 340/354/13
f 292/305/22 341/355/22 339/353/22
f 267/381/13 265/380/13 342/356/13
f 293/306/22 343/357/22 341/355/22
f 269/382/13 267/381/13 344/358/13
f 294/307/22 345/359/22 343/357/22
f 271/383/13 269/382/13 346/360/13
f 295/308/22 347/361/22 345/359/22
f 271/383/13 348/362/13 350/364/13
f 295/308/22 296/309/22 349/363/22
f 273/384/13 350/364/13 352/366/13
f 296/309/22 297/310/22 351/365/22
f 275/385/13 352/366/13 354/368/13
f 297/310/22 298/311/22 353/367/22
f 277/386/13 354/368/13 356/370/13
f 298/311/22 299/312/22 355/369/22
f 279/387/13 356/370/13 358/372/13
f 299/312/22 300/313/22 357/371/22
f 281/388/13 358/372/13 360/374/13
f 300/313/22 301/314/22 359/373/22
f 258/390/13 283/389/13 360/374/13
f 287/300/22 361/375/22 359/373/22
f 362/391/131 365/394/132 363/392/132
f 365/394/132 367/396/117 366/395/117
f 367/396/117 369/398/119 368/397/119
f 369/398/119 371/400/120 370/399/120
f 371/400/120 373/402/121 372/401/121
f 373/402/121 375/404/122 374/403/122
f 375/404/122 377/406/123 376/405/123
f 377/406/123 379/408/124 378/407/124
f 379/408/124 381/410/125 380/409/125
f 381/410/125 383/412/126 382/411/126
f 383/412/126 385/414/127 384/413/127
f 385/414/127 387/416/128 386/415/128
f 387/416/128 389/418/129 388/417/129
f 389/418/129 391/420/2 390/419/2
f 391/420/2 362/454/131 364/421/131
f 303/316/2 331/3397/131 408/438/131
f 305/318/129 303/316/2 409/439/2
f 307/320/128 305/318/129 410/440/129
f 309/322/127 307/320/128 411/441/128
f 311/324/126 309/322/127 412/442/127
f 313/326/125 311/324/126 413/443/126
f 315/328/124 313/326/125 414/444/125
f 317/330/123 315/328/124 415/445/124
f 319/332/122 317/330/123 416/446/123
f 321/334/121 319/332/122 417/447/122
f 323/336/120 321/334/121 418/448/121
f 325/338/119 323/336/120 419/449/120
f 327/340/117 325/338/119 420/450/119
f 329/342/132 327/340/117 421/451/117
f 331/344/131 329/342/132 422/452/132
f 391/420/13 409/439/13 408/438/13
f 410/440/13 409/439/13 391/420/13
f 411/441/13 410/440/13 389/418/13
f 412/442/13 411/441/13 387/416/13
f 383/412/13 413/443/13 412/442/13
f 381/410/13 414/444/13 413/443/13
f 379/408/13 415/445/13 414/444/13
f 416/446/13 415/445/13 379/408/13
f 417/447/13 416/446/13 377/406/13
f 418/448/13 417/447/13 375/404/13
f 419/449/13 418/448/13 373/402/13
f 420/450/13 419/449/13 371/400/13
f 367/396/13 421/451/13 420/450/13
f 365/394/13 422/452/13 421/451/13
f 362/391/13 408/453/13 422/452/13
f 423/455/132 452/484/131 424/456/131
f 426/458/117 423/455/132 425/457/132
f 428/460/119 426/458/117 427/459/117
f 430/462/120 428/460/119 429/461/119
f 432/464/121 430/462/120 431/463/120
f 434/466/122 432/464/121 433/465/121
f 436/468/123 434/466/122 435/467/122
f 438/470/124 436/468/123 437/469/123
f 440/472/125 438/470/124 439/471/124
f 442/474/126 440/472/125 441/473/125
f 444/476/127 442/474/126 443/475/126
f 446/478/128 444/476/127 445/477/127
f 448/480/129 446/478/128 447/479/128
f 450/482/2 448/480/129 449/481/129
f 452/484/131 450/482/2 451/483/2
f 363/485/22 425/457/22 424/456/22
f 452/484/13 423/455/13 392/422/13
f 427/459/22 425/457/22 363/485/22
f 392/422/13 423/455/13 426/458/13
f 429/461/22 427/459/22 366/487/22
f 395/425/13 426/458/13 428/460/13
f 370/489/22 431/463/22 429/461/22
f 428/460/13 430/462/13 397/427/13
f 372/490/22 433/465/22 431/463/22
f 430/462/13 432/464/13 398/428/13
f 374/491/22 435/467/22 433/465/22
f 432/464/13 434/466/13 399/429/13
f 376/492/22 437/469/22 435/467/22
f 434/466/13 436/468/13 400/430/13
f 378/493/22 439/471/22 437/469/22
f 436/468/13 438/470/13 401/431/13
f 441/473/22 439/471/22 378/493/22
f 401/431/13 438/470/13 440/472/13
f 443/475/22 441/473/22 380/494/22
f 402/432/13 440/472/13 442/474/13
f 445/477/22 443/475/22 382/495/22
f 403/433/13 442/474/13 444/476/13
f 447/479/22 445/477/22 384/496/22
f 404/434/13 444/476/13 446/478/13
f 449/481/22 447/479/22 386/497/22
f 405/435/13 446/478/13 448/480/13
f 451/483/22 449/481/22 388/498/22
f 406/436/13 448/480/13 450/482/13
f 364/486/22 424/456/22 451/483/22
f 450/482/13 452/484/13 394/424/13
f 453/500/116 457/504/116 454/501/116
f 456/503/117 459/506/117 457/504/118
f 458/505/119 461/508/119 459/506/117
f 460/507/120 463/510/120 461/508/119
f 462/509/121 465/512/121 463/510/120
f 464/511/122 467/514/122 465/512/121
f 466/513/123 469/516/123 467/514/122
f 468/515/124 471/518/124 469/516/123
f 470/517/125 473/520/125 471/518/124
f 472/519/126 475/522/126 473/520/125
f 474/521/127 477/524/127 475/522/126
f 476/523/128 479/526/128 477/524/127
f 478/525/129 481/528/129 479/526/128
f 480/527/2 482/530/2 481/528/129
f 455/529/130 454/3398/130 482/530/2
f 499/547/131 528/3399/131 500/548/2
f 501/549/2 500/548/2 502/550/129
f 503/551/129 502/550/129 504/552/128
f 505/553/128 504/552/128 506/554/127
f 507/555/127 506/554/127 508/556/126
f 509/557/126 508/556/126 510/558/125
f 511/559/125 510/558/125 512/560/124
f 513/561/124 512/560/124 514/562/123
f 515/563/123 514/562/123 516/564/122
f 517/565/122 516/564/122 518/566/121
f 519/567/121 518/566/121 520/568/120
f 521/569/120 520/568/120 522/570/119
f 523/571/119 522/570/119 524/572/117
f 525/573/117 524/572/117 526/574/132
f 527/575/132 526/574/132 528/576/131
f 482/530/22 454/3398/22 499/547/22
f 482/530/22 501/549/22 503/551/22
f 481/528/22 503/551/22 505/553/22
f 479/526/22 505/553/22 507/555/22
f 475/522/22 477/524/22 507/555/22
f 473/520/22 475/522/22 509/557/22
f 471/518/22 473/520/22 511/559/22
f 469/516/22 471/518/22 513/561/22
f 467/514/22 469/516/22 515/563/22
f 465/512/22 467/514/22 517/565/22
f 465/512/22 519/567/22 521/569/22
f 463/510/22 521/569/22 523/571/22
f 459/506/22 461/508/22 523/571/22
f 457/504/22 459/506/22 525/573/22
f 454/501/22 457/504/22 527/575/22
f 529/578/131 558/607/131 530/579/132
f 531/580/132 530/579/132 532/581/117
f 533/582/117 532/581/117 534/583/119
f 535/584/119 534/583/119 536/585/120
f 537/586/120 536/585/120 538/587/121
f 539/588/121 538/587/121 540/589/122
f 541/590/122 540/589/122 542/591/123
f 543/592/123 542/591/123 544/593/124
f 545/594/124 544/593/124 546/595/125
f 547/596/125 546/595/125 548/597/126
f 549/598/126 548/597/126 550/599/127
f 551/600/127 550/599/127 552/601/128
f 553/602/128 552/601/128 554/603/129
f 555/604/129 554/603/129 556/605/2
f 557/606/2 556/605/2 558/607/131
f 455/608/13 529/578/13 531/580/13
f 484/532/22 483/531/22 530/579/22
f 453/609/13 531/580/13 533/582/13
f 483/531/22 486/534/22 532/581/22
f 456/610/13 533/582/13 535/584/13
f 486/534/22 487/535/22 534/583/22
f 460/612/13 458/611/13 535/584/13
f 488/536/22 536/585/22 534/583/22
f 462/613/13 460/612/13 537/586/13
f 489/537/22 538/587/22 536/585/22
f 462/613/13 539/588/13 541/590/13
f 489/537/22 490/538/22 540/589/22
f 464/614/13 541/590/13 543/592/13
f 490/538/22 491/539/22 542/591/22
f 466/615/13 543/592/13 545/594/13
f 491/539/22 492/540/22 544/593/22
f 468/616/13 545/594/13 547/596/13
f 492/540/22 493/541/22 546/595/22
f 470/617/13 547/596/13 549/598/13
f 493/541/22 494/542/22 548/597/22
f 472/618/13 549/598/13 551/600/13
f 494/542/22 495/543/22 550/599/22
f 476/620/13 474/619/13 551/600/13
f 496/544/22 552/601/22 550/599/22
f 478/621/13 476/620/13 553/602/13
f 497/545/22 554/603/22 552/601/22
f 478/621/13 555/604/13 557/606/13
f 497/545/22 498/546/22 556/605/22
f 480/622/13 557/606/13 529/578/13
f 498/546/22 484/532/22 558/607/22
f 559/623/131 562/626/132 560/624/132
f 562/626/132 564/628/117 563/627/117
f 564/628/117 566/630/119 565/629/119
f 566/630/119 568/632/120 567/631/120
f 568/632/120 570/634/121 569/633/121
f 570/634/121 572/636/122 571/635/122
f 572/636/122 574/638/123 573/637/123
f 574/638/123 576/640/124 575/639/124
f 576/640/124 578/642/125 577/641/125
f 578/642/125 580/644/126 579/643/126
f 580/644/126 582/646/127 581/645/127
f 582/646/127 584/648/128 583/647/128
f 584/648/128 586/650/129 585/649/129
f 586/650/129 588/652/2 587/651/2
f 588/652/2 559/686/131 561/653/131
f 500/548/2 528/3399/131 605/670/131
f 502/550/129 500/548/2 606/671/2
f 504/552/128 502/550/129 607/672/129
f 506/554/127 504/552/128 608/673/128
f 508/556/126 506/554/127 609/674/127
f 510/558/125 508/556/126 610/675/126
f 512/560/124 510/558/125 611/676/125
f 514/562/123 512/560/124 612/677/124
f 516/564/122 514/562/123 613/678/123
f 518/566/121 516/564/122 614/679/122
f 520/568/120 518/566/121 615/680/121
f 522/570/119 520/568/120 616/681/120
f 524/572/117 522/570/119 617/682/119
f 526/574/132 524/572/117 618/683/117
f 528/576/131 526/574/132 619/684/132
f 588/652/13 606/671/13 605/670/13
f 607/672/13 606/671/13 588/652/13
f 608/673/13 607/672/13 586/650/13
f 609/674/13 608/673/13 584/648/13
f 580/644/13 610/675/13 609/674/13
f 578/642/13 611/676/13 610/675/13
f 576/640/13 612/677/13 611/676/13
f 574/638/13 613/678/13 612/677/13
f 572/636/13 614/679/13 613/678/13
f 570/634/13 615/680/13 614/679/13
f 616/681/13 615/680/13 570/634/13
f 617/682/13 616/681/13 568/632/13
f 564/628/13 618/683/13 617/682/13
f 562/626/13 619/684/13 618/683/13
f 559/623/13 605/685/13 619/684/13
f 620/687/132 649/716/131 621/688/131
f 623/690/117 620/687/132 622/689/132
f 625/692/119 623/690/117 624/691/117
f 627/694/120 625/692/119 626/693/119
f 629/696/121 627/694/120 628/695/120
f 631/698/122 629/696/121 630/697/121
f 633/700/123 631/698/122 632/699/122
f 635/702/124 633/700/123 634/701/123
f 637/704/125 635/702/124 636/703/124
f 639/706/126 637/704/125 638/705/125
f 641/708/127 639/706/126 640/707/126
f 643/710/128 641/708/127 642/709/127
f 645/712/129 643/710/128 644/711/128
f 647/714/2 645/712/129 646/713/129
f 649/716/131 647/714/2 648/715/2
f 622/689/22 621/688/22 561/717/22
f 591/656/13 649/716/13 620/687/13
f 624/691/22 622/689/22 560/718/22
f 620/687/13 623/690/13 592/657/13
f 626/693/22 624/691/22 563/719/22
f 592/657/13 623/690/13 625/692/13
f 567/721/22 628/695/22 626/693/22
f 625/692/13 627/694/13 594/659/13
f 569/722/22 630/697/22 628/695/22
f 627/694/13 629/696/13 595/660/13
f 632/699/22 630/697/22 569/722/22
f 595/660/13 629/696/13 631/698/13
f 634/701/22 632/699/22 571/723/22
f 596/661/13 631/698/13 633/700/13
f 636/703/22 634/701/22 573/724/22
f 597/662/13 633/700/13 635/702/13
f 638/705/22 636/703/22 575/725/22
f 598/663/13 635/702/13 637/704/13
f 640/707/22 638/705/22 577/726/22
f 599/664/13 637/704/13 639/706/13
f 642/709/22 640/707/22 579/727/22
f 600/665/13 639/706/13 641/708/13
f 583/729/22 644/711/22 642/709/22
f 641/708/13 643/710/13 602/667/13
f 585/730/22 646/713/22 644/711/22
f 643/710/13 645/712/13 603/668/13
f 648/715/22 646/713/22 585/730/22
f 603/668/13 645/712/13 647/714/13
f 621/688/22 648/715/22 587/731/22
f 604/669/13 647/714/13 649/716/13
f 650/732/10 662/745/10 651/733/10
f 653/735/23 664/748/23 654/736/23
f 656/738/24 861/948/24 657/739/24
f 659/741/25 650/3400/25 652/742/25
f 650/732/22 659/3401/22 661/744/22
f 652/734/13 651/733/13 663/746/13
f 664/748/26 670/754/26 665/749/26
f 666/750/22 661/3402/22 659/741/22
f 660/743/27 669/753/28 667/751/28
f 660/743/13 663/3403/13 668/752/13
f 670/754/29 675/759/29 671/755/29
f 666/750/22 667/751/22 672/756/22
f 669/753/28 674/758/4 672/756/4
f 668/752/13 679/763/13 674/758/13
f 675/759/30 689/774/35 676/760/31
f 673/757/22 672/756/22 677/761/22
f 674/758/4 680/764/4 677/761/4
f 679/763/13 695/781/13 680/764/13
f 681/765/13 694/779/13 655/737/13
f 682/767/13 681/782/13 654/736/13
f 683/768/13 682/767/13 665/749/13
f 684/769/13 683/768/13 671/755/13
f 685/770/32 827/914/32 686/771/32
f 675/759/22 690/775/22 688/773/22
f 670/754/22 691/776/22 690/775/22
f 664/748/22 692/780/22 691/776/22
f 692/777/22 664/3404/22 653/735/22
f 693/778/10 653/735/10 655/737/10
f 651/733/13 694/779/13 681/765/13
f 662/745/10 693/778/10 694/779/10
f 662/745/22 661/744/22 692/777/22
f 692/780/22 661/3402/22 666/750/22
f 691/776/22 666/750/22 673/757/22
f 690/775/22 673/757/22 678/762/22
f 688/773/33 678/762/33 695/781/33
f 695/781/13 679/763/13 683/768/13
f 679/763/13 668/752/13 682/767/13
f 668/752/13 663/3403/13 681/782/13
f 678/762/34 697/784/34 696/783/34
f 677/761/22 698/785/22 697/784/22
f 680/764/4 699/786/4 698/785/4
f 680/764/13 695/781/13 696/783/13
f 689/774/35 702/789/36 700/787/36
f 689/774/22 688/773/22 701/788/22
f 684/769/37 703/790/37 701/788/37
f 676/760/13 700/787/13 703/790/13
f 697/784/2 705/792/52 704/791/133
f 698/785/22 706/793/22 705/792/22
f 699/786/4 707/794/4 706/793/4
f 696/783/13 704/791/13 707/794/13
f 702/789/36 710/797/39 708/795/39
f 702/789/22 701/788/22 709/796/22
f 703/790/40 711/798/135 709/796/134
f 700/787/13 708/795/13 711/798/13
f 710/797/39 714/801/42 712/799/42
f 710/797/22 709/796/22 713/800/22
f 711/798/135 715/802/136 713/800/136
f 708/795/13 712/799/13 715/802/13
f 714/801/42 718/805/45 716/803/45
f 714/801/22 713/800/22 717/804/22
f 715/802/136 719/806/48 717/804/46
f 712/799/13 716/803/13 719/806/13
f 718/805/45 721/808/47 720/807/47
f 717/804/22 722/809/22 721/808/22
f 719/806/48 723/810/49 722/809/49
f 719/806/13 716/803/13 720/807/13
f 721/808/47 725/812/50 724/811/50
f 722/809/22 726/813/22 725/812/22
f 723/810/49 727/814/55 726/813/51
f 723/810/13 720/807/13 724/811/13
f 705/792/52 730/817/53 728/815/53
f 705/792/22 706/793/22 729/816/22
f 707/794/4 731/818/4 729/816/4
f 704/791/13 728/815/13 731/818/13
f 725/812/50 733/820/54 732/819/54
f 726/813/22 734/821/22 733/820/22
f 727/814/55 735/822/59 734/821/56
f 727/814/13 724/811/13 732/819/13
f 730/817/57 738/825/57 736/823/57
f 730/817/22 729/816/22 737/824/22
f 731/818/4 739/826/4 737/824/4
f 728/815/13 736/823/13 739/826/13
f 733/820/54 741/828/58 740/827/58
f 734/821/22 742/829/22 741/828/22
f 735/822/59 743/830/60 742/829/60
f 735/822/13 732/819/13 740/827/13
f 737/824/22 745/832/22 744/831/22
f 739/826/4 746/833/4 745/832/4
f 736/823/13 754/841/13 746/833/13
f 741/828/58 748/835/64 747/834/61
f 742/829/22 750/837/22 748/835/22
f 743/830/13 740/827/13 747/834/13
f 738/825/22 744/831/22 750/837/22
f 751/838/62 759/846/62 752/839/62
f 736/823/13 743/830/13 749/836/13
f 738/825/63 742/829/63 743/830/63
f 745/832/22 755/842/22 753/840/22
f 746/833/4 756/843/4 755/842/4
f 746/833/13 754/841/13 751/838/13
f 748/835/64 758/845/65 757/844/65
f 750/837/22 752/839/22 758/845/22
f 749/836/13 747/834/13 757/844/13
f 754/841/13 749/836/13 759/846/13
f 744/831/22 753/840/22 752/839/22
f 753/840/66 761/848/66 760/847/66
f 755/842/22 762/849/22 761/848/22
f 756/843/4 763/850/4 762/849/4
f 756/843/13 751/838/13 760/847/13
f 758/845/65 766/853/67 764/851/67
f 758/845/22 752/839/22 765/852/22
f 759/846/68 767/854/68 765/852/68
f 757/844/13 764/851/13 767/854/13
f 761/848/69 769/856/137 768/855/70
f 762/849/22 770/857/22 769/856/22
f 763/850/4 771/858/4 770/857/4
f 763/850/13 760/847/13 768/855/13
f 766/853/71 774/861/77 772/859/72
f 766/853/22 765/852/22 773/860/22
f 767/854/73 775/862/79 773/860/74
f 764/851/13 772/859/13 775/862/13
f 769/856/137 777/864/98 776/863/138
f 770/857/22 778/865/22 777/864/22
f 771/858/4 779/866/4 778/865/4
f 771/858/13 768/855/13 776/863/13
f 774/861/77 781/868/81 780/867/78
f 773/860/22 782/869/22 781/868/22
f 775/862/79 783/870/80 782/869/80
f 775/862/13 772/859/13 780/867/13
f 781/868/81 785/872/82 784/871/82
f 782/869/22 786/873/22 785/872/22
f 783/870/80 787/874/83 786/873/83
f 783/870/13 780/867/13 784/871/13
f 785/872/82 789/876/84 788/875/139
f 786/873/22 790/877/22 789/876/22
f 787/874/83 791/878/85 790/877/85
f 787/874/13 784/871/13 788/875/13
f 789/876/84 793/880/141 792/879/140
f 790/877/22 794/881/22 793/880/22
f 791/878/85 795/882/87 794/881/87
f 791/878/13 788/875/13 792/879/13
f 793/880/141 797/884/142 796/883/88
f 794/881/22 798/885/22 797/884/22
f 795/882/87 799/886/89 798/885/89
f 795/882/13 792/879/13 796/883/13
f 797/884/142 801/888/90 800/887/90
f 798/885/22 802/889/22 801/888/22
f 799/886/89 803/890/93 802/889/93
f 799/886/13 796/883/13 800/887/13
f 801/888/90 805/892/92 804/891/92
f 802/889/22 806/893/22 805/892/22
f 803/890/93 807/894/96 806/893/94
f 803/890/13 800/887/13 804/891/13
f 805/892/92 809/896/102 808/895/95
f 806/893/22 810/897/22 809/896/22
f 807/894/96 811/898/97 810/897/97
f 807/894/13 804/891/13 808/895/13
f 777/864/98 814/901/100 812/899/99
f 777/864/22 778/865/22 813/900/22
f 779/866/4 815/902/4 813/900/4
f 776/863/13 812/899/13 815/902/13
f 814/901/100 818/905/101 816/903/101
f 814/901/22 813/900/22 817/904/22
f 815/902/4 819/906/4 817/904/4
f 812/899/13 816/903/13 819/906/13
f 817/904/22 821/908/22 820/907/22
f 819/906/4 823/910/4 821/908/4
f 819/906/13 816/903/13 822/909/13
f 809/896/102 825/912/103 824/911/103
f 810/897/22 828/915/22 825/912/22
f 811/898/13 808/895/13 824/911/13
f 811/898/13 826/913/13 822/909/13
f 827/914/104 656/738/104 658/740/104
f 810/897/22 818/905/22 820/907/22
f 811/898/105 816/903/105 818/905/105
f 821/908/22 830/917/22 829/916/22
f 823/910/4 832/919/106 830/917/106
f 823/910/13 822/909/13 831/918/13
f 825/912/103 834/921/107 833/920/107
f 828/915/22 836/923/22 834/921/22
f 826/913/13 824/911/13 833/920/13
f 828/915/22 820/907/22 829/916/22
f 826/913/13 835/922/13 831/918/13
f 829/916/22 830/917/22 837/924/22
f 832/919/106 839/926/108 837/924/143
f 831/918/13 844/931/13 839/926/13
f 834/921/107 841/928/109 840/927/109
f 836/923/22 843/930/22 841/928/22
f 835/922/13 833/920/13 840/927/13
f 836/923/22 829/916/22 838/925/22
f 835/922/13 842/929/13 844/931/13
f 838/925/22 837/924/22 845/932/22
f 839/926/108 847/934/110 845/932/110
f 844/931/13 852/939/13 847/934/13
f 841/928/111 849/936/111 848/935/111
f 843/930/22 851/938/22 849/936/22
f 842/929/13 840/927/13 848/935/13
f 843/930/22 838/925/22 846/933/22
f 842/929/13 850/937/13 852/939/13
f 846/933/22 845/932/22 853/940/22
f 847/934/112 855/942/112 853/940/112
f 852/939/13 860/947/13 855/942/13
f 849/936/113 857/944/113 856/943/113
f 851/938/22 859/946/22 857/944/22
f 850/937/13 848/935/13 856/943/13
f 851/938/22 846/933/22 854/941/22
f 850/937/13 858/945/13 860/947/13
f 854/941/22 853/940/22 861/948/22
f 855/942/114 657/739/114 861/948/114
f 860/947/13 658/740/13 657/739/13
f 857/944/115 685/770/115 687/772/115
f 859/946/22 827/914/22 685/770/22
f 858/945/13 856/943/13 687/772/13
f 854/941/22 656/738/22 827/914/22
f 860/947/13 858/945/13 686/771/13
f 862/949/144 865/952/144 863/950/144
f 865/952/2 871/962/2 866/953/2
f 867/954/3 883/974/3 868/955/3
f 870/957/4 873/964/4 862/958/4
f 864/951/145 863/950/145 866/960/146
f 871/962/2 881/972/2 872/963/2
f 873/964/4 870/957/4 874/965/4
f 866/953/146 872/963/150 874/965/148
f 862/958/149 873/964/149 871/962/149
f 873/964/10 877/968/10 876/967/10
f 875/966/4 885/976/4 877/968/4
f 878/969/3 2573/3405/3 879/970/3
f 881/972/2 871/962/2 876/967/2
f 881/972/2 867/954/2 869/956/2
f 875/966/4 874/965/4 868/955/4
f 872/963/150 869/956/12 868/955/12
f 882/973/2 884/975/2 867/954/2
f 867/954/13 878/969/13 880/971/13
f 884/975/2 2573/3405/2 878/969/2
f 885/976/4 875/966/4 883/974/4
f 886/977/4 883/974/4 880/971/4
f 887/978/151 891/982/151 888/979/151
f 890/981/2 898/992/2 891/982/2
f 892/983/3 904/998/3 893/984/3
f 895/986/4 889/3406/4 888/987/4
f 890/989/152 887/978/153 889/980/153
f 897/991/2 903/997/2 898/992/2
f 899/993/4 895/986/4 896/988/4
f 899/993/155 897/991/157 890/981/152
f 898/992/156 896/988/156 888/987/156
f 876/967/10 877/968/10 896/988/10
f 877/968/4 885/976/4 900/994/4
f 879/970/3 2573/3405/3 901/995/3
f 903/997/2 882/973/2 876/967/2
f 894/985/2 893/984/2 903/997/2
f 900/994/4 904/998/4 892/983/4
f 892/983/20 894/985/20 897/991/157
f 893/984/2 884/975/2 882/973/2
f 902/996/22 901/995/22 893/984/22
f 901/995/2 2573/3405/2 884/975/2
f 904/998/4 900/994/4 885/976/4
f 902/996/4 904/998/4 886/977/4
f 905/999/10 925/1022/10 906/1000/10
f 908/1002/2 939/1040/2 909/1003/2
f 911/1005/4 905/1027/4 907/1006/4
f 913/1008/22 2574/3407/22 914/1009/22
f 907/1001/13 906/1000/13 916/1011/13
f 917/1013/10 924/1023/10 918/1014/10
f 920/1016/2 965/1071/2 921/1017/2
f 923/1019/4 934/1033/4 918/1020/4
f 925/1022/10 905/999/10 924/1023/10
f 926/1024/2 940/1041/2 927/1025/2
f 911/1005/4 923/1019/4 924/1021/4
f 919/1015/10 918/1014/10 929/1028/10
f 931/1030/2 943/1044/2 932/1031/2
f 934/1033/4 938/1038/4 929/1034/4
f 930/1029/10 929/1028/10 915/1010/10
f 935/1035/2 960/1066/2 936/1036/2
f 938/1038/4 913/1048/4 915/1039/4
f 908/1002/13 926/1024/13 928/1026/13
f 920/1016/10 940/1041/10 926/1024/10
f 922/1018/22 927/1025/22 940/1041/22
f 939/1040/3 928/1026/3 927/1025/3
f 941/1042/13 931/1030/13 933/1032/13
f 935/1035/10 943/1044/10 931/1030/10
f 937/1037/22 932/1031/22 943/1044/22
f 942/1043/3 933/1032/3 932/1031/3
f 944/1045/3 911/1005/3 912/1012/3
f 945/1047/3 2574/3408/3 913/1048/3
f 946/1049/158 1056/1164/158 947/1050/158
f 949/1052/3 983/1091/3 934/1033/3
f 950/1053/158 1057/1165/158 951/1054/158
f 953/1056/13 910/1004/13 909/1057/13
f 955/1059/3 954/3409/3 909/1003/3
f 922/1018/3 971/1078/3 955/1059/3
f 956/1060/3 971/1078/3 922/1018/3
f 957/1061/3 942/1043/3 937/1037/3
f 958/1062/3 937/1037/3 936/1063/3
f 959/1065/22 936/1063/22 960/1066/22
f 962/1068/10 961/1067/10 960/1066/10
f 963/1069/10 962/1068/10 935/1035/10
f 964/1070/10 1061/1169/10 965/1071/10
f 966/1072/10 964/1070/10 920/1016/10
f 966/1072/10 908/1002/10 910/1004/10
f 967/1073/13 916/1011/13 906/1000/13
f 968/1074/13 953/1056/13 954/1058/13
f 967/1073/13 906/1000/13 968/1074/13
f 969/1075/3 944/1045/3 916/1046/3
f 967/1076/3 954/3409/3 955/1059/3
f 969/1075/3 916/1046/3 967/1076/3
f 970/1077/3 949/1052/3 944/1045/3
f 969/1075/3 955/1059/3 971/1078/3
f 970/1077/3 944/1045/3 969/1075/3
f 972/1079/3 983/1091/3 949/1052/3
f 970/1077/3 971/1078/3 956/1060/3
f 972/1079/3 949/1052/3 970/1077/3
f 1060/1168/3 957/1061/3 972/1079/3
f 1067/1175/3 1060/1168/3 972/1079/3
f 972/1079/3 970/1077/3 956/1060/3
f 973/1080/3 1067/1175/3 972/1079/3
f 974/1081/3 945/1047/3 983/1091/3
f 972/1079/3 957/1061/3 958/1062/3
f 974/1081/3 983/1091/3 972/1079/3
f 975/1082/3 2574/3408/3 945/1047/3
f 974/1081/3 958/1062/3 959/1064/3
f 975/1082/3 945/1047/3 974/1081/3
f 976/1083/22 914/1009/22 2574/3407/22
f 975/1084/22 959/1065/22 961/1067/22
f 976/1083/22 2574/3407/22 975/1084/22
f 977/1085/10 930/1029/10 914/1009/10
f 976/1083/10 961/1067/10 962/1068/10
f 977/1085/10 914/1009/10 976/1083/10
f 978/1086/10 919/1015/10 930/1029/10
f 977/1085/10 962/1068/10 963/1069/10
f 978/1086/10 930/1029/10 977/1085/10
f 979/1087/10 917/1013/10 919/1015/10
f 978/1086/10 963/1069/10 980/1088/10
f 979/1087/10 919/1015/10 978/1086/10
f 1061/1169/10 964/1070/10 979/1087/10
f 1069/1177/10 1061/1169/10 979/1087/10
f 979/1087/10 978/1086/10 980/1088/10
f 981/1089/10 1069/1177/10 979/1087/10
f 982/1090/10 925/1022/10 917/1013/10
f 979/1087/10 964/1070/10 966/1072/10
f 982/1090/10 917/1013/10 979/1087/10
f 968/1074/10 906/1000/10 925/1022/10
f 982/1090/10 966/1072/10 953/1056/10
f 968/1074/10 925/1022/10 982/1090/10
f 983/1091/13 985/1093/13 984/1092/13
f 945/1047/2 986/1094/2 985/1093/2
f 938/1038/22 987/1095/22 986/1094/22
f 934/1033/4 984/1092/4 987/1095/4
f 949/1052/2 989/1097/2 988/1096/2
f 923/1019/22 990/1098/22 989/1097/22
f 911/1005/4 991/1099/4 990/1098/4
f 944/1045/13 988/1096/13 991/1099/13
f 984/1092/13 985/1093/13 992/1100/13
f 986/1094/159 994/1102/160 992/1100/160
f 987/1095/22 995/1103/22 994/1102/22
f 984/1092/161 993/1101/162 995/1103/162
f 989/1097/159 997/1105/160 996/1104/160
f 990/1098/22 998/1106/22 997/1105/22
f 991/1099/161 999/1107/162 998/1106/162
f 991/1099/13 988/1096/13 996/1104/13
f 993/1101/13 992/1100/13 1000/1108/13
f 994/1102/160 1002/1110/165 1000/1108/163
f 995/1103/22 1003/1111/22 1002/1110/22
f 993/1101/162 1001/1109/167 1003/1111/164
f 997/1105/160 1005/1113/169 1004/1112/163
f 998/1106/22 1006/1114/22 1005/1113/22
f 999/1107/162 1007/1115/167 1006/1114/164
f 999/1107/13 996/1104/13 1004/1112/13
f 1001/1109/13 1000/1108/13 1008/1116/13
f 1002/1110/165 1010/1118/166 1008/1116/166
f 1003/1111/22 1011/1119/22 1010/1118/22
f 1001/1109/167 1009/1117/168 1011/1119/168
f 1005/1113/169 1013/1121/166 1012/1120/166
f 1006/1114/22 1014/1122/22 1013/1121/22
f 1007/1115/167 1015/1123/168 1014/1122/168
f 1007/1115/13 1004/1112/13 1012/1120/13
f 1008/1116/13 1017/1125/13 1016/1124/13
f 1010/1118/166 1019/1127/170 1017/1125/170
f 1010/1118/22 1011/1119/22 1018/1126/22
f 1009/1117/168 1016/1124/175 1018/1126/171
f 1013/1121/166 1022/1130/177 1020/1128/172
f 1013/1121/22 1014/1122/22 1021/1129/22
f 1015/1123/168 1023/1131/173 1021/1129/173
f 1012/1120/13 1020/1128/13 1023/1131/13
f 1017/1125/13 1025/1133/13 1024/1132/13
f 1019/1127/170 1027/1135/174 1025/1133/174
f 1019/1127/22 1018/1126/22 1026/1134/22
f 1016/1124/175 1024/1132/176 1026/1134/176
f 1022/1130/177 1030/1138/178 1028/1136/178
f 1022/1130/22 1021/1129/22 1029/1137/22
f 1023/1131/173 1031/1139/179 1029/1137/179
f 1020/1128/13 1028/1136/13 1031/1139/13
f 1025/1133/13 1033/1141/13 1032/1140/13
f 1027/1135/174 1035/1143/184 1033/1141/180
f 1027/1135/22 1026/1134/22 1034/1142/22
f 1024/1132/176 1032/1140/186 1034/1142/181
f 1030/1138/178 1037/1145/188 1036/1144/182
f 1029/1137/22 1038/1146/22 1037/1145/22
f 1031/1139/179 1039/1147/190 1038/1146/183
f 1031/1139/13 1028/1136/13 1036/1144/13
f 1033/1141/13 1041/1149/13 1040/1148/13
f 1035/1143/184 1043/1151/192 1041/1149/185
f 1035/1143/22 1034/1142/22 1042/1150/22
f 1032/1140/186 1040/1148/187 1042/1150/187
f 1037/1145/188 1045/1153/189 1044/1152/189
f 1038/1146/22 1046/1154/22 1045/1153/22
f 1039/1147/190 1047/1155/191 1046/1154/191
f 1039/1147/13 1036/1144/13 1044/1152/13
f 1041/1149/13 1049/1157/13 1048/1156/13
f 1043/1151/192 1051/1159/197 1049/1157/193
f 1043/1151/22 1042/1150/22 1050/1158/22
f 1040/1148/187 1048/1156/199 1050/1158/194
f 1045/1153/189 1053/1161/201 1052/1160/195
f 1046/1154/22 1054/1162/22 1053/1161/22
f 1047/1155/191 1055/1163/202 1054/1162/196
f 1047/1155/13 1044/1152/13 1052/1160/13
f 1049/1157/13 946/1049/13 948/1051/13
f 1051/1159/197 1056/1164/198 946/1049/198
f 1051/1159/22 1050/1158/22 947/1050/22
f 1048/1156/199 948/1051/200 947/1050/200
f 1053/1161/201 950/1053/198 952/1055/198
f 1053/1161/22 1054/1162/22 1057/1165/22
f 1055/1163/202 951/1054/200 1057/1165/200
f 1052/1160/13 952/1055/13 951/1054/13
f 980/1088/10 963/1069/10 941/1042/10
f 1058/1166/2 941/1042/2 942/1043/2
f 1060/1168/3 1059/1167/3 942/1043/3
f 1061/1169/10 1069/1177/10 1062/1170/10
f 1063/1171/2 1102/1210/2 1064/1172/2
f 973/1080/3 956/1060/3 921/1017/3
f 1067/1175/3 973/1080/3 1066/1174/3
f 1062/1170/2 1070/1178/2 1068/1176/2
f 1069/1177/10 981/1089/10 1070/1178/10
f 1060/1168/3 1067/1175/3 1068/1176/3
f 1071/1179/2 1096/1204/2 1072/1180/2
f 981/1089/10 980/1088/10 1058/1166/10
f 965/1071/203 1076/1184/203 1074/1182/203
f 965/1071/10 1062/1170/10 1075/1183/10
f 1066/1174/204 1077/1185/210 1075/1183/205
f 921/1017/3 1074/1182/3 1077/1185/3
f 1070/1178/206 1079/1187/213 1078/1186/207
f 1058/1166/10 1080/1188/10 1079/1187/10
f 1059/1167/208 1081/1189/208 1080/1188/208
f 1059/1167/3 1068/1176/3 1078/1186/3
f 1082/1190/209 1106/1214/209 1083/1191/209
f 1074/1182/3 1104/1212/3 1085/1193/3
f 1077/1185/210 1085/1193/211 1086/1194/211
f 1076/1184/10 1075/1183/10 1086/1194/10
f 1081/1189/3 1078/1186/3 1088/1196/3
f 1090/1198/212 1107/1215/212 1091/1199/212
f 1080/1188/10 1105/1213/10 1093/1201/10
f 1079/1187/213 1093/1201/214 1088/1196/214
f 1094/1202/3 1073/1181/3 1072/1180/3
f 1095/1203/215 1072/1180/216 1096/1204/216
f 1098/1206/10 1097/1205/10 1096/1204/10
f 1098/1206/217 1071/1179/218 1073/1181/218
f 1099/1207/219 1063/1171/220 1065/1173/220
f 1101/1209/3 1100/1208/3 1065/1173/3
f 1101/1209/221 1064/1172/222 1102/1210/222
f 1103/1211/10 1102/1210/10 1063/1171/10
f 1087/1195/209 1099/1207/219 1100/1208/219
f 1104/1212/3 1100/1208/3 1101/1209/3
f 1085/1193/211 1101/1209/221 1103/1211/221
f 1087/1195/10 1086/1194/10 1103/1211/10
f 1089/1197/3 1088/1196/3 1094/1202/3
f 1089/1197/212 1095/1203/215 1097/1205/215
f 1105/1213/10 1097/1205/10 1098/1206/10
f 1093/1201/214 1098/1206/217 1094/1202/217
f 1076/1184/223 1082/1190/223 1084/1192/223
f 1076/1184/10 1087/1195/10 1106/1214/10
f 1104/1212/224 1083/1191/224 1106/1214/224
f 1074/1182/3 1084/1192/3 1083/1191/3
f 1081/1189/225 1090/1198/225 1092/1200/225
f 1081/1189/3 1089/1197/3 1107/1215/3
f 1105/1213/226 1091/1199/226 1107/1215/226
f 1080/1188/10 1092/1200/10 1091/1199/10
f 1108/1216/10 1115/1281/10 1109/1217/10
f 1111/1219/2 1120/1229/2 1112/1220/2
f 1114/1222/4 1135/1244/4 1109/1223/4
f 1116/1225/13 1111/1219/13 1113/1221/13
f 1118/1227/10 1120/1229/10 1111/1219/10
f 1119/1228/22 1112/1220/22 1120/1229/22
f 1117/1226/3 1113/1221/3 1112/1220/3
f 1121/1230/158 1170/1279/158 1122/1231/158
f 1124/1233/3 1117/1226/3 1119/1228/3
f 1126/1235/10 1171/1280/10 1118/1227/10
f 1127/1236/3 1133/1242/3 1131/1240/3
f 1128/1237/3 1124/1233/3 1125/1234/3
f 1127/1236/3 1131/1240/3 1128/1237/3
f 1129/1238/10 1108/1216/10 1110/1218/10
f 1130/1239/10 1171/1280/10 1126/1235/10
f 1129/1238/10 1110/1218/10 1130/1239/10
f 1131/1240/13 1134/1243/13 1132/1241/13
f 1133/1242/2 1136/1245/2 1134/1243/2
f 1135/1244/22 1137/1246/22 1136/1245/22
f 1114/1222/4 1132/1241/4 1137/1246/4
f 1132/1241/13 1134/1243/13 1138/1247/13
f 1136/1245/159 1140/1249/160 1138/1247/160
f 1137/1246/22 1141/1250/22 1140/1249/22
f 1132/1241/161 1139/1248/162 1141/1250/162
f 1139/1248/13 1138/1247/13 1142/1251/13
f 1140/1249/160 1144/1253/165 1142/1251/163
f 1141/1250/22 1145/1254/22 1144/1253/22
f 1139/1248/162 1143/1252/167 1145/1254/227
f 1143/1252/13 1142/1251/13 1146/1255/13
f 1144/1253/165 1148/1257/166 1146/1255/166
f 1145/1254/22 1149/1258/22 1148/1257/22
f 1143/1252/167 1147/1256/168 1149/1258/168
f 1146/1255/13 1151/1260/13 1150/1259/13
f 1148/1257/166 1153/1262/170 1151/1260/228
f 1148/1257/22 1149/1258/22 1152/1261/22
f 1147/1256/168 1150/1259/175 1152/1261/171
f 1151/1260/13 1155/1264/13 1154/1263/13
f 1153/1262/170 1157/1266/174 1155/1264/174
f 1153/1262/22 1152/1261/22 1156/1265/22
f 1150/1259/175 1154/1263/176 1156/1265/176
f 1155/1264/13 1159/1268/13 1158/1267/13
f 1157/1266/174 1161/1270/184 1159/1268/180
f 1157/1266/22 1156/1265/22 1160/1269/22
f 1154/1263/176 1158/1267/186 1160/1269/181
f 1159/1268/13 1163/1272/13 1162/1271/13
f 1161/1270/184 1165/1274/192 1163/1272/185
f 1161/1270/22 1160/1269/22 1164/1273/22
f 1158/1267/186 1162/1271/230 1164/1273/187
f 1163/1272/13 1167/1276/13 1166/1275/13
f 1165/1274/192 1169/1278/232 1167/1276/229
f 1165/1274/22 1164/1273/22 1168/1277/22
f 1162/1271/230 1166/1275/199 1168/1277/231
f 1167/1276/13 1121/1230/13 1123/1232/13
f 1169/1278/232 1170/1279/198 1121/1230/198
f 1169/1278/22 1168/1277/22 1122/1231/22
f 1166/1275/199 1123/1232/200 1122/1231/200
f 1125/1234/22 1119/1228/22 1118/1227/22
f 1130/1239/22 1110/1218/22 1133/1242/22
f 1127/1236/22 1125/1234/22 1171/1280/22
f 1130/1239/22 1133/1242/22 1127/1236/22
f 1109/1223/22 1135/1244/22 1133/1242/22
f 1126/1235/13 1116/1225/13 1117/1226/13
f 1131/1240/13 1108/1216/13 1129/1238/13
f 1129/1238/13 1126/1235/13 1124/1233/13
f 1128/1237/13 1131/1240/13 1129/1238/13
f 1131/1240/13 1114/1222/13 1115/1281/13
f 1172/1282/233 1176/1286/233 1173/1283/233
f 1175/1285/234 1178/1288/234 1176/1286/235
f 1177/1287/236 1180/1290/236 1178/1288/234
f 1179/1289/237 1182/1292/237 1180/1290/236
f 1181/1291/238 1184/1294/238 1182/1292/237
f 1183/1293/239 1186/1296/239 1184/1294/238
f 1185/1295/240 1188/1298/240 1186/1296/239
f 1187/1297/241 1190/1300/241 1188/1298/240
f 1189/1299/242 1192/1302/242 1190/1300/241
f 1191/1301/243 1194/1304/243 1192/1302/242
f 1193/1303/244 1196/1306/244 1194/1304/243
f 1195/1305/245 1198/1308/245 1196/1306/244
f 1197/1307/246 1200/1310/246 1198/1308/245
f 1199/1309/247 1201/1312/247 1200/1310/246
f 1174/1311/248 1173/2057/1505 1201/1312/247
f 1218/1329/249 1222/1333/249 1219/1330/250
f 1221/1332/234 1224/1335/234 1222/1333/249
f 1223/1334/236 1226/1337/236 1224/1335/234
f 1225/1336/237 1228/1339/251 1226/1337/236
f 1227/1338/238 1230/1341/238 1228/1339/251
f 1229/1340/239 1232/1343/239 1230/1341/238
f 1231/1342/240 1234/1345/240 1232/1343/239
f 1233/1344/241 1236/1347/241 1234/1345/240
f 1235/1346/242 1238/1349/242 1236/1347/241
f 1237/1348/252 1271/1382/252 1238/1349/242
f 1239/1350/253 1420/3410/253 1240/1351/253
f 1242/1353/245 1246/1357/245 1243/1354/254
f 1245/1356/246 1248/1359/246 1246/1357/245
f 1247/1358/247 1249/1360/247 1248/1359/246
f 1220/1331/250 1219/1330/250 1249/1360/247
f 1250/1361/3 1253/1364/3 1218/1329/3
f 1251/1362/10 1219/1330/10 1222/1333/10
f 1253/1364/3 1255/1366/3 1221/1332/3
f 1252/1363/10 1222/1333/10 1224/1335/10
f 1255/1366/3 1257/1368/3 1223/1334/3
f 1254/1365/10 1224/1335/10 1226/1337/10
f 1257/1368/3 1259/1370/3 1225/1336/3
f 1256/1367/10 1226/1337/10 1228/1339/10
f 1259/1370/3 1261/1372/3 1227/1338/3
f 1258/1369/10 1228/1339/10 1230/1341/10
f 1261/1372/3 1263/1374/3 1229/1340/3
f 1260/1371/10 1230/1341/10 1232/1343/10
f 1263/1374/3 1265/1376/3 1231/1342/3
f 1262/1373/10 1232/1343/10 1234/1345/10
f 1265/1376/3 1268/1379/3 1233/1344/3
f 1264/1375/10 1234/1345/10 1236/1347/10
f 1267/1378/3 1235/1346/3 1233/1344/3
f 1269/1380/10 1266/1377/10 1236/1347/10
f 1270/1381/3 1237/1348/3 1235/1346/3
f 1269/1380/10 1238/1349/10 1271/1382/255
f 1273/1384/3 1244/1355/3 1237/1348/3
f 1272/1383/10 1271/1382/255 1243/1354/256
f 1273/1384/3 1277/1388/3 1242/1353/3
f 1274/1385/10 1243/1354/256 1246/1357/10
f 1276/1387/3 1245/1356/3 1242/1353/3
f 1278/1389/10 1275/1386/10 1246/1357/10
f 1276/1387/3 1280/1391/3 1247/1358/3
f 1278/1389/10 1248/1359/10 1249/1360/10
f 1280/1391/3 1250/1361/3 1220/1331/3
f 1279/1390/10 1249/1360/10 1219/1330/10
f 1252/1392/249 1282/1396/258 1281/1393/257
f 1254/1395/234 1283/1398/259 1282/1396/258
f 1256/1397/236 1285/1400/261 1283/1398/259
f 1256/1397/236 1258/1401/262 1284/1399/260
f 1258/1401/262 1260/1404/238 1286/1402/263
f 1262/1403/239 1287/1406/264 1286/1402/263
f 1264/1405/240 1288/1408/265 1287/1406/264
f 1266/1407/241 1289/1410/266 1288/1408/265
f 1269/1409/242 1290/1412/267 1289/1410/266
f 1272/1411/243 1291/1414/269 1290/1412/267
f 1274/1413/268 1292/1416/270 1291/1414/269
f 1275/1415/245 1293/1418/271 1292/1416/270
f 1278/1417/246 1294/1420/272 1293/1418/271
f 1279/1419/247 1295/1421/273 1294/1420/272
f 1251/1394/250 1281/1393/257 1295/1421/273
f 1281/1393/257 1282/1396/258 1296/1422/274
f 1282/1396/258 1283/1398/259 1298/1424/276
f 1283/1398/259 1285/1400/261 1299/1425/277
f 1285/1400/261 1284/1399/260 1300/1426/278
f 1284/1399/260 1286/1402/263 1301/1427/279
f 1286/1402/263 1287/1406/264 1302/1428/280
f 1287/1406/264 1288/1408/265 1303/1429/281
f 1289/1410/266 1304/1430/282 1303/1429/281
f 1290/1412/267 1305/1431/283 1304/1430/282
f 1291/1414/269 1306/1432/284 1305/1431/283
f 1292/1416/270 1307/1433/285 1306/1432/284
f 1293/1418/271 1308/1434/286 1307/1433/285
f 1294/1420/272 1309/1435/287 1308/1434/286
f 1295/1421/273 1310/1436/288 1309/1435/287
f 1295/1421/273 1281/1393/257 1297/1423/275
f 1311/1437/289 1315/1441/293 1312/1438/290
f 1314/1440/292 1317/1443/295 1315/1441/293
f 1314/1440/292 1318/1444/296 1316/1442/294
f 1318/1444/296 1320/1446/298 1319/1445/297
f 1320/1446/298 1322/1448/300 1321/1447/299
f 1322/1448/300 1324/1450/302 1323/1449/301
f 1324/1450/302 1326/1452/304 1325/1451/303
f 1326/1452/304 1329/1455/307 1327/1453/305
f 1328/1454/306 1331/1457/309 1327/1453/305
f 1330/1456/308 1333/1459/311 1331/1457/309
f 1330/1456/308 1334/1460/312 1332/1458/310
f 1334/1460/312 1336/1462/314 1335/1461/313
f 1336/1462/314 1339/1465/317 1337/1463/315
f 1338/1464/316 1340/1467/318 1337/1463/315
f 1313/1466/291 1312/3411/290 1340/1467/318
f 1315/1441/293 1343/1470/321 1341/1468/319
f 1315/1441/293 1317/1443/295 1342/1469/320
f 1317/1443/295 1316/1442/294 1344/1471/322
f 1316/1442/294 1319/1445/297 1345/1472/323
f 1319/1445/297 1321/1447/299 1346/1473/324
f 1321/1447/299 1323/1449/301 1347/1474/325
f 1325/1451/303 1348/1475/326 1347/1474/325
f 1327/1453/305 1349/1476/327 1348/1475/326
f 1331/1457/309 1350/1477/328 1349/1476/327
f 1333/1459/311 1352/1479/330 1350/1477/328
f 1333/1459/311 1332/1458/310 1351/1478/329
f 1335/1461/313 1353/1480/331 1351/1478/329
f 1337/1463/315 1354/1481/332 1353/1480/331
f 1340/1467/318 1355/1483/333 1354/1481/332
f 1340/1467/318 1312/3411/290 1341/1482/319
f 1343/1470/321 1357/1485/335 1356/1484/334
f 1342/1469/320 1358/1486/336 1357/1485/335
f 1344/1471/322 1359/1487/337 1358/1486/336
f 1345/1472/323 1361/1489/339 1359/1487/337
f 1345/1472/323 1346/1473/324 1360/1488/338
f 1346/1473/324 1347/1474/325 1362/1490/340
f 1348/1475/326 1364/1492/342 1362/1490/340
f 1348/1475/326 1349/1476/327 1363/1491/341
f 1349/1476/327 1350/1477/328 1365/1493/343
f 1350/1477/328 1352/1479/330 1366/1494/344
f 1351/1478/329 1367/1495/345 1366/1494/344
f 1353/1480/331 1368/1496/346 1367/1495/345
f 1354/1481/332 1369/1497/347 1368/1496/346
f 1355/1483/333 1370/1498/348 1369/1497/347
f 1341/1482/319 1356/3412/334 1370/1498/348
f 1356/1484/334 1357/1485/335 1371/1499/349
f 1358/1486/336 1374/1502/352 1371/1499/349
f 1358/1486/336 1359/1487/337 1373/1501/351
f 1359/1487/337 1361/1489/339 1375/1503/353
f 1360/1488/338 1377/1505/355 1375/1503/353
f 1360/1488/338 1362/1490/340 1376/1504/354
f 1364/1492/342 1379/1507/357 1376/1504/354
f 1364/1492/342 1363/1491/341 1378/1506/356
f 1363/1491/341 1365/1493/343 1380/1508/358
f 1365/1493/343 1366/1494/344 1381/1509/359
f 1367/1495/345 1382/1510/360 1381/1509/359
f 1368/1496/346 1384/1512/362 1382/1510/360
f 1368/1496/346 1369/1497/347 1383/1511/361
f 1370/1498/348 1385/1514/363 1383/1511/361
f 1370/1498/348 1356/3412/334 1372/1513/350
f 1371/1499/349 1387/1516/365 1386/1515/364
f 1374/1502/352 1389/1518/367 1387/1516/365
f 1374/1502/352 1373/1501/351 1388/1517/366
f 1373/1501/351 1375/1503/353 1390/1519/368
f 1375/1503/353 1377/1505/355 1391/1520/369
f 1376/1504/354 1392/1521/370 1391/1520/369
f 1379/1507/357 1394/1523/372 1392/1521/370
f 1379/1507/357 1378/1506/356 1393/1522/371
f 1380/1508/358 1395/1524/373 1393/1522/371
f 1381/1509/359 1396/1525/374 1395/1524/373
f 1382/1510/360 1397/1526/375 1396/1525/374
f 1384/1512/362 1399/1528/377 1397/1526/375
f 1384/1512/362 1383/1511/361 1398/1527/376
f 1383/1511/361 1385/1514/363 1400/1529/378
f 1385/1514/363 1372/1513/350 1386/1530/364
f 1386/1515/364 1387/1516/365 1401/1531/379
f 1387/1516/365 1389/1518/367 1403/1533/381
f 1388/1517/366 1405/1535/383 1403/1533/381
f 1388/1517/366 1390/1519/368 1404/1534/382
f 1391/1520/369 1407/1537/385 1404/1534/382
f 1391/1520/369 1392/1521/370 1406/1536/384
f 1394/1523/372 1408/1538/386 1406/1536/384
f 1393/1522/371 1410/1540/388 1408/1538/386
f 1393/1522/371 1395/1524/373 1409/1539/387
f 1395/1524/373 1396/1525/374 1411/1541/389
f 1397/1526/375 1412/1542/390 1411/1541/389
f 1399/1528/377 1413/1543/391 1412/1542/390
f 1398/1527/376 1415/1545/393 1413/1543/391
f 1398/1527/376 1400/1529/378 1414/1544/392
f 1386/1530/364 1402/1560/380 1414/1544/392
f 1296/1422/394 1298/1424/394 1314/1562/394
f 1298/1424/395 1299/1425/395 1318/1564/395
f 1300/1426/396 1320/1565/396 1318/1564/396
f 1301/1427/397 1322/1566/397 1320/1565/397
f 1302/1428/398 1324/1567/398 1322/1566/399
f 1303/1429/400 1326/1568/400 1324/1567/401
f 1304/1430/402 1329/1569/402 1326/1568/403
f 1305/1431/405 1328/1570/405 1329/1569/406
f 1306/1432/408 1330/1572/408 1328/1570/408
f 1306/1432/409 1307/1433/409 1334/1571/409
f 1307/1433/410 1308/1434/410 1336/1573/410
f 1308/1434/411 1309/1435/1506 1339/1574/412
f 1309/1435/414 1310/1436/414 1338/1575/414
f 1310/1436/415 1297/1423/416 1313/1576/416
f 1297/1423/417 1296/1422/417 1311/1563/417
f 1417/1578/418 1425/1611/418 1418/1579/419
f 1243/1581/420 1420/3413/420 1239/1582/420
f 1243/1584/256 1271/3414/255 1240/1585/421
f 1237/1587/422 1241/3415/422 1240/1588/422
f 1244/1590/236 1423/1605/430 1421/1591/423
f 1244/1593/420 1239/3416/420 1422/1594/420
f 1241/1596/253 1424/3417/1507 1422/1597/424
f 1237/1599/422 1421/1602/426 1424/1600/425
f 1421/1602/426 1419/1580/427 1418/1579/427
f 1422/1597/424 1424/3417/1507 1418/1603/428
f 1423/1605/430 1417/1614/437 1419/1606/431
f 1427/1608/432 1423/1595/432 1422/1594/432
f 1422/1594/432 1429/3418/1508 1426/1607/433
f 1429/1610/435 1422/1597/424 1425/1604/429
f 1425/1604/429 1431/1945/709 1428/1609/434
f 1425/1611/418 1417/1578/418 1430/1612/436
f 1417/1614/437 1423/1605/430 1427/1615/438
f 1432/1620/442 1460/2060/470 1433/1621/443
f 1434/1622/444 1433/1621/443 1435/1623/445
f 1436/1624/446 1435/1623/445 1437/1625/447
f 1438/1626/448 1437/1625/447 1439/1627/449
f 1440/1628/450 1439/1627/449 1441/1629/451
f 1442/1630/452 1441/1629/451 1443/1631/453
f 1444/1632/454 1443/1631/453 1445/1633/455
f 1445/1633/455 1448/1636/458 1447/1635/457
f 1448/1636/458 1450/1638/460 1449/1637/459
f 1450/1638/460 1452/1640/462 1451/1639/461
f 1452/1640/462 1454/1642/464 1453/1641/463
f 1454/1642/464 1456/1644/466 1455/1643/465
f 1456/1644/466 1458/1646/468 1457/1645/467
f 1458/1646/468 1715/2101/1509 1459/1647/469
f 1459/1647/469 1715/2101/1509 1460/1648/470
f 1477/1666/487 1538/1727/487 1478/1667/488
f 1479/1668/488 1478/1667/488 1480/1669/489
f 1481/1670/489 1480/1669/489 1482/1671/490
f 1483/1672/490 1482/1671/490 1484/1673/491
f 1484/1673/491 2575/3419/492 1486/1675/492
f 1486/1675/492 2575/3419/492 1487/1676/493
f 1488/1677/493 1487/1676/493 1489/1678/494
f 1490/1679/494 1489/1678/494 1491/1680/495
f 1492/1681/495 1491/1680/495 1493/1682/496
f 1494/1683/496 1493/1682/496 1495/1684/497
f 1497/1686/498 1678/3420/498 1498/1687/498
f 1500/1689/499 1503/1692/500 1501/1690/500
f 1503/1692/500 1505/1694/501 1504/1693/501
f 1505/1694/501 1507/1696/502 1506/1695/502
f 1507/1696/502 1538/1727/487 1477/1666/487
f 1508/1697/503 1477/1666/503 1479/1668/503
f 1478/1667/504 1538/1727/505 1510/1699/505
f 1509/1698/503 1479/1668/503 1481/1670/503
f 1513/1702/505 1480/1669/505 1478/1667/504
f 1481/1670/503 1483/1672/506 1514/1703/506
f 1515/1704/507 1482/1671/507 1480/1669/505
f 1483/1672/506 1485/1674/506 1516/1705/506
f 1517/1706/505 1484/1673/505 1482/1671/507
f 1516/1705/506 1485/1674/506 1486/1675/506
f 1519/1708/505 2575/3419/505 1484/1673/505
f 1518/1707/506 1486/1675/506 1488/1677/506
f 1487/1676/505 2575/3419/505 1519/1708/505
f 1488/1677/506 1490/1679/506 1522/1711/506
f 1489/1678/505 1487/1676/505 1521/1710/505
f 1490/1679/506 1492/1681/506 1524/1713/506
f 1525/1714/505 1491/1680/505 1489/1678/505
f 1492/1681/506 1494/1683/506 1526/1715/506
f 1527/1716/507 1493/1682/507 1491/1680/505
f 1494/1683/506 1496/1685/508 1528/1717/508
f 1529/1718/505 1495/1684/509 1493/1682/507
f 1496/1685/508 1502/1691/506 1530/1719/506
f 1531/1720/505 1500/1689/510 1495/1684/509
f 1530/1719/506 1502/1691/506 1501/1690/506
f 1533/1722/504 1503/1692/504 1500/1689/510
f 1532/1721/506 1501/1690/506 1504/1693/506
f 1505/1694/504 1503/1692/504 1533/1722/504
f 1534/1723/506 1504/1693/506 1506/1695/506
f 1507/1696/505 1505/1694/504 1535/1724/504
f 1536/1725/506 1506/1695/506 1477/1666/503
f 1538/1727/505 1507/1696/505 1537/1726/505
f 1539/1728/511 1540/1731/513 1511/1729/512
f 1540/1731/513 1541/1733/514 1513/1732/489
f 1541/1733/514 1542/1735/515 1515/1734/490
f 1542/1735/515 1543/1737/516 1517/1736/491
f 1543/1737/516 1544/1739/517 1519/1738/492
f 1544/1739/517 1558/1762/540 1521/1740/518
f 1521/1740/518 1558/1762/540 1545/1741/519
f 1545/1741/519 1546/1744/522 1525/1743/521
f 1546/1744/522 1547/1746/524 1527/1745/523
f 1547/1746/524 1548/1748/526 1529/1747/525
f 1548/1748/526 1549/1750/528 1531/1749/527
f 1549/1750/528 1564/1768/546 1533/1751/529
f 1533/1751/529 1564/1768/546 1550/1752/530
f 1535/1753/531 1550/1752/530 1551/1754/532
f 1551/1754/532 1539/1728/511 1510/1730/487
f 1539/1728/511 1567/1771/549 1552/1756/534
f 1540/1731/513 1552/1756/534 1553/1757/535
f 1541/1733/514 1553/1757/535 1554/1758/536
f 1542/1735/515 1554/1758/536 1555/1759/537
f 1543/1737/516 1555/1759/537 1556/1760/538
f 1544/1739/517 1556/1760/538 1557/1761/539
f 1558/1762/540 1557/1761/539 1559/1763/541
f 1559/1763/541 1560/1764/542 1546/1744/522
f 1560/1764/542 1561/1765/543 1547/1746/524
f 1561/1765/543 1562/1766/544 1548/1748/526
f 1562/1766/544 1563/1767/545 1549/1750/528
f 1563/1767/545 1565/1769/547 1564/1768/546
f 1565/1769/547 1566/1770/548 1550/1752/530
f 1566/1770/548 1674/1911/1510 1551/1754/532
f 1551/1754/532 1674/1911/1510 1567/1771/549
f 1568/1772/550 1571/1775/553 1569/1773/551
f 1571/1775/553 1597/1803/579 1572/1776/554
f 1572/1776/554 1597/1803/579 1573/1777/555
f 1573/1777/555 1576/1780/558 1575/1779/557
f 1576/1780/558 1578/1782/560 1577/1781/559
f 1578/1782/560 1580/1784/562 1579/1783/561
f 1580/1784/562 1582/1786/564 1581/1785/563
f 1582/1786/564 1603/1809/585 1583/1787/565
f 1583/1787/565 1603/1809/585 1584/1788/566
f 1585/1789/567 1584/1788/566 1586/1790/568
f 1587/1791/569 1586/1790/568 1588/1792/570
f 1589/1793/571 1588/1792/570 1590/1794/572
f 1590/1794/572 1593/1797/575 1592/1796/574
f 1593/1797/575 1608/1814/590 1594/1798/576
f 1594/1798/576 1608/1814/590 1568/1799/550
f 1568/1772/550 1609/1817/591 1595/1801/577
f 1571/1775/553 1595/1801/577 1596/1802/578
f 1597/1803/579 1596/1802/578 1598/1804/580
f 1573/1777/555 1598/1804/580 1599/1805/581
f 1576/1780/558 1599/1805/581 1600/1806/582
f 1578/1782/560 1600/1806/582 1601/1807/583
f 1601/1807/583 1602/1808/584 1582/1786/564
f 1602/1808/584 1617/1824/599 1603/1809/585
f 1603/1809/585 1617/1824/599 1604/1810/586
f 1584/1788/566 1604/1810/586 1605/1811/587
f 1605/1811/587 1606/1812/588 1588/1792/570
f 1606/1812/588 1620/1827/602 1590/1794/572
f 1590/1794/572 1620/1827/602 1607/1813/589
f 1607/1813/589 1623/1830/605 1608/1814/590
f 1608/1814/590 1623/1830/605 1609/1815/591
f 1610/1816/592 1611/1818/593 1595/1801/577
f 1611/1818/593 1612/1819/594 1596/1802/578
f 1612/1819/594 1613/1820/595 1598/1804/580
f 1613/1820/595 1628/1835/610 1599/1805/581
f 1599/1805/581 1628/1835/610 1614/1821/596
f 1600/1806/582 1614/1821/596 1615/1822/597
f 1615/1822/597 1616/1823/598 1602/1808/584
f 1616/1823/598 1632/1839/614 1617/1824/599
f 1617/1824/599 1632/1839/614 1618/1825/600
f 1618/1825/600 1635/1842/617 1605/1811/587
f 1605/1811/587 1635/1842/617 1619/1826/601
f 1619/1826/601 1621/1828/603 1620/1827/602
f 1621/1828/603 1638/1845/620 1607/1813/589
f 1607/1813/589 1638/1845/620 1622/1829/604
f 1622/1829/604 1610/1847/592 1609/1815/591
f 1624/1831/606 1625/1832/607 1611/1818/593
f 1625/1832/607 1626/1833/608 1612/1819/594
f 1626/1833/608 1627/1834/609 1613/1820/595
f 1627/1834/609 1643/1851/625 1628/1835/610
f 1628/1835/610 1643/1851/625 1629/1836/611
f 1629/1836/611 1645/1853/627 1615/1822/597
f 1615/1822/597 1645/1853/627 1630/1837/612
f 1616/1823/598 1630/1837/612 1631/1838/613
f 1632/1839/614 1631/1838/613 1633/1840/615
f 1618/1825/600 1633/1840/615 1634/1841/616
f 1634/1841/616 1636/1843/618 1619/1826/601
f 1636/1843/618 1651/1859/633 1621/1828/603
f 1621/1828/603 1651/1859/633 1637/1844/619
f 1637/1844/619 1639/1846/621 1622/1829/604
f 1639/1846/621 1624/1863/606 1610/1847/592
f 1640/1848/622 1655/1865/637 1625/1832/607
f 1625/1832/607 1655/1865/637 1641/1849/623
f 1626/1833/608 1641/1849/623 1642/1850/624
f 1642/1850/624 1658/1868/640 1643/1851/625
f 1643/1851/625 1658/1868/640 1644/1852/626
f 1644/1852/626 1661/1871/643 1645/1853/627
f 1645/1853/627 1661/1871/643 1646/1854/628
f 1646/1854/628 1647/1855/629 1631/1838/613
f 1647/1855/629 1648/1856/630 1633/1840/615
f 1648/1856/630 1649/1857/631 1634/1841/616
f 1649/1857/631 1666/1876/648 1636/1843/618
f 1636/1843/618 1666/1876/648 1650/1858/632
f 1651/1859/633 1650/1858/632 1652/1860/634
f 1637/1844/619 1652/1860/634 1653/1861/635
f 1639/1846/621 1653/1861/635 1640/1862/622
f 1640/1848/622 1670/1881/652 1654/1864/636
f 1655/1865/637 1654/1864/636 1656/1866/638
f 1656/1866/638 1672/1885/653 1642/1850/624
f 1642/1850/624 1672/1885/653 1657/1867/639
f 1658/1868/640 1657/1867/639 1659/1869/641
f 1644/1852/626 1659/1869/641 1660/1870/642
f 1660/1870/642 1662/1872/644 1646/1854/628
f 1662/1872/644 1663/1873/645 1647/1855/629
f 1663/1873/645 1664/1874/646 1648/1856/630
f 1664/1874/646 1665/1875/647 1649/1857/631
f 1665/1875/647 1667/1877/649 1666/1876/648
f 1667/1877/649 1668/1878/650 1650/1858/632
f 1668/1878/650 1669/1879/651 1652/1860/634
f 1669/1879/651 1673/1897/654 1653/1861/635
f 1653/1861/635 1673/1897/654 1670/1880/652
f 1552/1756/655 1569/1913/1511 1572/1899/656
f 1553/1757/657 1572/1899/657 1574/1900/657
f 1574/1900/658 1575/1901/659 1555/1759/659
f 1575/1901/660 1577/1902/661 1556/1760/661
f 1577/1902/662 1579/1903/1512 1557/1761/663
f 1579/1903/664 1581/1904/665 1559/1763/665
f 1581/1904/666 1583/1905/1513 1560/1764/667
f 1583/1905/669 1585/1906/670 1561/1765/670
f 1585/1906/671 1587/3421/1514 1562/1766/672
f 1562/1766/674 1587/3421/674 1589/1907/675
f 1563/1767/676 1589/1907/676 1591/1908/677
f 1565/1769/678 1591/1908/678 1592/1909/679
f 1566/1770/681 1592/1909/1515 1594/1910/682
f 1674/1911/684 1594/1910/684 1570/1912/685
f 1567/1771/686 1570/3422/686 1569/1913/687
f 1675/1914/688 1684/1947/711 1676/1915/689
f 1502/1917/691 1499/3423/691 1498/1918/691
f 1500/1920/510 1498/3424/692 1678/1921/692
f 1678/1923/693 1497/3425/698 1496/1924/694
f 1679/1926/695 1682/1942/704 1502/1927/490
f 1502/1929/691 1682/3426/691 1680/1930/691
f 1499/1932/498 1680/1939/701 1681/1933/696
f 1681/1935/697 1679/1938/700 1496/1936/694
f 1675/1914/699 1677/1916/1516 1679/1938/700
f 1680/1939/701 1684/1946/710 1675/1940/702
f 1677/1941/703 1676/1948/713 1682/1942/704
f 1680/1930/707 1682/3426/707 1427/1608/705
f 1427/1608/705 1426/1607/1517 1683/1943/706
f 1684/1946/710 1680/1939/701 1683/1944/708
f 1683/1944/708 1428/1609/434 1431/1945/709
f 1684/1947/711 1431/1613/1518 1430/1612/712
f 1676/1948/713 1430/1616/439 1427/1615/438
f 1685/1950/716 1509/1980/744 1512/1951/717
f 1686/1952/718 1512/1951/717 1514/1953/719
f 1687/1954/720 1514/1953/719 1516/1955/721
f 1688/1956/722 1516/1955/721 1518/1957/723
f 1689/1958/724 1518/1957/723 1520/1959/725
f 1690/1960/726 1520/1959/725 1522/1961/727
f 1692/1963/729 1691/1962/728 1522/1961/727
f 1693/1965/731 1692/1963/729 1524/1964/730
f 1694/1967/733 1693/1965/731 1526/1966/732
f 1695/1969/735 1694/1967/733 1528/1968/734
f 1696/1971/737 1695/1969/735 1530/1970/736
f 1697/1973/739 1696/1971/737 1532/1972/738
f 1698/1975/741 1697/1973/739 1534/1974/740
f 1698/1975/741 1536/1976/742 1508/1977/743
f 1699/1979/442 1508/3427/743 1509/1980/744
f 1700/1981/250 1250/3428/250 1280/1982/247
f 1701/1983/247 1280/1982/247 1276/1984/745
f 1702/1985/745 1276/1984/745 1277/1986/245
f 1703/1987/245 1277/1986/245 1273/1988/244
f 1704/1989/244 1273/1988/244 1270/1990/243
f 1705/1991/243 1270/1990/243 1267/1992/242
f 1706/1993/242 1267/1992/242 1268/1994/241
f 1707/1995/241 1268/1994/241 1265/1996/240
f 1708/1997/240 1265/1996/240 1263/1998/239
f 1709/1999/239 1263/1998/239 1261/2000/238
f 1710/2001/238 1261/2000/238 1259/2002/237
f 1711/2003/237 1259/2002/237 1257/2004/236
f 1712/2005/236 1257/2004/236 1255/2006/234
f 1713/2007/234 1255/2006/234 1253/2008/249
f 1714/2009/249 1253/2008/249 1250/2010/250
f 1202/2012/3 1172/2017/3 1174/2013/3
f 1714/2015/10 1700/3429/10 1173/1283/10
f 1205/2016/3 1175/2020/3 1172/2017/3
f 1713/2018/10 1714/2015/10 1176/1286/10
f 1205/2016/3 1206/2022/3 1177/2019/3
f 1713/2018/10 1178/1288/10 1180/1290/10
f 1206/2022/3 1207/2026/3 1179/2023/3
f 1712/2021/10 1180/1290/10 1182/1292/10
f 1208/2025/3 1181/2029/3 1179/2023/3
f 1710/2027/10 1711/2024/10 1182/1292/10
f 1208/2025/3 1209/2031/3 1183/2028/3
f 1710/2027/10 1184/1294/10 1186/1296/10
f 1209/2031/3 1210/2035/3 1185/2032/3
f 1709/2030/10 1186/1296/10 1188/1298/10
f 1211/2034/3 1187/2038/3 1185/2032/3
f 1707/2036/10 1708/2033/10 1188/1298/10
f 1212/2037/3 1189/2041/3 1187/2038/3
f 1706/2039/10 1707/2036/10 1190/1300/10
f 1213/2040/3 1191/2044/3 1189/2041/3
f 1705/2042/10 1706/2039/10 1192/1302/10
f 1214/2043/3 1193/2047/3 1191/2044/3
f 1704/2045/10 1705/2042/10 1194/1304/10
f 1214/2043/3 1215/2050/3 1195/2046/3
f 1704/2045/10 1196/1306/10 1198/1308/10
f 1216/2049/3 1197/2053/3 1195/2046/3
f 1702/2051/10 1703/2048/10 1198/1308/10
f 1216/2049/3 1217/2055/3 1199/2052/3
f 1702/2051/10 1200/1310/10 1201/1312/10
f 1217/2055/3 1203/3430/3 1174/2056/3
f 1701/2054/10 1201/1312/10 1173/2057/10
f 1685/2059/746 1433/1621/752 1460/2060/747
f 1461/2062/471 1463/3431/473 1432/2063/749
f 1686/2065/751 1435/1623/755 1433/1621/752
f 1464/2066/474 1461/2062/471 1434/2064/750
f 1686/2065/751 1687/2070/757 1437/1625/754
f 1465/2068/475 1464/2066/474 1436/2067/753
f 1687/2070/757 1688/2073/760 1439/1627/758
f 1465/2068/475 1438/2069/756 1440/2071/759
f 1688/2073/760 1689/2076/763 1441/1629/761
f 1466/2072/476 1440/2071/759 1442/2074/762
f 1689/2076/763 1690/2079/766 1443/1631/764
f 1467/2075/477 1442/2074/762 1444/2077/765
f 1690/2079/766 1691/2082/769 1445/1633/767
f 1468/2078/478 1444/2077/765 1446/2080/768
f 1691/2082/769 1692/2086/773 1448/1636/770
f 1469/2081/479 1446/2080/768 1447/2083/771
f 1693/2085/772 1450/1638/776 1448/1636/770
f 1471/2087/481 1470/2084/480 1447/2083/771
f 1694/2089/775 1452/1640/779 1450/1638/776
f 1472/2090/482 1471/2087/481 1449/2088/774
f 1694/2089/775 1695/2094/781 1454/1642/778
f 1472/2090/482 1451/2091/777 1453/2092/780
f 1695/2094/781 1696/2097/784 1456/1644/782
f 1473/2093/483 1453/2092/780 1455/2095/783
f 1696/2097/784 1697/2100/787 1458/1646/785
f 1474/2096/484 1455/2095/783 1457/2098/786
f 1697/2100/787 1698/2105/790 1715/2101/788
f 1475/2099/485 1457/2098/786 1459/2102/789
f 1699/2104/748 1460/1648/747 1715/2101/788
f 1463/2106/473 1476/2103/486 1459/2102/789
f 1716/2108/791 1719/2111/791 1717/2109/791
f 1719/2111/792 1721/2113/793 1720/2112/793
f 1721/2113/793 1723/2115/794 1722/2114/794
f 1723/2115/794 1725/2117/795 1724/2116/795
f 1725/2117/795 1727/2119/796 1726/2118/796
f 1727/2119/796 1729/2121/797 1728/2120/797
f 1729/2121/797 1731/2123/798 1730/2122/798
f 1731/2123/798 1733/2125/799 1732/2124/799
f 1733/2125/799 1735/2127/800 1734/2126/800
f 1735/2127/800 1737/2129/801 1736/2128/801
f 1737/2129/801 1739/2131/802 1738/2130/802
f 1739/2131/802 1741/2133/803 1740/2132/803
f 1741/2133/803 1743/2135/804 1742/2134/804
f 1743/2135/804 1745/2137/805 1744/2136/805
f 1745/2137/805 1716/2882/1519 1718/2138/806
f 1762/2155/807 1765/2158/808 1763/2156/808
f 1765/2158/808 1767/2160/793 1766/2159/793
f 1767/2160/793 1769/2162/794 1768/2161/794
f 1769/2162/794 1771/2164/809 1770/2163/795
f 1771/2164/809 1773/2166/796 1772/2165/796
f 1773/2166/796 1775/2168/797 1774/2167/797
f 1775/2168/797 1777/2170/798 1776/2169/798
f 1777/2170/798 1779/2172/799 1778/2171/799
f 1779/2172/799 1781/2174/800 1780/2173/800
f 1781/2174/800 1815/2208/810 1782/2175/810
f 1783/2176/811 2576/3432/811 1784/2177/811
f 1786/2179/812 1789/2182/803 1787/2180/803
f 1789/2182/803 1791/2184/804 1790/2183/804
f 1791/2184/804 1793/2186/805 1792/2185/805
f 1793/2186/805 1762/2155/807 1764/2157/807
f 1794/2187/3 1764/2157/3 1763/2156/3
f 1765/2158/10 1762/2155/10 1796/2189/10
f 1795/2188/3 1763/2156/3 1766/2159/3
f 1767/2160/10 1765/2158/10 1797/2190/10
f 1798/2191/3 1766/2159/3 1768/2161/3
f 1769/2162/10 1767/2160/10 1799/2192/10
f 1800/2193/3 1768/2161/3 1770/2163/3
f 1771/2164/10 1769/2162/10 1801/2194/10
f 1802/2195/3 1770/2163/3 1772/2165/3
f 1773/2166/10 1771/2164/10 1803/2196/10
f 1804/2197/3 1772/2165/3 1774/2167/3
f 1775/2168/10 1773/2166/10 1805/2198/10
f 1806/2199/3 1774/2167/3 1776/2169/3
f 1777/2170/10 1775/2168/10 1807/2200/10
f 1808/2201/3 1776/2169/3 1778/2171/3
f 1779/2172/10 1777/2170/10 1809/2202/10
f 1778/2171/3 1780/2173/3 1812/2205/3
f 1813/2206/10 1781/2174/10 1779/2172/10
f 1780/2173/3 1782/2175/3 1814/2207/3
f 1815/2208/813 1781/2174/10 1813/2206/10
f 1782/2175/3 1788/2181/3 1817/2210/3
f 1786/2179/814 1815/2208/813 1816/2209/10
f 1817/2210/3 1788/2181/3 1787/2180/3
f 1789/2182/10 1786/2179/814 1818/2211/10
f 1787/2180/3 1790/2183/3 1821/2214/3
f 1822/2215/10 1791/2184/10 1789/2182/10
f 1821/2214/3 1790/2183/3 1792/2185/3
f 1793/2186/10 1791/2184/10 1822/2215/10
f 1823/2216/3 1792/2185/3 1764/2157/3
f 1762/2155/10 1793/2186/10 1824/2217/10
f 1825/2218/815 1826/2221/816 1797/2219/808
f 1826/2221/816 1827/2223/817 1799/2222/793
f 1827/2223/817 1842/2250/834 1801/2224/794
f 1801/2224/794 1842/2250/834 1828/2225/818
f 1803/2226/819 1828/2225/818 1829/2227/820
f 1829/2227/820 1830/2230/821 1807/2229/797
f 1830/2230/821 1831/2232/822 1809/2231/798
f 1831/2232/822 1832/2234/823 1811/2233/799
f 1832/2234/823 1833/2236/824 1813/2235/800
f 1833/2236/824 1834/2238/825 1816/2237/801
f 1834/2238/825 1835/2240/827 1818/2239/826
f 1835/2240/827 1836/2242/828 1820/2241/803
f 1836/2242/828 1837/2244/829 1822/2243/804
f 1837/2244/829 1838/2246/830 1824/2245/805
f 1838/2246/830 1825/2218/815 1796/2220/807
f 1825/2218/815 1853/2261/845 1839/2247/831
f 1826/2221/816 1839/2247/831 1840/2248/832
f 1827/2223/817 1840/2248/832 1841/2249/833
f 1842/2250/834 1841/2249/833 1843/2251/835
f 1828/2225/818 1843/2251/835 1844/2252/836
f 1829/2227/820 1844/2252/836 1845/2253/837
f 1830/2230/821 1845/2253/837 1846/2254/838
f 1846/2254/838 1847/2255/839 1832/2234/823
f 1847/2255/839 1848/2256/840 1833/2236/824
f 1848/2256/840 1849/2257/841 1834/2238/825
f 1849/2257/841 1850/2258/842 1835/2240/827
f 1850/2258/842 1851/2259/843 1836/2242/828
f 1851/2259/843 1852/2260/844 1837/2244/829
f 1852/2260/844 1960/2401/1520 1838/2246/830
f 1838/2246/830 1960/2401/1520 1853/2261/845
f 1854/2262/846 1857/2265/849 1855/2263/847
f 1857/2265/849 1884/2293/876 1858/2266/850
f 1858/2266/850 1884/2293/876 1859/2267/851
f 1860/2268/852 1859/2267/851 1861/2269/853
f 1862/2270/854 1861/2269/853 1863/2271/855
f 1864/2272/856 1863/2271/855 1865/2273/857
f 1866/2274/858 1865/2273/857 1867/2275/859
f 1868/2276/860 1867/2275/859 1869/2277/861
f 1869/2277/861 1872/2280/864 1871/2279/863
f 1872/2280/864 1892/2301/884 1873/2281/865
f 1873/2281/865 1892/2301/884 1874/2282/866
f 1875/2283/867 1874/2282/866 1876/2284/868
f 1877/2285/869 1876/2284/868 1878/2286/870
f 1878/2286/870 1881/2289/873 1880/2288/872
f 1881/2289/873 1854/2306/846 1856/2290/848
f 1882/2291/874 1897/2308/889 1857/2265/849
f 1857/2265/849 1897/2308/889 1883/2292/875
f 1884/2293/876 1883/2292/875 1885/2294/877
f 1859/2267/851 1885/2294/877 1886/2295/878
f 1861/2269/853 1886/2295/878 1887/2296/879
f 1863/2271/855 1887/2296/879 1888/2297/880
f 1888/2297/880 1889/2298/881 1867/2275/859
f 1889/2298/881 1890/2299/882 1869/2277/861
f 1890/2299/882 1891/2300/883 1872/2280/864
f 1891/2300/883 1906/2317/898 1892/2301/884
f 1892/2301/884 1906/2317/898 1893/2302/885
f 1893/2302/885 1894/2303/886 1876/2284/868
f 1894/2303/886 1895/2304/887 1878/2286/870
f 1895/2304/887 1910/2321/902 1881/2289/873
f 1881/2289/873 1910/2321/902 1882/2305/874
f 1896/2307/888 1898/2309/890 1897/2308/889
f 1898/2309/890 1899/2310/891 1883/2292/875
f 1899/2310/891 1900/2311/892 1885/2294/877
f 1900/2311/892 1915/2326/907 1886/2295/878
f 1886/2295/878 1915/2326/907 1901/2312/893
f 1887/2296/879 1901/2312/893 1902/2313/894
f 1902/2313/894 1917/2328/909 1889/2298/881
f 1889/2298/881 1917/2328/909 1903/2314/895
f 1890/2299/882 1903/2314/895 1904/2315/896
f 1891/2300/883 1904/2315/896 1905/2316/897
f 1905/2316/897 1907/2318/899 1893/2302/885
f 1907/2318/899 1908/2319/900 1894/2303/886
f 1908/2319/900 1909/2320/901 1895/2304/887
f 1909/2320/901 1911/2322/903 1910/2321/902
f 1911/2322/903 1896/2335/888 1882/2305/874
f 1896/2307/888 1923/2337/915 1912/2323/904
f 1912/2323/904 1926/2339/918 1899/2310/891
f 1899/2310/891 1926/2339/918 1913/2324/905
f 1900/2311/892 1913/2324/905 1914/2325/906
f 1914/2325/906 1930/2343/922 1901/2312/893
f 1901/2312/893 1930/2343/922 1916/2327/908
f 1916/2327/908 1932/2345/924 1917/2328/909
f 1917/2328/909 1932/2345/924 1918/2329/910
f 1903/2314/895 1918/2329/910 1919/2330/911
f 1904/2315/896 1919/2330/911 1920/2331/912
f 1920/2331/912 1921/2332/913 1907/2318/899
f 1921/2332/913 1937/2350/929 1908/2319/900
f 1908/2319/900 1937/2350/929 1922/2333/914
f 1922/2333/914 1940/2353/932 1911/2322/903
f 1911/2322/903 1940/2353/932 1923/2334/915
f 1924/2336/916 1925/2338/917 1912/2323/904
f 1925/2338/917 1943/2357/935 1926/2339/918
f 1926/2339/918 1943/2357/935 1927/2340/919
f 1913/2324/905 1927/2340/919 1928/2341/920
f 1914/2325/906 1928/2341/920 1929/2342/921
f 1929/2342/921 1931/2344/923 1916/2327/908
f 1931/2344/923 1946/2360/938 1932/2345/924
f 1932/2345/924 1946/2360/938 1933/2346/925
f 1933/2346/925 1934/2347/926 1919/2330/911
f 1934/2347/926 1935/2348/927 1920/2331/912
f 1935/2348/927 1936/2349/928 1921/2332/913
f 1936/2349/928 1951/2365/943 1937/2350/929
f 1937/2350/929 1951/2365/943 1938/2351/930
f 1922/2333/914 1938/2351/930 1939/2352/931
f 1940/2353/932 1939/2352/931 1924/2354/916
f 1924/2336/916 1954/2368/946 1941/2355/933
f 1925/2338/917 1941/2355/933 1942/2356/934
f 1942/2356/934 1956/2372/947 1927/2340/919
f 1927/2340/919 1956/2372/947 1944/2358/936
f 1944/2358/936 1957/2375/948 1929/2342/921
f 1929/2342/921 1957/2375/948 1945/2359/937
f 1945/2359/937 1947/2361/939 1946/2360/938
f 1947/2361/939 1958/2379/949 1933/2346/925
f 1933/2346/925 1958/2379/949 1948/2362/940
f 1934/2347/926 1948/2362/940 1949/2363/941
f 1949/2363/941 1950/2364/942 1936/2349/928
f 1950/2364/942 1952/2366/944 1951/2365/943
f 1952/2366/944 1959/2385/950 1938/2351/930
f 1938/2351/930 1959/2385/950 1953/2367/945
f 1953/2367/945 1954/2388/946 1924/2354/916
f 1839/2247/951 1855/2403/951 1858/2389/951
f 1840/2248/952 1858/2389/952 1860/2390/952
f 1860/2390/953 1862/2391/953 1843/2251/953
f 1862/2391/954 1864/2392/954 1844/2252/954
f 1864/2392/955 1866/2393/956 1845/2253/956
f 1866/2393/957 1868/2394/958 1846/2254/958
f 1868/2394/959 1870/2395/1521 1847/2255/960
f 1870/2395/961 1871/2396/962 1848/2256/962
f 1871/2396/963 1873/3433/963 1849/2257/963
f 1849/2257/964 1873/3433/964 1875/2397/964
f 1850/2258/965 1875/2397/965 1877/2398/965
f 1851/2259/966 1877/2398/1522 1879/2399/967
f 1852/2260/969 1879/2399/969 1880/2400/969
f 1960/2401/970 1880/2400/970 1856/2402/971
f 1853/2261/972 1856/3434/972 1855/2403/972
f 1961/2404/973 1971/2438/974 1962/2405/974
f 1784/2407/975 2576/3435/975 1786/2408/975
f 1786/2410/814 2576/3436/976 1783/2411/976
f 1783/2413/977 1785/3437/977 1782/2414/977
f 1964/2416/978 1967/2432/986 1788/2417/794
f 1788/2419/975 1967/3438/975 1965/2420/975
f 1965/2422/979 1966/2430/984 1785/2423/811
f 1966/2425/980 1964/2428/982 1782/2426/977
f 1961/2404/981 1963/2406/981 1964/2428/982
f 1965/2422/979 1971/2437/991 1961/2429/983
f 1963/2431/985 1962/2440/993 1967/2432/986
f 1965/2420/987 1967/3438/987 1968/2433/987
f 1968/2433/987 1974/2770/1523 1969/2434/988
f 1971/2437/991 1965/2422/979 1969/2435/989
f 1969/2435/989 1973/2771/1266 1970/2436/990
f 1971/2438/974 1970/2774/992 1972/2439/992
f 1962/2440/993 1972/2776/1272 1968/2441/994
f 1975/2445/997 1978/2448/1000 1976/2446/998
f 1978/2448/1000 1980/2450/1002 1979/2449/1001
f 1980/2450/1002 1982/2452/1004 1981/2451/1003
f 1982/2452/1004 1984/2454/1006 1983/2453/1005
f 1984/2454/1006 1986/2456/1008 1985/2455/1007
f 1986/2456/1008 1988/2458/1010 1987/2457/1009
f 1988/2458/1010 1991/2461/1013 1989/2459/1011
f 1990/2460/1012 1993/2463/1015 1989/2459/1011
f 1992/2462/1014 1995/2465/1017 1993/2463/1015
f 1994/2464/1016 1997/2467/1019 1995/2465/1017
f 1996/2466/1018 1999/2469/1021 1997/2467/1019
f 1998/2468/1020 2001/2471/1023 1999/2469/1021
f 2000/2470/1022 2003/2473/1025 2001/2471/1023
f 2002/2472/1024 2004/2475/1026 2003/2473/1025
f 2002/2472/1024 1975/3439/997 1977/2474/999
f 2021/2492/1043 2024/2495/1044 2022/2493/1044
f 2024/2495/1044 2026/2497/1045 2025/2496/1045
f 2026/2497/1045 2028/2499/1046 2027/2498/1046
f 2028/2499/1046 2031/2502/1047 2029/2500/1047
f 2030/2501/1048 2033/2504/1048 2029/2500/1047
f 2030/2501/1048 2034/2505/1049 2032/2503/1049
f 2034/2505/1049 2036/2507/1050 2035/2506/1050
f 2036/2507/1050 2038/2509/1051 2037/2508/1051
f 2038/2509/1051 2040/2511/1052 2039/2510/1052
f 2040/2511/1052 2076/2547/1053 2041/2512/1053
f 2042/2513/1054 2223/3440/1054 2043/2514/1054
f 2045/2516/1055 2049/2520/1055 2046/2517/1056
f 2048/2519/1057 2051/2522/1057 2049/2520/1055
f 2050/2521/1058 2052/2523/1058 2051/2522/1057
f 2021/2492/1043 2023/2494/1043 2052/2523/1058
f 2053/2524/1059 2056/2527/1059 2024/2495/1059
f 2054/2525/1060 2023/2494/1060 2022/2493/1061
f 2056/2527/1059 2059/2530/1059 2026/2497/1059
f 2057/2528/1060 2055/2526/1061 2022/2493/1061
f 2058/2529/1062 2028/2499/1062 2026/2497/1059
f 2060/2531/1063 2057/2528/1060 2025/2496/1060
f 2061/2532/1062 2031/2502/1062 2028/2499/1062
f 2062/2533/1060 2060/2531/1063 2027/2498/1063
f 2061/2532/1062 2064/2535/1062 2030/2501/1062
f 2063/2534/1060 2062/2533/1060 2029/2500/1060
f 2064/2535/1062 2067/2538/1062 2034/2505/1062
f 2063/2534/1060 2033/2504/1060 2032/2503/1060
f 2066/2537/1062 2036/2507/1062 2034/2505/1062
f 2065/2536/1060 2032/2503/1060 2035/2506/1060
f 2069/2540/1062 2038/2509/1062 2036/2507/1062
f 2070/2541/1060 2068/2539/1060 2035/2506/1060
f 2071/2542/1062 2040/2511/1062 2038/2509/1062
f 2072/2543/1063 2070/2541/1060 2037/2508/1060
f 2073/2544/1064 2076/2547/1064 2040/2511/1062
f 2074/2545/1060 2072/2543/1063 2039/2510/1063
f 2075/2546/1062 2047/2518/1062 2076/2547/1064
f 2077/2548/1060 2074/2545/1060 2041/2512/1065
f 2075/2546/1062 2079/2550/1062 2045/2516/1062
f 2078/2549/1061 2077/2548/1060 2046/2517/1066
f 2079/2550/1062 2081/2552/1062 2048/2519/1062
f 2078/2549/1061 2049/2520/1061 2051/2522/1061
f 2081/2552/1062 2083/2554/1062 2050/2521/1062
f 2080/2551/1061 2051/2522/1061 2052/2523/1060
f 2083/2554/1062 2053/2524/1059 2021/2492/1059
f 2082/2553/1060 2052/2523/1060 2023/2494/1060
f 2055/2555/1067 2085/2559/1069 2084/2556/1068
f 2057/2558/1045 2086/2561/1070 2085/2559/1069
f 2060/2560/1046 2088/2563/1072 2086/2561/1070
f 2060/2560/1046 2062/2565/1047 2087/2562/1071
f 2063/2564/1048 2089/2567/1074 2087/2562/1071
f 2065/2566/1073 2091/2569/1076 2089/2567/1074
f 2065/2566/1073 2068/2571/1078 2090/2568/1075
f 2070/2570/1077 2092/2573/1080 2090/2568/1075
f 2072/2572/1079 2093/2575/1082 2092/2573/1080
f 2074/2574/1081 2094/2577/1084 2093/2575/1082
f 2077/2576/1083 2095/2579/1086 2094/2577/1084
f 2078/2578/1085 2097/2581/1088 2095/2579/1086
f 2078/2578/1085 2080/2582/1089 2096/2580/1087
f 2080/2582/1089 2082/2584/1091 2098/2583/1090
f 2054/2557/1043 2084/2556/1068 2098/2583/1090
f 2084/2556/1068 2085/2559/1069 2099/2585/1092
f 2085/2559/1069 2086/2561/1070 2101/2587/1094
f 2086/2561/1070 2088/2563/1072 2102/2588/1095
f 2088/2563/1072 2087/2562/1071 2103/2589/1096
f 2087/2562/1071 2089/2567/1074 2104/2590/1097
f 2089/2567/1074 2091/2569/1076 2105/2591/1098
f 2091/2569/1076 2090/2568/1075 2106/2592/1099
f 2092/2573/1080 2107/2593/1100 2106/2592/1099
f 2093/2575/1082 2108/2594/1101 2107/2593/1100
f 2094/2577/1084 2109/2595/1102 2108/2594/1101
f 2095/2579/1086 2110/2596/1103 2109/2595/1102
f 2097/2581/1088 2111/2597/1104 2110/2596/1103
f 2096/2580/1087 2112/2598/1105 2111/2597/1104
f 2098/2583/1090 2113/2599/1106 2112/2598/1105
f 2098/2583/1090 2084/2556/1068 2100/2586/1093
f 2114/2600/1107 2118/2604/1111 2115/2601/1108
f 2117/2603/1110 2120/2606/1113 2115/2601/1108
f 2117/2603/1110 2122/2608/1115 2119/2605/1112
f 2121/2607/1114 2124/2610/1117 2119/2605/1112
f 2123/2609/1116 2126/2612/1119 2124/2610/1117
f 2125/2611/1118 2128/2614/1121 2126/2612/1119
f 2127/2613/1120 2130/2616/1123 2128/2614/1121
f 2129/2615/1122 2132/2618/1125 2130/2616/1123
f 2129/2615/1122 2133/2619/1126 2131/2617/1124
f 2133/2619/1126 2135/2621/1128 2134/2620/1127
f 2135/2621/1128 2137/2623/1130 2136/2622/1129
f 2137/2623/1130 2140/2626/1133 2138/2624/1131
f 2139/2625/1132 2142/2628/1135 2138/2624/1131
f 2141/2627/1134 2143/2630/1136 2142/2628/1135
f 2141/2627/1134 2114/3441/1107 2116/2629/1109
f 2116/2602/1109 2115/2601/1108 2144/2631/1137
f 2115/2601/1108 2120/2606/1113 2146/2633/1139
f 2120/2606/1113 2119/2605/1112 2147/2634/1140
f 2119/2605/1112 2124/2610/1117 2148/2635/1141
f 2124/2610/1117 2126/2612/1119 2149/2636/1142
f 2126/2612/1119 2128/2614/1121 2150/2637/1143
f 2130/2616/1123 2151/2638/1144 2150/2637/1143
f 2132/2618/1125 2153/2640/1146 2151/2638/1144
f 2132/2618/1125 2131/2617/1124 2152/2639/1145
f 2131/2617/1124 2134/2620/1127 2154/2641/1147
f 2136/2622/1129 2155/2642/1148 2154/2641/1147
f 2138/2624/1131 2157/2644/1150 2155/2642/1148
f 2138/2624/1131 2142/2628/1135 2156/2643/1149
f 2143/2630/1136 2158/2646/1151 2156/2643/1149
f 2143/2630/1136 2116/2629/1109 2145/2645/1138
f 2144/2631/1137 2160/2648/1153 2159/2647/1152
f 2146/2633/1139 2161/2649/1154 2160/2648/1153
f 2147/2634/1140 2162/2650/1155 2161/2649/1154
f 2148/2635/1141 2164/2652/1157 2162/2650/1155
f 2148/2635/1141 2149/2636/1142 2163/2651/1156
f 2149/2636/1142 2150/2637/1143 2165/2653/1158
f 2151/2638/1144 2166/2654/1159 2165/2653/1158
f 2153/2640/1146 2167/2655/1160 2166/2654/1159
f 2152/2639/1145 2168/2656/1161 2167/2655/1160
f 2154/2641/1147 2170/2658/1163 2168/2656/1161
f 2154/2641/1147 2155/2642/1148 2169/2657/1162
f 2155/2642/1148 2157/2644/1150 2171/2659/1164
f 2156/2643/1149 2173/2661/1166 2171/2659/1164
f 2156/2643/1149 2158/2646/1151 2172/2660/1165
f 2145/2645/1138 2159/2676/1152 2172/2660/1165
f 2160/2648/1153 2175/2663/1168 2174/2662/1167
f 2161/2649/1154 2176/2664/1169 2175/2663/1168
f 2162/2650/1155 2177/2665/1170 2176/2664/1169
f 2164/2652/1157 2179/2667/1172 2177/2665/1170
f 2164/2652/1157 2163/2651/1156 2178/2666/1171
f 2165/2653/1158 2181/2669/1174 2178/2666/1171
f 2165/2653/1158 2166/2654/1159 2180/2668/1173
f 2166/2654/1159 2167/2655/1160 2182/2670/1175
f 2167/2655/1160 2168/2656/1161 2183/2671/1176
f 2168/2656/1161 2170/2658/1163 2184/2672/1177
f 2169/2657/1162 2185/2673/1178 2184/2672/1177
f 2171/2659/1164 2187/2675/1180 2185/2673/1178
f 2171/2659/1164 2173/2661/1166 2186/2674/1179
f 2172/2660/1165 2188/2677/1181 2186/2674/1179
f 2159/2676/1152 2174/3442/1167 2188/2677/1181
f 2175/2663/1168 2191/2680/1184 2189/2678/1182
f 2175/2663/1168 2176/2664/1169 2190/2679/1183
f 2176/2664/1169 2177/2665/1170 2192/2681/1185
f 2179/2667/1172 2194/2683/1187 2192/2681/1185
f 2179/2667/1172 2178/2666/1171 2193/2682/1186
f 2181/2669/1174 2196/2685/1189 2193/2682/1186
f 2181/2669/1174 2180/2668/1173 2195/2684/1188
f 2182/2670/1175 2197/2686/1190 2195/2684/1188
f 2183/2671/1176 2198/2687/1191 2197/2686/1190
f 2184/2672/1177 2200/2689/1193 2198/2687/1191
f 2184/2672/1177 2185/2673/1178 2199/2688/1192
f 2185/2673/1178 2187/2675/1180 2201/2690/1194
f 2187/2675/1180 2186/2674/1179 2202/2691/1195
f 2186/2674/1179 2188/2677/1181 2203/2692/1196
f 2188/2677/1181 2174/3442/1167 2189/2693/1182
f 2189/2678/1182 2191/2680/1184 2204/2694/1197
f 2191/2680/1184 2190/2679/1183 2206/2696/1199
f 2192/2681/1185 2208/2698/1201 2206/2696/1199
f 2192/2681/1185 2194/2683/1187 2207/2697/1200
f 2194/2683/1187 2193/2682/1186 2209/2699/1202
f 2193/2682/1186 2196/2685/1189 2210/2700/1203
f 2195/2684/1188 2212/2702/1205 2210/2700/1203
f 2195/2684/1188 2197/2686/1190 2211/2701/1204
f 2198/2687/1191 2213/2703/1206 2211/2701/1204
f 2200/2689/1193 2214/2704/1207 2213/2703/1206
f 2199/2688/1192 2215/2705/1208 2214/2704/1207
f 2201/2690/1194 2216/2706/1209 2215/2705/1208
f 2202/2691/1195 2217/2707/1210 2216/2706/1209
f 2203/2692/1196 2218/2709/1211 2217/2707/1210
f 2203/2692/1196 2189/2693/1182 2205/2708/1198
f 2099/2585/1212 2101/2587/1213 2117/2725/1213
f 2101/2587/1215 2102/2588/1215 2122/2727/1215
f 2103/2589/1216 2121/2728/1216 2122/2727/1217
f 2104/2590/1219 2123/2729/1219 2121/2728/1220
f 2105/2591/1221 2125/2730/1524 2123/2729/1222
f 2106/2592/1223 2127/2731/1223 2125/2730/1224
f 2107/2593/1225 2129/2732/1525 2127/2731/1226
f 2108/2594/1227 2133/2733/1227 2129/2732/1228
f 2109/2595/1230 2135/2735/1230 2133/2733/1231
f 2109/2595/1232 2110/2596/1233 2137/2734/1233
f 2110/2596/1234 2111/2597/1235 2140/2736/1235
f 2111/2597/1236 2112/2598/1526 2139/2737/1237
f 2112/2598/1239 2113/2599/1240 2141/2738/1240
f 2113/2599/1241 2100/2586/1242 2114/2739/1242
f 2100/2586/1243 2099/2585/1244 2118/2726/1244
f 2220/2741/1245 2228/2773/1268 2221/2742/1246
f 2047/2744/1248 2046/3443/1248 2043/2745/1248
f 2046/2747/1066 2041/3444/1065 2044/2748/1249
f 2076/2750/1250 2042/3445/1256 2044/2751/1251
f 2047/2753/1046 2226/2768/1261 2224/2754/1252
f 2047/2756/1248 2223/3446/1248 2225/2757/1248
f 2223/2759/1054 2042/3447/1054 2227/2760/1253
f 2076/2762/1250 2224/2765/1257 2227/2763/1255
f 2224/2765/1257 2222/2743/1527 2221/2742/1258
f 2225/2761/1254 2227/2760/1253 2221/2766/1259
f 2226/2768/1261 2220/2775/1271 2222/2769/1262
f 1968/2433/1265 2226/2758/1263 2225/2757/1263
f 2225/2757/1263 2229/3448/1528 1974/2770/1264
f 2229/2772/1267 2225/2761/1254 2228/2767/1260
f 2228/2767/1260 1970/2436/990 1973/2771/1266
f 2228/2773/1268 2220/2741/1245 1972/2439/1269
f 2220/2775/1271 2226/2768/1261 1968/2441/994
f 2059/2778/1275 2056/2806/1301 2230/2779/1276
f 2058/2781/1278 2059/2778/1275 2231/2780/1277
f 2061/2783/1280 2058/2781/1278 2232/2782/1279
f 2064/2785/1282 2061/2783/1280 2233/2784/1281
f 2067/2787/1284 2064/2785/1282 2234/2786/1283
f 2066/2789/1286 2067/2787/1284 2235/2788/1285
f 2237/2791/1288 2069/2793/1290 2066/2789/1286
f 2238/2792/1289 2071/2795/1292 2069/2793/1290
f 2239/2794/1291 2073/2797/1294 2071/2795/1292
f 2240/2796/1293 2075/2799/1295 2073/2797/1294
f 2241/2798/1020 2079/2801/1297 2075/2799/1295
f 2242/2800/1296 2081/2803/1299 2079/2801/1297
f 2243/2802/1298 2083/3449/1529 2081/2803/1299
f 2053/2804/1300 2083/3449/1529 2243/2802/1298
f 2056/2806/1301 2053/3450/1300 2244/2807/997
f 1823/2808/805 1794/3451/807 2245/2809/807
f 1821/2811/1302 1823/2808/805 2246/2810/805
f 1819/2813/803 1821/2811/1302 2247/2812/1302
f 1817/2815/802 1819/2813/803 2248/2814/803
f 1814/2817/801 1817/2815/802 2249/2816/802
f 1812/2819/800 1814/2817/801 2250/2818/801
f 1810/2821/799 1812/2819/800 2251/2820/800
f 1808/2823/798 1810/2821/799 2252/2822/799
f 1806/2825/797 1808/2823/798 2253/2824/798
f 1804/2827/796 1806/2825/797 2254/2826/797
f 1802/2829/795 1804/2827/796 2255/2828/796
f 1800/2831/794 1802/2829/795 2256/2830/795
f 1798/2833/793 1800/2831/794 2257/2832/794
f 1795/2835/808 1798/2833/793 2258/2834/793
f 1794/2837/807 1795/2835/808 2259/2836/808
f 1718/2839/3 1717/2844/3 1746/2840/3
f 2259/2842/10 1719/2111/10 1716/2108/10
f 1717/2844/3 1720/3452/3 1749/2845/3
f 2258/2846/10 1721/2113/10 1719/2111/10
f 1749/2845/3 1720/3452/3 1722/2847/3
f 1723/2115/10 1721/2113/10 2258/2846/10
f 1750/2848/3 1722/2847/3 1724/2850/3
f 1725/2117/10 1723/2115/10 2257/2849/10
f 1724/2850/3 1726/3453/3 1752/2853/3
f 2255/2854/10 1727/2119/10 1725/2117/10
f 1752/2853/3 1726/3453/3 1728/2855/3
f 1729/2121/10 1727/2119/10 2255/2854/10
f 1753/2856/3 1728/2855/3 1730/2858/3
f 1731/2123/10 1729/2121/10 2254/2857/10
f 1730/2858/3 1732/2863/3 1755/2861/3
f 2252/2862/10 1733/2125/10 1731/2123/10
f 1732/2863/3 1734/2866/3 1756/2864/3
f 2251/2865/10 1735/2127/10 1733/2125/10
f 1734/2866/3 1736/2869/3 1757/2867/3
f 2250/2868/10 1737/2129/10 1735/2127/10
f 1736/2869/3 1738/3454/3 1758/2870/3
f 2249/2871/10 1739/2131/10 1737/2129/10
f 1758/2870/3 1738/3454/3 1740/2872/3
f 1741/2133/10 1739/2131/10 2249/2871/10
f 1740/2872/3 1742/3455/3 1760/2875/3
f 2247/2876/10 1743/2135/10 1741/2133/10
f 1760/2875/3 1742/3455/3 1744/2877/3
f 1745/2137/10 1743/2135/10 2247/2876/10
f 1761/2878/3 1744/2877/3 1718/2880/3
f 1716/2882/10 1745/2137/10 2246/2879/10
f 1977/2447/1303 1976/2446/1307 2230/2884/1304
f 2005/2886/1027 1978/2891/1309 1975/2887/1306
f 1976/2446/1307 1979/2449/1530 2231/2889/1308
f 2008/2890/1030 1980/2894/1312 1978/2891/1309
f 2231/2889/1308 1979/2449/1530 1981/2451/1310
f 2009/2893/1031 1982/3456/1531 1980/2894/1312
f 2232/2892/1311 1981/2451/1310 1983/2453/1313
f 1984/2896/1315 1982/3456/1531 2009/2893/1031
f 2233/2895/1314 1983/2453/1313 1985/2455/1316
f 1986/2899/1318 1984/2896/1315 2010/2897/1032
f 2234/2898/1317 1985/2455/1316 1987/2457/1319
f 1988/2902/1321 1986/2899/1318 2011/2900/1033
f 2235/2901/1320 1987/2457/1319 1989/2459/1322
f 1991/2905/1324 1988/2902/1321 2012/2903/1034
f 2236/2904/1323 1989/2459/1322 1993/2463/1325
f 1990/2908/1327 1991/2905/1324 2013/2906/1035
f 1993/2463/1325 1995/2465/1329 2238/2910/1328
f 2015/2911/1037 1992/2914/1331 1990/2908/1327
f 1995/2465/1329 1997/2467/1532 2239/2912/1330
f 2016/2913/1038 1994/3457/1533 1992/2914/1331
f 2239/2912/1330 1997/2467/1532 1999/2469/1332
f 1996/2916/1334 1994/3457/1533 2016/2913/1038
f 2240/2915/1333 1999/2469/1332 2001/2471/1335
f 1998/2919/1337 1996/2916/1334 2017/2917/1039
f 2241/2918/1336 2001/2471/1335 2003/2473/1338
f 2000/2922/1340 1998/2919/1337 2018/2920/1040
f 2242/2921/1339 2003/2473/1338 2004/2475/1341
f 2002/2925/1343 2000/2922/1340 2019/2923/1041
f 2004/2475/1341 1977/2474/1303 2244/2927/1305
f 2006/2928/1028 1975/3458/1306 2002/2925/1343
f 2260/2929/3 2274/2948/3 2261/2930/3
f 2263/2932/2 2273/2946/2 2264/2933/2
f 2266/2935/10 2269/2938/10 2267/2936/10
f 2269/2938/4 2260/3459/4 2262/2939/4
f 2270/2940/13 2275/2950/13 2271/2941/13
f 2262/2931/22 2261/2930/22 2268/2943/22
f 2261/2930/22 2265/2934/22 2264/2945/22
f 2273/2946/10 2266/2935/10 2268/2937/10
f 2266/2947/13 2273/3460/13 2263/2932/13
f 2274/2948/3 2263/2932/3 2265/2934/3
f 2269/2949/4 2270/2940/4 2272/2942/4
f 2266/2947/10 2275/2950/10 2270/2940/10
f 2274/2948/2 2271/2941/2 2275/2950/2
f 2260/2929/3 2272/2942/3 2271/2941/3
f 2276/2951/3 2290/2970/3 2277/2952/3
f 2279/2954/2 2289/2968/2 2280/2955/2
f 2282/2957/10 2285/2960/10 2283/2958/10
f 2285/2960/4 2276/3461/4 2278/2961/4
f 2286/2962/13 2291/2972/13 2287/2963/13
f 2278/2953/22 2277/2952/22 2284/2965/22
f 2277/2952/22 2281/2956/22 2280/2967/22
f 2289/2968/10 2282/2957/10 2284/2959/10
f 2282/2969/13 2289/3462/13 2279/2954/13
f 2290/2970/3 2279/2954/3 2281/2956/3
f 2285/2971/4 2286/2962/4 2288/2964/4
f 2282/2969/10 2291/2972/10 2286/2962/10
f 2290/2970/2 2287/2963/2 2291/2972/2
f 2276/2951/3 2288/2964/3 2287/2963/3
f 2292/2973/3 2306/2992/3 2293/2974/3
f 2295/2976/2 2305/2990/2 2296/2977/2
f 2298/2979/10 2301/2982/10 2299/2980/10
f 2301/2982/4 2292/3463/4 2294/2983/4
f 2302/2984/13 2307/2994/13 2303/2985/13
f 2294/2975/22 2293/2974/22 2300/2987/22
f 2293/2974/22 2297/2978/22 2296/2989/22
f 2305/2990/10 2298/2979/10 2300/2981/10
f 2298/2991/13 2305/3464/13 2295/2976/13
f 2306/2992/3 2295/2976/3 2297/2978/3
f 2301/2993/4 2302/2984/4 2304/2986/4
f 2298/2991/10 2307/2994/10 2302/2984/10
f 2306/2992/2 2303/2985/2 2307/2994/2
f 2292/2973/3 2304/2986/3 2303/2985/3
f 2308/2995/10 2322/3014/10 2309/2996/10
f 2311/2998/2 2321/3012/2 2312/2999/2
f 2314/3001/3 2317/3004/3 2315/3002/3
f 2317/3004/4 2308/3465/4 2310/3005/4
f 2318/3006/22 2323/3016/22 2319/3007/22
f 2310/2997/13 2309/2996/13 2316/3009/13
f 2309/2996/13 2313/3000/13 2312/3011/13
f 2321/3012/3 2314/3001/3 2316/3003/3
f 2314/3013/22 2321/3466/22 2311/2998/22
f 2322/3014/10 2311/2998/10 2313/3000/10
f 2317/3015/4 2318/3006/4 2320/3008/4
f 2314/3013/3 2323/3016/3 2318/3006/3
f 2322/3014/2 2319/3007/2 2323/3016/2
f 2308/2995/10 2320/3008/10 2319/3007/10
f 2324/3017/10 2338/3036/10 2325/3018/10
f 2327/3020/2 2337/3034/2 2328/3021/2
f 2330/3023/3 2333/3026/3 2331/3024/3
f 2333/3026/4 2324/3467/4 2326/3027/4
f 2334/3028/22 2339/3038/22 2335/3029/22
f 2326/3019/13 2325/3018/13 2332/3031/13
f 2325/3018/13 2329/3022/13 2328/3033/13
f 2337/3034/3 2330/3023/3 2332/3025/3
f 2330/3035/22 2337/3468/22 2327/3020/22
f 2338/3036/10 2327/3020/10 2329/3022/10
f 2333/3037/4 2334/3028/4 2336/3030/4
f 2330/3035/3 2339/3038/3 2334/3028/3
f 2338/3036/2 2335/3029/2 2339/3038/2
f 2324/3017/10 2336/3030/10 2335/3029/10
f 2340/3039/10 2354/3058/10 2341/3040/10
f 2343/3042/2 2353/3056/2 2344/3043/2
f 2346/3045/3 2349/3048/3 2347/3046/3
f 2349/3048/4 2340/3469/4 2342/3049/4
f 2350/3050/22 2355/3060/22 2351/3051/22
f 2342/3041/13 2341/3040/13 2348/3053/13
f 2341/3040/13 2345/3044/13 2344/3055/13
f 2353/3056/3 2346/3045/3 2348/3047/3
f 2346/3057/22 2353/3470/22 2343/3042/22
f 2354/3058/10 2343/3042/10 2345/3044/10
f 2349/3059/4 2350/3050/4 2352/3052/4
f 2346/3057/3 2355/3060/3 2350/3050/3
f 2354/3058/2 2351/3051/2 2355/3060/2
f 2340/3039/10 2352/3052/10 2351/3051/10
f 2356/3061/233 2360/3065/233 2357/3062/233
f 2359/3064/234 2362/3067/234 2360/3065/235
f 2361/3066/236 2364/3069/236 2362/3067/234
f 2363/3068/237 2366/3071/237 2364/3069/236
f 2365/3070/238 2368/3073/238 2366/3071/237
f 2367/3072/239 2370/3075/239 2368/3073/238
f 2369/3074/240 2372/3077/240 2370/3075/239
f 2371/3076/241 2374/3079/241 2372/3077/240
f 2373/3078/242 2376/3081/242 2374/3079/241
f 2375/3080/243 2378/3083/243 2376/3081/242
f 2377/3082/244 2380/3085/244 2378/3083/243
f 2379/3084/245 2382/3087/245 2380/3085/244
f 2381/3086/246 2384/3089/246 2382/3087/245
f 2383/3088/247 2385/3091/247 2384/3089/246
f 2358/3090/250 2357/3471/250 2385/3091/247
f 2387/3108/249 2391/3112/249 2388/3109/250
f 2390/3111/234 2393/3114/234 2391/3112/249
f 2392/3113/236 2395/3116/236 2393/3114/234
f 2394/3115/237 2397/3118/237 2395/3116/236
f 2396/3117/238 2399/3120/238 2397/3118/237
f 2398/3119/239 2401/3122/239 2399/3120/238
f 2400/3121/240 2403/3124/240 2401/3122/239
f 2402/3123/241 2405/3126/241 2403/3124/240
f 2404/3125/242 2407/3128/242 2405/3126/241
f 2406/3127/252 2429/3388/252 2407/3128/242
f 2408/3129/253 2571/3472/253 2409/3130/253
f 2411/3132/245 2415/3136/245 2412/3133/1345
f 2414/3135/246 2417/3138/246 2415/3136/245
f 2416/3137/247 2418/3139/247 2417/3138/246
f 2389/3110/250 2388/3109/250 2418/3139/247
f 2357/3140/3 2360/3144/3 2387/3108/3
f 2419/3141/10 2388/3184/10 2391/3142/10
f 2360/3144/3 2362/3147/3 2390/3111/3
f 2420/3143/10 2391/3142/10 2393/3145/10
f 2362/3147/3 2364/3150/3 2392/3113/3
f 2421/3146/10 2393/3145/10 2395/3148/10
f 2364/3150/3 2366/3154/3 2394/3115/3
f 2422/3149/10 2395/3148/10 2397/3151/10
f 2368/3153/3 2396/3117/3 2394/3115/3
f 2424/3155/10 2423/3152/10 2397/3151/10
f 2370/3157/3 2398/3119/3 2396/3117/3
f 2425/3158/10 2424/3155/10 2399/3156/10
f 2372/3160/3 2400/3121/3 2398/3119/3
f 2426/3161/10 2425/3158/10 2401/3159/10
f 2374/3163/3 2402/3123/3 2400/3121/3
f 2427/3164/10 2426/3161/10 2403/3162/10
f 2376/3166/3 2404/3125/3 2402/3123/3
f 2428/3167/10 2427/3164/10 2405/3165/10
f 2378/3169/3 2406/3127/1347 2404/3125/3
f 2428/3167/10 2407/3168/10 2429/3170/255
f 2378/3169/3 2380/3174/3 2413/3134/1346
f 2430/3171/10 2429/3170/255 2412/3172/256
f 2380/3174/3 2382/3177/3 2411/3132/3
f 2431/3173/10 2412/3172/256 2415/3175/10
f 2382/3177/3 2384/3181/3 2414/3135/3
f 2432/3176/10 2415/3175/10 2417/3178/10
f 2385/3180/3 2416/3137/3 2414/3135/3
f 2434/3182/10 2433/3179/10 2417/3178/10
f 2357/3140/3 2389/3110/3 2416/3137/3
f 2419/3141/10 2434/3182/10 2418/3183/10
f 2420/3185/249 2436/3473/1349 2435/3186/1348
f 2421/3188/234 2437/3474/1350 2436/3189/1349
f 2422/3191/236 2438/3475/1351 2437/3192/1350
f 2423/3194/237 2439/3476/1352 2438/3195/1351
f 2424/3197/238 2440/3201/1353 2439/3198/1352
f 2425/3200/239 2441/3203/1354 2440/3201/1353
f 2426/3202/240 2442/3205/1355 2441/3203/1354
f 2427/3204/241 2443/3207/1356 2442/3205/1355
f 2428/3206/242 2444/3209/1357 2443/3207/1356
f 2430/3208/243 2445/3211/1358 2444/3209/1357
f 2431/3210/244 2446/3213/1359 2445/3211/1358
f 2432/3212/245 2447/3215/1360 2446/3213/1359
f 2433/3214/246 2448/3217/1361 2447/3215/1360
f 2434/3216/247 2449/3218/1362 2448/3217/1361
f 2419/3187/250 2435/3186/1348 2449/3218/1362
f 2435/3186/1348 2436/3473/1349 2450/3219/1363
f 2436/3189/1349 2437/3474/1350 2452/3221/1365
f 2437/3192/1350 2438/3475/1351 2453/3223/1366
f 2438/3195/1351 2439/3476/1352 2454/3225/1367
f 2439/3198/1352 2440/3201/1353 2455/3227/1368
f 2440/3201/1353 2441/3203/1354 2456/3229/1369
f 2442/3205/1355 2457/3230/1370 2456/3229/1369
f 2443/3207/1356 2458/3231/1371 2457/3230/1370
f 2444/3209/1357 2459/3232/1372 2458/3231/1371
f 2445/3211/1358 2460/3233/1373 2459/3232/1372
f 2446/3213/1359 2461/3234/1374 2460/3233/1373
f 2447/3215/1360 2462/3235/1375 2461/3234/1374
f 2448/3217/1361 2463/3236/1376 2462/3235/1375
f 2449/3218/1362 2464/3237/1377 2463/3236/1376
f 2449/3218/1362 2435/3186/1348 2451/3220/1364
f 2465/3238/1378 2468/3241/1381 2466/3239/1379
f 2468/3241/1381 2471/3244/1384 2469/3242/1382
f 2470/3243/1383 2473/3246/1386 2469/3242/1382
f 2472/3245/1385 2475/3248/1388 2473/3246/1386
f 2474/3247/1387 2477/3250/1390 2475/3248/1388
f 2474/3247/1387 2478/3251/1391 2476/3249/1389
f 2478/3251/1391 2480/3253/1393 2479/3252/1392
f 2480/3253/1393 2482/3255/1395 2481/3254/1394
f 2482/3255/1395 2484/3257/1397 2483/3256/1396
f 2484/3257/1397 2486/3259/1399 2485/3258/1398
f 2486/3259/1399 2489/3262/1402 2487/3260/1400
f 2488/3261/1401 2491/3264/1404 2487/3260/1400
f 2490/3263/1403 2493/3266/1406 2491/3264/1404
f 2492/3265/1405 2494/3268/1407 2493/3266/1406
f 2465/3267/1378 2467/3283/1380 2494/3268/1407
f 2466/3239/1379 2496/3270/1409 2495/3269/1408
f 2469/3242/1382 2497/3271/1410 2496/3270/1409
f 2473/3246/1386 2498/3272/1411 2497/3271/1410
f 2475/3248/1388 2499/3273/1412 2498/3272/1411
f 2477/3250/1390 2500/3274/1413 2499/3273/1412
f 2476/3249/1389 2501/3275/1414 2500/3274/1413
f 2479/3252/1392 2502/3276/1415 2501/3275/1414
f 2481/3254/1394 2503/3277/1416 2502/3276/1415
f 2483/3256/1396 2504/3278/1417 2503/3277/1416
f 2485/3258/1398 2505/3279/1418 2504/3278/1417
f 2487/3260/1400 2507/3281/1420 2505/3279/1418
f 2487/3260/1400 2491/3264/1404 2506/3280/1419
f 2491/3264/1404 2493/3266/1406 2508/3282/1421
f 2494/3268/1407 2509/3284/1422 2508/3282/1421
f 2467/3283/1380 2495/3300/1408 2509/3284/1422
f 2496/3270/1409 2511/3286/1424 2510/3285/1423
f 2497/3271/1410 2513/3288/1426 2511/3286/1424
f 2497/3271/1410 2498/3272/1411 2512/3287/1425
f 2498/3272/1411 2499/3273/1412 2514/3289/1427
f 2499/3273/1412 2500/3274/1413 2515/3290/1428
f 2500/3274/1413 2501/3275/1414 2516/3291/1429
f 2501/3275/1414 2502/3276/1415 2517/3292/1430
f 2502/3276/1415 2503/3277/1416 2518/3293/1431
f 2503/3277/1416 2504/3278/1417 2519/3294/1432
f 2505/3279/1418 2521/3296/1434 2519/3294/1432
f 2505/3279/1418 2507/3281/1420 2520/3295/1433
f 2506/3280/1419 2522/3297/1435 2520/3295/1433
f 2508/3282/1421 2524/3299/1437 2522/3297/1435
f 2508/3282/1421 2509/3284/1422 2523/3298/1436
f 2495/3300/1408 2510/3477/1423 2523/3298/1436
f 2511/3286/1424 2526/3302/1439 2525/3301/1438
f 2513/3288/1426 2528/3304/1441 2526/3302/1439
f 2513/3288/1426 2512/3287/1425 2527/3303/1440
f 2512/3287/1425 2514/3289/1427 2529/3305/1442
f 2515/3290/1428 2530/3306/1443 2529/3305/1442
f 2516/3291/1429 2531/3307/1444 2530/3306/1443
f 2517/3292/1430 2533/3309/1446 2531/3307/1444
f 2517/3292/1430 2518/3293/1431 2532/3308/1445
f 2518/3293/1431 2519/3294/1432 2534/3310/1447
f 2521/3296/1434 2535/3311/1448 2534/3310/1447
f 2520/3295/1433 2536/3312/1449 2535/3311/1448
f 2522/3297/1435 2538/3314/1451 2536/3312/1449
f 2522/3297/1435 2524/3299/1437 2537/3313/1450
f 2524/3299/1437 2523/3298/1436 2539/3315/1452
f 2523/3298/1436 2510/3477/1423 2525/3316/1438
f 2525/3301/1438 2526/3302/1439 2540/3317/1453
f 2526/3302/1439 2528/3304/1441 2542/3319/1455
f 2528/3304/1441 2527/3303/1440 2543/3320/1456
f 2529/3305/1442 2544/3321/1457 2543/3320/1456
f 2530/3306/1443 2545/3322/1458 2544/3321/1457
f 2531/3307/1444 2546/3323/1459 2545/3322/1458
f 2533/3309/1446 2548/3325/1461 2546/3323/1459
f 2533/3309/1446 2532/3308/1445 2547/3324/1460
f 2534/3310/1447 2550/3327/1463 2547/3324/1460
f 2534/3310/1447 2535/3311/1448 2549/3326/1462
f 2535/3311/1448 2536/3312/1449 2551/3328/1464
f 2536/3312/1449 2538/3314/1451 2552/3329/1465
f 2538/3314/1451 2537/3313/1450 2553/3330/1466
f 2539/3315/1452 2554/3331/1467 2553/3330/1466
f 2525/3316/1438 2541/3347/1454 2554/3331/1467
f 2540/3317/1453 2557/3334/1470 2555/3332/1468
f 2540/3317/1453 2542/3319/1455 2556/3333/1469
f 2542/3319/1455 2543/3320/1456 2558/3335/1471
f 2544/3321/1457 2560/3337/1473 2558/3335/1471
f 2544/3321/1457 2545/3322/1458 2559/3336/1472
f 2546/3323/1459 2561/3338/1474 2559/3336/1472
f 2548/3325/1461 2562/3339/1475 2561/3338/1474
f 2547/3324/1460 2563/3340/1476 2562/3339/1475
f 2550/3327/1463 2565/3342/1478 2563/3340/1476
f 2550/3327/1463 2549/3326/1462 2564/3341/1477
f 2551/3328/1464 2567/3344/1480 2564/3341/1477
f 2551/3328/1464 2552/3329/1465 2566/3343/1479
f 2553/3330/1466 2569/3346/1482 2566/3343/1479
f 2553/3330/1466 2554/3331/1467 2568/3345/1481
f 2541/3347/1454 2555/3362/1468 2568/3345/1481
f 2450/3219/1483 2452/3366/1483 2471/3364/1483
f 2452/3366/1484 2453/3368/1484 2470/3367/1484
f 2454/3228/1485 2472/3369/1485 2470/3367/1485
f 2455/3227/1486 2474/3370/1486 2472/3369/1487
f 2456/3229/1488 2478/3371/1488 2474/3370/1488
f 2457/3230/1489 2480/3372/1489 2478/3371/1490
f 2458/3231/1491 2482/3373/1534 2480/3372/1492
f 2459/3232/1494 2484/3374/1494 2482/3373/1495
f 2460/3233/1496 2486/3376/1496 2484/3374/1497
f 2460/3233/1498 2461/3234/1498 2489/3375/1498
f 2461/3234/1499 2462/3235/1499 2488/3377/1499
f 2462/3235/1500 2463/3236/1501 2490/3378/1501
f 2463/3236/1502 2464/3237/1502 2492/3379/1502
f 2464/3237/1503 2451/3220/1503 2465/3380/1503
f 2451/3220/1504 2450/3219/1504 2468/3365/1504
f 2413/3382/1346 2408/3478/419 2410/3383/419
f 2412/3133/420 2571/3472/420 2408/3129/420
f 2412/3385/256 2429/3479/255 2409/3386/421
f 2406/3127/422 2410/3131/422 2409/3130/422
