# This file uses centimeters as units for non-parametric coordinates.

mtllib BodyMaya.mtl
g default
v 0.930716 -1.170815 -0.440208
v 0.930716 -1.170815 -0.962002
v 1.275424 -0.457187 -0.962002
v 1.275424 -0.457187 -0.440208
v 1.275424 1.030496 -0.962002
v 1.275424 1.030496 -0.440208
v 0.553918 -1.171693 -0.440208
v 0.553918 -1.171693 -0.962002
v 0.550000 0.001839 -0.962002
v 0.550000 1.030496 -0.962002
v 0.550000 1.030496 -0.440208
v 0.550000 0.001839 -0.440208
v 1.106770 1.210394 -0.962002
v 0.550000 1.210394 -0.962002
v 0.550000 1.210394 -0.440208
v 1.106770 1.210394 -0.440208
v 0.550000 1.941230 -0.962002
v 0.550000 1.941230 -0.440208
v 0.050000 0.001839 -0.962002
v 0.050000 0.001839 -0.440208
v 0.050000 1.030496 -0.440208
v 0.050000 1.030496 -0.962002
v 0.050000 1.210394 -0.962002
v 0.050000 1.210394 -0.440208
v 0.050000 1.941230 -0.962002
v 0.050000 1.941230 -0.440208
v -0.922192 -1.170815 -0.440208
v -0.922192 -1.170815 -0.962002
v -1.266899 -0.457187 -0.962002
v -1.266899 -0.457187 -0.440208
v -1.266899 1.030496 -0.962002
v -1.266899 1.030496 -0.440208
v -0.545393 -1.171693 -0.440208
v -0.545393 -1.171693 -0.962002
v -0.541475 0.001839 -0.962002
v -0.541475 1.030496 -0.962002
v -0.541475 1.030496 -0.440208
v -0.541475 0.001839 -0.440208
v -1.098245 1.210394 -0.962002
v -0.541475 1.210394 -0.962002
v -0.541475 1.210394 -0.440208
v -1.098245 1.210394 -0.440208
v -0.541475 1.941230 -0.962002
v -0.541475 1.941230 -0.440208
v -1.271106 -1.373478 0.362313
v -1.332583 -1.373478 0.362313
v -1.271106 -1.373478 -0.282131
v -1.332583 -1.373478 -0.282131
v -1.271106 -1.255581 -0.515475
v -1.332583 -1.255581 -0.515475
v -1.271106 -1.255581 0.628203
v -1.332583 -1.255581 0.628203
v -1.271106 -1.089396 -0.703103
v -1.332583 -1.089396 -0.703103
v -1.332583 -1.089396 0.713976
v -1.271106 -1.089396 0.713976
v -1.271106 -0.895243 -0.828490
v -1.332583 -0.895243 -0.828490
v -1.332583 -0.895243 0.713976
v -1.271106 -0.895243 0.713976
v -1.271106 -0.829979 -0.855419
v -1.332583 -0.829979 -0.855419
v -1.332583 -0.829979 0.713976
v -1.271106 -0.829979 0.713976
v -1.271106 -1.373478 0.242228
v -1.271106 -1.255581 0.415091
v -1.271106 -1.089396 0.449919
v -1.271106 -0.895243 0.426554
v -1.271106 -0.829979 0.383916
v -1.332583 -0.829979 0.383916
v -1.332583 -0.895243 0.426554
v -1.332583 -1.089396 0.449919
v -1.332583 -1.255581 0.415091
v -1.332583 -1.373478 0.242228
v -1.271106 -1.255581 -0.266125
v -1.271106 -1.373478 -0.141627
v -1.332583 -1.373478 -0.141627
v -1.332583 -1.255581 -0.266125
v -1.332583 -1.089396 -0.394145
v -1.332583 -0.895243 -0.492195
v -1.332583 -0.822023 -0.523102
v -1.271106 -0.822023 -0.523102
v -1.271106 -0.895243 -0.492195
v -1.271106 -1.089396 -0.394145
v -1.271106 -0.733482 0.450715
v -1.332583 -0.733482 0.450715
v -1.332583 -0.733482 0.713976
v -1.271106 -0.733482 0.713976
v -1.271106 -0.733482 -0.893569
v -1.332583 -0.733482 -0.893569
v -1.332583 -0.733482 -0.588691
v -1.271106 -0.733482 -0.588691
v -1.271106 -0.125379 0.450715
v -1.332583 -0.125379 0.450715
v -1.332583 -0.125379 0.713976
v -1.271106 -0.125379 0.713976
v -1.271106 -0.620201 -0.926429
v -1.332583 -0.620201 -0.926429
v -1.332583 -0.620201 -0.621551
v -1.271106 -0.620201 -0.621551
v -1.271106 -0.544818 -0.939959
v -1.332583 -0.544818 -0.939959
v -1.332583 -0.544818 -0.642812
v -1.271106 -0.544818 -0.642812
v -1.271106 -0.477166 -0.943825
v -1.332583 -0.477166 -0.943825
v -1.332583 -0.477166 -0.658276
v -1.271106 -0.477166 -0.658276
v -1.271106 -0.309004 -0.943825
v -1.332583 -0.309004 -0.943825
v -1.332583 -0.309004 -0.650544
v -1.271106 -0.309004 -0.650544
v -1.271106 -0.144708 -0.932227
v -1.332583 -0.144708 -0.932227
v -1.332583 -0.144708 -0.638947
v -1.271106 -0.144708 -0.638947
v -1.271106 -0.055126 0.400559
v -1.332583 -0.055126 0.400559
v -1.332583 -0.055126 0.713976
v -1.271106 -0.055126 0.713976
v -1.271106 -0.046590 -0.923868
v -1.332583 -0.046590 -0.923868
v -1.332583 -0.046590 -0.594363
v -1.271106 -0.046590 -0.594363
v -1.271106 -0.016998 0.299384
v -1.332583 -0.016998 0.299384
v -1.332583 -0.016998 0.713976
v -1.271106 -0.016998 0.713976
v -1.271106 -0.008462 -0.921206
v -1.332583 -0.008462 -0.921206
v -1.332583 -0.008462 -0.509163
v -1.271106 -0.008462 -0.509163
v -1.271106 0.243519 0.299384
v -1.332583 0.243519 0.299384
v -1.332583 0.243519 0.713976
v -1.271106 0.243519 0.713976
v -1.271106 0.252055 -0.889357
v -1.332583 0.252055 -0.889357
v -1.332583 0.252054 -0.477314
v -1.271106 0.252054 -0.477314
v -1.271106 0.307771 0.361606
v -1.332583 0.307771 0.361606
v -1.332583 0.307773 0.713976
v -1.271106 0.307773 0.713976
v -1.271106 0.316309 -0.868647
v -1.332583 0.316309 -0.868647
v -1.332583 0.316307 -0.457518
v -1.271106 0.316307 -0.457518
v -1.271106 0.358881 0.426165
v -1.332583 0.358881 0.426165
v -1.332583 0.358882 0.713975
v -1.271106 0.358882 0.713975
v -1.271106 0.367419 -0.854342
v -1.332583 0.367419 -0.854342
v -1.332583 0.367416 -0.511559
v -1.271106 0.367416 -0.511559
v -1.271106 0.404035 0.449761
v -1.332583 0.404035 0.449761
v -1.332583 0.404037 0.713975
v -1.271106 0.404037 0.713975
v -1.271106 0.412573 -0.843147
v -1.332583 0.412573 -0.843147
v -1.332583 0.412571 -0.532549
v -1.271106 0.412571 -0.532549
v -1.271106 1.022173 0.449756
v -1.332583 1.022173 0.449756
v -1.332583 1.022175 0.713971
v -1.271106 1.022175 0.713971
v -1.271106 0.553692 -0.817141
v -1.332583 0.553692 -0.817141
v -1.332583 0.553690 -0.519026
v -1.271106 0.553690 -0.519026
v -1.271106 0.668628 -0.787843
v -1.332583 0.668628 -0.787843
v -1.332583 0.668626 -0.498743
v -1.271106 0.668626 -0.498743
v -1.271106 0.783670 -0.759082
v -1.332583 0.783670 -0.759082
v -1.332583 0.783668 -0.475965
v -1.271106 0.783668 -0.475965
v -1.271106 0.866514 -0.732722
v -1.332583 0.866514 -0.732722
v -1.332583 0.866512 -0.448350
v -1.271106 0.866512 -0.448350
v -1.271106 0.934295 -0.710127
v -1.332583 0.934295 -0.710127
v -1.332583 0.934293 -0.425755
v -1.271106 0.934293 -0.425755
v -1.271106 1.019650 -0.683767
v -1.332583 1.019650 -0.683767
v -1.332583 1.019647 -0.399395
v -1.271106 1.019647 -0.399395
v -1.271106 1.092452 -0.652387
v -1.332583 1.092452 -0.652387
v -1.332583 1.092450 -0.368015
v -1.271106 1.092450 -0.368015
v -1.271106 1.116301 -0.641089
v -1.332583 1.116301 -0.641089
v -1.332583 1.116299 -0.326592
v -1.271106 1.116299 -0.326592
v -1.271106 1.081610 0.415465
v -1.332583 1.081610 0.415465
v -1.332583 1.081612 0.713971
v -1.271106 1.081612 0.713971
v -1.271106 1.111328 0.369745
v -1.332583 1.111328 0.369745
v -1.332583 1.111330 0.713970
v -1.271106 1.111330 0.713970
v -1.271106 1.232486 0.369744
v -1.332583 1.232486 0.369744
v -1.332583 1.232488 0.713970
v -1.271106 1.232488 0.713970
v -1.271106 1.237460 -0.590796
v -1.332583 1.237460 -0.590796
v -1.332583 1.237458 -0.326591
v -1.271106 1.237458 -0.326591
v -1.271106 1.352819 0.370173
v -1.332583 1.352819 0.370173
v -1.332583 1.352822 0.713969
v -1.271106 1.352822 0.713969
v -1.271106 1.357794 -0.530628
v -1.332583 1.357794 -0.530628
v -1.332583 1.357790 -0.326162
v -1.271106 1.357790 -0.326162
v -1.271106 1.498938 0.370694
v -1.332583 1.498938 0.370694
v -1.332583 1.498943 0.636610
v -1.271106 1.498943 0.636610
v -1.271106 1.503914 -0.440375
v -1.332583 1.503914 -0.440375
v -1.332583 1.503909 -0.325639
v -1.271106 1.503909 -0.325639
v -1.271106 1.597783 0.313168
v -1.332583 1.597783 0.313168
v -1.332583 1.597789 0.543321
v -1.271106 1.597789 0.543321
v -1.271106 1.602761 -0.368572
v -1.332583 1.602761 -0.368572
v -1.332583 1.602754 -0.268830
v -1.271106 1.602754 -0.268830
v -1.271106 1.688032 0.176027
v -1.332583 1.688032 0.176027
v -1.332583 1.688040 0.405793
v -1.271106 1.688040 0.405793
v -1.271106 1.693012 -0.265422
v -1.332583 1.693012 -0.265422
v -1.332583 1.693003 -0.165298
v -1.271106 1.693003 -0.165298
v -1.271106 1.722412 0.176276
v -1.332583 1.722412 0.176276
v -1.332583 1.722422 0.330136
v -1.271106 1.722422 0.330136
v -1.271106 1.727393 -0.223052
v -1.332583 1.727393 -0.223052
v -1.332583 1.727383 -0.122679
v -1.271106 1.727383 -0.122679
v -1.122149 -0.260671 -0.417462
v -1.122149 -0.131506 -0.323618
v -1.122149 -0.051677 -0.185351
v -1.122149 -0.034988 -0.026569
v -1.122149 -0.084325 0.125274
v -1.122149 -0.191156 0.243922
v -1.122149 -0.337010 0.308861
v -1.122149 -0.496667 0.308861
v -1.122149 -0.642521 0.243922
v -1.122149 -0.749353 0.125274
v -1.122149 -0.798690 -0.026569
v -1.122149 -0.782001 -0.185351
v -1.122149 -0.702172 -0.323618
v -1.122149 -0.573007 -0.417462
v -1.122149 -0.416839 -0.450657
v -0.612624 -0.260671 -0.417462
v -0.612624 -0.416839 -0.450657
v -0.612624 -0.573007 -0.417462
v -0.612624 -0.702172 -0.323618
v -0.612624 -0.782001 -0.185351
v -0.612624 -0.798690 -0.026569
v -0.612624 -0.749353 0.125274
v -0.612624 -0.642521 0.243922
v -0.612624 -0.496667 0.308861
v -0.612624 -0.337010 0.308861
v -0.612624 -0.191156 0.243922
v -0.612624 -0.084325 0.125274
v -0.612624 -0.034988 -0.026569
v -0.612624 -0.051677 -0.185351
v -0.612624 -0.131506 -0.323618
v -0.612624 -0.245211 -0.452186
v -0.612624 -0.416839 -0.488666
v -0.612624 -0.588467 -0.452186
v -0.612624 -0.730419 -0.349052
v -0.612624 -0.818150 -0.197097
v -0.612624 -0.836491 -0.022595
v -0.612624 -0.782270 0.144279
v -0.612624 -0.664863 0.274673
v -0.612624 -0.504570 0.346040
v -0.612624 -0.329108 0.346040
v -0.612624 -0.168815 0.274673
v -0.612624 -0.051408 0.144279
v -0.612624 0.002813 -0.022596
v -0.612624 -0.015528 -0.197097
v -0.612624 -0.103259 -0.349052
v -1.172828 -0.260671 -0.417462
v -1.172828 -0.131506 -0.323618
v -1.172828 -0.416839 -0.066703
v -1.172828 -0.051677 -0.185351
v -1.172828 -0.034988 -0.026569
v -1.172828 -0.084325 0.125274
v -1.172828 -0.191156 0.243922
v -1.172828 -0.337010 0.308861
v -1.172828 -0.496667 0.308861
v -1.172828 -0.642521 0.243922
v -1.172828 -0.749353 0.125274
v -1.172828 -0.798690 -0.026569
v -1.172828 -0.782001 -0.185351
v -1.172828 -0.702172 -0.323618
v -1.172828 -0.573007 -0.417462
v -1.172828 -0.416839 -0.450657
v -1.122149 -0.245094 -0.452448
v -1.122149 -0.103046 -0.349243
v -1.172828 -0.245094 -0.452448
v -1.172828 -0.103046 -0.349243
v -1.122149 -0.015255 -0.197186
v -1.172828 -0.015255 -0.197186
v -1.122149 0.003098 -0.022566
v -1.172828 0.003098 -0.022566
v -1.122149 -0.051160 0.144422
v -1.172828 -0.051160 0.144422
v -1.122149 -0.168646 0.274905
v -1.172828 -0.168646 0.274905
v -1.122149 -0.329048 0.346320
v -1.172828 -0.329048 0.346320
v -1.122149 -0.504630 0.346320
v -1.172828 -0.504630 0.346320
v -1.122149 -0.665031 0.274905
v -1.172828 -0.665031 0.274905
v -1.122149 -0.782518 0.144422
v -1.172828 -0.782518 0.144422
v -1.122149 -0.836776 -0.022565
v -1.172828 -0.836776 -0.022565
v -1.122149 -0.818423 -0.197185
v -1.172828 -0.818423 -0.197185
v -1.122149 -0.730632 -0.349243
v -1.172828 -0.730632 -0.349243
v -1.122149 -0.588584 -0.452448
v -1.172828 -0.588584 -0.452448
v -1.122149 -0.416839 -0.488953
v -1.172828 -0.416839 -0.488953
v 0.000000 -0.245211 -0.452186
v 0.000000 -0.416839 -0.488666
v 0.000000 -0.588467 -0.452186
v 0.000000 -0.730419 -0.349052
v 0.000000 -0.818150 -0.197097
v 0.000000 -0.836491 -0.022595
v 0.000000 -0.782270 0.144279
v 0.000000 -0.664863 0.274673
v 0.000000 -0.504570 0.346040
v 0.000000 -0.329108 0.346040
v 0.000000 -0.168815 0.274673
v 0.000000 -0.051408 0.144279
v 0.000000 0.002813 -0.022596
v 0.000000 -0.015528 -0.197097
v 0.000000 -0.103259 -0.349052
v 1.122149 -0.260671 -0.417462
v 1.122149 -0.131506 -0.323618
v 1.122149 -0.051677 -0.185351
v 1.122149 -0.034988 -0.026569
v 1.122149 -0.084325 0.125274
v 1.122149 -0.191156 0.243922
v 1.122149 -0.337010 0.308861
v 1.122149 -0.496667 0.308861
v 1.122149 -0.642521 0.243922
v 1.122149 -0.749353 0.125274
v 1.122149 -0.798690 -0.026569
v 1.122149 -0.782001 -0.185351
v 1.122149 -0.702172 -0.323618
v 1.122149 -0.573007 -0.417462
v 1.122149 -0.416839 -0.450657
v 0.612624 -0.260671 -0.417462
v 0.612624 -0.416839 -0.450657
v 0.612624 -0.573007 -0.417462
v 0.612624 -0.702172 -0.323618
v 0.612624 -0.782001 -0.185351
v 0.612624 -0.798690 -0.026569
v 0.612624 -0.749353 0.125274
v 0.612624 -0.642521 0.243922
v 0.612624 -0.496667 0.308861
v 0.612624 -0.337010 0.308861
v 0.612624 -0.191156 0.243922
v 0.612624 -0.084325 0.125274
v 0.612624 -0.034988 -0.026569
v 0.612624 -0.051677 -0.185351
v 0.612624 -0.131506 -0.323618
v 0.612624 -0.245211 -0.452186
v 0.612624 -0.416839 -0.488666
v 0.612624 -0.588467 -0.452186
v 0.612624 -0.730419 -0.349052
v 0.612624 -0.818150 -0.197097
v 0.612624 -0.836491 -0.022595
v 0.612624 -0.782270 0.144279
v 0.612624 -0.664863 0.274673
v 0.612624 -0.504570 0.346040
v 0.612624 -0.329108 0.346040
v 0.612624 -0.168815 0.274673
v 0.612624 -0.051408 0.144279
v 0.612624 0.002813 -0.022596
v 0.612624 -0.015528 -0.197097
v 0.612624 -0.103259 -0.349052
v 1.172828 -0.260671 -0.417462
v 1.172828 -0.131506 -0.323618
v 1.172828 -0.416839 -0.066703
v 1.172828 -0.051677 -0.185351
v 1.172828 -0.034988 -0.026569
v 1.172828 -0.084325 0.125274
v 1.172828 -0.191156 0.243922
v 1.172828 -0.337010 0.308861
v 1.172828 -0.496667 0.308861
v 1.172828 -0.642521 0.243922
v 1.172828 -0.749353 0.125274
v 1.172828 -0.798690 -0.026569
v 1.172828 -0.782001 -0.185351
v 1.172828 -0.702172 -0.323618
v 1.172828 -0.573007 -0.417462
v 1.172828 -0.416839 -0.450657
v 1.122149 -0.245094 -0.452448
v 1.122149 -0.103046 -0.349243
v 1.172828 -0.245094 -0.452448
v 1.172828 -0.103046 -0.349243
v 1.122149 -0.015255 -0.197186
v 1.172828 -0.015255 -0.197186
v 1.122149 0.003098 -0.022566
v 1.172828 0.003098 -0.022566
v 1.122149 -0.051160 0.144422
v 1.172828 -0.051160 0.144422
v 1.122149 -0.168646 0.274905
v 1.172828 -0.168646 0.274905
v 1.122149 -0.329048 0.346320
v 1.172828 -0.329048 0.346320
v 1.122149 -0.504630 0.346320
v 1.172828 -0.504630 0.346320
v 1.122149 -0.665031 0.274905
v 1.172828 -0.665031 0.274905
v 1.122149 -0.782518 0.144422
v 1.172828 -0.782518 0.144422
v 1.122149 -0.836776 -0.022565
v 1.172828 -0.836776 -0.022565
v 1.122149 -0.818423 -0.197185
v 1.172828 -0.818423 -0.197185
v 1.122149 -0.730632 -0.349243
v 1.172828 -0.730632 -0.349243
v 1.122149 -0.588584 -0.452448
v 1.172828 -0.588584 -0.452448
v 1.122149 -0.416839 -0.488953
v 1.172828 -0.416839 -0.488953
v -1.122149 0.907167 -0.417462
v -1.122149 1.036332 -0.323618
v -1.122149 1.116161 -0.185351
v -1.122149 1.132849 -0.026569
v -1.122149 1.083513 0.125274
v -1.122149 0.976681 0.243922
v -1.122149 0.830827 0.308861
v -1.122149 0.671170 0.308861
v -1.122149 0.525316 0.243922
v -1.122149 0.418485 0.125274
v -1.122149 0.369148 -0.026569
v -1.122149 0.385837 -0.185351
v -1.122149 0.465665 -0.323618
v -1.122149 0.594831 -0.417462
v -1.122149 0.750999 -0.450657
v -0.612624 0.907167 -0.417462
v -0.612624 0.750999 -0.450657
v -0.612624 0.594831 -0.417462
v -0.612624 0.465665 -0.323618
v -0.612624 0.385837 -0.185351
v -0.612624 0.369148 -0.026569
v -0.612624 0.418485 0.125274
v -0.612624 0.525316 0.243922
v -0.612624 0.671170 0.308861
v -0.612624 0.830827 0.308861
v -0.612624 0.976681 0.243922
v -0.612624 1.083513 0.125274
v -0.612624 1.132849 -0.026569
v -0.612624 1.116161 -0.185351
v -0.612624 1.036332 -0.323618
v -0.612624 0.922627 -0.452186
v -0.612624 0.750999 -0.488666
v -0.612624 0.579371 -0.452186
v -0.612624 0.437419 -0.349052
v -0.612624 0.349688 -0.197097
v -0.612624 0.331347 -0.022595
v -0.612624 0.385568 0.144279
v -0.612624 0.502975 0.274673
v -0.612624 0.663268 0.346040
v -0.612624 0.838730 0.346040
v -0.612624 0.999023 0.274673
v -0.612624 1.116430 0.144279
v -0.612624 1.170650 -0.022596
v -0.612624 1.152310 -0.197097
v -0.612624 1.064579 -0.349052
v -1.172828 0.907167 -0.417462
v -1.172828 1.036332 -0.323618
v -1.172828 0.750999 -0.066703
v -1.172828 1.116161 -0.185351
v -1.172828 1.132849 -0.026569
v -1.172828 1.083513 0.125274
v -1.172828 0.976681 0.243922
v -1.172828 0.830827 0.308861
v -1.172828 0.671170 0.308861
v -1.172828 0.525316 0.243922
v -1.172828 0.418485 0.125274
v -1.172828 0.369148 -0.026569
v -1.172828 0.385837 -0.185351
v -1.172828 0.465665 -0.323618
v -1.172828 0.594831 -0.417462
v -1.172828 0.750999 -0.450657
v -1.122149 0.922743 -0.452448
v -1.122149 1.064792 -0.349243
v -1.172828 0.922743 -0.452448
v -1.172828 1.064792 -0.349243
v -1.122149 1.152583 -0.197186
v -1.172828 1.152583 -0.197186
v -1.122149 1.170936 -0.022566
v -1.172828 1.170936 -0.022566
v -1.122149 1.116678 0.144422
v -1.172828 1.116678 0.144422
v -1.122149 0.999191 0.274905
v -1.172828 0.999191 0.274905
v -1.122149 0.838790 0.346320
v -1.172828 0.838790 0.346320
v -1.122149 0.663208 0.346320
v -1.172828 0.663208 0.346320
v -1.122149 0.502806 0.274905
v -1.172828 0.502806 0.274905
v -1.122149 0.385319 0.144422
v -1.172828 0.385319 0.144422
v -1.122149 0.331062 -0.022565
v -1.172828 0.331062 -0.022565
v -1.122149 0.349415 -0.197185
v -1.172828 0.349415 -0.197185
v -1.122149 0.437206 -0.349243
v -1.172828 0.437206 -0.349243
v -1.122149 0.579254 -0.452448
v -1.172828 0.579254 -0.452448
v -1.122149 0.750999 -0.488953
v -1.172828 0.750999 -0.488953
v 0.000000 0.922627 -0.452186
v 0.000000 0.750999 -0.488666
v 0.000000 0.579371 -0.452186
v 0.000000 0.437419 -0.349052
v 0.000000 0.349688 -0.197097
v 0.000000 0.331347 -0.022595
v 0.000000 0.385568 0.144279
v 0.000000 0.502975 0.274673
v 0.000000 0.663268 0.346040
v 0.000000 0.838730 0.346040
v 0.000000 0.999023 0.274673
v 0.000000 1.116430 0.144279
v 0.000000 1.170650 -0.022596
v 0.000000 1.152310 -0.197097
v 0.000000 1.064579 -0.349052
v 1.122149 0.907167 -0.417462
v 1.122149 1.036332 -0.323618
v 1.122149 1.116161 -0.185351
v 1.122149 1.132849 -0.026569
v 1.122149 1.083513 0.125274
v 1.122149 0.976681 0.243922
v 1.122149 0.830827 0.308861
v 1.122149 0.671170 0.308861
v 1.122149 0.525316 0.243922
v 1.122149 0.418485 0.125274
v 1.122149 0.369148 -0.026569
v 1.122149 0.385837 -0.185351
v 1.122149 0.465665 -0.323618
v 1.122149 0.594831 -0.417462
v 1.122149 0.750999 -0.450657
v 0.612624 0.907167 -0.417462
v 0.612624 0.750999 -0.450657
v 0.612624 0.594831 -0.417462
v 0.612624 0.465665 -0.323618
v 0.612624 0.385837 -0.185351
v 0.612624 0.369148 -0.026569
v 0.612624 0.418485 0.125274
v 0.612624 0.525316 0.243922
v 0.612624 0.671170 0.308861
v 0.612624 0.830827 0.308861
v 0.612624 0.976681 0.243922
v 0.612624 1.083513 0.125274
v 0.612624 1.132849 -0.026569
v 0.612624 1.116161 -0.185351
v 0.612624 1.036332 -0.323618
v 0.612624 0.922627 -0.452186
v 0.612624 0.750999 -0.488666
v 0.612624 0.579371 -0.452186
v 0.612624 0.437419 -0.349052
v 0.612624 0.349688 -0.197097
v 0.612624 0.331347 -0.022595
v 0.612624 0.385568 0.144279
v 0.612624 0.502975 0.274673
v 0.612624 0.663268 0.346040
v 0.612624 0.838730 0.346040
v 0.612624 0.999023 0.274673
v 0.612624 1.116430 0.144279
v 0.612624 1.170650 -0.022596
v 0.612624 1.152310 -0.197097
v 0.612624 1.064579 -0.349052
v 1.172828 0.907167 -0.417462
v 1.172828 1.036332 -0.323618
v 1.172828 0.750999 -0.066703
v 1.172828 1.116161 -0.185351
v 1.172828 1.132849 -0.026569
v 1.172828 1.083513 0.125274
v 1.172828 0.976681 0.243922
v 1.172828 0.830827 0.308861
v 1.172828 0.671170 0.308861
v 1.172828 0.525316 0.243922
v 1.172828 0.418485 0.125274
v 1.172828 0.369148 -0.026569
v 1.172828 0.385837 -0.185351
v 1.172828 0.465665 -0.323618
v 1.172828 0.594831 -0.417462
v 1.172828 0.750999 -0.450657
v 1.122149 0.922743 -0.452448
v 1.122149 1.064792 -0.349243
v 1.172828 0.922743 -0.452448
v 1.172828 1.064792 -0.349243
v 1.122149 1.152583 -0.197186
v 1.172828 1.152583 -0.197186
v 1.122149 1.170936 -0.022566
v 1.172828 1.170936 -0.022566
v 1.122149 1.116678 0.144422
v 1.172828 1.116678 0.144422
v 1.122149 0.999191 0.274905
v 1.172828 0.999191 0.274905
v 1.122149 0.838790 0.346320
v 1.172828 0.838790 0.346320
v 1.122149 0.663208 0.346320
v 1.172828 0.663208 0.346320
v 1.122149 0.502806 0.274905
v 1.172828 0.502806 0.274905
v 1.122149 0.385319 0.144422
v 1.172828 0.385319 0.144422
v 1.122149 0.331062 -0.022565
v 1.172828 0.331062 -0.022565
v 1.122149 0.349415 -0.197185
v 1.172828 0.349415 -0.197185
v 1.122149 0.437206 -0.349243
v 1.172828 0.437206 -0.349243
v 1.122149 0.579254 -0.452448
v 1.172828 0.579254 -0.452448
v 1.122149 0.750999 -0.488953
v 1.172828 0.750999 -0.488953
v 1.330739 -1.373478 0.362313
v 1.269261 -1.373478 0.362313
v 1.330739 -1.373478 -0.282131
v 1.269261 -1.373478 -0.282131
v 1.330739 -1.255581 -0.515475
v 1.269261 -1.255581 -0.515475
v 1.330739 -1.255581 0.628203
v 1.269261 -1.255581 0.628203
v 1.330739 -1.089396 -0.703103
v 1.269261 -1.089396 -0.703103
v 1.269261 -1.089396 0.713976
v 1.330739 -1.089396 0.713976
v 1.330739 -0.895243 -0.828490
v 1.269261 -0.895243 -0.828490
v 1.269261 -0.895243 0.713976
v 1.330739 -0.895243 0.713976
v 1.330739 -0.829979 -0.855419
v 1.269261 -0.829979 -0.855419
v 1.269261 -0.829979 0.713976
v 1.330739 -0.829979 0.713976
v 1.330739 -1.373478 0.242228
v 1.330739 -1.255581 0.415091
v 1.330739 -1.089396 0.449919
v 1.330739 -0.895243 0.426554
v 1.330739 -0.829979 0.383916
v 1.269261 -0.829979 0.383916
v 1.269261 -0.895243 0.426554
v 1.269261 -1.089396 0.449919
v 1.269261 -1.255581 0.415091
v 1.269261 -1.373478 0.242228
v 1.330739 -1.255581 -0.266125
v 1.330739 -1.373478 -0.141627
v 1.269261 -1.373478 -0.141627
v 1.269261 -1.255581 -0.266125
v 1.269261 -1.089396 -0.394145
v 1.269261 -0.895243 -0.492195
v 1.269261 -0.822023 -0.523102
v 1.330739 -0.822023 -0.523102
v 1.330739 -0.895243 -0.492195
v 1.330739 -1.089396 -0.394145
v 1.330739 -0.733482 0.450715
v 1.269261 -0.733482 0.450715
v 1.269261 -0.733482 0.713976
v 1.330739 -0.733482 0.713976
v 1.330739 -0.733482 -0.893569
v 1.269261 -0.733482 -0.893569
v 1.269261 -0.733482 -0.588691
v 1.330739 -0.733482 -0.588691
v 1.330739 -0.125379 0.450715
v 1.269261 -0.125379 0.450715
v 1.269261 -0.125379 0.713976
v 1.330739 -0.125379 0.713976
v 1.330739 -0.620201 -0.926429
v 1.269261 -0.620201 -0.926429
v 1.269261 -0.620201 -0.621551
v 1.330739 -0.620201 -0.621551
v 1.330739 -0.544818 -0.939959
v 1.269261 -0.544818 -0.939959
v 1.269261 -0.544818 -0.642812
v 1.330739 -0.544818 -0.642812
v 1.330739 -0.477166 -0.943825
v 1.269261 -0.477166 -0.943825
v 1.269261 -0.477166 -0.658276
v 1.330739 -0.477166 -0.658276
v 1.330739 -0.309004 -0.943825
v 1.269261 -0.309004 -0.943825
v 1.269261 -0.309004 -0.650544
v 1.330739 -0.309004 -0.650544
v 1.330739 -0.144708 -0.932227
v 1.269261 -0.144708 -0.932227
v 1.269261 -0.144708 -0.638947
v 1.330739 -0.144708 -0.638947
v 1.330739 -0.055126 0.400559
v 1.269261 -0.055126 0.400559
v 1.269261 -0.055126 0.713976
v 1.330739 -0.055126 0.713976
v 1.330739 -0.046590 -0.923868
v 1.269261 -0.046590 -0.923868
v 1.269261 -0.046590 -0.594363
v 1.330739 -0.046590 -0.594363
v 1.330739 -0.016998 0.299384
v 1.269261 -0.016998 0.299384
v 1.269261 -0.016998 0.713976
v 1.330739 -0.016998 0.713976
v 1.330739 -0.008462 -0.921206
v 1.269261 -0.008462 -0.921206
v 1.269261 -0.008462 -0.509163
v 1.330739 -0.008462 -0.509163
v 1.330739 0.243519 0.299384
v 1.269261 0.243519 0.299384
v 1.269261 0.243519 0.713976
v 1.330739 0.243519 0.713976
v 1.330739 0.252055 -0.889357
v 1.269261 0.252055 -0.889357
v 1.269261 0.252054 -0.477314
v 1.330739 0.252054 -0.477314
v 1.330739 0.307771 0.361606
v 1.269261 0.307771 0.361606
v 1.269261 0.307773 0.713976
v 1.330739 0.307773 0.713976
v 1.330739 0.316309 -0.868647
v 1.269261 0.316309 -0.868647
v 1.269261 0.316307 -0.457518
v 1.330739 0.316307 -0.457518
v 1.330739 0.358881 0.426165
v 1.269261 0.358881 0.426165
v 1.269261 0.358882 0.713975
v 1.330739 0.358882 0.713975
v 1.330739 0.367419 -0.854342
v 1.269261 0.367419 -0.854342
v 1.269261 0.367416 -0.511559
v 1.330739 0.367416 -0.511559
v 1.330739 0.404035 0.449761
v 1.269261 0.404035 0.449761
v 1.269261 0.404037 0.713975
v 1.330739 0.404037 0.713975
v 1.330739 0.412573 -0.843147
v 1.269261 0.412573 -0.843147
v 1.269261 0.412571 -0.532549
v 1.330739 0.412571 -0.532549
v 1.330739 1.022173 0.449756
v 1.269261 1.022173 0.449756
v 1.269261 1.022175 0.713971
v 1.330739 1.022175 0.713971
v 1.330739 0.553692 -0.817141
v 1.269261 0.553692 -0.817141
v 1.269261 0.553690 -0.519026
v 1.330739 0.553690 -0.519026
v 1.330739 0.668628 -0.787843
v 1.269261 0.668628 -0.787843
v 1.269261 0.668626 -0.498743
v 1.330739 0.668626 -0.498743
v 1.330739 0.783670 -0.759082
v 1.269261 0.783670 -0.759082
v 1.269261 0.783668 -0.475965
v 1.330739 0.783668 -0.475965
v 1.330739 0.866514 -0.732722
v 1.269261 0.866514 -0.732722
v 1.269261 0.866512 -0.448350
v 1.330739 0.866512 -0.448350
v 1.330739 0.934295 -0.710127
v 1.269261 0.934295 -0.710127
v 1.269261 0.934293 -0.425755
v 1.330739 0.934293 -0.425755
v 1.330739 1.019650 -0.683767
v 1.269261 1.019650 -0.683767
v 1.269261 1.019647 -0.399395
v 1.330739 1.019647 -0.399395
v 1.330739 1.092452 -0.652387
v 1.269261 1.092452 -0.652387
v 1.269261 1.092450 -0.368015
v 1.330739 1.092450 -0.368015
v 1.330739 1.116301 -0.641089
v 1.269261 1.116301 -0.641089
v 1.269261 1.116299 -0.326592
v 1.330739 1.116299 -0.326592
v 1.330739 1.081610 0.415465
v 1.269261 1.081610 0.415465
v 1.269261 1.081612 0.713971
v 1.330739 1.081612 0.713971
v 1.330739 1.111328 0.369745
v 1.269261 1.111328 0.369745
v 1.269261 1.111330 0.713970
v 1.330739 1.111330 0.713970
v 1.330739 1.232486 0.369744
v 1.269261 1.232486 0.369744
v 1.269261 1.232488 0.713970
v 1.330739 1.232488 0.713970
v 1.330739 1.237460 -0.590796
v 1.269261 1.237460 -0.590796
v 1.269261 1.237458 -0.326591
v 1.330739 1.237458 -0.326591
v 1.330739 1.352819 0.370173
v 1.269261 1.352819 0.370173
v 1.269261 1.352822 0.713969
v 1.330739 1.352822 0.713969
v 1.330739 1.357794 -0.530628
v 1.269261 1.357794 -0.530628
v 1.269261 1.357790 -0.326162
v 1.330739 1.357790 -0.326162
v 1.330739 1.498938 0.370694
v 1.269261 1.498938 0.370694
v 1.269261 1.498943 0.636610
v 1.330739 1.498943 0.636610
v 1.330739 1.503914 -0.440375
v 1.269261 1.503914 -0.440375
v 1.269261 1.503909 -0.325639
v 1.330739 1.503909 -0.325639
v 1.330739 1.597783 0.313168
v 1.269261 1.597783 0.313168
v 1.269261 1.597789 0.543321
v 1.330739 1.597789 0.543321
v 1.330739 1.602761 -0.368572
v 1.269261 1.602761 -0.368572
v 1.269261 1.602754 -0.268830
v 1.330739 1.602754 -0.268830
v 1.330739 1.688032 0.176027
v 1.269261 1.688032 0.176027
v 1.269261 1.688040 0.405793
v 1.330739 1.688040 0.405793
v 1.330739 1.693012 -0.265422
v 1.269261 1.693012 -0.265422
v 1.269261 1.693003 -0.165298
v 1.330739 1.693003 -0.165298
v 1.330739 1.722412 0.176276
v 1.269261 1.722412 0.176276
v 1.269261 1.722422 0.330136
v 1.330739 1.722422 0.330136
v 1.330739 1.727393 -0.223052
v 1.269261 1.727393 -0.223052
v 1.269261 1.727383 -0.122679
v 1.330739 1.727383 -0.122679
v 0.873937 -1.011266 -0.400642
v 0.873937 -1.011266 -0.439979
v 1.105841 -0.322960 -0.439979
v 1.105841 -0.322960 -0.400642
v 1.068509 0.927552 -0.439979
v 1.068509 0.927552 -0.400642
v 0.718710 -1.012004 -0.400642
v 0.718710 -1.012004 -0.439979
v 0.713587 0.210297 -0.439979
v 0.458735 0.927552 -0.439979
v 0.458735 0.927552 -0.400642
v 0.713587 0.210297 -0.400642
v 0.926742 1.078771 -0.439979
v 0.458735 1.078771 -0.439979
v 0.458735 1.078771 -0.400642
v 0.926742 1.078771 -0.400642
v 0.458735 1.693095 -0.439979
v 0.458735 1.693095 -0.400642
v 0.038446 0.210297 -0.439979
v 0.038446 0.210297 -0.400642
v 0.038446 0.927552 -0.400642
v 0.038446 0.927552 -0.439979
v 0.038446 1.078771 -0.439979
v 0.038446 1.078771 -0.400642
v 0.038446 1.693095 -0.439979
v 0.038446 1.693095 -0.400642
v -0.873937 -1.011266 -0.400642
v -0.873937 -1.011266 -0.439979
v -1.105841 -0.322960 -0.439979
v -1.105841 -0.322960 -0.400642
v -1.068509 0.927552 -0.439979
v -1.068509 0.927552 -0.400642
v -0.718710 -1.012004 -0.400642
v -0.718710 -1.012004 -0.439979
v -0.713587 0.210297 -0.439979
v -0.458735 0.927552 -0.439979
v -0.458735 0.927552 -0.400642
v -0.713587 0.210297 -0.400642
v -0.926742 1.078771 -0.439979
v -0.458735 1.078771 -0.439979
v -0.458735 1.078771 -0.400642
v -0.926742 1.078771 -0.400642
v -0.458735 1.693095 -0.439979
v -0.458735 1.693095 -0.400642
v 1.244445 -1.126529 0.100599
v -1.244445 -1.126529 0.100599
v 1.244445 -1.126529 -0.005327
v -1.244445 -1.126529 -0.005327
v 1.244445 -1.045655 -0.005327
v -1.244445 -1.045655 -0.005327
v 1.244445 -1.045655 0.100599
v -1.244445 -1.045655 0.100599
v 0.673506 -1.126529 0.100599
v 0.673506 -1.126529 -0.005327
v 0.673506 -1.045655 -0.005327
v 0.673506 -1.045655 0.100599
v 0.820444 -1.126529 0.100599
v 0.820444 -1.126529 -0.005327
v 0.820444 -1.045655 -0.005327
v 0.820444 -1.045655 0.100599
v -0.677721 -1.126529 0.100599
v -0.677721 -1.126529 -0.005327
v -0.677721 -1.045655 -0.005327
v -0.677721 -1.045655 0.100599
v -0.814682 -1.126529 0.100599
v -0.814682 -1.126529 -0.005327
v -0.814682 -1.045655 -0.005327
v -0.814682 -1.045655 0.100599
v 0.820444 -1.126529 -0.441078
v 0.820444 -1.045655 -0.441078
v 0.673506 -1.126529 -0.441078
v 0.673506 -1.045655 -0.441078
v -0.677721 -1.126529 -0.441078
v -0.677721 -1.045655 -0.441078
v -0.814682 -1.126529 -0.441078
v -0.814682 -1.045655 -0.441078
v 1.244445 -1.126529 0.047637
v 1.244445 -1.045655 0.047637
v 0.820444 -1.045655 0.047637
v 0.673506 -1.045655 0.047637
v -0.677721 -1.045655 0.047637
v -0.814682 -1.045655 0.047637
v -1.244445 -1.045655 0.047637
v -1.244445 -1.126529 0.047637
v -0.814682 -1.126529 0.047637
v -0.677721 -1.126529 0.047637
v 0.673506 -1.126529 0.047637
v 0.820444 -1.126529 0.047637
v 1.244445 -1.045655 0.021155
v 1.244445 -1.126529 0.021155
v 0.820444 -1.126529 0.021155
v 0.673506 -1.126529 0.021155
v -0.677721 -1.126529 0.021155
v -0.814682 -1.126529 0.021155
v -1.244445 -1.126529 0.021155
v -1.244445 -1.045655 0.021155
v -0.814682 -1.045655 0.021155
v -0.677721 -1.045655 0.021155
v 0.673506 -1.045655 0.021155
v 0.820444 -1.045655 0.021155
v 1.244445 -1.126529 0.074118
v 1.244445 -1.045655 0.074118
v 0.820444 -1.045655 0.074118
v 0.673506 -1.045655 0.074118
v -0.677721 -1.045655 0.074118
v -0.814682 -1.045655 0.074118
v -1.244445 -1.045655 0.074118
v -1.244445 -1.126529 0.074118
v -0.814682 -1.126529 0.074118
v -0.677721 -1.126529 0.074118
v 0.673506 -1.126529 0.074118
v 0.820444 -1.126529 0.074118
v -0.677721 -0.805135 0.074118
v -0.677721 -0.805135 0.100599
v -0.814682 -0.805135 0.074118
v -0.814682 -0.805135 0.100599
v 0.820444 -0.805135 0.074118
v 0.673506 -0.805135 0.074118
v 0.673506 -0.805135 0.100599
v 0.820444 -0.805135 0.100599
v -0.677721 -0.742255 0.144837
v -0.677721 -0.742255 0.171319
v -0.814682 -0.742255 0.144837
v -0.814682 -0.742255 0.171319
v 0.820444 -0.742255 0.144837
v 0.673506 -0.742255 0.144837
v 0.673506 -0.742255 0.171319
v 0.820444 -0.742255 0.171319
v -0.677721 -0.655089 0.235292
v -0.677721 -0.655089 0.261774
v -0.814682 -0.655089 0.235292
v -0.814682 -0.655089 0.261774
v 0.820444 -0.655089 0.235292
v 0.673506 -0.655089 0.235292
v 0.673506 -0.655089 0.261774
v 0.820444 -0.655089 0.261774
v -0.677721 -0.487336 0.319169
v -0.677721 -0.487336 0.345650
v -0.814682 -0.487336 0.319169
v -0.814682 -0.487336 0.345650
v 0.820444 -0.487336 0.319169
v 0.673506 -0.487336 0.319169
v 0.673506 -0.487336 0.345650
v 0.820444 -0.487336 0.345650
v -0.677721 -0.317938 0.317524
v -0.677721 -0.317938 0.344006
v -0.814682 -0.317938 0.317524
v -0.814682 -0.317938 0.344006
v 0.820444 -0.317938 0.317524
v 0.673506 -0.317938 0.317524
v 0.673506 -0.317938 0.344006
v 0.820444 -0.317938 0.344006
v -0.677721 -0.197880 0.250094
v -0.677721 -0.197880 0.276576
v -0.814682 -0.197880 0.250094
v -0.814682 -0.197880 0.276576
v 0.820444 -0.204610 0.251933
v 0.673506 -0.204610 0.251933
v 0.673506 -0.191149 0.274738
v 0.820444 -0.191149 0.274738
v -0.677721 -0.092623 0.149771
v -0.677721 -0.092623 0.176253
v -0.814682 -0.092623 0.149771
v -0.814682 -0.092623 0.176253
v 0.820444 -0.104756 0.157711
v 0.673506 -0.104756 0.157711
v 0.673506 -0.080490 0.168314
v 0.820444 -0.080490 0.168314
v -0.677721 -0.048218 0.057672
v -0.677721 -0.048218 0.084153
v -0.814682 -0.048218 0.057672
v -0.814682 -0.048218 0.084153
v 0.820444 -0.060240 0.065364
v 0.673506 -0.060240 0.065364
v 0.673506 -0.036196 0.076461
v 0.820444 -0.036196 0.076461
v -0.677721 -0.037772 -0.017479
v -0.677721 -0.011404 -0.015027
v -0.814682 -0.037772 -0.017479
v -0.814682 -0.011404 -0.015027
v 0.820444 -0.037772 -0.017479
v 0.673506 -0.037772 -0.017479
v 0.673506 -0.011404 -0.015027
v 0.820444 -0.011404 -0.015027
v -0.677721 -0.044708 -0.419412
v -0.677721 -0.018341 -0.416960
v -0.814682 -0.044708 -0.419412
v -0.814682 -0.018341 -0.416960
v 0.820444 -0.044708 -0.419412
v 0.673506 -0.044708 -0.419412
v 0.673506 -0.018341 -0.416960
v 0.820444 -0.018341 -0.416960
v 0.411434 -1.126529 0.021155
v 0.411434 -1.126529 -0.005327
v 0.411434 -1.045655 -0.005327
v 0.411434 -1.045655 0.021155
v 0.433209 -1.126529 0.021155
v 0.433209 -1.126529 -0.005327
v 0.433209 -1.045655 -0.005327
v 0.433209 -1.045655 0.021155
v -0.422252 -1.045655 0.021155
v -0.422252 -1.045655 -0.005327
v -0.422252 -1.126529 -0.005327
v -0.422252 -1.126529 0.021155
v -0.444027 -1.045655 0.021155
v -0.444027 -1.045655 -0.005327
v -0.444027 -1.126529 -0.005327
v -0.444027 -1.126529 0.021155
v 0.429849 -1.126529 -0.813059
v 0.429849 -1.045655 -0.813059
v 0.408241 -1.126529 -0.813059
v 0.408241 -1.045655 -0.813059
v -0.419059 -1.045655 -0.813059
v -0.419059 -1.126529 -0.813059
v -0.440667 -1.126529 -0.813059
v -0.440667 -1.045655 -0.813059
v 0.477046 -1.126529 -0.409193
v 0.477046 -1.045655 -0.409193
v 0.453095 -1.045655 -0.409193
v 0.453095 -1.126529 -0.409193
v -0.463913 -1.045655 -0.409193
v -0.487864 -1.045655 -0.409193
v -0.487864 -1.126529 -0.409193
v -0.463913 -1.126529 -0.409193
v -0.465534 -1.045655 -0.611126
v -0.489570 -1.045655 -0.611126
v -0.489570 -1.126529 -0.611126
v -0.465534 -1.126529 -0.611126
v 0.478752 -1.126529 -0.611126
v 0.478752 -1.045655 -0.611126
v 0.454716 -1.045655 -0.611126
v 0.454716 -1.126529 -0.611126
v 0.477262 -1.126529 -0.434707
v 0.477262 -1.045655 -0.434707
v 0.453300 -1.045655 -0.434707
v 0.453300 -1.126529 -0.434707
v -0.464108 -1.045655 -0.433475
v -0.488069 -1.045655 -0.433475
v -0.488069 -1.126529 -0.433475
v -0.464108 -1.126529 -0.433475
v 0.676417 -1.126529 -0.407509
v 0.676417 -1.045655 -0.407509
v 0.676632 -1.126529 -0.433023
v 0.676632 -1.045655 -0.433023
v -0.678479 -1.045655 -0.407583
v -0.678479 -1.126529 -0.407583
v -0.678684 -1.045655 -0.431865
v -0.678684 -1.126529 -0.431865
v 0.068481 0.295686 0.113841
v 0.068481 0.295686 -0.001542
v 0.068481 0.324880 -0.001542
v 0.068481 0.324880 0.113841
v -0.068481 0.295686 0.113841
v -0.068481 0.295686 -0.001542
v -0.068481 0.324880 -0.001542
v -0.068481 0.324880 0.113841
v 0.068481 0.295686 -0.476198
v 0.068481 0.324880 -0.476198
v -0.068481 0.295686 -0.476198
v -0.068481 0.324880 -0.476198
v 0.068481 0.324880 0.056150
v -0.068481 0.324880 0.056150
v -0.068481 0.295686 0.056150
v 0.068481 0.295686 0.056150
v 0.068481 0.295686 0.027304
v -0.068481 0.295686 0.027304
v -0.068481 0.324880 0.027304
v 0.068481 0.324880 0.027304
v 0.068481 0.324880 0.084995
v -0.068481 0.324880 0.084995
v -0.068481 0.295686 0.084995
v 0.068481 0.295686 0.084995
v 0.068481 0.336552 0.084995
v 0.068481 0.336552 0.113841
v -0.068481 0.336552 0.084995
v -0.068481 0.336552 0.113841
v 0.068481 0.405046 0.162029
v 0.068481 0.405046 0.190874
v -0.068481 0.405046 0.162029
v -0.068481 0.405046 0.190874
v 0.068481 0.499994 0.260560
v 0.068481 0.499994 0.289405
v -0.068481 0.499994 0.260560
v -0.068481 0.499994 0.289405
v 0.068481 0.682724 0.351925
v 0.068481 0.682724 0.380770
v -0.068481 0.682724 0.351925
v -0.068481 0.682724 0.380770
v 0.068481 0.867246 0.350133
v 0.068481 0.867246 0.378979
v -0.068481 0.867246 0.350133
v -0.068481 0.867246 0.378979
v 0.068481 0.998023 0.276683
v 0.068481 0.998023 0.305529
v -0.068481 0.998023 0.276683
v -0.068481 0.998023 0.305529
v 0.068481 1.112678 0.167403
v 0.068481 1.112678 0.196249
v -0.068481 1.112678 0.167403
v -0.068481 1.112678 0.196249
v 0.068481 1.161048 0.067081
v 0.068481 1.161048 0.095926
v -0.068481 1.161048 0.067081
v -0.068481 1.161048 0.095926
v 0.068481 1.172426 -0.014780
v 0.068481 1.201148 -0.012109
v -0.068481 1.172426 -0.014780
v -0.068481 1.201148 -0.012109
v 0.068481 1.164871 -0.452598
v 0.068481 1.193592 -0.449926
v -0.068481 1.164871 -0.452598
v -0.068481 1.193592 -0.449926
v -0.864531 -1.171175 -0.830114
v -0.843446 -1.171175 -0.866206
v -0.809503 -1.171175 -0.890601
v -0.768573 -1.171175 -0.899081
v -0.727732 -1.171175 -0.890181
v -0.694042 -1.171175 -0.865439
v -0.673328 -1.171175 -0.829132
v -0.669173 -1.171175 -0.787540
v -0.682294 -1.171175 -0.747853
v -0.710422 -1.171175 -0.716934
v -0.748694 -1.171175 -0.700129
v -0.790494 -1.171175 -0.700343
v -0.828592 -1.171175 -0.717541
v -0.856401 -1.171175 -0.748746
v -0.869114 -1.171175 -0.788567
v -0.864531 -1.386265 -0.830114
v -0.843446 -1.386265 -0.866206
v -0.809503 -1.386265 -0.890601
v -0.768573 -1.386265 -0.899081
v -0.727732 -1.386265 -0.890181
v -0.694042 -1.386265 -0.865439
v -0.673328 -1.386265 -0.829132
v -0.669173 -1.386265 -0.787540
v -0.682294 -1.386265 -0.747853
v -0.710422 -1.386265 -0.716934
v -0.748694 -1.386265 -0.700129
v -0.790494 -1.386265 -0.700343
v -0.828592 -1.386265 -0.717541
v -0.856401 -1.386265 -0.748746
v -0.869114 -1.386265 -0.788567
v -0.769089 -1.171175 -0.798561
v -0.864531 -1.419608 -0.830114
v -0.843446 -1.419608 -0.866206
v -0.809503 -1.419608 -0.890601
v -0.768573 -1.419608 -0.899081
v -0.727732 -1.419608 -0.890181
v -0.694042 -1.419608 -0.865439
v -0.673328 -1.419608 -0.829132
v -0.669173 -1.419608 -0.787540
v -0.682294 -1.419608 -0.747853
v -0.710422 -1.419608 -0.716934
v -0.748695 -1.419608 -0.700128
v -0.790494 -1.419608 -0.700343
v -0.828592 -1.419608 -0.717541
v -0.856401 -1.419608 -0.748746
v -0.869114 -1.419608 -0.788567
v -0.875487 -1.386265 -0.833735
v -0.851981 -1.386265 -0.873971
v -0.851981 -1.419608 -0.873971
v -0.875487 -1.419608 -0.833735
v -0.814143 -1.386265 -0.901167
v -0.814143 -1.419608 -0.901167
v -0.768514 -1.386265 -0.910620
v -0.768514 -1.419608 -0.910620
v -0.722985 -1.386265 -0.900699
v -0.722985 -1.419608 -0.900699
v -0.685427 -1.386265 -0.873116
v -0.685427 -1.419608 -0.873116
v -0.662336 -1.386265 -0.832642
v -0.662336 -1.419608 -0.832642
v -0.657703 -1.386265 -0.786275
v -0.657703 -1.419608 -0.786275
v -0.672330 -1.386265 -0.742032
v -0.672330 -1.419608 -0.742032
v -0.703688 -1.386265 -0.707564
v -0.703688 -1.419608 -0.707564
v -0.746353 -1.386265 -0.688830
v -0.746353 -1.419608 -0.688830
v -0.792951 -1.386265 -0.689068
v -0.792951 -1.419608 -0.689068
v -0.835422 -1.386265 -0.708241
v -0.835422 -1.419608 -0.708241
v -0.866424 -1.386265 -0.743028
v -0.866424 -1.419608 -0.743028
v -0.880595 -1.386265 -0.787419
v -0.880595 -1.419608 -0.787419
v -0.864531 -1.423585 -0.830114
v -0.843446 -1.423585 -0.866206
v -0.809503 -1.423585 -0.890601
v -0.768573 -1.423585 -0.899081
v -0.727732 -1.423585 -0.890182
v -0.694042 -1.423585 -0.865439
v -0.673328 -1.423585 -0.829132
v -0.669173 -1.423585 -0.787540
v -0.682294 -1.423585 -0.747853
v -0.710422 -1.423585 -0.716934
v -0.748695 -1.423585 -0.700128
v -0.790494 -1.423585 -0.700343
v -0.828592 -1.423585 -0.717541
v -0.856401 -1.423585 -0.748746
v -0.869114 -1.423585 -0.788567
v -0.854423 -1.433098 -0.826722
v -0.835596 -1.433098 -0.858947
v -0.805291 -1.433098 -0.880729
v -0.768745 -1.433098 -0.888300
v -0.732280 -1.433098 -0.880353
v -0.702199 -1.433098 -0.858262
v -0.683705 -1.433098 -0.825846
v -0.679995 -1.433098 -0.788709
v -0.691710 -1.433098 -0.753274
v -0.716825 -1.433098 -0.725668
v -0.750997 -1.433098 -0.710663
v -0.788317 -1.433098 -0.710854
v -0.822334 -1.433098 -0.726209
v -0.847164 -1.433098 -0.754073
v -0.858514 -1.433098 -0.789626
v -0.852155 -1.433304 -0.821963
v -0.833711 -1.433304 -0.853533
v -0.804021 -1.433304 -0.874872
v -0.768218 -1.433304 -0.882290
v -0.732494 -1.433304 -0.874505
v -0.703024 -1.433304 -0.852862
v -0.684906 -1.433304 -0.821104
v -0.681271 -1.433304 -0.784722
v -0.692748 -1.433304 -0.750007
v -0.717352 -1.433304 -0.722962
v -0.750830 -1.433304 -0.708262
v -0.787393 -1.433304 -0.708450
v -0.820718 -1.433304 -0.723493
v -0.845043 -1.433304 -0.750789
v -0.856163 -1.433304 -0.785620
v -0.848506 -1.445357 -0.820757
v -0.830868 -1.445357 -0.850947
v -0.802476 -1.445357 -0.871354
v -0.768238 -1.445357 -0.878447
v -0.734075 -1.445357 -0.871002
v -0.705894 -1.445357 -0.850305
v -0.688567 -1.445357 -0.819935
v -0.685091 -1.445357 -0.785144
v -0.696066 -1.445357 -0.751946
v -0.719595 -1.445357 -0.726082
v -0.751610 -1.445357 -0.712025
v -0.786574 -1.445357 -0.712203
v -0.818443 -1.445357 -0.726590
v -0.841705 -1.445357 -0.752693
v -0.852339 -1.445357 -0.786003
v -0.841368 -1.456614 -0.818397
v -0.825307 -1.456614 -0.845888
v -0.799453 -1.456614 -0.864469
v -0.768277 -1.456614 -0.870930
v -0.737168 -1.456614 -0.864150
v -0.711506 -1.456614 -0.845304
v -0.695728 -1.456614 -0.817649
v -0.692563 -1.456614 -0.785968
v -0.702557 -1.456614 -0.755738
v -0.723983 -1.456614 -0.732187
v -0.753135 -1.456614 -0.719386
v -0.784973 -1.456614 -0.719549
v -0.813993 -1.456614 -0.732649
v -0.835175 -1.456614 -0.756419
v -0.844859 -1.456614 -0.786750
v -0.831053 -1.466583 -0.814987
v -0.817271 -1.466583 -0.838577
v -0.795085 -1.466583 -0.854521
v -0.768332 -1.466583 -0.860064
v -0.741638 -1.466583 -0.854248
v -0.719617 -1.466583 -0.838076
v -0.706078 -1.466583 -0.814345
v -0.703362 -1.466583 -0.787159
v -0.711938 -1.466583 -0.761219
v -0.730323 -1.466583 -0.741009
v -0.755339 -1.466583 -0.730024
v -0.782660 -1.466583 -0.730165
v -0.807562 -1.466583 -0.741406
v -0.825739 -1.466583 -0.761803
v -0.834048 -1.466583 -0.787830
v -0.818011 -1.474828 -0.810675
v -0.807111 -1.474828 -0.829334
v -0.789563 -1.474828 -0.841944
v -0.768403 -1.474828 -0.846329
v -0.747289 -1.474828 -0.841728
v -0.729872 -1.474828 -0.828937
v -0.719163 -1.474828 -0.810168
v -0.717015 -1.474828 -0.788665
v -0.723798 -1.474828 -0.768148
v -0.738340 -1.474828 -0.752163
v -0.758126 -1.474828 -0.743475
v -0.779735 -1.474828 -0.743586
v -0.799431 -1.474828 -0.752477
v -0.813808 -1.474828 -0.768610
v -0.820380 -1.474828 -0.789196
v -0.802813 -1.480989 -0.805651
v -0.795270 -1.480989 -0.818562
v -0.783128 -1.480989 -0.827289
v -0.768485 -1.480989 -0.830323
v -0.753875 -1.480989 -0.827139
v -0.741822 -1.480989 -0.818287
v -0.734412 -1.480989 -0.805298
v -0.732926 -1.480989 -0.790420
v -0.737619 -1.480989 -0.776222
v -0.747682 -1.480989 -0.765161
v -0.761374 -1.480989 -0.759149
v -0.776327 -1.480989 -0.759226
v -0.789956 -1.480989 -0.765378
v -0.799905 -1.480989 -0.776542
v -0.804453 -1.480989 -0.790786
v -0.786123 -1.484797 -0.800132
v -0.782267 -1.484797 -0.806732
v -0.776060 -1.484797 -0.811194
v -0.768575 -1.484797 -0.812744
v -0.761107 -1.484797 -0.811117
v -0.754946 -1.484797 -0.806592
v -0.751158 -1.484797 -0.799953
v -0.750399 -1.484797 -0.792346
v -0.752798 -1.484797 -0.785090
v -0.757941 -1.484797 -0.779435
v -0.764940 -1.484797 -0.776361
v -0.772584 -1.484797 -0.776402
v -0.779551 -1.484797 -0.779547
v -0.784636 -1.484797 -0.785253
v -0.786961 -1.484797 -0.792535
v -0.768670 -1.486085 -0.794362
v -0.746580 -1.397811 -0.656386
v -0.793177 -1.397811 -0.656625
v -0.793177 -1.408062 -0.656625
v -0.746580 -1.408062 -0.656386
v -0.821494 -1.143957 -0.688830
v -0.868092 -1.143957 -0.689068
v -0.868318 -1.155503 -0.656625
v -0.821721 -1.155503 -0.656386
v -0.746353 -1.201161 -0.688830
v -0.746580 -1.212707 -0.656386
v -0.793177 -1.212707 -0.656625
v -0.792951 -1.201161 -0.689068
v -0.944693 -1.212707 -0.657872
v -0.938081 -1.201161 -0.690263
v -0.944693 -1.212672 -0.657971
v -0.913531 -1.155503 -0.656997
v -0.944693 -1.212673 -0.657872
v -0.906899 -1.143957 -0.689388
v -0.942269 -1.123243 -0.830114
v -0.951761 -1.104415 -0.866206
v -0.967041 -1.074106 -0.890601
v -0.985467 -1.037558 -0.899081
v -1.003852 -1.001089 -0.890181
v -1.019018 -0.971006 -0.865439
v -1.028343 -0.952510 -0.829132
v -1.030214 -0.948799 -0.787540
v -1.024307 -0.960515 -0.747853
v -1.011645 -0.985632 -0.716934
v -0.994415 -1.019808 -0.700129
v -0.975599 -1.057132 -0.700343
v -0.958448 -1.091151 -0.717541
v -0.945929 -1.115983 -0.748746
v -0.940206 -1.127335 -0.788567
v -1.135031 -1.230892 -0.830114
v -1.145654 -1.212678 -0.866206
v -1.162756 -1.183359 -0.890601
v -1.183378 -1.148004 -0.899081
v -1.203955 -1.112725 -0.890181
v -1.220930 -1.083624 -0.865439
v -1.231366 -1.065732 -0.829132
v -1.233460 -1.062142 -0.787540
v -1.226849 -1.073476 -0.747853
v -1.212677 -1.097773 -0.716934
v -1.193394 -1.130833 -0.700129
v -1.172333 -1.166938 -0.700343
v -1.153138 -1.199847 -0.717541
v -1.139126 -1.223869 -0.748747
v -1.132722 -1.234850 -0.788567
v -0.985234 -1.038019 -0.798560
v -1.163832 -1.247691 -0.830114
v -1.174456 -1.229478 -0.866205
v -1.191557 -1.200159 -0.890601
v -1.212179 -1.164803 -0.899081
v -1.232757 -1.129525 -0.890181
v -1.249731 -1.100424 -0.865439
v -1.260168 -1.082531 -0.829132
v -1.262262 -1.078941 -0.787540
v -1.255651 -1.090275 -0.747853
v -1.241479 -1.114572 -0.716934
v -1.222195 -1.147632 -0.700129
v -1.201135 -1.183738 -0.700343
v -1.181940 -1.216647 -0.717541
v -1.167928 -1.240669 -0.748747
v -1.161523 -1.251650 -0.788567
v -1.129510 -1.240355 -0.833735
v -1.141353 -1.220051 -0.873971
v -1.170155 -1.236851 -0.873970
v -1.158312 -1.257155 -0.833736
v -1.160418 -1.187366 -0.901166
v -1.189220 -1.204166 -0.901166
v -1.183408 -1.147952 -0.910620
v -1.212210 -1.164752 -0.910620
v -1.206347 -1.108624 -0.900699
v -1.235149 -1.125424 -0.900699
v -1.225270 -1.076183 -0.873116
v -1.254072 -1.092982 -0.873116
v -1.236904 -1.056236 -0.832642
v -1.265706 -1.073036 -0.832642
v -1.239238 -1.052235 -0.786274
v -1.268040 -1.069034 -0.786275
v -1.231869 -1.064869 -0.742032
v -1.260671 -1.081669 -0.742032
v -1.216070 -1.091956 -0.707563
v -1.244871 -1.108755 -0.707564
v -1.194573 -1.128810 -0.688829
v -1.223375 -1.145610 -0.688830
v -1.171095 -1.169061 -0.689068
v -1.199897 -1.185861 -0.689069
v -1.149697 -1.205747 -0.708240
v -1.178498 -1.222547 -0.708240
v -1.134077 -1.232527 -0.743028
v -1.162878 -1.249326 -0.743028
v -1.126937 -1.244768 -0.787419
v -1.155738 -1.261568 -0.787419
v -1.167267 -1.249695 -0.830114
v -1.177891 -1.231481 -0.866205
v -1.194992 -1.202162 -0.890601
v -1.215615 -1.166807 -0.899081
v -1.236192 -1.131529 -0.890181
v -1.253166 -1.102427 -0.865439
v -1.263603 -1.084535 -0.829132
v -1.265696 -1.080945 -0.787540
v -1.259086 -1.092279 -0.747853
v -1.244913 -1.116576 -0.716934
v -1.225630 -1.149636 -0.700129
v -1.204570 -1.185742 -0.700343
v -1.185375 -1.218651 -0.717541
v -1.171363 -1.242672 -0.748747
v -1.164958 -1.253653 -0.788567
v -1.180578 -1.245757 -0.826722
v -1.190063 -1.229495 -0.858947
v -1.205333 -1.203317 -0.880729
v -1.223746 -1.171749 -0.888300
v -1.242118 -1.140250 -0.880353
v -1.257274 -1.114267 -0.858262
v -1.266592 -1.098291 -0.825846
v -1.268462 -1.095086 -0.788709
v -1.262559 -1.105206 -0.753275
v -1.249905 -1.126900 -0.725667
v -1.232688 -1.156418 -0.710663
v -1.213884 -1.188655 -0.710855
v -1.196746 -1.218039 -0.726209
v -1.184235 -1.239487 -0.754073
v -1.178517 -1.249291 -0.789626
v -1.181898 -1.243901 -0.821963
v -1.191191 -1.227970 -0.853533
v -1.206150 -1.202323 -0.874872
v -1.224189 -1.171397 -0.882290
v -1.242188 -1.140539 -0.874505
v -1.257036 -1.115083 -0.852862
v -1.266165 -1.099432 -0.821104
v -1.267997 -1.096292 -0.784723
v -1.262214 -1.106206 -0.750007
v -1.249817 -1.127460 -0.722962
v -1.232950 -1.156378 -0.708262
v -1.214528 -1.187960 -0.708450
v -1.197737 -1.216746 -0.723492
v -1.185481 -1.237758 -0.750789
v -1.179879 -1.247364 -0.785620
v -1.194148 -1.246822 -0.820756
v -1.203035 -1.231587 -0.850947
v -1.217340 -1.207062 -0.871354
v -1.234590 -1.177487 -0.878447
v -1.251803 -1.147977 -0.871002
v -1.266002 -1.123634 -0.850305
v -1.274732 -1.108667 -0.819935
v -1.276483 -1.105665 -0.785144
v -1.270954 -1.115145 -0.751946
v -1.259099 -1.135470 -0.726082
v -1.242968 -1.163124 -0.712025
v -1.225352 -1.193326 -0.712204
v -1.209295 -1.220854 -0.726590
v -1.197574 -1.240948 -0.752693
v -1.192217 -1.250134 -0.786003
v -1.207468 -1.246328 -0.818396
v -1.215560 -1.232455 -0.845888
v -1.228586 -1.210123 -0.864469
v -1.244294 -1.183192 -0.870929
v -1.259968 -1.156321 -0.864150
v -1.272898 -1.134154 -0.845303
v -1.280847 -1.120525 -0.817649
v -1.282442 -1.117791 -0.785968
v -1.277407 -1.126424 -0.755738
v -1.266612 -1.144931 -0.732187
v -1.251923 -1.170113 -0.719386
v -1.235882 -1.197615 -0.719550
v -1.221261 -1.222682 -0.732649
v -1.210588 -1.240979 -0.756419
v -1.205709 -1.249344 -0.786750
v -1.221276 -1.242441 -0.814987
v -1.228220 -1.230536 -0.838577
v -1.239398 -1.211372 -0.854522
v -1.252878 -1.188263 -0.860065
v -1.266327 -1.165204 -0.854247
v -1.277422 -1.146183 -0.838076
v -1.284244 -1.134488 -0.814345
v -1.285612 -1.132142 -0.787158
v -1.281291 -1.139550 -0.761219
v -1.272028 -1.155431 -0.741009
v -1.259424 -1.177040 -0.730025
v -1.245659 -1.200639 -0.730165
v -1.233112 -1.222150 -0.741406
v -1.223954 -1.237851 -0.761803
v -1.219767 -1.245028 -0.787830
v -1.234970 -1.235330 -0.810675
v -1.240462 -1.225914 -0.829334
v -1.249303 -1.210756 -0.841945
v -1.259964 -1.192478 -0.846329
v -1.270602 -1.174240 -0.841727
v -1.279378 -1.159195 -0.828937
v -1.284773 -1.149945 -0.810167
v -1.285856 -1.148089 -0.788665
v -1.282438 -1.153949 -0.768148
v -1.275111 -1.166510 -0.752163
v -1.265142 -1.183601 -0.743475
v -1.254254 -1.202267 -0.743586
v -1.244331 -1.219281 -0.752477
v -1.237087 -1.231699 -0.768610
v -1.233776 -1.237376 -0.789196
v -1.247949 -1.225306 -0.805651
v -1.251749 -1.218790 -0.818562
v -1.257867 -1.208302 -0.827289
v -1.265245 -1.195653 -0.830323
v -1.272606 -1.183033 -0.827139
v -1.278679 -1.172622 -0.818287
v -1.282412 -1.166222 -0.805298
v -1.283161 -1.164937 -0.790420
v -1.280796 -1.168992 -0.776222
v -1.275726 -1.177684 -0.765160
v -1.268828 -1.189511 -0.759149
v -1.261294 -1.202427 -0.759226
v -1.254427 -1.214200 -0.765378
v -1.249414 -1.222794 -0.776542
v -1.247123 -1.226722 -0.790786
v -1.259647 -1.212807 -0.800132
v -1.261590 -1.209477 -0.806732
v -1.264717 -1.204115 -0.811194
v -1.268489 -1.197650 -0.812744
v -1.272251 -1.191199 -0.811117
v -1.275355 -1.185877 -0.806592
v -1.277264 -1.182605 -0.799953
v -1.277646 -1.181949 -0.792346
v -1.276438 -1.184021 -0.785089
v -1.273846 -1.188465 -0.779435
v -1.270320 -1.194510 -0.776362
v -1.266469 -1.201113 -0.776402
v -1.262959 -1.207131 -0.779547
v -1.260397 -1.211523 -0.785253
v -1.259225 -1.213531 -0.792535
v -1.269554 -1.198380 -0.794362
v -1.204432 -1.134824 -0.656386
v -1.180954 -1.175074 -0.656625
v -1.189810 -1.180239 -0.656625
v -1.213287 -1.139989 -0.656386
v -0.949930 -1.070184 -0.688830
v -0.929701 -1.111509 -0.689069
v -0.936311 -1.116448 -0.656625
v -0.959789 -1.076197 -0.656385
v -1.070783 -1.055686 -0.688830
v -1.080991 -1.061086 -0.656386
v -1.021062 -1.081811 -0.656625
v -1.011204 -1.075798 -0.689069
v -0.944723 -1.212690 -0.657872
v -0.967797 -1.113369 -0.866206
v -0.983227 -1.083142 -0.890601
v -1.001835 -1.046692 -0.899081
v -1.020402 -1.010322 -0.890181
v -1.035717 -0.980320 -0.865439
v -1.045134 -0.961874 -0.829132
v -1.047023 -0.958173 -0.787540
v -1.041058 -0.969858 -0.747853
v -1.028271 -0.994907 -0.716934
v -1.010872 -1.028990 -0.700129
v -0.991869 -1.066213 -0.700343
v -0.974550 -1.100141 -0.717541
v -0.961907 -1.124906 -0.748746
v -0.956128 -1.136227 -0.788567
v -0.958211 -1.132146 -0.830114
v -0.864531 -1.190375 -0.830114
v -0.869114 -1.190375 -0.788567
v -0.856401 -1.190375 -0.748746
v -0.828592 -1.190375 -0.717541
v -0.790494 -1.190375 -0.700343
v -0.748694 -1.190375 -0.700129
v -0.710422 -1.190375 -0.716934
v -0.682294 -1.190375 -0.747853
v -0.669173 -1.190375 -0.787540
v -0.673328 -1.190375 -0.829132
v -0.694042 -1.190375 -0.865439
v -0.727732 -1.190375 -0.890181
v -0.768573 -1.190375 -0.899081
v -0.809503 -1.190375 -0.890601
v -0.843446 -1.190375 -0.866206
v -0.873129 -1.171175 -0.832957
v -0.850144 -1.171175 -0.872300
v -0.850144 -1.190375 -0.872300
v -0.873129 -1.190375 -0.832957
v -0.813144 -1.171175 -0.898893
v -0.813144 -1.190375 -0.898893
v -0.768527 -1.171175 -0.908137
v -0.768527 -1.190375 -0.908137
v -0.724006 -1.171175 -0.898435
v -0.724006 -1.190375 -0.898435
v -0.687281 -1.171175 -0.871463
v -0.687281 -1.190375 -0.871463
v -0.664702 -1.171175 -0.831887
v -0.664702 -1.190375 -0.831887
v -0.660172 -1.171175 -0.786547
v -0.660172 -1.190375 -0.786547
v -0.674475 -1.171175 -0.743285
v -0.674475 -1.190375 -0.743285
v -0.705137 -1.171175 -0.709580
v -0.705137 -1.190375 -0.709580
v -0.746857 -1.171175 -0.691261
v -0.746857 -1.190375 -0.691261
v -0.792422 -1.171175 -0.691495
v -0.792422 -1.190375 -0.691495
v -0.833952 -1.171175 -0.710242
v -0.833952 -1.190375 -0.710242
v -0.864267 -1.171175 -0.744259
v -0.864267 -1.190375 -0.744259
v -0.878124 -1.171175 -0.787666
v -0.878124 -1.190375 -0.787666
v -0.938077 -1.130750 -0.832955
v -0.954019 -1.139653 -0.832955
v -0.964530 -1.119219 -0.872297
v -0.948494 -1.110265 -0.872297
v -0.981452 -1.086323 -0.898891
v -0.965265 -1.077287 -0.898891
v -1.001857 -1.046652 -0.908136
v -0.985489 -1.037517 -0.908136
v -1.022218 -1.007066 -0.898434
v -1.005668 -0.997834 -0.898434
v -1.039012 -0.974414 -0.871461
v -1.022313 -0.965100 -0.871461
v -1.049336 -0.954339 -0.831884
v -1.032545 -0.944975 -0.831884
v -1.051407 -0.950312 -0.786549
v -1.034598 -0.940938 -0.786549
v -1.044868 -0.963027 -0.743288
v -1.028117 -0.953685 -0.743288
v -1.030847 -0.990289 -0.709582
v -1.014221 -0.981015 -0.709582
v -1.011768 -1.027384 -0.691262
v -0.995311 -1.018202 -0.691262
v -0.990929 -1.067898 -0.691496
v -0.974658 -1.058817 -0.691496
v -0.971935 -1.104823 -0.710244
v -0.955834 -1.095834 -0.710244
v -0.958071 -1.131775 -0.744261
v -0.942093 -1.122852 -0.744262
v -0.951734 -1.144094 -0.787667
v -0.935812 -1.135202 -0.787667
v 0.864531 -1.171175 -0.830114
v 0.843446 -1.171175 -0.866206
v 0.809503 -1.171175 -0.890601
v 0.768573 -1.171175 -0.899081
v 0.727732 -1.171175 -0.890181
v 0.694042 -1.171175 -0.865439
v 0.673328 -1.171175 -0.829132
v 0.669173 -1.171175 -0.787540
v 0.682294 -1.171175 -0.747853
v 0.710422 -1.171175 -0.716934
v 0.748694 -1.171175 -0.700129
v 0.790494 -1.171175 -0.700343
v 0.828592 -1.171175 -0.717541
v 0.856401 -1.171175 -0.748746
v 0.869114 -1.171175 -0.788567
v 0.864531 -1.386265 -0.830114
v 0.843446 -1.386265 -0.866206
v 0.809503 -1.386265 -0.890601
v 0.768573 -1.386265 -0.899081
v 0.727732 -1.386265 -0.890181
v 0.694042 -1.386265 -0.865439
v 0.673328 -1.386265 -0.829132
v 0.669173 -1.386265 -0.787540
v 0.682294 -1.386265 -0.747853
v 0.710422 -1.386265 -0.716934
v 0.748694 -1.386265 -0.700129
v 0.790494 -1.386265 -0.700343
v 0.828592 -1.386265 -0.717541
v 0.856401 -1.386265 -0.748746
v 0.869114 -1.386265 -0.788567
v 0.769089 -1.171175 -0.798561
v 0.864531 -1.419608 -0.830114
v 0.843446 -1.419608 -0.866206
v 0.809503 -1.419608 -0.890601
v 0.768573 -1.419608 -0.899081
v 0.727732 -1.419608 -0.890181
v 0.694042 -1.419608 -0.865439
v 0.673328 -1.419608 -0.829132
v 0.669173 -1.419608 -0.787540
v 0.682294 -1.419608 -0.747853
v 0.710422 -1.419608 -0.716934
v 0.748695 -1.419608 -0.700128
v 0.790494 -1.419608 -0.700343
v 0.828592 -1.419608 -0.717541
v 0.856401 -1.419608 -0.748746
v 0.869114 -1.419608 -0.788567
v 0.875487 -1.386265 -0.833735
v 0.851981 -1.386265 -0.873971
v 0.851981 -1.419608 -0.873971
v 0.875487 -1.419608 -0.833735
v 0.814143 -1.386265 -0.901167
v 0.814143 -1.419608 -0.901167
v 0.768514 -1.386265 -0.910620
v 0.768514 -1.419608 -0.910620
v 0.722985 -1.386265 -0.900699
v 0.722985 -1.419608 -0.900699
v 0.685427 -1.386265 -0.873116
v 0.685427 -1.419608 -0.873116
v 0.662336 -1.386265 -0.832642
v 0.662336 -1.419608 -0.832642
v 0.657703 -1.386265 -0.786275
v 0.657703 -1.419608 -0.786275
v 0.672330 -1.386265 -0.742032
v 0.672330 -1.419608 -0.742032
v 0.703688 -1.386265 -0.707564
v 0.703688 -1.419608 -0.707564
v 0.746353 -1.386265 -0.688830
v 0.746353 -1.419608 -0.688830
v 0.792951 -1.386265 -0.689068
v 0.792951 -1.419608 -0.689068
v 0.835422 -1.386265 -0.708241
v 0.835422 -1.419608 -0.708241
v 0.866424 -1.386265 -0.743028
v 0.866424 -1.419608 -0.743028
v 0.880595 -1.386265 -0.787419
v 0.880595 -1.419608 -0.787419
v 0.864531 -1.423585 -0.830114
v 0.843446 -1.423585 -0.866206
v 0.809503 -1.423585 -0.890601
v 0.768573 -1.423585 -0.899081
v 0.727732 -1.423585 -0.890182
v 0.694042 -1.423585 -0.865439
v 0.673328 -1.423585 -0.829132
v 0.669173 -1.423585 -0.787540
v 0.682294 -1.423585 -0.747853
v 0.710422 -1.423585 -0.716934
v 0.748695 -1.423585 -0.700128
v 0.790494 -1.423585 -0.700343
v 0.828592 -1.423585 -0.717541
v 0.856401 -1.423585 -0.748746
v 0.869114 -1.423585 -0.788567
v 0.854423 -1.433098 -0.826722
v 0.835596 -1.433098 -0.858947
v 0.805291 -1.433098 -0.880729
v 0.768745 -1.433098 -0.888300
v 0.732280 -1.433098 -0.880353
v 0.702199 -1.433098 -0.858262
v 0.683705 -1.433098 -0.825846
v 0.679995 -1.433098 -0.788709
v 0.691710 -1.433098 -0.753274
v 0.716825 -1.433098 -0.725668
v 0.750997 -1.433098 -0.710663
v 0.788317 -1.433098 -0.710854
v 0.822334 -1.433098 -0.726209
v 0.847164 -1.433098 -0.754073
v 0.858514 -1.433098 -0.789626
v 0.852155 -1.433304 -0.821963
v 0.833711 -1.433304 -0.853533
v 0.804021 -1.433304 -0.874872
v 0.768218 -1.433304 -0.882290
v 0.732494 -1.433304 -0.874505
v 0.703024 -1.433304 -0.852862
v 0.684906 -1.433304 -0.821104
v 0.681271 -1.433304 -0.784722
v 0.692748 -1.433304 -0.750007
v 0.717352 -1.433304 -0.722962
v 0.750830 -1.433304 -0.708262
v 0.787393 -1.433304 -0.708450
v 0.820718 -1.433304 -0.723493
v 0.845043 -1.433304 -0.750789
v 0.856163 -1.433304 -0.785620
v 0.848506 -1.445357 -0.820757
v 0.830868 -1.445357 -0.850947
v 0.802476 -1.445357 -0.871354
v 0.768238 -1.445357 -0.878447
v 0.734075 -1.445357 -0.871002
v 0.705894 -1.445357 -0.850305
v 0.688567 -1.445357 -0.819935
v 0.685091 -1.445357 -0.785144
v 0.696066 -1.445357 -0.751946
v 0.719595 -1.445357 -0.726082
v 0.751610 -1.445357 -0.712025
v 0.786574 -1.445357 -0.712203
v 0.818443 -1.445357 -0.726590
v 0.841705 -1.445357 -0.752693
v 0.852339 -1.445357 -0.786003
v 0.841368 -1.456614 -0.818397
v 0.825307 -1.456614 -0.845888
v 0.799453 -1.456614 -0.864469
v 0.768277 -1.456614 -0.870930
v 0.737168 -1.456614 -0.864150
v 0.711506 -1.456614 -0.845304
v 0.695728 -1.456614 -0.817649
v 0.692563 -1.456614 -0.785968
v 0.702557 -1.456614 -0.755738
v 0.723983 -1.456614 -0.732187
v 0.753135 -1.456614 -0.719386
v 0.784973 -1.456614 -0.719549
v 0.813993 -1.456614 -0.732649
v 0.835175 -1.456614 -0.756419
v 0.844859 -1.456614 -0.786750
v 0.831053 -1.466583 -0.814987
v 0.817271 -1.466583 -0.838577
v 0.795085 -1.466583 -0.854521
v 0.768332 -1.466583 -0.860064
v 0.741638 -1.466583 -0.854248
v 0.719617 -1.466583 -0.838076
v 0.706078 -1.466583 -0.814345
v 0.703362 -1.466583 -0.787159
v 0.711938 -1.466583 -0.761219
v 0.730323 -1.466583 -0.741009
v 0.755339 -1.466583 -0.730024
v 0.782660 -1.466583 -0.730165
v 0.807562 -1.466583 -0.741406
v 0.825739 -1.466583 -0.761803
v 0.834048 -1.466583 -0.787830
v 0.818011 -1.474828 -0.810675
v 0.807111 -1.474828 -0.829334
v 0.789563 -1.474828 -0.841944
v 0.768403 -1.474828 -0.846329
v 0.747289 -1.474828 -0.841728
v 0.729872 -1.474828 -0.828937
v 0.719163 -1.474828 -0.810168
v 0.717015 -1.474828 -0.788665
v 0.723798 -1.474828 -0.768148
v 0.738340 -1.474828 -0.752163
v 0.758126 -1.474828 -0.743475
v 0.779735 -1.474828 -0.743586
v 0.799431 -1.474828 -0.752477
v 0.813808 -1.474828 -0.768610
v 0.820380 -1.474828 -0.789196
v 0.802813 -1.480989 -0.805651
v 0.795270 -1.480989 -0.818562
v 0.783128 -1.480989 -0.827289
v 0.768485 -1.480989 -0.830323
v 0.753875 -1.480989 -0.827139
v 0.741822 -1.480989 -0.818287
v 0.734412 -1.480989 -0.805298
v 0.732926 -1.480989 -0.790420
v 0.737619 -1.480989 -0.776222
v 0.747682 -1.480989 -0.765161
v 0.761374 -1.480989 -0.759149
v 0.776327 -1.480989 -0.759226
v 0.789956 -1.480989 -0.765378
v 0.799905 -1.480989 -0.776542
v 0.804453 -1.480989 -0.790786
v 0.786123 -1.484797 -0.800132
v 0.782267 -1.484797 -0.806732
v 0.776060 -1.484797 -0.811194
v 0.768575 -1.484797 -0.812744
v 0.761107 -1.484797 -0.811117
v 0.754946 -1.484797 -0.806592
v 0.751158 -1.484797 -0.799953
v 0.750399 -1.484797 -0.792346
v 0.752798 -1.484797 -0.785090
v 0.757941 -1.484797 -0.779435
v 0.764940 -1.484797 -0.776361
v 0.772584 -1.484797 -0.776402
v 0.779551 -1.484797 -0.779547
v 0.784636 -1.484797 -0.785253
v 0.786961 -1.484797 -0.792535
v 0.768670 -1.486085 -0.794362
v 0.746580 -1.397811 -0.656386
v 0.793177 -1.397811 -0.656625
v 0.793177 -1.408062 -0.656625
v 0.746580 -1.408062 -0.656386
v 0.821494 -1.143957 -0.688830
v 0.868092 -1.143957 -0.689068
v 0.868318 -1.155503 -0.656625
v 0.821721 -1.155503 -0.656386
v 0.746353 -1.201161 -0.688830
v 0.746580 -1.212707 -0.656386
v 0.793177 -1.212707 -0.656625
v 0.792951 -1.201161 -0.689068
v 0.944693 -1.212707 -0.657872
v 0.938081 -1.201161 -0.690263
v 0.944693 -1.212672 -0.657971
v 0.913531 -1.155503 -0.656997
v 0.944693 -1.212673 -0.657872
v 0.906899 -1.143957 -0.689388
v 0.942269 -1.123243 -0.830114
v 0.951761 -1.104415 -0.866206
v 0.967041 -1.074106 -0.890601
v 0.985467 -1.037558 -0.899081
v 1.003852 -1.001089 -0.890181
v 1.019018 -0.971006 -0.865439
v 1.028343 -0.952510 -0.829132
v 1.030214 -0.948799 -0.787540
v 1.024307 -0.960515 -0.747853
v 1.011645 -0.985632 -0.716934
v 0.994415 -1.019808 -0.700129
v 0.975599 -1.057132 -0.700343
v 0.958448 -1.091151 -0.717541
v 0.945929 -1.115983 -0.748746
v 0.940206 -1.127335 -0.788567
v 1.135031 -1.230892 -0.830114
v 1.145654 -1.212678 -0.866206
v 1.162756 -1.183359 -0.890601
v 1.183378 -1.148004 -0.899081
v 1.203955 -1.112725 -0.890181
v 1.220930 -1.083624 -0.865439
v 1.231366 -1.065732 -0.829132
v 1.233460 -1.062142 -0.787540
v 1.226849 -1.073476 -0.747853
v 1.212677 -1.097773 -0.716934
v 1.193394 -1.130833 -0.700129
v 1.172333 -1.166938 -0.700343
v 1.153138 -1.199847 -0.717541
v 1.139126 -1.223869 -0.748747
v 1.132722 -1.234850 -0.788567
v 0.985234 -1.038019 -0.798560
v 1.163832 -1.247691 -0.830114
v 1.174456 -1.229478 -0.866205
v 1.191557 -1.200159 -0.890601
v 1.212179 -1.164803 -0.899081
v 1.232757 -1.129525 -0.890181
v 1.249731 -1.100424 -0.865439
v 1.260168 -1.082531 -0.829132
v 1.262262 -1.078941 -0.787540
v 1.255651 -1.090275 -0.747853
v 1.241479 -1.114572 -0.716934
v 1.222195 -1.147632 -0.700129
v 1.201135 -1.183738 -0.700343
v 1.181940 -1.216647 -0.717541
v 1.167928 -1.240669 -0.748747
v 1.161523 -1.251650 -0.788567
v 1.129510 -1.240355 -0.833735
v 1.141353 -1.220051 -0.873971
v 1.170155 -1.236851 -0.873970
v 1.158312 -1.257155 -0.833736
v 1.160418 -1.187366 -0.901166
v 1.189220 -1.204166 -0.901166
v 1.183408 -1.147952 -0.910620
v 1.212210 -1.164752 -0.910620
v 1.206347 -1.108624 -0.900699
v 1.235149 -1.125424 -0.900699
v 1.225270 -1.076183 -0.873116
v 1.254072 -1.092982 -0.873116
v 1.236904 -1.056236 -0.832642
v 1.265706 -1.073036 -0.832642
v 1.239238 -1.052235 -0.786274
v 1.268040 -1.069034 -0.786275
v 1.231869 -1.064869 -0.742032
v 1.260671 -1.081669 -0.742032
v 1.216070 -1.091956 -0.707563
v 1.244871 -1.108755 -0.707564
v 1.194573 -1.128810 -0.688829
v 1.223375 -1.145610 -0.688830
v 1.171095 -1.169061 -0.689068
v 1.199897 -1.185861 -0.689069
v 1.149697 -1.205747 -0.708240
v 1.178498 -1.222547 -0.708240
v 1.134077 -1.232527 -0.743028
v 1.162878 -1.249326 -0.743028
v 1.126937 -1.244768 -0.787419
v 1.155738 -1.261568 -0.787419
v 1.167267 -1.249695 -0.830114
v 1.177891 -1.231481 -0.866205
v 1.194992 -1.202162 -0.890601
v 1.215615 -1.166807 -0.899081
v 1.236192 -1.131529 -0.890181
v 1.253166 -1.102427 -0.865439
v 1.263603 -1.084535 -0.829132
v 1.265696 -1.080945 -0.787540
v 1.259086 -1.092279 -0.747853
v 1.244913 -1.116576 -0.716934
v 1.225630 -1.149636 -0.700129
v 1.204570 -1.185742 -0.700343
v 1.185375 -1.218651 -0.717541
v 1.171363 -1.242672 -0.748747
v 1.164958 -1.253653 -0.788567
v 1.180578 -1.245757 -0.826722
v 1.190063 -1.229495 -0.858947
v 1.205333 -1.203317 -0.880729
v 1.223746 -1.171749 -0.888300
v 1.242118 -1.140250 -0.880353
v 1.257274 -1.114267 -0.858262
v 1.266592 -1.098291 -0.825846
v 1.268462 -1.095086 -0.788709
v 1.262559 -1.105206 -0.753275
v 1.249905 -1.126900 -0.725667
v 1.232688 -1.156418 -0.710663
v 1.213884 -1.188655 -0.710855
v 1.196746 -1.218039 -0.726209
v 1.184235 -1.239487 -0.754073
v 1.178517 -1.249291 -0.789626
v 1.181898 -1.243901 -0.821963
v 1.191191 -1.227970 -0.853533
v 1.206150 -1.202323 -0.874872
v 1.224189 -1.171397 -0.882290
v 1.242188 -1.140539 -0.874505
v 1.257036 -1.115083 -0.852862
v 1.266165 -1.099432 -0.821104
v 1.267997 -1.096292 -0.784723
v 1.262214 -1.106206 -0.750007
v 1.249817 -1.127460 -0.722962
v 1.232950 -1.156378 -0.708262
v 1.214528 -1.187960 -0.708450
v 1.197737 -1.216746 -0.723492
v 1.185481 -1.237758 -0.750789
v 1.179879 -1.247364 -0.785620
v 1.194148 -1.246822 -0.820756
v 1.203035 -1.231587 -0.850947
v 1.217340 -1.207062 -0.871354
v 1.234590 -1.177487 -0.878447
v 1.251803 -1.147977 -0.871002
v 1.266002 -1.123634 -0.850305
v 1.274732 -1.108667 -0.819935
v 1.276483 -1.105665 -0.785144
v 1.270954 -1.115145 -0.751946
v 1.259099 -1.135470 -0.726082
v 1.242968 -1.163124 -0.712025
v 1.225352 -1.193326 -0.712204
v 1.209295 -1.220854 -0.726590
v 1.197574 -1.240948 -0.752693
v 1.192217 -1.250134 -0.786003
v 1.207468 -1.246328 -0.818396
v 1.215560 -1.232455 -0.845888
v 1.228586 -1.210123 -0.864469
v 1.244294 -1.183192 -0.870929
v 1.259968 -1.156321 -0.864150
v 1.272898 -1.134154 -0.845303
v 1.280847 -1.120525 -0.817649
v 1.282442 -1.117791 -0.785968
v 1.277407 -1.126424 -0.755738
v 1.266612 -1.144931 -0.732187
v 1.251923 -1.170113 -0.719386
v 1.235882 -1.197615 -0.719550
v 1.221261 -1.222682 -0.732649
v 1.210588 -1.240979 -0.756419
v 1.205709 -1.249344 -0.786750
v 1.221276 -1.242441 -0.814987
v 1.228220 -1.230536 -0.838577
v 1.239398 -1.211372 -0.854522
v 1.252878 -1.188263 -0.860065
v 1.266327 -1.165204 -0.854247
v 1.277422 -1.146183 -0.838076
v 1.284244 -1.134488 -0.814345
v 1.285612 -1.132142 -0.787158
v 1.281291 -1.139550 -0.761219
v 1.272028 -1.155431 -0.741009
v 1.259424 -1.177040 -0.730025
v 1.245659 -1.200639 -0.730165
v 1.233112 -1.222150 -0.741406
v 1.223954 -1.237851 -0.761803
v 1.219767 -1.245028 -0.787830
v 1.234970 -1.235330 -0.810675
v 1.240462 -1.225914 -0.829334
v 1.249303 -1.210756 -0.841945
v 1.259964 -1.192478 -0.846329
v 1.270602 -1.174240 -0.841727
v 1.279378 -1.159195 -0.828937
v 1.284773 -1.149945 -0.810167
v 1.285856 -1.148089 -0.788665
v 1.282438 -1.153949 -0.768148
v 1.275111 -1.166510 -0.752163
v 1.265142 -1.183601 -0.743475
v 1.254254 -1.202267 -0.743586
v 1.244331 -1.219281 -0.752477
v 1.237087 -1.231699 -0.768610
v 1.233776 -1.237376 -0.789196
v 1.247949 -1.225306 -0.805651
v 1.251749 -1.218790 -0.818562
v 1.257867 -1.208302 -0.827289
v 1.265245 -1.195653 -0.830323
v 1.272606 -1.183033 -0.827139
v 1.278679 -1.172622 -0.818287
v 1.282412 -1.166222 -0.805298
v 1.283161 -1.164937 -0.790420
v 1.280796 -1.168992 -0.776222
v 1.275726 -1.177684 -0.765160
v 1.268828 -1.189511 -0.759149
v 1.261294 -1.202427 -0.759226
v 1.254427 -1.214200 -0.765378
v 1.249414 -1.222794 -0.776542
v 1.247123 -1.226722 -0.790786
v 1.259647 -1.212807 -0.800132
v 1.261590 -1.209477 -0.806732
v 1.264717 -1.204115 -0.811194
v 1.268489 -1.197650 -0.812744
v 1.272251 -1.191199 -0.811117
v 1.275355 -1.185877 -0.806592
v 1.277264 -1.182605 -0.799953
v 1.277646 -1.181949 -0.792346
v 1.276438 -1.184021 -0.785089
v 1.273846 -1.188465 -0.779435
v 1.270320 -1.194510 -0.776362
v 1.266469 -1.201113 -0.776402
v 1.262959 -1.207131 -0.779547
v 1.260397 -1.211523 -0.785253
v 1.259225 -1.213531 -0.792535
v 1.269554 -1.198380 -0.794362
v 1.204432 -1.134824 -0.656386
v 1.180954 -1.175074 -0.656625
v 1.189810 -1.180239 -0.656625
v 1.213287 -1.139989 -0.656386
v 0.949930 -1.070184 -0.688830
v 0.929701 -1.111509 -0.689069
v 0.936311 -1.116448 -0.656625
v 0.959789 -1.076197 -0.656385
v 1.070783 -1.055686 -0.688830
v 1.080991 -1.061086 -0.656386
v 1.021062 -1.081811 -0.656625
v 1.011204 -1.075798 -0.689069
v 0.944723 -1.212690 -0.657872
v 0.967797 -1.113369 -0.866206
v 0.983227 -1.083142 -0.890601
v 1.001835 -1.046692 -0.899081
v 1.020402 -1.010322 -0.890181
v 1.035717 -0.980320 -0.865439
v 1.045134 -0.961874 -0.829132
v 1.047023 -0.958173 -0.787540
v 1.041058 -0.969858 -0.747853
v 1.028271 -0.994907 -0.716934
v 1.010872 -1.028990 -0.700129
v 0.991869 -1.066213 -0.700343
v 0.974550 -1.100141 -0.717541
v 0.961907 -1.124906 -0.748746
v 0.956128 -1.136227 -0.788567
v 0.958211 -1.132146 -0.830114
v 0.864531 -1.190375 -0.830114
v 0.869114 -1.190375 -0.788567
v 0.856401 -1.190375 -0.748746
v 0.828592 -1.190375 -0.717541
v 0.790494 -1.190375 -0.700343
v 0.748694 -1.190375 -0.700129
v 0.710422 -1.190375 -0.716934
v 0.682294 -1.190375 -0.747853
v 0.669173 -1.190375 -0.787540
v 0.673328 -1.190375 -0.829132
v 0.694042 -1.190375 -0.865439
v 0.727732 -1.190375 -0.890181
v 0.768573 -1.190375 -0.899081
v 0.809503 -1.190375 -0.890601
v 0.843446 -1.190375 -0.866206
v 0.873129 -1.171175 -0.832957
v 0.850144 -1.171175 -0.872300
v 0.850144 -1.190375 -0.872300
v 0.873129 -1.190375 -0.832957
v 0.813144 -1.171175 -0.898893
v 0.813144 -1.190375 -0.898893
v 0.768527 -1.171175 -0.908137
v 0.768527 -1.190375 -0.908137
v 0.724006 -1.171175 -0.898435
v 0.724006 -1.190375 -0.898435
v 0.687281 -1.171175 -0.871463
v 0.687281 -1.190375 -0.871463
v 0.664702 -1.171175 -0.831887
v 0.664702 -1.190375 -0.831887
v 0.660172 -1.171175 -0.786547
v 0.660172 -1.190375 -0.786547
v 0.674475 -1.171175 -0.743285
v 0.674475 -1.190375 -0.743285
v 0.705137 -1.171175 -0.709580
v 0.705137 -1.190375 -0.709580
v 0.746857 -1.171175 -0.691261
v 0.746857 -1.190375 -0.691261
v 0.792422 -1.171175 -0.691495
v 0.792422 -1.190375 -0.691495
v 0.833952 -1.171175 -0.710242
v 0.833952 -1.190375 -0.710242
v 0.864267 -1.171175 -0.744259
v 0.864267 -1.190375 -0.744259
v 0.878124 -1.171175 -0.787666
v 0.878124 -1.190375 -0.787666
v 0.938077 -1.130750 -0.832955
v 0.954019 -1.139653 -0.832955
v 0.964530 -1.119219 -0.872297
v 0.948494 -1.110265 -0.872297
v 0.981452 -1.086323 -0.898891
v 0.965265 -1.077287 -0.898891
v 1.001857 -1.046652 -0.908136
v 0.985489 -1.037517 -0.908136
v 1.022218 -1.007066 -0.898434
v 1.005668 -0.997834 -0.898434
v 1.039012 -0.974414 -0.871461
v 1.022313 -0.965100 -0.871461
v 1.049336 -0.954339 -0.831884
v 1.032545 -0.944975 -0.831884
v 1.051407 -0.950312 -0.786549
v 1.034598 -0.940938 -0.786549
v 1.044868 -0.963027 -0.743288
v 1.028117 -0.953685 -0.743288
v 1.030847 -0.990289 -0.709582
v 1.014221 -0.981015 -0.709582
v 1.011768 -1.027384 -0.691262
v 0.995311 -1.018202 -0.691262
v 0.990929 -1.067898 -0.691496
v 0.974658 -1.058817 -0.691496
v 0.971935 -1.104823 -0.710244
v 0.955834 -1.095834 -0.710244
v 0.958071 -1.131775 -0.744261
v 0.942093 -1.122852 -0.744262
v 0.951734 -1.144094 -0.787667
v 0.935812 -1.135202 -0.787667
v 1.327276 1.423973 1.049141
v 1.355369 1.423973 1.049141
v 1.327276 1.423973 0.532473
v 1.355369 1.423973 0.532473
v 1.327276 1.112861 0.532473
v 1.355369 1.112861 0.532473
v 1.327276 1.112861 1.049141
v 1.355369 1.112861 1.049141
v 1.327276 1.423973 1.021724
v 1.327276 1.112861 1.021724
v 1.355369 1.112861 1.021724
v 1.355369 1.423973 1.021724
v 1.797332 1.112861 1.049141
v 1.797332 1.423973 1.049141
v 1.797332 1.112861 1.021724
v 1.797332 1.423973 1.021724
v 1.327276 0.304875 1.049141
v 1.355369 0.304875 1.049141
v 1.327276 0.304875 0.532473
v 1.355369 0.304875 0.532473
v 1.327276 -0.006237 0.532473
v 1.355369 -0.006237 0.532473
v 1.327276 -0.006237 1.049141
v 1.355369 -0.006237 1.049141
v 1.327276 0.304875 1.021724
v 1.327276 -0.006237 1.021724
v 1.355369 -0.006237 1.021724
v 1.355369 0.304875 1.021724
v 1.797332 -0.006237 1.049141
v 1.797332 0.304875 1.049141
v 1.797332 -0.006237 1.021724
v 1.797332 0.304875 1.021724
v 1.327276 -0.820997 1.049141
v 1.355369 -0.820997 1.049141
v 1.327276 -0.820997 0.532473
v 1.355369 -0.820997 0.532473
v 1.327276 -1.132108 0.532473
v 1.355369 -1.132108 0.532473
v 1.327276 -1.132108 1.049141
v 1.355369 -1.132108 1.049141
v 1.327276 -0.820997 1.021724
v 1.327276 -1.132108 1.021724
v 1.355369 -1.132108 1.021724
v 1.355369 -0.820997 1.021724
v 1.797332 -1.132108 1.049141
v 1.797332 -0.820997 1.049141
v 1.797332 -1.132108 1.021724
v 1.797332 -0.820997 1.021724
v -1.329630 1.112861 1.049141
v -1.357723 1.112861 1.049141
v -1.329630 1.112861 0.532473
v -1.357723 1.112861 0.532473
v -1.329630 1.423973 0.532473
v -1.357723 1.423973 0.532473
v -1.329630 1.423973 1.049141
v -1.357723 1.423973 1.049141
v -1.329630 1.112861 1.021724
v -1.329630 1.423973 1.021724
v -1.357723 1.423973 1.021724
v -1.357723 1.112861 1.021724
v -1.799686 1.423973 1.049141
v -1.799686 1.112861 1.049141
v -1.799686 1.423973 1.021724
v -1.799686 1.112861 1.021724
v -1.329630 -0.006237 1.049141
v -1.357723 -0.006237 1.049141
v -1.329630 -0.006237 0.532473
v -1.357723 -0.006237 0.532473
v -1.329630 0.304874 0.532473
v -1.357723 0.304874 0.532473
v -1.329630 0.304874 1.049141
v -1.357723 0.304874 1.049141
v -1.329630 -0.006237 1.021724
v -1.329630 0.304874 1.021724
v -1.357723 0.304874 1.021724
v -1.357723 -0.006237 1.021724
v -1.799686 0.304874 1.049141
v -1.799686 -0.006237 1.049141
v -1.799686 0.304874 1.021724
v -1.799686 -0.006237 1.021724
v -1.329630 -1.132108 1.049141
v -1.357723 -1.132108 1.049141
v -1.329630 -1.132108 0.532473
v -1.357723 -1.132108 0.532473
v -1.329630 -0.820997 0.532473
v -1.357723 -0.820997 0.532473
v -1.329630 -0.820997 1.049141
v -1.357723 -0.820997 1.049141
v -1.329630 -1.132108 1.021724
v -1.329630 -0.820997 1.021724
v -1.357723 -0.820997 1.021724
v -1.357723 -1.132108 1.021724
v -1.799686 -0.820997 1.049141
v -1.799686 -1.132108 1.049141
v -1.799686 -0.820997 1.021724
v -1.799686 -1.132108 1.021724
v -0.386827 -0.836611 -0.691102
v -0.303167 -0.836611 -0.834301
v -0.168496 -0.836611 -0.931093
v -0.006100 -0.836611 -0.964741
v 0.155943 -0.836611 -0.929427
v 0.289613 -0.836611 -0.831258
v 0.371797 -0.836611 -0.687207
v 0.388286 -0.836611 -0.522183
v 0.336227 -0.836611 -0.364719
v 0.224623 -0.836611 -0.242043
v 0.072771 -0.836611 -0.175366
v -0.093073 -0.836611 -0.176218
v -0.244232 -0.836611 -0.244451
v -0.354570 -0.836611 -0.368266
v -0.405009 -0.836611 -0.526256
v -0.386827 -1.016547 -0.691102
v -0.303167 -1.016547 -0.834301
v -0.168496 -1.016547 -0.931093
v -0.006100 -1.016547 -0.964741
v 0.155943 -1.016547 -0.929427
v 0.289613 -1.016547 -0.831258
v 0.371797 -1.016547 -0.687207
v 0.388286 -1.016547 -0.522183
v 0.336227 -1.016547 -0.364719
v 0.224623 -1.016547 -0.242043
v 0.072771 -1.016547 -0.175366
v -0.093073 -1.016547 -0.176218
v -0.244232 -1.016547 -0.244451
v -0.354570 -1.016547 -0.368266
v -0.405009 -1.016547 -0.526256
v -0.008148 -0.836611 -0.565909
v -0.386827 -1.148841 -0.691102
v -0.303167 -1.148841 -0.834301
v -0.168496 -1.148841 -0.931093
v -0.006100 -1.148841 -0.964741
v 0.155943 -1.148841 -0.929427
v 0.289613 -1.148841 -0.831258
v 0.371797 -1.148841 -0.687207
v 0.388286 -1.148841 -0.522183
v 0.336227 -1.148841 -0.364719
v 0.224623 -1.148841 -0.242043
v 0.072771 -1.148841 -0.175366
v -0.093073 -1.148841 -0.176218
v -0.244232 -1.148841 -0.244451
v -0.354570 -1.148841 -0.368266
v -0.405009 -1.148841 -0.526256
v -0.430295 -1.016547 -0.705473
v -0.337033 -1.016547 -0.865110
v -0.337033 -1.148841 -0.865110
v -0.430295 -1.148841 -0.705473
v -0.186903 -1.016547 -0.973013
v -0.186903 -1.148841 -0.973013
v -0.005865 -1.016547 -1.010523
v -0.005865 -1.148841 -1.010523
v 0.174779 -1.016547 -0.971156
v 0.174779 -1.148841 -0.971156
v 0.323793 -1.016547 -0.861717
v 0.323793 -1.148841 -0.861717
v 0.415411 -1.016547 -0.701131
v 0.415411 -1.148841 -0.701131
v 0.433793 -1.016547 -0.517163
v 0.433793 -1.148841 -0.517163
v 0.375758 -1.016547 -0.341624
v 0.375758 -1.148841 -0.341624
v 0.251343 -1.016547 -0.204866
v 0.251343 -1.148841 -0.204866
v 0.082060 -1.016547 -0.130535
v 0.082060 -1.148841 -0.130535
v -0.102821 -1.016547 -0.131485
v -0.102821 -1.148841 -0.131485
v -0.271332 -1.016547 -0.207550
v -0.271332 -1.148841 -0.207550
v -0.394336 -1.016547 -0.345578
v -0.394336 -1.148841 -0.345578
v -0.450565 -1.016547 -0.521705
v -0.450565 -1.148841 -0.521705
v -0.386827 -1.545477 -0.691102
v -0.303167 -1.545477 -0.834301
v -0.168496 -1.545477 -0.931093
v -0.006100 -1.545477 -0.964741
v 0.155943 -1.545477 -0.929427
v 0.289613 -1.545477 -0.831258
v 0.371797 -1.545477 -0.687207
v 0.388286 -1.545477 -0.522183
v 0.336227 -1.545477 -0.364719
v 0.224623 -1.545477 -0.242043
v 0.072771 -1.545477 -0.175366
v -0.093073 -1.545477 -0.176218
v -0.244232 -1.545477 -0.244451
v -0.354570 -1.545477 -0.368266
v -0.405009 -1.545477 -0.526256
v -0.346721 -1.625881 -0.677643
v -0.272024 -1.625881 -0.805500
v -0.151782 -1.625881 -0.891921
v -0.006784 -1.625881 -0.921965
v 0.137898 -1.625881 -0.890434
v 0.257247 -1.625881 -0.802783
v 0.330626 -1.625881 -0.674165
v 0.345348 -1.625881 -0.526821
v 0.298867 -1.625881 -0.386228
v 0.199220 -1.625881 -0.276695
v 0.063637 -1.625881 -0.217162
v -0.084439 -1.625881 -0.217922
v -0.219403 -1.625881 -0.278844
v -0.317920 -1.625881 -0.389395
v -0.362955 -1.625881 -0.530458
v -0.337722 -1.627105 -0.658760
v -0.264543 -1.627105 -0.784020
v -0.146744 -1.627105 -0.868685
v -0.004692 -1.627105 -0.898118
v 0.137050 -1.627105 -0.867228
v 0.253974 -1.627105 -0.781357
v 0.325862 -1.627105 -0.655353
v 0.340285 -1.627105 -0.511003
v 0.294749 -1.627105 -0.373266
v 0.197126 -1.627105 -0.265959
v 0.064298 -1.627105 -0.207636
v -0.080769 -1.627105 -0.208380
v -0.212991 -1.627105 -0.268065
v -0.309506 -1.627105 -0.376369
v -0.353626 -1.627105 -0.514566
v -0.323245 -1.698838 -0.653974
v -0.253265 -1.698838 -0.773759
v -0.140614 -1.698838 -0.854724
v -0.004770 -1.698838 -0.882871
v 0.130777 -1.698838 -0.853331
v 0.242591 -1.698838 -0.771213
v 0.311337 -1.698838 -0.650716
v 0.325130 -1.698838 -0.512675
v 0.281583 -1.698838 -0.380958
v 0.188228 -1.698838 -0.278340
v 0.061205 -1.698838 -0.222566
v -0.077522 -1.698838 -0.223278
v -0.203966 -1.698838 -0.280354
v -0.296263 -1.698838 -0.383925
v -0.338454 -1.698838 -0.516082
v -0.294924 -1.765834 -0.644611
v -0.231201 -1.765834 -0.753687
v -0.128621 -1.765834 -0.827413
v -0.004923 -1.765834 -0.853043
v 0.118505 -1.765834 -0.826144
v 0.220322 -1.765834 -0.751368
v 0.282922 -1.765834 -0.641644
v 0.295481 -1.765834 -0.515945
v 0.255828 -1.765834 -0.396004
v 0.170819 -1.765834 -0.302562
v 0.055153 -1.765834 -0.251774
v -0.071171 -1.765834 -0.252422
v -0.186309 -1.765834 -0.304395
v -0.270355 -1.765834 -0.398706
v -0.308774 -1.765834 -0.519048
v -0.253997 -1.825163 -0.631081
v -0.199315 -1.825163 -0.724679
v -0.111291 -1.825163 -0.787945
v -0.005145 -1.825163 -0.809938
v 0.100770 -1.825163 -0.786856
v 0.188140 -1.825163 -0.722690
v 0.241858 -1.825163 -0.628535
v 0.252635 -1.825163 -0.520671
v 0.218609 -1.825163 -0.417749
v 0.145662 -1.825163 -0.337564
v 0.046407 -1.825163 -0.293983
v -0.061992 -1.825163 -0.294539
v -0.160794 -1.825163 -0.339138
v -0.232914 -1.825163 -0.420067
v -0.265882 -1.825163 -0.523333
v -0.202253 -1.874235 -0.613974
v -0.159002 -1.874235 -0.688005
v -0.089380 -1.874235 -0.738044
v -0.005425 -1.874235 -0.755439
v 0.078348 -1.874235 -0.737183
v 0.147453 -1.874235 -0.686431
v 0.189941 -1.874235 -0.611960
v 0.198465 -1.874235 -0.526646
v 0.171552 -1.874235 -0.445240
v 0.113855 -1.874235 -0.381819
v 0.035350 -1.874235 -0.347348
v -0.050388 -1.874235 -0.347789
v -0.128534 -1.874235 -0.383064
v -0.185577 -1.874235 -0.447074
v -0.211653 -1.874235 -0.528751
v -0.141952 -1.910902 -0.594038
v -0.112024 -1.910902 -0.645266
v -0.063847 -1.910902 -0.679892
v -0.005751 -1.910902 -0.691930
v 0.052219 -1.910902 -0.679296
v 0.100038 -1.910902 -0.644177
v 0.129438 -1.910902 -0.592644
v 0.135337 -1.910902 -0.533609
v 0.116714 -1.910902 -0.477277
v 0.076788 -1.910902 -0.433391
v 0.022465 -1.910902 -0.409538
v -0.036864 -1.910902 -0.409843
v -0.090940 -1.910902 -0.434252
v -0.130413 -1.910902 -0.478546
v -0.148457 -1.910902 -0.535066
v -0.075731 -1.933564 -0.572145
v -0.060432 -1.933564 -0.598331
v -0.035806 -1.933564 -0.616031
v -0.006109 -1.933564 -0.622184
v 0.023523 -1.933564 -0.615726
v 0.047967 -1.933564 -0.597774
v 0.062996 -1.933564 -0.571432
v 0.066011 -1.933564 -0.541255
v 0.056491 -1.933564 -0.512460
v 0.036083 -1.933564 -0.490027
v 0.008314 -1.933564 -0.477834
v -0.022013 -1.933564 -0.477990
v -0.049655 -1.933564 -0.490467
v -0.069832 -1.933564 -0.513109
v -0.079056 -1.933564 -0.542000
v -0.006483 -1.941230 -0.549251
v 0.081160 -1.062357 -0.001809
v -0.103721 -1.062357 -0.002758
v -0.103721 -1.103031 -0.002758
v 0.081160 -1.103031 -0.001809
vt 0.709159 0.609911
vt 0.691068 0.646093
vt 0.691068 0.609911
vt 0.709159 0.646093
vt 0.691068 0.682276
vt 0.709159 0.682276
vt 0.691068 0.718458
vt 0.709159 0.754641
vt 0.691068 0.754641
vt 0.654886 0.646093
vt 0.654886 0.609911
vt 0.709159 0.718458
vt 0.327890 0.583614
vt 0.287674 0.591108
vt 0.287674 0.583614
vt 0.327890 0.623831
vt 0.287674 0.664048
vt 0.287674 0.623831
vt 0.327890 0.696771
vt 0.287674 0.704265
vt 0.287674 0.696771
vt 0.327890 0.704265
vt 0.287674 0.744482
vt 0.368107 0.591108
vt 0.327890 0.591108
vt 0.247457 0.591108
vt 0.247457 0.583614
vt 0.327890 0.664048
vt 0.247457 0.615063
vt 0.247457 0.623831
vt 0.287674 0.672816
vt 0.327890 0.672816
vt 0.368107 0.615063
vt 0.327890 0.615063
vt 0.287674 0.615063
vt 0.487438 0.648328
vt 0.485026 0.677535
vt 0.485026 0.648328
vt 0.489850 0.648328
vt 0.487438 0.677535
vt 0.492262 0.648328
vt 0.489850 0.677535
vt 0.494675 0.648328
vt 0.492262 0.677535
vt 0.497087 0.648328
vt 0.494675 0.677535
vt 0.499499 0.648328
vt 0.497087 0.677535
vt 0.501911 0.648328
vt 0.499499 0.677535
vt 0.504323 0.648328
vt 0.501911 0.677535
vt 0.506735 0.648328
vt 0.504323 0.677535
vt 0.509148 0.648328
vt 0.506735 0.677535
vt 0.511560 0.648328
vt 0.509148 0.677535
vt 0.513972 0.648328
vt 0.511560 0.677535
vt 0.516384 0.648328
vt 0.513972 0.677535
vt 0.518796 0.648328
vt 0.516384 0.677535
vt 0.521208 0.648328
vt 0.518796 0.677535
vt 0.518249 0.608908
vt 0.523776 0.616516
vt 0.503117 0.625714
vt 0.510105 0.604207
vt 0.500753 0.603224
vt 0.491810 0.606129
vt 0.484822 0.612422
vt 0.480997 0.621012
vt 0.480997 0.630416
vt 0.484822 0.639006
vt 0.491810 0.645298
vt 0.500753 0.648204
vt 0.510105 0.647221
vt 0.518249 0.642519
vt 0.523776 0.634912
vt 0.525731 0.625714
vt 0.521208 0.677535
vt 0.518796 0.702218
vt 0.516384 0.702218
vt 0.513972 0.702218
vt 0.511560 0.702218
vt 0.509148 0.702218
vt 0.506735 0.702218
vt 0.504323 0.702218
vt 0.501911 0.702218
vt 0.499499 0.702218
vt 0.497087 0.702218
vt 0.494675 0.702218
vt 0.492262 0.702218
vt 0.489850 0.702218
vt 0.487438 0.702218
vt 0.485026 0.702218
vt 0.891064 0.612791
vt 0.877007 0.640905
vt 0.877007 0.612791
vt 0.891064 0.640905
vt 0.877007 0.669019
vt 0.891064 0.669019
vt 0.877007 0.697133
vt 0.891064 0.725247
vt 0.877007 0.725247
vt 0.848893 0.640905
vt 0.848893 0.612791
vt 0.891064 0.697133
vt 0.881797 0.612791
vt 0.877007 0.619820
vt 0.881797 0.640905
vt 0.881797 0.697133
vt 0.933235 0.612791
vt 0.905121 0.619820
vt 0.905121 0.612791
vt 0.848893 0.619820
vt 0.883456 0.619820
vt 0.898720 0.612791
vt 0.898720 0.619820
vt 0.883456 0.640905
vt 0.886171 0.669019
vt 0.883456 0.669019
vt 0.883456 0.697133
vt 0.898720 0.725247
vt 0.883456 0.725247
vt 0.881797 0.619820
vt 0.883456 0.612791
vt 0.881797 0.669019
vt 0.881797 0.725247
vt 0.900267 0.612791
vt 0.900267 0.619820
vt 0.898720 0.640905
vt 0.900267 0.669019
vt 0.898720 0.669019
vt 0.898720 0.697133
vt 0.900267 0.725247
vt 0.900267 0.640905
vt 0.905121 0.669019
vt 0.900267 0.697133
vt 0.905121 0.725247
vt 0.881797 0.690105
vt 0.855922 0.626848
vt 0.900267 0.690105
vt 0.905121 0.697133
vt 0.898720 0.690105
vt 0.883456 0.690105
vt 0.877007 0.633877
vt 0.848893 0.633877
vt 0.881797 0.676048
vt 0.886171 0.676048
vt 0.898720 0.676048
vt 0.900267 0.676048
vt 0.933235 0.640905
vt 0.926207 0.654962
vt 0.933235 0.633877
vt 0.905121 0.640905
vt 0.905121 0.633877
vt 0.900267 0.633877
vt 0.898720 0.633877
vt 0.883456 0.633877
vt 0.886171 0.640905
vt 0.881797 0.633877
vt 0.848893 0.626848
vt 0.877007 0.626848
vt 0.881797 0.683076
vt 0.862950 0.640905
vt 0.883456 0.683076
vt 0.883456 0.676048
vt 0.898720 0.683076
vt 0.886417 0.676048
vt 0.900267 0.683076
vt 0.919178 0.669019
vt 0.905121 0.626848
vt 0.933235 0.626848
vt 0.900267 0.626848
vt 0.898720 0.626848
vt 0.883456 0.626848
vt 0.896080 0.633877
vt 0.895834 0.633877
vt 0.881797 0.626848
vt 0.896080 0.640905
vt 0.896080 0.669019
vt 0.896080 0.676048
vt 0.886171 0.633877
vt 0.886417 0.640905
vt 0.886417 0.669019
vt 0.895834 0.676048
vt 0.895834 0.669019
vt 0.886417 0.633877
vt 0.895834 0.640905
vt 0.464472 0.712937
vt 0.458832 0.724264
vt 0.458832 0.712937
vt 0.470112 0.712937
vt 0.464472 0.724264
vt 0.475751 0.712937
vt 0.470112 0.724264
vt 0.481391 0.712937
vt 0.475751 0.724264
vt 0.487031 0.712937
vt 0.481391 0.724264
vt 0.492670 0.712937
vt 0.487031 0.724264
vt 0.498310 0.712937
vt 0.492670 0.724264
vt 0.503949 0.712937
vt 0.498310 0.724264
vt 0.509589 0.712937
vt 0.503949 0.724264
vt 0.515229 0.712937
vt 0.509589 0.724264
vt 0.520868 0.712937
vt 0.515229 0.724264
vt 0.526508 0.712937
vt 0.520868 0.724264
vt 0.532147 0.712937
vt 0.526508 0.724264
vt 0.537787 0.712937
vt 0.532147 0.724264
vt 0.543426 0.712937
vt 0.537787 0.724264
vt 0.705775 0.617863
vt 0.710378 0.624198
vt 0.693174 0.631858
vt 0.698993 0.613948
vt 0.691206 0.613129
vt 0.683758 0.615549
vt 0.677939 0.620789
vt 0.674754 0.627943
vt 0.674754 0.635774
vt 0.677939 0.642927
vt 0.683758 0.648167
vt 0.691206 0.650587
vt 0.698993 0.649768
vt 0.705775 0.645853
vt 0.710378 0.639518
vt 0.712006 0.631858
vt 0.536507 0.760887
vt 0.549430 0.743101
vt 0.517468 0.771879
vt 0.495603 0.774177
vt 0.474694 0.767384
vt 0.458356 0.752673
vt 0.449413 0.732588
vt 0.449413 0.710603
vt 0.458356 0.690519
vt 0.474694 0.675808
vt 0.495603 0.669014
vt 0.517468 0.671312
vt 0.536507 0.682305
vt 0.549430 0.700091
vt 0.554001 0.721596
vt 0.705775 0.728714
vt 0.710378 0.722378
vt 0.698993 0.732629
vt 0.691206 0.733447
vt 0.683758 0.731028
vt 0.677939 0.725788
vt 0.674754 0.718634
vt 0.674754 0.710803
vt 0.677939 0.703650
vt 0.683758 0.698410
vt 0.691206 0.695990
vt 0.698993 0.696809
vt 0.705775 0.700724
vt 0.710378 0.707059
vt 0.712006 0.714719
vt 0.899850 0.790438
vt 0.904615 0.794148
vt 0.900377 0.794675
vt 0.899323 0.786201
vt 0.904087 0.789911
vt 0.903033 0.781437
vt 0.903560 0.785674
vt 0.898796 0.781964
vt 0.902506 0.777200
vt 0.898269 0.777727
vt 0.901979 0.772964
vt 0.897742 0.773490
vt 0.901452 0.768726
vt 0.897215 0.769254
vt 0.900925 0.764489
vt 0.896688 0.765016
vt 0.900398 0.760252
vt 0.895634 0.756543
vt 0.896161 0.760780
vt 0.895107 0.752306
vt 0.899871 0.756016
vt 0.898817 0.747542
vt 0.899344 0.751779
vt 0.894580 0.748069
vt 0.898290 0.743304
vt 0.894053 0.743832
vt 0.897763 0.739068
vt 0.892999 0.735358
vt 0.893526 0.739595
vt 0.892472 0.731121
vt 0.897236 0.734831
vt 0.908851 0.793621
vt 0.907797 0.785147
vt 0.908324 0.789384
vt 0.907270 0.780910
vt 0.906743 0.776673
vt 0.906216 0.772436
vt 0.905689 0.768200
vt 0.905162 0.763962
vt 0.904635 0.759726
vt 0.904108 0.755489
vt 0.903054 0.747015
vt 0.903581 0.751252
vt 0.902527 0.742777
vt 0.902000 0.738541
vt 0.900946 0.730067
vt 0.901473 0.734304
vt 0.913088 0.793094
vt 0.912561 0.788857
vt 0.912034 0.784620
vt 0.911507 0.780383
vt 0.910453 0.771909
vt 0.910980 0.776146
vt 0.909926 0.767673
vt 0.908872 0.759198
vt 0.909399 0.763435
vt 0.908345 0.754962
vt 0.907818 0.750725
vt 0.907291 0.746488
vt 0.906764 0.742251
vt 0.906237 0.738014
vt 0.905710 0.733777
vt 0.916798 0.788330
vt 0.917325 0.792567
vt 0.915744 0.779856
vt 0.916271 0.784093
vt 0.915217 0.775619
vt 0.914163 0.767145
vt 0.914690 0.771382
vt 0.913109 0.758671
vt 0.913636 0.762908
vt 0.912582 0.754435
vt 0.912055 0.750197
vt 0.911528 0.745961
vt 0.910474 0.737487
vt 0.911001 0.741724
vt 0.909420 0.729013
vt 0.909947 0.733250
vt 0.921562 0.792040
vt 0.921035 0.787804
vt 0.919981 0.779329
vt 0.920508 0.783566
vt 0.919454 0.775092
vt 0.918927 0.770855
vt 0.918400 0.766618
vt 0.917346 0.758144
vt 0.917873 0.762381
vt 0.916819 0.753908
vt 0.916292 0.749671
vt 0.915765 0.745434
vt 0.914711 0.736960
vt 0.915238 0.741197
vt 0.914184 0.732723
vt 0.913657 0.728486
vt 0.925272 0.787276
vt 0.925799 0.791513
vt 0.924745 0.783039
vt 0.923691 0.774565
vt 0.924218 0.778802
vt 0.922637 0.766091
vt 0.923164 0.770328
vt 0.922110 0.761854
vt 0.921056 0.753380
vt 0.921583 0.757617
vt 0.920529 0.749144
vt 0.920002 0.744906
vt 0.919475 0.740669
vt 0.918421 0.732195
vt 0.918948 0.736432
vt 0.929773 0.788868
vt 0.929246 0.784631
vt 0.928719 0.780394
vt 0.928192 0.776157
vt 0.927665 0.771920
vt 0.927138 0.767683
vt 0.926611 0.763446
vt 0.926084 0.759209
vt 0.925556 0.754972
vt 0.925029 0.750735
vt 0.924502 0.746498
vt 0.923975 0.742261
vt 0.923448 0.738024
vt 0.922921 0.733787
vt 0.917894 0.727958
vt 0.922394 0.729550
vt 0.648982 0.677306
vt 0.640947 0.677306
vt 0.657017 0.677306
vt 0.665052 0.677306
vt 0.673087 0.677306
vt 0.681122 0.677306
vt 0.689156 0.677306
vt 0.697191 0.677306
vt 0.705226 0.677306
vt 0.721296 0.677306
vt 0.713261 0.677306
vt 0.729331 0.677306
vt 0.737366 0.677306
vt 0.745401 0.677306
vt 0.753436 0.677306
vt 0.632912 0.677306
vt 0.460560 0.568347
vt 0.438695 0.566049
vt 0.466075 0.619634
vt 0.482538 0.634955
vt 0.540146 0.602111
vt 0.532359 0.601293
vt 0.493680 0.688239
vt 0.515545 0.690537
vt 0.464472 0.723432
vt 0.470112 0.723432
vt 0.475751 0.723432
vt 0.481391 0.723432
vt 0.487031 0.723432
vt 0.492670 0.723432
vt 0.498310 0.723432
vt 0.503949 0.723432
vt 0.509589 0.723432
vt 0.515229 0.723432
vt 0.520868 0.723432
vt 0.526508 0.723432
vt 0.532147 0.723432
vt 0.543426 0.723432
vt 0.896350 0.727707
vt 0.891586 0.723998
vt 0.892113 0.728235
vt 0.895823 0.723470
vt 0.891059 0.719761
vt 0.894769 0.714997
vt 0.890532 0.715524
vt 0.890005 0.711287
vt 0.894242 0.710759
vt 0.889478 0.707050
vt 0.893715 0.706523
vt 0.888951 0.702813
vt 0.893188 0.702286
vt 0.888424 0.698576
vt 0.892661 0.698049
vt 0.887897 0.694339
vt 0.891607 0.689575
vt 0.887370 0.690102
vt 0.891080 0.685338
vt 0.886843 0.685865
vt 0.890553 0.681101
vt 0.886316 0.681628
vt 0.890026 0.676864
vt 0.885789 0.677391
vt 0.885262 0.673154
vt 0.889499 0.672627
vt 0.884735 0.668917
vt 0.888445 0.664153
vt 0.884208 0.664680
vt 0.900060 0.722944
vt 0.899533 0.718707
vt 0.895296 0.719234
vt 0.899006 0.714469
vt 0.898479 0.710233
vt 0.897952 0.705996
vt 0.897425 0.701759
vt 0.896898 0.697522
vt 0.892134 0.693812
vt 0.895844 0.689048
vt 0.895317 0.684811
vt 0.894790 0.680574
vt 0.893736 0.672100
vt 0.888972 0.668390
vt 0.892682 0.663626
vt 0.904824 0.726654
vt 0.900587 0.727181
vt 0.904297 0.722417
vt 0.903770 0.718180
vt 0.903243 0.713943
vt 0.902189 0.705469
vt 0.901662 0.701232
vt 0.901135 0.696995
vt 0.896371 0.693285
vt 0.900081 0.688521
vt 0.899027 0.680047
vt 0.894263 0.676337
vt 0.898500 0.675810
vt 0.897445 0.667336
vt 0.893209 0.667863
vt 0.909061 0.726127
vt 0.908534 0.721890
vt 0.908007 0.717653
vt 0.907480 0.713416
vt 0.902716 0.709706
vt 0.906426 0.704942
vt 0.905372 0.696468
vt 0.904845 0.692231
vt 0.900608 0.692758
vt 0.904318 0.687994
vt 0.903791 0.683757
vt 0.899554 0.684284
vt 0.903264 0.679520
vt 0.902210 0.671046
vt 0.897973 0.671573
vt 0.901682 0.666809
vt 0.896919 0.663099
vt 0.913298 0.725600
vt 0.912244 0.717126
vt 0.911717 0.712889
vt 0.906953 0.709179
vt 0.910663 0.704415
vt 0.905899 0.700705
vt 0.909609 0.695941
vt 0.909082 0.691704
vt 0.908555 0.687467
vt 0.908028 0.683230
vt 0.906974 0.674756
vt 0.902737 0.675283
vt 0.906447 0.670519
vt 0.905920 0.666282
vt 0.905392 0.662045
vt 0.901156 0.662572
vt 0.917008 0.720836
vt 0.912771 0.721363
vt 0.916481 0.716599
vt 0.915427 0.708125
vt 0.911190 0.708652
vt 0.914900 0.703888
vt 0.914373 0.699651
vt 0.910136 0.700178
vt 0.913846 0.695414
vt 0.913319 0.691177
vt 0.912792 0.686940
vt 0.912265 0.682703
vt 0.907501 0.678993
vt 0.911738 0.678466
vt 0.911211 0.674229
vt 0.910684 0.669992
vt 0.909630 0.661518
vt 0.917535 0.725073
vt 0.921508 0.722427
vt 0.920981 0.718190
vt 0.920454 0.713953
vt 0.915954 0.712362
vt 0.919927 0.709716
vt 0.919400 0.705479
vt 0.918873 0.701242
vt 0.918346 0.697005
vt 0.917819 0.692768
vt 0.917292 0.688531
vt 0.916765 0.684294
vt 0.916238 0.680057
vt 0.915711 0.675820
vt 0.915184 0.671584
vt 0.914657 0.667346
vt 0.910157 0.665755
vt 0.914130 0.663109
vt 0.552431 0.566832
vt 0.552561 0.572303
vt 0.680117 0.654428
vt 0.682126 0.695887
vt 0.682126 0.654428
vt 0.684135 0.695887
vt 0.684135 0.654428
vt 0.686143 0.695887
vt 0.686143 0.654428
vt 0.688152 0.695887
vt 0.688152 0.654428
vt 0.690161 0.695887
vt 0.690161 0.654428
vt 0.692170 0.695887
vt 0.692170 0.654428
vt 0.694178 0.654428
vt 0.694178 0.695887
vt 0.696187 0.654428
vt 0.696187 0.695887
vt 0.698196 0.654428
vt 0.698196 0.695887
vt 0.700205 0.654428
vt 0.700205 0.695887
vt 0.702213 0.654428
vt 0.702213 0.695887
vt 0.704222 0.654428
vt 0.704222 0.695887
vt 0.706231 0.654428
vt 0.706231 0.695887
vt 0.708240 0.695887
vt 0.708240 0.654428
vt 0.678108 0.654428
vt 0.680117 0.695887
vt 0.708240 0.654725
vt 0.706231 0.654725
vt 0.704222 0.654725
vt 0.702213 0.654725
vt 0.700205 0.654725
vt 0.698196 0.654725
vt 0.696187 0.654725
vt 0.694178 0.654725
vt 0.692170 0.654725
vt 0.690161 0.654725
vt 0.688152 0.654725
vt 0.686143 0.654725
vt 0.684135 0.654725
vt 0.682126 0.654725
vt 0.680117 0.654725
vt 0.678108 0.695887
vt 0.678108 0.654725
vt 0.680117 0.650690
vt 0.678108 0.650690
vt 0.682126 0.650690
vt 0.684135 0.650690
vt 0.686143 0.650690
vt 0.688152 0.650690
vt 0.690161 0.650690
vt 0.692170 0.650690
vt 0.694178 0.650690
vt 0.696187 0.650690
vt 0.698196 0.650690
vt 0.700205 0.650690
vt 0.702213 0.650690
vt 0.704222 0.650690
vt 0.706231 0.650690
vt 0.708240 0.650690
vt 0.543426 0.724264
vt 0.458832 0.723432
vt 0.537787 0.723432
vt 0.896709 0.730594
vt 0.905183 0.729540
vt 0.515440 0.615353
vt 0.484560 0.616992
vt 0.484560 0.615353
vt 0.515440 0.646234
vt 0.484560 0.677115
vt 0.484560 0.646234
vt 0.515440 0.706357
vt 0.484560 0.707996
vt 0.484560 0.706357
vt 0.515440 0.707996
vt 0.484560 0.738876
vt 0.546321 0.615353
vt 0.515440 0.616992
vt 0.453679 0.616992
vt 0.453679 0.615353
vt 0.453679 0.646234
vt 0.515440 0.677115
vt 0.546321 0.616992
vt 0.677470 0.694289
vt 0.674707 0.756455
vt 0.674707 0.694289
vt 0.680233 0.694289
vt 0.677470 0.756455
vt 0.682996 0.694289
vt 0.680233 0.756455
vt 0.685759 0.694289
vt 0.682996 0.756455
vt 0.688522 0.694289
vt 0.685759 0.756455
vt 0.691284 0.694289
vt 0.688522 0.756455
vt 0.694047 0.694289
vt 0.691284 0.756455
vt 0.696810 0.694289
vt 0.694047 0.756455
vt 0.699573 0.694289
vt 0.696810 0.756455
vt 0.702336 0.694289
vt 0.699573 0.756455
vt 0.705099 0.694289
vt 0.702336 0.756455
vt 0.707862 0.694289
vt 0.705099 0.756455
vt 0.710625 0.694289
vt 0.707862 0.756455
vt 0.713388 0.694289
vt 0.710625 0.756455
vt 0.716151 0.694289
vt 0.713388 0.756455
vt 0.712761 0.649138
vt 0.719092 0.657852
vt 0.695429 0.668387
vt 0.703433 0.643753
vt 0.692721 0.642627
vt 0.682478 0.645955
vt 0.674473 0.653162
vt 0.670093 0.663002
vt 0.670093 0.673772
vt 0.674473 0.683612
vt 0.682478 0.690819
vt 0.692721 0.694148
vt 0.703433 0.693022
vt 0.712761 0.687636
vt 0.719092 0.678923
vt 0.721331 0.668387
vt 0.513089 0.788723
vt 0.526936 0.769665
vt 0.492687 0.800502
vt 0.469259 0.802965
vt 0.446854 0.795685
vt 0.429347 0.779922
vt 0.419765 0.758400
vt 0.419765 0.734843
vt 0.429347 0.713322
vt 0.446854 0.697558
vt 0.469259 0.690279
vt 0.492687 0.692741
vt 0.513089 0.704520
vt 0.526936 0.723579
vt 0.531834 0.746622
vt 0.526563 0.770914
vt 0.512716 0.789973
vt 0.492314 0.801752
vt 0.468885 0.804214
vt 0.446481 0.796935
vt 0.428974 0.781171
vt 0.419392 0.759650
vt 0.419392 0.736093
vt 0.428974 0.714571
vt 0.446481 0.698808
vt 0.468885 0.691528
vt 0.492314 0.693991
vt 0.512716 0.705770
vt 0.526563 0.724828
vt 0.531461 0.747871
vt 0.712761 0.801606
vt 0.719092 0.792892
vt 0.703433 0.751762
vt 0.712761 0.746376
vt 0.675659 0.773941
vt 0.706671 0.770682
vt 0.682478 0.749559
vt 0.692721 0.752887
vt 0.674473 0.797582
vt 0.682478 0.804789
vt 0.670093 0.787742
vt 0.670093 0.776972
vt 0.674473 0.767132
vt 0.682478 0.759925
vt 0.692721 0.756597
vt 0.703433 0.757722
vt 0.712761 0.763108
vt 0.719092 0.771822
vt 0.721331 0.782357
vt 0.868783 0.762614
vt 0.880487 0.751413
vt 0.880236 0.762865
vt 0.869035 0.751161
vt 0.880739 0.739960
vt 0.869538 0.728256
vt 0.869286 0.739708
vt 0.869789 0.716803
vt 0.880990 0.728507
vt 0.870041 0.705350
vt 0.881242 0.717054
vt 0.881745 0.694149
vt 0.881493 0.705602
vt 0.870292 0.693897
vt 0.881996 0.682696
vt 0.870544 0.682445
vt 0.882248 0.671243
vt 0.870795 0.670992
vt 0.882499 0.659791
vt 0.871047 0.659539
vt 0.882751 0.648338
vt 0.871298 0.648086
vt 0.883002 0.636885
vt 0.871801 0.625181
vt 0.871550 0.636634
vt 0.872053 0.613728
vt 0.883254 0.625432
vt 0.872304 0.602275
vt 0.883506 0.613980
vt 0.872556 0.590822
vt 0.883757 0.602527
vt 0.891689 0.763117
vt 0.891940 0.751664
vt 0.892192 0.740211
vt 0.892443 0.728759
vt 0.892695 0.717306
vt 0.892946 0.705853
vt 0.893198 0.694400
vt 0.893449 0.682948
vt 0.893701 0.671495
vt 0.893952 0.660042
vt 0.894204 0.648589
vt 0.894707 0.625684
vt 0.894455 0.637137
vt 0.894958 0.614231
vt 0.884009 0.591074
vt 0.895210 0.602778
vt 0.903141 0.763369
vt 0.903393 0.751916
vt 0.903896 0.729010
vt 0.903644 0.740463
vt 0.904147 0.717557
vt 0.904399 0.706105
vt 0.904650 0.694652
vt 0.904902 0.683199
vt 0.905154 0.671746
vt 0.905405 0.660294
vt 0.905908 0.637388
vt 0.905657 0.648841
vt 0.906160 0.625935
vt 0.906663 0.603030
vt 0.906411 0.614483
vt 0.895461 0.591325
vt 0.914594 0.763620
vt 0.914846 0.752167
vt 0.915349 0.729262
vt 0.915097 0.740714
vt 0.915600 0.717809
vt 0.915852 0.706356
vt 0.916103 0.694903
vt 0.916606 0.671998
vt 0.916355 0.683451
vt 0.916858 0.660545
vt 0.917109 0.649092
vt 0.917361 0.637640
vt 0.917864 0.614734
vt 0.917612 0.626187
vt 0.918115 0.603281
vt 0.918367 0.591828
vt 0.926298 0.752419
vt 0.926047 0.763872
vt 0.926550 0.740966
vt 0.926801 0.729513
vt 0.927053 0.718060
vt 0.927305 0.706608
vt 0.927556 0.695155
vt 0.928059 0.672249
vt 0.927808 0.683702
vt 0.928562 0.649344
vt 0.928311 0.660797
vt 0.928814 0.637891
vt 0.929065 0.626438
vt 0.929317 0.614986
vt 0.929568 0.603533
vt 0.937500 0.764123
vt 0.938003 0.741217
vt 0.937751 0.752670
vt 0.938254 0.729765
vt 0.938757 0.706859
vt 0.938506 0.718312
vt 0.939009 0.695406
vt 0.939260 0.683954
vt 0.939512 0.672501
vt 0.940015 0.649595
vt 0.939763 0.661048
vt 0.940518 0.626690
vt 0.940266 0.638143
vt 0.941021 0.603784
vt 0.940769 0.615237
vt 0.929820 0.592080
vt 0.949078 0.758648
vt 0.949330 0.747195
vt 0.949581 0.735743
vt 0.949833 0.724290
vt 0.950084 0.712837
vt 0.950336 0.701384
vt 0.950587 0.689932
vt 0.950839 0.678479
vt 0.951090 0.667026
vt 0.951342 0.655573
vt 0.951593 0.644121
vt 0.951845 0.632668
vt 0.952096 0.621215
vt 0.952348 0.609762
vt 0.941272 0.592332
vt 0.952599 0.598309
vt 0.634645 0.730898
vt 0.623593 0.730898
vt 0.703433 0.806992
vt 0.645696 0.730898
vt 0.692721 0.808118
vt 0.656748 0.730898
vt 0.667800 0.730898
vt 0.678851 0.730898
vt 0.689903 0.730898
vt 0.700955 0.730898
vt 0.712006 0.730898
vt 0.734109 0.730898
vt 0.723058 0.730898
vt 0.745161 0.730898
vt 0.756213 0.730898
vt 0.767264 0.730898
vt 0.778316 0.730898
vt 0.612541 0.730898
vt 0.898650 0.669034
vt 0.897239 0.680109
vt 0.327890 0.744482
vt 0.368107 0.583614
vt 0.368107 0.623831
vt 0.521208 0.702218
vt 0.933235 0.619820
vt 0.912150 0.683076
vt 0.869979 0.654962
vt 0.515440 0.738876
vt 0.546321 0.646234
vt 0.716151 0.756455
vt 0.906914 0.591577
vt 0.691068 0.682276
vt 0.691068 0.718458
vt 0.709159 0.682276
vt 0.691068 0.682276
vt 0.691068 0.718458
vt 0.709159 0.718458
vt 0.709159 0.682276
vt 0.709159 0.718458
vt 0.709159 0.682276
vt 0.709159 0.718458
vt 0.709159 0.718458
vt 0.709159 0.682276
vt 0.709159 0.682276
vt 0.709159 0.718458
vt 0.709159 0.682276
vt 0.709159 0.718458
vt 0.709159 0.718458
vt 0.691068 0.646093
vt 0.709159 0.609911
vt 0.691068 0.609911
vt 0.691068 0.682276
vt 0.709159 0.646093
vt 0.691068 0.718458
vt 0.709159 0.682276
vt 0.691068 0.682276
vt 0.691068 0.718458
vt 0.709159 0.754641
vt 0.709159 0.718458
vt 0.654886 0.646093
vt 0.654886 0.609911
vt 0.691068 0.682276
vt 0.709159 0.682276
vt 0.691068 0.718458
vt 0.709159 0.718458
vt 0.709159 0.682276
vt 0.709159 0.718458
vt 0.709159 0.682276
vt 0.709159 0.718458
vt 0.287674 0.704265
vt 0.287674 0.664048
vt 0.327890 0.696771
vt 0.327890 0.704265
vt 0.287674 0.696771
vt 0.287674 0.704265
vt 0.327890 0.664048
vt 0.287674 0.664048
vt 0.327890 0.704265
vt 0.327890 0.696771
vt 0.287674 0.704265
vt 0.327890 0.664048
vt 0.287674 0.664048
vt 0.327890 0.704265
vt 0.327890 0.696771
vt 0.287674 0.696771
vt 0.287674 0.704265
vt 0.287674 0.672816
vt 0.287674 0.672816
vt 0.327890 0.664048
vt 0.287674 0.672816
vt 0.287674 0.664048
vt 0.327890 0.664048
vt 0.327890 0.672816
vt 0.327890 0.672816
vt 0.327890 0.672816
vt 0.287674 0.696771
vt 0.287674 0.672816
vt 0.287674 0.696771
vt 0.327890 0.696771
vt 0.327890 0.704265
vt 0.287674 0.704265
vt 0.287674 0.664048
vt 0.327890 0.672816
vt 0.327890 0.664048
vt 0.287674 0.672816
vt 0.287674 0.696771
vt 0.327890 0.696771
vt 0.327890 0.704265
vt 0.287674 0.704265
vt 0.287674 0.664048
vt 0.327890 0.672816
vt 0.327890 0.664048
vt 0.287674 0.672816
vt 0.287674 0.664048
vt 0.327890 0.672816
vt 0.327890 0.664048
vt 0.287674 0.672816
vt 0.287674 0.664048
vt 0.327890 0.672816
vt 0.327890 0.664048
vt 0.287674 0.672816
vt 0.287674 0.664048
vt 0.327890 0.664048
vt 0.327890 0.672816
vt 0.287674 0.672816
vt 0.287674 0.664048
vt 0.327890 0.664048
vt 0.327890 0.672816
vt 0.287674 0.672816
vt 0.287674 0.696771
vt 0.327890 0.704265
vt 0.327890 0.696771
vt 0.287674 0.704265
vt 0.287674 0.664048
vt 0.327890 0.664048
vt 0.327890 0.672816
vt 0.287674 0.672816
vt 0.287674 0.696771
vt 0.327890 0.704265
vt 0.327890 0.696771
vt 0.287674 0.704265
vt 0.287674 0.664048
vt 0.327890 0.664048
vt 0.327890 0.672816
vt 0.287674 0.672816
vt 0.327890 0.696771
vt 0.327890 0.704265
vt 0.287674 0.704265
vt 0.287674 0.664048
vt 0.327890 0.664048
vt 0.287674 0.672816
vt 0.327890 0.672816
vt 0.287674 0.696771
vt 0.327890 0.672816
vt 0.327890 0.696771
vt 0.287674 0.696771
vt 0.327890 0.704265
vt 0.287674 0.704265
vt 0.287674 0.664048
vt 0.327890 0.664048
vt 0.287674 0.672816
vt 0.287674 0.696771
vt 0.327890 0.696771
vt 0.327890 0.704265
vt 0.287674 0.704265
vt 0.287674 0.664048
vt 0.327890 0.672816
vt 0.327890 0.664048
vt 0.287674 0.672816
vt 0.287674 0.696771
vt 0.327890 0.696771
vt 0.327890 0.704265
vt 0.287674 0.704265
vt 0.287674 0.664048
vt 0.327890 0.672816
vt 0.327890 0.664048
vt 0.287674 0.672816
vt 0.287674 0.696771
vt 0.327890 0.696771
vt 0.327890 0.704265
vt 0.287674 0.704265
vt 0.287674 0.664048
vt 0.327890 0.664048
vt 0.327890 0.672816
vt 0.287674 0.672816
vt 0.287674 0.664048
vt 0.327890 0.664048
vt 0.327890 0.672816
vt 0.287674 0.672816
vt 0.287674 0.664048
vt 0.327890 0.664048
vt 0.327890 0.672816
vt 0.287674 0.672816
vt 0.287674 0.664048
vt 0.327890 0.664048
vt 0.327890 0.672816
vt 0.287674 0.672816
vt 0.287674 0.664048
vt 0.327890 0.664048
vt 0.327890 0.672816
vt 0.287674 0.672816
vt 0.287674 0.664048
vt 0.327890 0.664048
vt 0.327890 0.672816
vt 0.287674 0.672816
vt 0.287674 0.664048
vt 0.327890 0.664048
vt 0.327890 0.672816
vt 0.287674 0.672816
vt 0.287674 0.664048
vt 0.327890 0.664048
vt 0.327890 0.672816
vt 0.287674 0.672816
vt 0.287674 0.696771
vt 0.327890 0.704265
vt 0.327890 0.696771
vt 0.287674 0.704265
vt 0.287674 0.696771
vt 0.327890 0.704265
vt 0.327890 0.696771
vt 0.287674 0.704265
vt 0.327890 0.696771
vt 0.327890 0.704265
vt 0.287674 0.696771
vt 0.287674 0.704265
vt 0.287674 0.664048
vt 0.327890 0.664048
vt 0.287674 0.672816
vt 0.327890 0.672816
vt 0.327890 0.672816
vt 0.327890 0.696771
vt 0.327890 0.704265
vt 0.287674 0.696771
vt 0.287674 0.704265
vt 0.287674 0.664048
vt 0.327890 0.664048
vt 0.287674 0.672816
vt 0.327890 0.672816
vt 0.327890 0.704265
vt 0.327890 0.696771
vt 0.287674 0.704265
vt 0.287674 0.664048
vt 0.327890 0.664048
vt 0.287674 0.672816
vt 0.327890 0.672816
vt 0.287674 0.696771
vt 0.327890 0.704265
vt 0.327890 0.696771
vt 0.287674 0.704265
vt 0.287674 0.664048
vt 0.327890 0.664048
vt 0.287674 0.672816
vt 0.327890 0.672816
vt 0.287674 0.696771
vt 0.327890 0.704265
vt 0.327890 0.696771
vt 0.287674 0.704265
vt 0.287674 0.664048
vt 0.327890 0.664048
vt 0.287674 0.672816
vt 0.327890 0.672816
vt 0.287674 0.696771
vt 0.327890 0.704265
vt 0.518796 0.677535
vt 0.516384 0.677535
vt 0.513972 0.677535
vt 0.511560 0.677535
vt 0.509148 0.677535
vt 0.506735 0.677535
vt 0.504323 0.677535
vt 0.501911 0.677535
vt 0.499499 0.677535
vt 0.497087 0.677535
vt 0.494675 0.677535
vt 0.492262 0.677535
vt 0.489850 0.677535
vt 0.487438 0.677535
vt 0.485026 0.677535
vt 0.523776 0.616516
vt 0.518249 0.608908
vt 0.518249 0.608908
vt 0.510105 0.604207
vt 0.510105 0.604207
vt 0.500753 0.603224
vt 0.500753 0.603224
vt 0.491810 0.606129
vt 0.491810 0.606129
vt 0.484822 0.612422
vt 0.484822 0.612422
vt 0.480997 0.621012
vt 0.480997 0.621012
vt 0.480997 0.630416
vt 0.480997 0.630416
vt 0.484822 0.639006
vt 0.484822 0.639006
vt 0.491810 0.645298
vt 0.491810 0.645298
vt 0.500753 0.648204
vt 0.500753 0.648204
vt 0.510105 0.647221
vt 0.510105 0.647221
vt 0.518249 0.642519
vt 0.518249 0.642519
vt 0.523776 0.634912
vt 0.523776 0.634912
vt 0.525731 0.625714
vt 0.525731 0.625714
vt 0.523776 0.616516
vt 0.518249 0.608908
vt 0.510105 0.604207
vt 0.500753 0.603224
vt 0.491810 0.606129
vt 0.484822 0.612422
vt 0.480997 0.621012
vt 0.480997 0.630416
vt 0.484822 0.639006
vt 0.491810 0.645298
vt 0.500753 0.648204
vt 0.510105 0.647221
vt 0.518249 0.642519
vt 0.523776 0.634912
vt 0.525731 0.625714
vt 0.523776 0.616516
vt 0.485026 0.677535
vt 0.487438 0.648328
vt 0.485026 0.648328
vt 0.487438 0.677535
vt 0.489850 0.648328
vt 0.489850 0.677535
vt 0.492262 0.648328
vt 0.492262 0.677535
vt 0.494675 0.648328
vt 0.494675 0.677535
vt 0.497087 0.648328
vt 0.497087 0.677535
vt 0.499499 0.648328
vt 0.499499 0.677535
vt 0.501911 0.648328
vt 0.501911 0.677535
vt 0.504323 0.648328
vt 0.504323 0.677535
vt 0.506735 0.648328
vt 0.506735 0.677535
vt 0.509148 0.648328
vt 0.509148 0.677535
vt 0.511560 0.648328
vt 0.511560 0.677535
vt 0.513972 0.648328
vt 0.513972 0.677535
vt 0.516384 0.648328
vt 0.516384 0.677535
vt 0.518796 0.648328
vt 0.518796 0.677535
vt 0.521208 0.648328
vt 0.518249 0.608908
vt 0.503117 0.625714
vt 0.523776 0.616516
vt 0.510105 0.604207
vt 0.500753 0.603224
vt 0.491810 0.606129
vt 0.484822 0.612422
vt 0.480997 0.621012
vt 0.480997 0.630416
vt 0.484822 0.639006
vt 0.491810 0.645298
vt 0.500753 0.648204
vt 0.510105 0.647221
vt 0.518249 0.642519
vt 0.523776 0.634912
vt 0.525731 0.625714
vt 0.521208 0.677535
vt 0.518796 0.677535
vt 0.516384 0.677535
vt 0.513972 0.677535
vt 0.511560 0.677535
vt 0.509148 0.677535
vt 0.506735 0.677535
vt 0.504323 0.677535
vt 0.501911 0.677535
vt 0.499499 0.677535
vt 0.497087 0.677535
vt 0.494675 0.677535
vt 0.492262 0.677535
vt 0.489850 0.677535
vt 0.487438 0.677535
vt 0.485026 0.677535
vt 0.521208 0.677535
vt 0.518249 0.608908
vt 0.523776 0.616516
vt 0.518249 0.608908
vt 0.510105 0.604207
vt 0.510105 0.604207
vt 0.500753 0.603224
vt 0.500753 0.603224
vt 0.491810 0.606129
vt 0.491810 0.606129
vt 0.484822 0.612422
vt 0.484822 0.612422
vt 0.480997 0.621012
vt 0.480997 0.621012
vt 0.480997 0.630416
vt 0.480997 0.630416
vt 0.484822 0.639006
vt 0.484822 0.639006
vt 0.491810 0.645298
vt 0.491810 0.645298
vt 0.500753 0.648204
vt 0.500753 0.648204
vt 0.510105 0.647221
vt 0.510105 0.647221
vt 0.518249 0.642519
vt 0.518249 0.642519
vt 0.523776 0.634912
vt 0.523776 0.634912
vt 0.525731 0.625714
vt 0.525731 0.625714
vt 0.523776 0.616516
vt 0.518249 0.608908
vt 0.523776 0.616516
vt 0.510105 0.604207
vt 0.500753 0.603224
vt 0.491810 0.606129
vt 0.484822 0.612422
vt 0.480997 0.621012
vt 0.480997 0.630416
vt 0.484822 0.639006
vt 0.491810 0.645298
vt 0.500753 0.648204
vt 0.510105 0.647221
vt 0.518249 0.642519
vt 0.523776 0.634912
vt 0.525731 0.625714
vt 0.487438 0.648328
vt 0.485026 0.677535
vt 0.485026 0.648328
vt 0.489850 0.648328
vt 0.487438 0.677535
vt 0.492262 0.648328
vt 0.489850 0.677535
vt 0.494675 0.648328
vt 0.492262 0.677535
vt 0.497087 0.648328
vt 0.494675 0.677535
vt 0.499499 0.648328
vt 0.497087 0.677535
vt 0.501911 0.648328
vt 0.499499 0.677535
vt 0.504323 0.648328
vt 0.501911 0.677535
vt 0.506735 0.648328
vt 0.504323 0.677535
vt 0.509148 0.648328
vt 0.506735 0.677535
vt 0.511560 0.648328
vt 0.509148 0.677535
vt 0.513972 0.648328
vt 0.511560 0.677535
vt 0.516384 0.648328
vt 0.513972 0.677535
vt 0.518796 0.648328
vt 0.516384 0.677535
vt 0.521208 0.648328
vt 0.518796 0.677535
vt 0.518249 0.608908
vt 0.523776 0.616516
vt 0.503117 0.625714
vt 0.510105 0.604207
vt 0.500753 0.603224
vt 0.491810 0.606129
vt 0.484822 0.612422
vt 0.480997 0.621012
vt 0.480997 0.630416
vt 0.484822 0.639006
vt 0.491810 0.645298
vt 0.500753 0.648204
vt 0.510105 0.647221
vt 0.518249 0.642519
vt 0.523776 0.634912
vt 0.525731 0.625714
vt 0.521208 0.677535
vt 0.518796 0.702218
vt 0.518796 0.677535
vt 0.516384 0.702218
vt 0.516384 0.677535
vt 0.513972 0.702218
vt 0.513972 0.677535
vt 0.511560 0.702218
vt 0.511560 0.677535
vt 0.509148 0.702218
vt 0.509148 0.677535
vt 0.506735 0.702218
vt 0.506735 0.677535
vt 0.504323 0.702218
vt 0.504323 0.677535
vt 0.501911 0.702218
vt 0.501911 0.677535
vt 0.499499 0.702218
vt 0.499499 0.677535
vt 0.497087 0.702218
vt 0.497087 0.677535
vt 0.494675 0.702218
vt 0.494675 0.677535
vt 0.492262 0.702218
vt 0.492262 0.677535
vt 0.489850 0.702218
vt 0.489850 0.677535
vt 0.487438 0.702218
vt 0.487438 0.677535
vt 0.485026 0.702218
vt 0.485026 0.677535
vt 0.523776 0.616516
vt 0.518249 0.608908
vt 0.518249 0.608908
vt 0.510105 0.604207
vt 0.510105 0.604207
vt 0.500753 0.603224
vt 0.500753 0.603224
vt 0.491810 0.606129
vt 0.491810 0.606129
vt 0.484822 0.612422
vt 0.484822 0.612422
vt 0.480997 0.621012
vt 0.480997 0.621012
vt 0.480997 0.630416
vt 0.480997 0.630416
vt 0.484822 0.639006
vt 0.484822 0.639006
vt 0.491810 0.645298
vt 0.491810 0.645298
vt 0.500753 0.648204
vt 0.500753 0.648204
vt 0.510105 0.647221
vt 0.510105 0.647221
vt 0.518249 0.642519
vt 0.518249 0.642519
vt 0.523776 0.634912
vt 0.523776 0.634912
vt 0.525731 0.625714
vt 0.525731 0.625714
vt 0.523776 0.616516
vt 0.523776 0.616516
vt 0.518249 0.608908
vt 0.510105 0.604207
vt 0.500753 0.603224
vt 0.491810 0.606129
vt 0.484822 0.612422
vt 0.480997 0.621012
vt 0.480997 0.630416
vt 0.484822 0.639006
vt 0.491810 0.645298
vt 0.500753 0.648204
vt 0.510105 0.647221
vt 0.518249 0.642519
vt 0.523776 0.634912
vt 0.525731 0.625714
vt 0.485026 0.677535
vt 0.487438 0.648328
vt 0.485026 0.648328
vt 0.487438 0.677535
vt 0.489850 0.648328
vt 0.489850 0.677535
vt 0.492262 0.648328
vt 0.492262 0.677535
vt 0.494675 0.648328
vt 0.494675 0.677535
vt 0.497087 0.648328
vt 0.497087 0.677535
vt 0.499499 0.648328
vt 0.499499 0.677535
vt 0.501911 0.648328
vt 0.501911 0.677535
vt 0.504323 0.648328
vt 0.504323 0.677535
vt 0.506735 0.648328
vt 0.506735 0.677535
vt 0.509148 0.648328
vt 0.509148 0.677535
vt 0.511560 0.648328
vt 0.511560 0.677535
vt 0.513972 0.648328
vt 0.513972 0.677535
vt 0.516384 0.648328
vt 0.516384 0.677535
vt 0.518796 0.648328
vt 0.518796 0.677535
vt 0.521208 0.648328
vt 0.518249 0.608908
vt 0.503117 0.625714
vt 0.523776 0.616516
vt 0.510105 0.604207
vt 0.500753 0.603224
vt 0.491810 0.606129
vt 0.484822 0.612422
vt 0.480997 0.621012
vt 0.480997 0.630416
vt 0.484822 0.639006
vt 0.491810 0.645298
vt 0.500753 0.648204
vt 0.510105 0.647221
vt 0.518249 0.642519
vt 0.523776 0.634912
vt 0.525731 0.625714
vt 0.521208 0.677535
vt 0.518796 0.677535
vt 0.516384 0.677535
vt 0.513972 0.677535
vt 0.511560 0.677535
vt 0.509148 0.677535
vt 0.506735 0.677535
vt 0.504323 0.677535
vt 0.501911 0.677535
vt 0.499499 0.677535
vt 0.497087 0.677535
vt 0.494675 0.677535
vt 0.492262 0.677535
vt 0.489850 0.677535
vt 0.487438 0.677535
vt 0.485026 0.677535
vt 0.521208 0.677535
vt 0.518249 0.608908
vt 0.523776 0.616516
vt 0.518249 0.608908
vt 0.510105 0.604207
vt 0.510105 0.604207
vt 0.500753 0.603224
vt 0.500753 0.603224
vt 0.491810 0.606129
vt 0.491810 0.606129
vt 0.484822 0.612422
vt 0.484822 0.612422
vt 0.480997 0.621012
vt 0.480997 0.621012
vt 0.480997 0.630416
vt 0.480997 0.630416
vt 0.484822 0.639006
vt 0.484822 0.639006
vt 0.491810 0.645298
vt 0.491810 0.645298
vt 0.500753 0.648204
vt 0.500753 0.648204
vt 0.510105 0.647221
vt 0.510105 0.647221
vt 0.518249 0.642519
vt 0.518249 0.642519
vt 0.523776 0.634912
vt 0.523776 0.634912
vt 0.525731 0.625714
vt 0.525731 0.625714
vt 0.523776 0.616516
vt 0.523776 0.616516
vt 0.518249 0.608908
vt 0.510105 0.604207
vt 0.500753 0.603224
vt 0.491810 0.606129
vt 0.484822 0.612422
vt 0.480997 0.621012
vt 0.480997 0.630416
vt 0.484822 0.639006
vt 0.491810 0.645298
vt 0.500753 0.648204
vt 0.510105 0.647221
vt 0.518249 0.642519
vt 0.523776 0.634912
vt 0.525731 0.625714
vt 0.327890 0.583614
vt 0.287674 0.591108
vt 0.287674 0.583614
vt 0.327890 0.623831
vt 0.287674 0.664048
vt 0.287674 0.623831
vt 0.327890 0.696771
vt 0.287674 0.704265
vt 0.287674 0.696771
vt 0.327890 0.704265
vt 0.287674 0.744482
vt 0.287674 0.704265
vt 0.368107 0.591108
vt 0.327890 0.591108
vt 0.247457 0.591108
vt 0.247457 0.583614
vt 0.327890 0.664048
vt 0.287674 0.664048
vt 0.327890 0.696771
vt 0.327890 0.704265
vt 0.287674 0.696771
vt 0.287674 0.704265
vt 0.327890 0.664048
vt 0.287674 0.664048
vt 0.327890 0.704265
vt 0.327890 0.696771
vt 0.287674 0.704265
vt 0.327890 0.664048
vt 0.287674 0.664048
vt 0.327890 0.704265
vt 0.327890 0.696771
vt 0.287674 0.696771
vt 0.287674 0.704265
vt 0.247457 0.615063
vt 0.247457 0.623831
vt 0.287674 0.672816
vt 0.287674 0.672816
vt 0.287674 0.672816
vt 0.327890 0.664048
vt 0.287674 0.672816
vt 0.287674 0.664048
vt 0.327890 0.672816
vt 0.327890 0.664048
vt 0.327890 0.672816
vt 0.327890 0.672816
vt 0.368107 0.615063
vt 0.327890 0.615063
vt 0.287674 0.615063
vt 0.327890 0.672816
vt 0.287674 0.696771
vt 0.287674 0.672816
vt 0.287674 0.696771
vt 0.327890 0.696771
vt 0.327890 0.704265
vt 0.287674 0.704265
vt 0.287674 0.664048
vt 0.327890 0.672816
vt 0.327890 0.664048
vt 0.287674 0.672816
vt 0.287674 0.696771
vt 0.327890 0.696771
vt 0.327890 0.704265
vt 0.287674 0.704265
vt 0.287674 0.664048
vt 0.327890 0.672816
vt 0.327890 0.664048
vt 0.287674 0.672816
vt 0.287674 0.664048
vt 0.327890 0.672816
vt 0.327890 0.664048
vt 0.287674 0.672816
vt 0.287674 0.664048
vt 0.327890 0.672816
vt 0.327890 0.664048
vt 0.287674 0.672816
vt 0.287674 0.664048
vt 0.327890 0.664048
vt 0.327890 0.672816
vt 0.287674 0.672816
vt 0.287674 0.664048
vt 0.327890 0.664048
vt 0.327890 0.672816
vt 0.287674 0.672816
vt 0.287674 0.696771
vt 0.327890 0.704265
vt 0.327890 0.696771
vt 0.287674 0.704265
vt 0.287674 0.664048
vt 0.327890 0.664048
vt 0.327890 0.672816
vt 0.287674 0.672816
vt 0.287674 0.696771
vt 0.327890 0.704265
vt 0.327890 0.696771
vt 0.287674 0.704265
vt 0.287674 0.664048
vt 0.327890 0.664048
vt 0.327890 0.672816
vt 0.287674 0.672816
vt 0.327890 0.696771
vt 0.327890 0.704265
vt 0.287674 0.704265
vt 0.287674 0.664048
vt 0.327890 0.664048
vt 0.287674 0.672816
vt 0.327890 0.672816
vt 0.287674 0.696771
vt 0.327890 0.672816
vt 0.327890 0.696771
vt 0.287674 0.696771
vt 0.327890 0.704265
vt 0.287674 0.704265
vt 0.287674 0.664048
vt 0.327890 0.664048
vt 0.287674 0.672816
vt 0.287674 0.696771
vt 0.327890 0.696771
vt 0.327890 0.704265
vt 0.287674 0.704265
vt 0.287674 0.664048
vt 0.327890 0.672816
vt 0.327890 0.664048
vt 0.287674 0.672816
vt 0.287674 0.696771
vt 0.327890 0.696771
vt 0.327890 0.704265
vt 0.287674 0.704265
vt 0.287674 0.664048
vt 0.327890 0.672816
vt 0.327890 0.664048
vt 0.287674 0.672816
vt 0.287674 0.696771
vt 0.327890 0.696771
vt 0.327890 0.704265
vt 0.287674 0.704265
vt 0.287674 0.664048
vt 0.327890 0.664048
vt 0.327890 0.672816
vt 0.287674 0.672816
vt 0.287674 0.664048
vt 0.327890 0.664048
vt 0.327890 0.672816
vt 0.287674 0.672816
vt 0.287674 0.664048
vt 0.327890 0.664048
vt 0.327890 0.672816
vt 0.287674 0.672816
vt 0.287674 0.664048
vt 0.327890 0.664048
vt 0.327890 0.672816
vt 0.287674 0.672816
vt 0.287674 0.664048
vt 0.327890 0.664048
vt 0.327890 0.672816
vt 0.287674 0.672816
vt 0.287674 0.664048
vt 0.327890 0.664048
vt 0.327890 0.672816
vt 0.287674 0.672816
vt 0.287674 0.664048
vt 0.327890 0.664048
vt 0.327890 0.672816
vt 0.287674 0.672816
vt 0.287674 0.664048
vt 0.327890 0.664048
vt 0.327890 0.672816
vt 0.287674 0.672816
vt 0.287674 0.696771
vt 0.327890 0.704265
vt 0.327890 0.696771
vt 0.287674 0.704265
vt 0.287674 0.696771
vt 0.327890 0.704265
vt 0.327890 0.696771
vt 0.287674 0.704265
vt 0.327890 0.696771
vt 0.327890 0.704265
vt 0.287674 0.696771
vt 0.287674 0.704265
vt 0.287674 0.664048
vt 0.327890 0.664048
vt 0.287674 0.672816
vt 0.327890 0.672816
vt 0.327890 0.672816
vt 0.327890 0.696771
vt 0.327890 0.704265
vt 0.287674 0.696771
vt 0.287674 0.704265
vt 0.287674 0.664048
vt 0.327890 0.664048
vt 0.287674 0.672816
vt 0.327890 0.672816
vt 0.327890 0.704265
vt 0.327890 0.696771
vt 0.287674 0.704265
vt 0.287674 0.664048
vt 0.327890 0.664048
vt 0.287674 0.672816
vt 0.327890 0.672816
vt 0.287674 0.696771
vt 0.327890 0.704265
vt 0.327890 0.696771
vt 0.287674 0.704265
vt 0.287674 0.664048
vt 0.327890 0.664048
vt 0.287674 0.672816
vt 0.327890 0.672816
vt 0.287674 0.696771
vt 0.327890 0.704265
vt 0.327890 0.696771
vt 0.287674 0.704265
vt 0.287674 0.664048
vt 0.327890 0.664048
vt 0.287674 0.672816
vt 0.327890 0.672816
vt 0.287674 0.696771
vt 0.327890 0.704265
vt 0.877007 0.669019
vt 0.877007 0.697133
vt 0.891064 0.669019
vt 0.877007 0.669019
vt 0.877007 0.697133
vt 0.891064 0.697133
vt 0.891064 0.669019
vt 0.891064 0.697133
vt 0.891064 0.669019
vt 0.891064 0.697133
vt 0.891064 0.697133
vt 0.891064 0.669019
vt 0.891064 0.669019
vt 0.891064 0.697133
vt 0.891064 0.669019
vt 0.891064 0.697133
vt 0.891064 0.697133
vt 0.877007 0.640905
vt 0.891064 0.612791
vt 0.877007 0.612791
vt 0.877007 0.669019
vt 0.891064 0.640905
vt 0.877007 0.697133
vt 0.891064 0.669019
vt 0.877007 0.669019
vt 0.877007 0.697133
vt 0.891064 0.725247
vt 0.891064 0.697133
vt 0.848893 0.640905
vt 0.848893 0.612791
vt 0.877007 0.669019
vt 0.891064 0.669019
vt 0.877007 0.697133
vt 0.891064 0.697133
vt 0.891064 0.669019
vt 0.891064 0.697133
vt 0.891064 0.669019
vt 0.891064 0.697133
vt 0.877007 0.612791
vt 0.877007 0.669019
vt 0.877007 0.640905
vt 0.877007 0.725247
vt 0.877007 0.697133
vt 0.848893 0.612791
vt 0.881797 0.640905
vt 0.883456 0.669019
vt 0.900267 0.669019
vt 0.881797 0.669019
vt 0.883456 0.640905
vt 0.898720 0.640905
vt 0.898720 0.669019
vt 0.900267 0.640905
vt 0.900267 0.697133
vt 0.898720 0.697133
vt 0.883456 0.690105
vt 0.881797 0.697133
vt 0.881797 0.690105
vt 0.848893 0.640905
vt 0.898720 0.690105
vt 0.898720 0.697133
vt 0.898720 0.690105
vt 0.900267 0.690105
vt 0.900267 0.697133
vt 0.881797 0.690105
vt 0.883456 0.690105
vt 0.883456 0.697133
vt 0.881797 0.697133
vt 0.898720 0.690105
vt 0.898720 0.697133
vt 0.900267 0.690105
vt 0.900267 0.697133
vt 0.881797 0.690105
vt 0.883456 0.690105
vt 0.883456 0.697133
vt 0.881797 0.697133
vt 0.898720 0.690105
vt 0.898720 0.697133
vt 0.900267 0.690105
vt 0.900267 0.697133
vt 0.881797 0.690105
vt 0.883456 0.690105
vt 0.883456 0.697133
vt 0.881797 0.697133
vt 0.898720 0.690105
vt 0.898720 0.697133
vt 0.900267 0.690105
vt 0.900267 0.697133
vt 0.881797 0.690105
vt 0.883456 0.690105
vt 0.883456 0.697133
vt 0.881797 0.697133
vt 0.898720 0.697133
vt 0.898720 0.690105
vt 0.900267 0.697133
vt 0.900267 0.690105
vt 0.881797 0.690105
vt 0.883456 0.697133
vt 0.883456 0.690105
vt 0.881797 0.697133
vt 0.898720 0.697133
vt 0.898720 0.690105
vt 0.900267 0.697133
vt 0.900267 0.690105
vt 0.881797 0.690105
vt 0.883456 0.697133
vt 0.883456 0.690105
vt 0.881797 0.697133
vt 0.898720 0.697133
vt 0.898720 0.690105
vt 0.900267 0.697133
vt 0.900267 0.690105
vt 0.881797 0.690105
vt 0.883456 0.690105
vt 0.883456 0.697133
vt 0.881797 0.697133
vt 0.898720 0.697133
vt 0.898720 0.690105
vt 0.900267 0.697133
vt 0.900267 0.690105
vt 0.881797 0.690105
vt 0.883456 0.690105
vt 0.883456 0.697133
vt 0.881797 0.697133
vt 0.898720 0.697133
vt 0.898720 0.690105
vt 0.900267 0.697133
vt 0.900267 0.690105
vt 0.881797 0.690105
vt 0.883456 0.690105
vt 0.883456 0.697133
vt 0.881797 0.697133
vt 0.900267 0.690105
vt 0.883456 0.697133
vt 0.886171 0.640905
vt 0.886171 0.669019
vt 0.886417 0.669019
vt 0.895834 0.640905
vt 0.896080 0.669019
vt 0.895834 0.669019
vt 0.886171 0.669019
vt 0.886417 0.640905
vt 0.886171 0.640905
vt 0.886417 0.669019
vt 0.895834 0.669019
vt 0.895834 0.640905
vt 0.896080 0.640905
vt 0.896080 0.669019
vt 0.886171 0.640905
vt 0.886171 0.669019
vt 0.886171 0.669019
vt 0.886417 0.669019
vt 0.886417 0.640905
vt 0.886171 0.640905
vt 0.895834 0.669019
vt 0.896080 0.669019
vt 0.896080 0.669019
vt 0.896080 0.640905
vt 0.896080 0.640905
vt 0.895834 0.640905
vt 0.895834 0.669019
vt 0.896080 0.669019
vt 0.896080 0.640905
vt 0.896080 0.640905
vt 0.895834 0.640905
vt 0.886171 0.640905
vt 0.886171 0.669019
vt 0.886417 0.669019
vt 0.886417 0.640905
vt 0.886417 0.640905
vt 0.886171 0.669019
vt 0.896080 0.640905
vt 0.886171 0.640905
vt 0.896080 0.669019
vt 0.898720 0.619820
vt 0.900267 0.612791
vt 0.900267 0.619820
vt 0.898720 0.640905
vt 0.900267 0.669019
vt 0.898720 0.669019
vt 0.898720 0.697133
vt 0.900267 0.725247
vt 0.898720 0.725247
vt 0.898720 0.640905
vt 0.898720 0.669019
vt 0.900267 0.640905
vt 0.900267 0.669019
vt 0.900267 0.640905
vt 0.898720 0.690105
vt 0.900267 0.697133
vt 0.898720 0.697133
vt 0.898720 0.676048
vt 0.900267 0.676048
vt 0.898720 0.633877
vt 0.900267 0.683076
vt 0.898720 0.683076
vt 0.898720 0.626848
vt 0.900267 0.626848
vt 0.898720 0.690105
vt 0.898720 0.697133
vt 0.900267 0.690105
vt 0.898720 0.690105
vt 0.900267 0.697133
vt 0.900267 0.690105
vt 0.900267 0.697133
vt 0.898720 0.690105
vt 0.898720 0.697133
vt 0.900267 0.690105
vt 0.900267 0.697133
vt 0.898720 0.690105
vt 0.898720 0.697133
vt 0.900267 0.690105
vt 0.900267 0.697133
vt 0.898720 0.690105
vt 0.898720 0.697133
vt 0.900267 0.690105
vt 0.900267 0.697133
vt 0.898720 0.697133
vt 0.898720 0.690105
vt 0.900267 0.697133
vt 0.900267 0.690105
vt 0.898720 0.697133
vt 0.898720 0.690105
vt 0.900267 0.697133
vt 0.900267 0.690105
vt 0.898720 0.697133
vt 0.898720 0.690105
vt 0.900267 0.697133
vt 0.900267 0.690105
vt 0.898720 0.697133
vt 0.898720 0.690105
vt 0.900267 0.697133
vt 0.900267 0.690105
vt 0.898720 0.697133
vt 0.898720 0.690105
vt 0.900267 0.697133
vt 0.900267 0.690105
vt 0.900267 0.690105
vt 0.900267 0.633877
vt 0.898720 0.612791
vt 0.549430 0.743101
vt 0.536507 0.760887
vt 0.517468 0.771879
vt 0.495603 0.774177
vt 0.474694 0.767384
vt 0.458356 0.752673
vt 0.449413 0.732588
vt 0.449413 0.710603
vt 0.458356 0.690519
vt 0.474694 0.675808
vt 0.495603 0.669014
vt 0.495603 0.669014
vt 0.517468 0.671312
vt 0.517468 0.671312
vt 0.536507 0.682305
vt 0.549430 0.700091
vt 0.554001 0.721596
vt 0.549430 0.743101
vt 0.549430 0.743101
vt 0.536507 0.760887
vt 0.536507 0.760887
vt 0.517468 0.771879
vt 0.517468 0.771879
vt 0.495603 0.774177
vt 0.495603 0.774177
vt 0.474694 0.767384
vt 0.474694 0.767384
vt 0.458356 0.752673
vt 0.458356 0.752673
vt 0.449413 0.732588
vt 0.449413 0.732588
vt 0.449413 0.710603
vt 0.449413 0.710603
vt 0.458356 0.690519
vt 0.474694 0.675808
vt 0.458356 0.690519
vt 0.474694 0.675808
vt 0.495603 0.669014
vt 0.495603 0.669014
vt 0.495603 0.669014
vt 0.517468 0.671312
vt 0.517468 0.671312
vt 0.536507 0.682305
vt 0.549430 0.700091
vt 0.536507 0.682305
vt 0.549430 0.700091
vt 0.554001 0.721596
vt 0.554001 0.721596
vt 0.710378 0.722378
vt 0.705775 0.728714
vt 0.698993 0.732629
vt 0.691206 0.733447
vt 0.683758 0.731028
vt 0.677939 0.725788
vt 0.674754 0.718634
vt 0.674754 0.710803
vt 0.677939 0.703650
vt 0.683758 0.698410
vt 0.691206 0.695990
vt 0.698993 0.696809
vt 0.705775 0.700724
vt 0.710378 0.707059
vt 0.712006 0.714719
vt 0.705775 0.728714
vt 0.710378 0.722378
vt 0.698993 0.732629
vt 0.691206 0.733447
vt 0.683758 0.731028
vt 0.677939 0.725788
vt 0.674754 0.718634
vt 0.674754 0.710803
vt 0.677939 0.703650
vt 0.683758 0.698410
vt 0.691206 0.695990
vt 0.698993 0.696809
vt 0.705775 0.700724
vt 0.710378 0.707059
vt 0.712006 0.714719
vt 0.438695 0.566049
vt 0.466075 0.619634
vt 0.466075 0.619634
vt 0.460560 0.568347
vt 0.438695 0.566049
vt 0.460560 0.568347
vt 0.482538 0.634955
vt 0.482538 0.634955
vt 0.532359 0.601293
vt 0.460560 0.568347
vt 0.460560 0.568347
vt 0.460560 0.568347
vt 0.515545 0.690537
vt 0.438695 0.566049
vt 0.438695 0.566049
vt 0.438695 0.566049
vt 0.438695 0.566049
vt 0.493680 0.688239
vt 0.515545 0.690537
vt 0.540146 0.602111
vt 0.532359 0.601293
vt 0.460560 0.568347
vt 0.460560 0.568347
vt 0.515545 0.690537
vt 0.515545 0.690537
vt 0.460560 0.568347
vt 0.460560 0.568347
vt 0.460560 0.568347
vt 0.540146 0.602111
vt 0.540146 0.602111
vt 0.540146 0.602111
vt 0.698993 0.696809
vt 0.698993 0.696809
vt 0.698993 0.696809
vt 0.458832 0.712937
vt 0.464472 0.712937
vt 0.470112 0.712937
vt 0.475751 0.712937
vt 0.481391 0.712937
vt 0.487031 0.712937
vt 0.492670 0.712937
vt 0.498310 0.712937
vt 0.503949 0.712937
vt 0.509589 0.712937
vt 0.515229 0.712937
vt 0.520868 0.712937
vt 0.526508 0.712937
vt 0.532147 0.712937
vt 0.537787 0.712937
vt 0.543426 0.712937
vt 0.705775 0.617863
vt 0.693174 0.631858
vt 0.710378 0.624198
vt 0.698993 0.613948
vt 0.691206 0.613129
vt 0.683758 0.615549
vt 0.677939 0.620789
vt 0.674754 0.627943
vt 0.674754 0.635774
vt 0.677939 0.642927
vt 0.683758 0.648167
vt 0.691206 0.650587
vt 0.698993 0.649768
vt 0.705775 0.645853
vt 0.710378 0.639518
vt 0.712006 0.631858
vt 0.549430 0.743101
vt 0.536507 0.760887
vt 0.536507 0.760887
vt 0.517468 0.771879
vt 0.517468 0.771879
vt 0.495603 0.774177
vt 0.495603 0.774177
vt 0.474694 0.767384
vt 0.474694 0.767384
vt 0.458356 0.752673
vt 0.449413 0.732588
vt 0.449413 0.732588
vt 0.449413 0.710603
vt 0.449413 0.710603
vt 0.458356 0.690519
vt 0.458356 0.690519
vt 0.474694 0.675808
vt 0.474694 0.675808
vt 0.495603 0.669014
vt 0.495603 0.669014
vt 0.495603 0.669014
vt 0.517468 0.671312
vt 0.517468 0.671312
vt 0.517468 0.671312
vt 0.536507 0.682305
vt 0.517468 0.671312
vt 0.536507 0.682305
vt 0.549430 0.700091
vt 0.549430 0.700091
vt 0.554001 0.721596
vt 0.554001 0.721596
vt 0.549430 0.743101
vt 0.536507 0.760887
vt 0.549430 0.743101
vt 0.536507 0.760887
vt 0.517468 0.771879
vt 0.517468 0.771879
vt 0.495603 0.774177
vt 0.495603 0.774177
vt 0.474694 0.767384
vt 0.474694 0.767384
vt 0.458356 0.752673
vt 0.458356 0.752673
vt 0.449413 0.732588
vt 0.449413 0.732588
vt 0.449413 0.710603
vt 0.449413 0.710603
vt 0.458356 0.690519
vt 0.458356 0.690519
vt 0.474694 0.675808
vt 0.474694 0.675808
vt 0.495603 0.669014
vt 0.495603 0.669014
vt 0.517468 0.671312
vt 0.517468 0.671312
vt 0.536507 0.682305
vt 0.536507 0.682305
vt 0.549430 0.700091
vt 0.549430 0.700091
vt 0.554001 0.721596
vt 0.554001 0.721596
vt 0.549430 0.743101
vt 0.710378 0.722378
vt 0.705775 0.728714
vt 0.710378 0.722378
vt 0.705775 0.728714
vt 0.698993 0.732629
vt 0.698993 0.732629
vt 0.691206 0.733447
vt 0.691206 0.733447
vt 0.683758 0.731028
vt 0.683758 0.731028
vt 0.677939 0.725788
vt 0.677939 0.725788
vt 0.674754 0.718634
vt 0.674754 0.710803
vt 0.674754 0.710803
vt 0.677939 0.703650
vt 0.677939 0.703650
vt 0.683758 0.698410
vt 0.683758 0.698410
vt 0.691206 0.695990
vt 0.691206 0.695990
vt 0.698993 0.696809
vt 0.698993 0.696809
vt 0.705775 0.700724
vt 0.710378 0.707059
vt 0.710378 0.707059
vt 0.712006 0.714719
vt 0.712006 0.714719
vt 0.705775 0.728714
vt 0.698993 0.732629
vt 0.691206 0.733447
vt 0.683758 0.731028
vt 0.677939 0.725788
vt 0.674754 0.718634
vt 0.674754 0.718634
vt 0.674754 0.710803
vt 0.677939 0.703650
vt 0.683758 0.698410
vt 0.691206 0.695990
vt 0.698993 0.696809
vt 0.705775 0.700724
vt 0.705775 0.700724
vt 0.710378 0.707059
vt 0.710378 0.722378
vt 0.648982 0.677306
vt 0.657017 0.677306
vt 0.665052 0.677306
vt 0.673087 0.677306
vt 0.681122 0.677306
vt 0.689156 0.677306
vt 0.697191 0.677306
vt 0.705226 0.677306
vt 0.721296 0.677306
vt 0.729331 0.677306
vt 0.737366 0.677306
vt 0.745401 0.677306
vt 0.712006 0.714719
vt 0.753436 0.677306
vt 0.640947 0.677306
vt 0.438695 0.566049
vt 0.460560 0.568347
vt 0.438695 0.566049
vt 0.552431 0.566832
vt 0.552431 0.566832
vt 0.460560 0.568347
vt 0.438695 0.566049
vt 0.438695 0.566049
vt 0.552561 0.572303
vt 0.552561 0.572303
vt 0.532359 0.601293
vt 0.540146 0.602111
vt 0.532359 0.601293
vt 0.460560 0.568347
vt 0.460560 0.568347
vt 0.460560 0.568347
vt 0.515545 0.690537
vt 0.493680 0.688239
vt 0.493680 0.688239
vt 0.438695 0.566049
vt 0.438695 0.566049
vt 0.438695 0.566049
vt 0.438695 0.566049
vt 0.515545 0.690537
vt 0.493680 0.688239
vt 0.532359 0.601293
vt 0.540146 0.602111
vt 0.460560 0.568347
vt 0.515545 0.690537
vt 0.515545 0.690537
vt 0.515545 0.690537
vt 0.460560 0.568347
vt 0.540146 0.602111
vt 0.698993 0.696809
vt 0.706231 0.695887
vt 0.704222 0.695887
vt 0.702213 0.695887
vt 0.700205 0.695887
vt 0.698196 0.695887
vt 0.696187 0.695887
vt 0.694178 0.695887
vt 0.692170 0.695887
vt 0.690161 0.695887
vt 0.688152 0.695887
vt 0.686143 0.695887
vt 0.684135 0.695887
vt 0.682126 0.695887
vt 0.680117 0.695887
vt 0.678108 0.650690
vt 0.464472 0.724264
vt 0.680117 0.650690
vt 0.470112 0.724264
vt 0.682126 0.650690
vt 0.475751 0.724264
vt 0.684135 0.650690
vt 0.481391 0.724264
vt 0.686143 0.650690
vt 0.487031 0.724264
vt 0.688152 0.650690
vt 0.492670 0.724264
vt 0.690161 0.650690
vt 0.498310 0.724264
vt 0.692170 0.650690
vt 0.503949 0.724264
vt 0.694178 0.650690
vt 0.509589 0.724264
vt 0.696187 0.650690
vt 0.515229 0.724264
vt 0.698196 0.650690
vt 0.520868 0.724264
vt 0.700205 0.650690
vt 0.526508 0.724264
vt 0.702213 0.650690
vt 0.532147 0.724264
vt 0.704222 0.650690
vt 0.537787 0.724264
vt 0.706231 0.650690
vt 0.543426 0.724264
vt 0.464472 0.723432
vt 0.458832 0.723432
vt 0.680117 0.650690
vt 0.678108 0.650690
vt 0.680117 0.650690
vt 0.470112 0.723432
vt 0.682126 0.650690
vt 0.682126 0.650690
vt 0.684135 0.650690
vt 0.684135 0.650690
vt 0.475751 0.723432
vt 0.686143 0.650690
vt 0.686143 0.650690
vt 0.481391 0.723432
vt 0.688152 0.650690
vt 0.688152 0.650690
vt 0.487031 0.723432
vt 0.690161 0.650690
vt 0.690161 0.650690
vt 0.492670 0.723432
vt 0.692170 0.650690
vt 0.692170 0.650690
vt 0.498310 0.723432
vt 0.694178 0.650690
vt 0.694178 0.650690
vt 0.509589 0.723432
vt 0.503949 0.723432
vt 0.696187 0.650690
vt 0.696187 0.650690
vt 0.515229 0.723432
vt 0.698196 0.650690
vt 0.698196 0.650690
vt 0.700205 0.650690
vt 0.700205 0.650690
vt 0.520868 0.723432
vt 0.702213 0.650690
vt 0.702213 0.650690
vt 0.526508 0.723432
vt 0.704222 0.650690
vt 0.704222 0.650690
vt 0.532147 0.723432
vt 0.706231 0.650690
vt 0.706231 0.650690
vt 0.543426 0.723432
vt 0.537787 0.723432
vt 0.708240 0.650690
vt 0.708240 0.650690
vt 0.458832 0.724264
vt 0.464472 0.712937
vt 0.458832 0.712937
vt 0.464472 0.724264
vt 0.470112 0.712937
vt 0.470112 0.724264
vt 0.475751 0.712937
vt 0.475751 0.724264
vt 0.481391 0.712937
vt 0.481391 0.724264
vt 0.487031 0.712937
vt 0.487031 0.724264
vt 0.492670 0.712937
vt 0.492670 0.724264
vt 0.498310 0.712937
vt 0.498310 0.724264
vt 0.503949 0.712937
vt 0.503949 0.724264
vt 0.509589 0.712937
vt 0.509589 0.724264
vt 0.515229 0.712937
vt 0.515229 0.724264
vt 0.520868 0.712937
vt 0.520868 0.724264
vt 0.526508 0.712937
vt 0.526508 0.724264
vt 0.532147 0.712937
vt 0.532147 0.724264
vt 0.537787 0.712937
vt 0.537787 0.724264
vt 0.543426 0.712937
vt 0.705775 0.617863
vt 0.693174 0.631858
vt 0.710378 0.624198
vt 0.698993 0.613948
vt 0.691206 0.613129
vt 0.683758 0.615549
vt 0.677939 0.620789
vt 0.674754 0.627943
vt 0.674754 0.635774
vt 0.677939 0.642927
vt 0.683758 0.648167
vt 0.691206 0.650587
vt 0.698993 0.649768
vt 0.705775 0.645853
vt 0.710378 0.639518
vt 0.712006 0.631858
vt 0.549430 0.743101
vt 0.536507 0.760887
vt 0.549430 0.743101
vt 0.536507 0.760887
vt 0.517468 0.771879
vt 0.517468 0.771879
vt 0.495603 0.774177
vt 0.495603 0.774177
vt 0.474694 0.767384
vt 0.474694 0.767384
vt 0.458356 0.752673
vt 0.458356 0.752673
vt 0.449413 0.732588
vt 0.449413 0.732588
vt 0.449413 0.710603
vt 0.449413 0.710603
vt 0.458356 0.690519
vt 0.458356 0.690519
vt 0.474694 0.675808
vt 0.474694 0.675808
vt 0.495603 0.669014
vt 0.495603 0.669014
vt 0.517468 0.671312
vt 0.495603 0.669014
vt 0.517468 0.671312
vt 0.536507 0.682305
vt 0.517468 0.671312
vt 0.536507 0.682305
vt 0.549430 0.700091
vt 0.549430 0.700091
vt 0.554001 0.721596
vt 0.554001 0.721596
vt 0.549430 0.743101
vt 0.536507 0.760887
vt 0.549430 0.743101
vt 0.536507 0.760887
vt 0.517468 0.771879
vt 0.517468 0.771879
vt 0.495603 0.774177
vt 0.495603 0.774177
vt 0.474694 0.767384
vt 0.474694 0.767384
vt 0.458356 0.752673
vt 0.458356 0.752673
vt 0.449413 0.732588
vt 0.449413 0.732588
vt 0.449413 0.710603
vt 0.449413 0.710603
vt 0.458356 0.690519
vt 0.458356 0.690519
vt 0.474694 0.675808
vt 0.474694 0.675808
vt 0.495603 0.669014
vt 0.495603 0.669014
vt 0.495603 0.669014
vt 0.517468 0.671312
vt 0.517468 0.671312
vt 0.536507 0.682305
vt 0.536507 0.682305
vt 0.549430 0.700091
vt 0.549430 0.700091
vt 0.554001 0.721596
vt 0.554001 0.721596
vt 0.710378 0.722378
vt 0.705775 0.728714
vt 0.710378 0.722378
vt 0.705775 0.728714
vt 0.698993 0.732629
vt 0.698993 0.732629
vt 0.691206 0.733447
vt 0.683758 0.731028
vt 0.683758 0.731028
vt 0.677939 0.725788
vt 0.677939 0.725788
vt 0.674754 0.718634
vt 0.674754 0.718634
vt 0.674754 0.710803
vt 0.674754 0.710803
vt 0.677939 0.703650
vt 0.677939 0.703650
vt 0.683758 0.698410
vt 0.683758 0.698410
vt 0.691206 0.695990
vt 0.691206 0.695990
vt 0.698993 0.696809
vt 0.698993 0.696809
vt 0.705775 0.700724
vt 0.705775 0.700724
vt 0.710378 0.707059
vt 0.710378 0.707059
vt 0.712006 0.714719
vt 0.712006 0.714719
vt 0.705775 0.728714
vt 0.698993 0.732629
vt 0.691206 0.733447
vt 0.691206 0.733447
vt 0.683758 0.731028
vt 0.677939 0.725788
vt 0.674754 0.718634
vt 0.674754 0.710803
vt 0.677939 0.703650
vt 0.683758 0.698410
vt 0.691206 0.695990
vt 0.698993 0.696809
vt 0.705775 0.700724
vt 0.710378 0.707059
vt 0.710378 0.722378
vt 0.904615 0.794148
vt 0.899850 0.790438
vt 0.900377 0.794675
vt 0.904087 0.789911
vt 0.899323 0.786201
vt 0.903033 0.781437
vt 0.898796 0.781964
vt 0.902506 0.777200
vt 0.898269 0.777727
vt 0.901979 0.772964
vt 0.897742 0.773490
vt 0.901452 0.768726
vt 0.897215 0.769254
vt 0.900925 0.764489
vt 0.896688 0.765016
vt 0.900398 0.760252
vt 0.896161 0.760780
vt 0.895634 0.756543
vt 0.899871 0.756016
vt 0.895107 0.752306
vt 0.898817 0.747542
vt 0.894580 0.748069
vt 0.898290 0.743304
vt 0.894053 0.743832
vt 0.897763 0.739068
vt 0.893526 0.739595
vt 0.892999 0.735358
vt 0.897236 0.734831
vt 0.892472 0.731121
vt 0.908851 0.793621
vt 0.907797 0.785147
vt 0.903560 0.785674
vt 0.907270 0.780910
vt 0.906743 0.776673
vt 0.906216 0.772436
vt 0.905689 0.768200
vt 0.905162 0.763962
vt 0.904635 0.759726
vt 0.904108 0.755489
vt 0.899344 0.751779
vt 0.903054 0.747015
vt 0.902527 0.742777
vt 0.902000 0.738541
vt 0.900946 0.730067
vt 0.913088 0.793094
vt 0.908324 0.789384
vt 0.912561 0.788857
vt 0.912034 0.784620
vt 0.911507 0.780383
vt 0.910453 0.771909
vt 0.909926 0.767673
vt 0.908872 0.759198
vt 0.908345 0.754962
vt 0.907818 0.750725
vt 0.903581 0.751252
vt 0.907291 0.746488
vt 0.906764 0.742251
vt 0.906237 0.738014
vt 0.901473 0.734304
vt 0.905710 0.733777
vt 0.916798 0.788330
vt 0.915744 0.779856
vt 0.915217 0.775619
vt 0.910980 0.776146
vt 0.914163 0.767145
vt 0.909399 0.763435
vt 0.913109 0.758671
vt 0.912582 0.754435
vt 0.912055 0.750197
vt 0.911528 0.745961
vt 0.910474 0.737487
vt 0.909420 0.729013
vt 0.921562 0.792040
vt 0.917325 0.792567
vt 0.921035 0.787804
vt 0.916271 0.784093
vt 0.919981 0.779329
vt 0.919454 0.775092
vt 0.918927 0.770855
vt 0.914690 0.771382
vt 0.918400 0.766618
vt 0.913636 0.762908
vt 0.917346 0.758144
vt 0.916819 0.753908
vt 0.916292 0.749671
vt 0.915765 0.745434
vt 0.911001 0.741724
vt 0.914711 0.736960
vt 0.914184 0.732723
vt 0.909947 0.733250
vt 0.913657 0.728486
vt 0.925272 0.787276
vt 0.924745 0.783039
vt 0.920508 0.783566
vt 0.923691 0.774565
vt 0.922637 0.766091
vt 0.917873 0.762381
vt 0.922110 0.761854
vt 0.921056 0.753380
vt 0.920529 0.749144
vt 0.920002 0.744906
vt 0.915238 0.741197
vt 0.919475 0.740669
vt 0.918421 0.732195
vt 0.925799 0.791513
vt 0.929773 0.788868
vt 0.929246 0.784631
vt 0.928719 0.780394
vt 0.924218 0.778802
vt 0.928192 0.776157
vt 0.927665 0.771920
vt 0.923164 0.770328
vt 0.927138 0.767683
vt 0.926611 0.763446
vt 0.926084 0.759209
vt 0.921583 0.757617
vt 0.925556 0.754972
vt 0.925029 0.750735
vt 0.924502 0.746498
vt 0.923975 0.742261
vt 0.923448 0.738024
vt 0.918948 0.736432
vt 0.922921 0.733787
vt 0.922394 0.729550
vt 0.917894 0.727958
vt 0.648982 0.677306
vt 0.657017 0.677306
vt 0.665052 0.677306
vt 0.673087 0.677306
vt 0.681122 0.677306
vt 0.689156 0.677306
vt 0.697191 0.677306
vt 0.705226 0.677306
vt 0.721296 0.677306
vt 0.729331 0.677306
vt 0.737366 0.677306
vt 0.745401 0.677306
vt 0.712006 0.714719
vt 0.753436 0.677306
vt 0.640947 0.677306
vt 0.438695 0.566049
vt 0.460560 0.568347
vt 0.438695 0.566049
vt 0.466075 0.619634
vt 0.466075 0.619634
vt 0.466075 0.619634
vt 0.460560 0.568347
vt 0.438695 0.566049
vt 0.438695 0.566049
vt 0.482538 0.634955
vt 0.482538 0.634955
vt 0.482538 0.634955
vt 0.532359 0.601293
vt 0.540146 0.602111
vt 0.532359 0.601293
vt 0.460560 0.568347
vt 0.460560 0.568347
vt 0.460560 0.568347
vt 0.515545 0.690537
vt 0.493680 0.688239
vt 0.515545 0.690537
vt 0.438695 0.566049
vt 0.438695 0.566049
vt 0.438695 0.566049
vt 0.438695 0.566049
vt 0.493680 0.688239
vt 0.493680 0.688239
vt 0.532359 0.601293
vt 0.540146 0.602111
vt 0.460560 0.568347
vt 0.460560 0.568347
vt 0.515545 0.690537
vt 0.515545 0.690537
vt 0.515545 0.690537
vt 0.460560 0.568347
vt 0.460560 0.568347
vt 0.540146 0.602111
vt 0.540146 0.602111
vt 0.698993 0.696809
vt 0.698993 0.696809
vt 0.698993 0.696809
vt 0.458832 0.712937
vt 0.464472 0.723432
vt 0.458832 0.723432
vt 0.464472 0.712937
vt 0.470112 0.723432
vt 0.470112 0.712937
vt 0.475751 0.723432
vt 0.475751 0.712937
vt 0.481391 0.723432
vt 0.481391 0.712937
vt 0.487031 0.723432
vt 0.487031 0.712937
vt 0.492670 0.723432
vt 0.492670 0.712937
vt 0.498310 0.723432
vt 0.503949 0.712937
vt 0.498310 0.712937
vt 0.509589 0.712937
vt 0.503949 0.723432
vt 0.515229 0.712937
vt 0.509589 0.723432
vt 0.520868 0.712937
vt 0.515229 0.723432
vt 0.526508 0.712937
vt 0.520868 0.723432
vt 0.532147 0.712937
vt 0.526508 0.723432
vt 0.537787 0.712937
vt 0.532147 0.723432
vt 0.543426 0.723432
vt 0.537787 0.723432
vt 0.705775 0.617863
vt 0.710378 0.624198
vt 0.693174 0.631858
vt 0.698993 0.613948
vt 0.691206 0.613129
vt 0.683758 0.615549
vt 0.677939 0.620789
vt 0.674754 0.627943
vt 0.674754 0.635774
vt 0.677939 0.642927
vt 0.683758 0.648167
vt 0.691206 0.650587
vt 0.698993 0.649768
vt 0.705775 0.645853
vt 0.710378 0.639518
vt 0.712006 0.631858
vt 0.549430 0.743101
vt 0.536507 0.760887
vt 0.549430 0.743101
vt 0.536507 0.760887
vt 0.517468 0.771879
vt 0.517468 0.771879
vt 0.495603 0.774177
vt 0.495603 0.774177
vt 0.474694 0.767384
vt 0.458356 0.752673
vt 0.474694 0.767384
vt 0.449413 0.732588
vt 0.458356 0.752673
vt 0.449413 0.732588
vt 0.449413 0.710603
vt 0.449413 0.710603
vt 0.458356 0.690519
vt 0.458356 0.690519
vt 0.474694 0.675808
vt 0.474694 0.675808
vt 0.495603 0.669014
vt 0.495603 0.669014
vt 0.517468 0.671312
vt 0.495603 0.669014
vt 0.536507 0.682305
vt 0.517468 0.671312
vt 0.517468 0.671312
vt 0.549430 0.700091
vt 0.536507 0.682305
vt 0.554001 0.721596
vt 0.549430 0.700091
vt 0.554001 0.721596
vt 0.549430 0.743101
vt 0.549430 0.743101
vt 0.536507 0.760887
vt 0.536507 0.760887
vt 0.517468 0.771879
vt 0.495603 0.774177
vt 0.517468 0.771879
vt 0.495603 0.774177
vt 0.474694 0.767384
vt 0.474694 0.767384
vt 0.458356 0.752673
vt 0.458356 0.752673
vt 0.449413 0.732588
vt 0.449413 0.710603
vt 0.449413 0.732588
vt 0.449413 0.710603
vt 0.458356 0.690519
vt 0.458356 0.690519
vt 0.474694 0.675808
vt 0.474694 0.675808
vt 0.495603 0.669014
vt 0.495603 0.669014
vt 0.517468 0.671312
vt 0.495603 0.669014
vt 0.517468 0.671312
vt 0.536507 0.682305
vt 0.536507 0.682305
vt 0.549430 0.700091
vt 0.549430 0.700091
vt 0.554001 0.721596
vt 0.554001 0.721596
vt 0.705775 0.728714
vt 0.710378 0.722378
vt 0.710378 0.722378
vt 0.698993 0.732629
vt 0.705775 0.728714
vt 0.691206 0.733447
vt 0.698993 0.732629
vt 0.683758 0.731028
vt 0.691206 0.733447
vt 0.677939 0.725788
vt 0.683758 0.731028
vt 0.674754 0.718634
vt 0.677939 0.725788
vt 0.674754 0.710803
vt 0.674754 0.718634
vt 0.677939 0.703650
vt 0.674754 0.710803
vt 0.683758 0.698410
vt 0.677939 0.703650
vt 0.691206 0.695990
vt 0.683758 0.698410
vt 0.698993 0.696809
vt 0.691206 0.695990
vt 0.705775 0.700724
vt 0.698993 0.696809
vt 0.710378 0.707059
vt 0.705775 0.700724
vt 0.710378 0.707059
vt 0.712006 0.714719
vt 0.712006 0.714719
vt 0.705775 0.728714
vt 0.710378 0.722378
vt 0.698993 0.732629
vt 0.691206 0.733447
vt 0.683758 0.731028
vt 0.677939 0.725788
vt 0.674754 0.718634
vt 0.674754 0.710803
vt 0.677939 0.703650
vt 0.683758 0.698410
vt 0.691206 0.695990
vt 0.698993 0.696809
vt 0.705775 0.700724
vt 0.710378 0.707059
vt 0.712006 0.714719
vt 0.892113 0.728235
vt 0.895823 0.723470
vt 0.896350 0.727707
vt 0.891059 0.719761
vt 0.891586 0.723998
vt 0.894769 0.714997
vt 0.895296 0.719234
vt 0.890005 0.711287
vt 0.890532 0.715524
vt 0.889478 0.707050
vt 0.894242 0.710759
vt 0.888951 0.702813
vt 0.893715 0.706523
vt 0.888424 0.698576
vt 0.893188 0.702286
vt 0.887897 0.694339
vt 0.892661 0.698049
vt 0.891607 0.689575
vt 0.892134 0.693812
vt 0.887370 0.690102
vt 0.891080 0.685338
vt 0.886843 0.685865
vt 0.890553 0.681101
vt 0.886316 0.681628
vt 0.890026 0.676864
vt 0.885262 0.673154
vt 0.885789 0.677391
vt 0.884735 0.668917
vt 0.889499 0.672627
vt 0.888445 0.664153
vt 0.888972 0.668390
vt 0.900060 0.722944
vt 0.900587 0.727181
vt 0.899533 0.718707
vt 0.899006 0.714469
vt 0.898479 0.710233
vt 0.897952 0.705996
vt 0.897425 0.701759
vt 0.896898 0.697522
vt 0.895844 0.689048
vt 0.896371 0.693285
vt 0.895317 0.684811
vt 0.894790 0.680574
vt 0.893736 0.672100
vt 0.894263 0.676337
vt 0.892682 0.663626
vt 0.893209 0.667863
vt 0.904824 0.726654
vt 0.904297 0.722417
vt 0.903770 0.718180
vt 0.903243 0.713943
vt 0.902189 0.705469
vt 0.902716 0.709706
vt 0.901662 0.701232
vt 0.901135 0.696995
vt 0.900608 0.692758
vt 0.900081 0.688521
vt 0.899027 0.680047
vt 0.899554 0.684284
vt 0.898500 0.675810
vt 0.897445 0.667336
vt 0.897973 0.671573
vt 0.909061 0.726127
vt 0.908534 0.721890
vt 0.908007 0.717653
vt 0.907480 0.713416
vt 0.906426 0.704942
vt 0.906953 0.709179
vt 0.905372 0.696468
vt 0.905899 0.700705
vt 0.904845 0.692231
vt 0.904318 0.687994
vt 0.903791 0.683757
vt 0.903264 0.679520
vt 0.902210 0.671046
vt 0.902737 0.675283
vt 0.896919 0.663099
vt 0.901682 0.666809
vt 0.913298 0.725600
vt 0.912244 0.717126
vt 0.912771 0.721363
vt 0.911717 0.712889
vt 0.910663 0.704415
vt 0.911190 0.708652
vt 0.909609 0.695941
vt 0.910136 0.700178
vt 0.909082 0.691704
vt 0.908555 0.687467
vt 0.907501 0.678993
vt 0.908028 0.683230
vt 0.906974 0.674756
vt 0.906447 0.670519
vt 0.905920 0.666282
vt 0.905392 0.662045
vt 0.917008 0.720836
vt 0.917535 0.725073
vt 0.916481 0.716599
vt 0.915427 0.708125
vt 0.915954 0.712362
vt 0.914900 0.703888
vt 0.914373 0.699651
vt 0.913319 0.691177
vt 0.913846 0.695414
vt 0.912792 0.686940
vt 0.912265 0.682703
vt 0.911738 0.678466
vt 0.911211 0.674229
vt 0.910684 0.669992
vt 0.909630 0.661518
vt 0.910157 0.665755
vt 0.921508 0.722427
vt 0.920981 0.718190
vt 0.920454 0.713953
vt 0.919927 0.709716
vt 0.919400 0.705479
vt 0.918873 0.701242
vt 0.918346 0.697005
vt 0.917819 0.692768
vt 0.917292 0.688531
vt 0.916765 0.684294
vt 0.916238 0.680057
vt 0.915711 0.675820
vt 0.915184 0.671584
vt 0.914657 0.667346
vt 0.914130 0.663109
vt 0.648982 0.677306
vt 0.640947 0.677306
vt 0.657017 0.677306
vt 0.665052 0.677306
vt 0.673087 0.677306
vt 0.681122 0.677306
vt 0.689156 0.677306
vt 0.697191 0.677306
vt 0.705226 0.677306
vt 0.721296 0.677306
vt 0.713261 0.677306
vt 0.729331 0.677306
vt 0.737366 0.677306
vt 0.745401 0.677306
vt 0.753436 0.677306
vt 0.632912 0.677306
vt 0.460560 0.568347
vt 0.438695 0.566049
vt 0.438695 0.566049
vt 0.552431 0.566832
vt 0.552431 0.566832
vt 0.552431 0.566832
vt 0.460560 0.568347
vt 0.438695 0.566049
vt 0.460560 0.568347
vt 0.552561 0.572303
vt 0.552561 0.572303
vt 0.552561 0.572303
vt 0.540146 0.602111
vt 0.532359 0.601293
vt 0.532359 0.601293
vt 0.460560 0.568347
vt 0.460560 0.568347
vt 0.460560 0.568347
vt 0.515545 0.690537
vt 0.493680 0.688239
vt 0.515545 0.690537
vt 0.438695 0.566049
vt 0.438695 0.566049
vt 0.438695 0.566049
vt 0.438695 0.566049
vt 0.493680 0.688239
vt 0.515545 0.690537
vt 0.540146 0.602111
vt 0.532359 0.601293
vt 0.460560 0.568347
vt 0.515545 0.690537
vt 0.515545 0.690537
vt 0.460560 0.568347
vt 0.460560 0.568347
vt 0.540146 0.602111
vt 0.540146 0.602111
vt 0.698993 0.696809
vt 0.682126 0.695887
vt 0.680117 0.654428
vt 0.682126 0.654428
vt 0.684135 0.695887
vt 0.684135 0.654428
vt 0.686143 0.695887
vt 0.686143 0.654428
vt 0.688152 0.695887
vt 0.688152 0.654428
vt 0.690161 0.695887
vt 0.690161 0.654428
vt 0.692170 0.695887
vt 0.692170 0.654428
vt 0.694178 0.654428
vt 0.696187 0.654428
vt 0.694178 0.695887
vt 0.698196 0.654428
vt 0.696187 0.695887
vt 0.700205 0.654428
vt 0.698196 0.695887
vt 0.702213 0.654428
vt 0.700205 0.695887
vt 0.704222 0.654428
vt 0.702213 0.695887
vt 0.706231 0.654428
vt 0.704222 0.695887
vt 0.708240 0.695887
vt 0.708240 0.654428
vt 0.680117 0.695887
vt 0.678108 0.654428
vt 0.706231 0.695887
vt 0.708240 0.654725
vt 0.706231 0.654725
vt 0.704222 0.695887
vt 0.704222 0.654725
vt 0.702213 0.695887
vt 0.702213 0.654725
vt 0.700205 0.695887
vt 0.700205 0.654725
vt 0.698196 0.695887
vt 0.698196 0.654725
vt 0.696187 0.695887
vt 0.696187 0.654725
vt 0.694178 0.695887
vt 0.694178 0.654725
vt 0.692170 0.695887
vt 0.692170 0.654725
vt 0.690161 0.695887
vt 0.690161 0.654725
vt 0.688152 0.695887
vt 0.688152 0.654725
vt 0.686143 0.695887
vt 0.686143 0.654725
vt 0.684135 0.695887
vt 0.684135 0.654725
vt 0.682126 0.695887
vt 0.682126 0.654725
vt 0.680117 0.695887
vt 0.680117 0.654725
vt 0.678108 0.695887
vt 0.678108 0.654725
vt 0.678108 0.650690
vt 0.680117 0.650690
vt 0.678108 0.650690
vt 0.464472 0.724264
vt 0.458832 0.724264
vt 0.680117 0.650690
vt 0.682126 0.650690
vt 0.470112 0.724264
vt 0.684135 0.650690
vt 0.684135 0.650690
vt 0.475751 0.724264
vt 0.686143 0.650690
vt 0.686143 0.650690
vt 0.481391 0.724264
vt 0.688152 0.650690
vt 0.487031 0.724264
vt 0.690161 0.650690
vt 0.690161 0.650690
vt 0.492670 0.724264
vt 0.692170 0.650690
vt 0.692170 0.650690
vt 0.498310 0.724264
vt 0.694178 0.650690
vt 0.503949 0.724264
vt 0.694178 0.650690
vt 0.696187 0.650690
vt 0.509589 0.724264
vt 0.696187 0.650690
vt 0.698196 0.650690
vt 0.515229 0.724264
vt 0.698196 0.650690
vt 0.700205 0.650690
vt 0.520868 0.724264
vt 0.702213 0.650690
vt 0.702213 0.650690
vt 0.526508 0.724264
vt 0.704222 0.650690
vt 0.532147 0.724264
vt 0.706231 0.650690
vt 0.706231 0.650690
vt 0.537787 0.724264
vt 0.708240 0.650690
vt 0.708240 0.650690
vt 0.543426 0.724264
vt 0.543426 0.724264
vt 0.464472 0.723432
vt 0.458832 0.723432
vt 0.680117 0.650690
vt 0.678108 0.650690
vt 0.678108 0.650690
vt 0.470112 0.723432
vt 0.682126 0.650690
vt 0.680117 0.650690
vt 0.475751 0.723432
vt 0.684135 0.650690
vt 0.682126 0.650690
vt 0.481391 0.723432
vt 0.686143 0.650690
vt 0.686143 0.650690
vt 0.487031 0.723432
vt 0.688152 0.650690
vt 0.688152 0.650690
vt 0.492670 0.723432
vt 0.690161 0.650690
vt 0.690161 0.650690
vt 0.498310 0.723432
vt 0.692170 0.650690
vt 0.692170 0.650690
vt 0.503949 0.723432
vt 0.694178 0.650690
vt 0.694178 0.650690
vt 0.509589 0.723432
vt 0.696187 0.650690
vt 0.515229 0.723432
vt 0.698196 0.650690
vt 0.696187 0.650690
vt 0.520868 0.723432
vt 0.700205 0.650690
vt 0.700205 0.650690
vt 0.526508 0.723432
vt 0.702213 0.650690
vt 0.702213 0.650690
vt 0.532147 0.723432
vt 0.704222 0.650690
vt 0.704222 0.650690
vt 0.537787 0.723432
vt 0.706231 0.650690
vt 0.706231 0.650690
vt 0.543426 0.723432
vt 0.708240 0.650690
vt 0.515440 0.615353
vt 0.515440 0.616992
vt 0.546321 0.615353
vt 0.546321 0.616992
vt 0.515440 0.615353
vt 0.484560 0.616992
vt 0.484560 0.615353
vt 0.515440 0.646234
vt 0.484560 0.677115
vt 0.484560 0.646234
vt 0.515440 0.706357
vt 0.484560 0.707996
vt 0.484560 0.706357
vt 0.515440 0.707996
vt 0.484560 0.738876
vt 0.546321 0.615353
vt 0.515440 0.616992
vt 0.515440 0.615353
vt 0.453679 0.616992
vt 0.453679 0.615353
vt 0.453679 0.646234
vt 0.515440 0.677115
vt 0.546321 0.616992
vt 0.515440 0.616992
vt 0.546321 0.615353
vt 0.546321 0.616992
vt 0.515440 0.615353
vt 0.484560 0.616992
vt 0.484560 0.615353
vt 0.515440 0.646234
vt 0.484560 0.677115
vt 0.484560 0.646234
vt 0.515440 0.706357
vt 0.484560 0.707996
vt 0.484560 0.706357
vt 0.515440 0.707996
vt 0.484560 0.738876
vt 0.546321 0.615353
vt 0.515440 0.616992
vt 0.515440 0.615353
vt 0.453679 0.616992
vt 0.453679 0.615353
vt 0.453679 0.646234
vt 0.515440 0.677115
vt 0.546321 0.616992
vt 0.515440 0.616992
vt 0.546321 0.615353
vt 0.546321 0.616992
vt 0.515440 0.615353
vt 0.484560 0.616992
vt 0.484560 0.615353
vt 0.515440 0.646234
vt 0.484560 0.677115
vt 0.484560 0.646234
vt 0.515440 0.706357
vt 0.484560 0.707996
vt 0.484560 0.706357
vt 0.515440 0.707996
vt 0.484560 0.738876
vt 0.546321 0.615353
vt 0.515440 0.616992
vt 0.515440 0.615353
vt 0.453679 0.616992
vt 0.453679 0.615353
vt 0.453679 0.646234
vt 0.515440 0.677115
vt 0.546321 0.616992
vt 0.515440 0.616992
vt 0.546321 0.615353
vt 0.546321 0.616992
vt 0.515440 0.615353
vt 0.484560 0.616992
vt 0.484560 0.615353
vt 0.515440 0.646234
vt 0.484560 0.677115
vt 0.484560 0.646234
vt 0.515440 0.706357
vt 0.484560 0.707996
vt 0.484560 0.706357
vt 0.515440 0.707996
vt 0.484560 0.738876
vt 0.546321 0.615353
vt 0.515440 0.616992
vt 0.515440 0.615353
vt 0.453679 0.616992
vt 0.453679 0.615353
vt 0.453679 0.646234
vt 0.515440 0.677115
vt 0.546321 0.616992
vt 0.515440 0.616992
vt 0.546321 0.615353
vt 0.546321 0.616992
vt 0.515440 0.615353
vt 0.484560 0.616992
vt 0.484560 0.615353
vt 0.515440 0.646234
vt 0.484560 0.677115
vt 0.484560 0.646234
vt 0.515440 0.706357
vt 0.484560 0.707996
vt 0.484560 0.706357
vt 0.515440 0.707996
vt 0.484560 0.738876
vt 0.546321 0.615353
vt 0.515440 0.616992
vt 0.515440 0.615353
vt 0.453679 0.616992
vt 0.453679 0.615353
vt 0.453679 0.646234
vt 0.515440 0.677115
vt 0.546321 0.616992
vt 0.515440 0.616992
vt 0.546321 0.615353
vt 0.546321 0.616992
vt 0.526936 0.769665
vt 0.513089 0.788723
vt 0.492687 0.800502
vt 0.469259 0.802965
vt 0.446854 0.795685
vt 0.429347 0.779922
vt 0.419765 0.758400
vt 0.419765 0.734843
vt 0.429347 0.713322
vt 0.446854 0.697558
vt 0.469259 0.690279
vt 0.469259 0.690279
vt 0.492687 0.692741
vt 0.492687 0.692741
vt 0.513089 0.704520
vt 0.526936 0.723579
vt 0.531834 0.746622
vt 0.526936 0.769665
vt 0.512716 0.789973
vt 0.513089 0.788723
vt 0.492314 0.801752
vt 0.492687 0.800502
vt 0.468885 0.804214
vt 0.469259 0.802965
vt 0.446481 0.796935
vt 0.429347 0.779922
vt 0.446854 0.795685
vt 0.428974 0.781171
vt 0.419765 0.758400
vt 0.419392 0.759650
vt 0.419765 0.734843
vt 0.419392 0.736093
vt 0.429347 0.713322
vt 0.428974 0.714571
vt 0.446854 0.697558
vt 0.446481 0.698808
vt 0.469259 0.690279
vt 0.468885 0.691528
vt 0.492314 0.693991
vt 0.492687 0.692741
vt 0.512716 0.705770
vt 0.513089 0.704520
vt 0.526563 0.724828
vt 0.531834 0.746622
vt 0.526936 0.723579
vt 0.531461 0.747871
vt 0.526563 0.770914
vt 0.719092 0.792892
vt 0.712761 0.746376
vt 0.706671 0.770682
vt 0.692721 0.752887
vt 0.682478 0.804789
vt 0.674473 0.797582
vt 0.670093 0.787742
vt 0.670093 0.776972
vt 0.674473 0.767132
vt 0.682478 0.759925
vt 0.692721 0.756597
vt 0.703433 0.757722
vt 0.712761 0.763108
vt 0.719092 0.771822
vt 0.721331 0.782357
vt 0.712761 0.801606
vt 0.719092 0.792892
vt 0.703433 0.751762
vt 0.712761 0.746376
vt 0.675659 0.773941
vt 0.706671 0.770682
vt 0.682478 0.749559
vt 0.692721 0.752887
vt 0.674473 0.797582
vt 0.682478 0.804789
vt 0.670093 0.787742
vt 0.670093 0.776972
vt 0.674473 0.767132
vt 0.682478 0.759925
vt 0.692721 0.756597
vt 0.703433 0.757722
vt 0.712761 0.763108
vt 0.719092 0.771822
vt 0.721331 0.782357
vt 0.897239 0.680109
vt 0.898650 0.669034
vt 0.897239 0.680109
vt 0.898650 0.669034
vt 0.469259 0.690279
vt 0.709159 0.682276
vt 0.691068 0.754641
vt 0.327890 0.696771
vt 0.287674 0.696771
vt 0.521208 0.677535
vt 0.521208 0.677535
vt 0.521208 0.702218
vt 0.327890 0.744482
vt 0.368107 0.583614
vt 0.327890 0.696771
vt 0.287674 0.696771
vt 0.368107 0.623831
vt 0.891064 0.669019
vt 0.877007 0.725247
vt 0.517468 0.671312
vt 0.896709 0.730594
vt 0.905183 0.729540
vt 0.466075 0.619634
vt 0.438695 0.566049
vt 0.482538 0.634955
vt 0.460560 0.568347
vt 0.493680 0.688239
vt 0.460560 0.568347
vt 0.458356 0.752673
vt 0.495603 0.669014
vt 0.713261 0.677306
vt 0.632912 0.677306
vt 0.552431 0.566832
vt 0.460560 0.568347
vt 0.552561 0.572303
vt 0.460560 0.568347
vt 0.678108 0.695887
vt 0.708240 0.695887
vt 0.458832 0.724264
vt 0.708240 0.650690
vt 0.678108 0.650690
vt 0.517468 0.671312
vt 0.713261 0.677306
vt 0.632912 0.677306
vt 0.466075 0.619634
vt 0.460560 0.568347
vt 0.482538 0.634955
vt 0.460560 0.568347
vt 0.543426 0.712937
vt 0.517468 0.671312
vt 0.884208 0.664680
vt 0.901156 0.662572
vt 0.552431 0.566832
vt 0.438695 0.566049
vt 0.552561 0.572303
vt 0.460560 0.568347
vt 0.493680 0.688239
vt 0.460560 0.568347
vt 0.706231 0.695887
vt 0.678108 0.695887
vt 0.708240 0.695887
vt 0.682126 0.650690
vt 0.688152 0.650690
vt 0.700205 0.650690
vt 0.704222 0.650690
vt 0.684135 0.650690
vt 0.698196 0.650690
vt 0.708240 0.650690
vt 0.515440 0.738876
vt 0.546321 0.646234
vt 0.515440 0.738876
vt 0.546321 0.646234
vt 0.515440 0.738876
vt 0.546321 0.646234
vt 0.515440 0.738876
vt 0.546321 0.646234
vt 0.515440 0.738876
vt 0.546321 0.646234
vt 0.492687 0.692741
vt 0.712761 0.801606
vt 0.703433 0.751762
vt 0.675659 0.773941
vt 0.682478 0.749559
vt 0.898650 0.669034
vt 0.897239 0.680109
vn 0.002300 -0.999997 0.000000
vn 0.002300 -0.999997 0.000000
vn 0.002300 -0.999997 0.000000
vn 0.000000 0.000000 -1.000000
vn 0.000000 0.000000 -1.000000
vn 0.000000 0.000000 -1.000000
vn -0.000000 1.000000 -0.000000
vn -0.000000 1.000000 -0.000000
vn -0.000000 1.000000 -0.000000
vn 0.000000 0.000000 1.000000
vn 0.000000 0.000000 1.000000
vn 0.000000 0.000000 1.000000
vn 0.900444 -0.434973 0.000000
vn 0.988087 -0.153898 0.000000
vn 0.987962 -0.154694 0.000000
vn 0.000000 0.000000 -1.000000
vn 0.000000 0.000000 -1.000000
vn 0.000000 0.000000 -1.000000
vn 0.000000 0.000000 1.000000
vn 0.000000 0.000000 1.000000
vn 0.000000 0.000000 1.000000
vn 0.988087 -0.153898 0.000000
vn 0.995304 0.096800 0.000000
vn 0.987962 -0.154694 0.000000
vn -0.999995 -0.003300 0.000000
vn -0.999995 -0.003300 0.000000
vn -0.999995 -0.003300 0.000000
vn 0.000000 -1.000000 0.000000
vn 0.000000 -1.000000 0.000000
vn 0.000000 -1.000000 0.000000
vn 0.000000 0.000000 1.000000
vn 0.000000 0.000000 1.000000
vn 0.000000 0.000000 1.000000
vn -0.000000 1.000000 -0.000000
vn -0.000000 1.000000 -0.000000
vn -0.000000 1.000000 -0.000000
vn 0.000000 0.000000 -1.000000
vn 0.000000 0.000000 -1.000000
vn 0.000000 0.000000 -1.000000
vn 0.000000 0.000000 -1.000000
vn 0.000000 0.000000 -1.000000
vn 0.000000 0.000000 -1.000000
vn 0.000000 0.000000 1.000000
vn 0.000000 0.000000 1.000000
vn 0.000000 0.000000 1.000000
vn 0.994557 0.104195 0.000000
vn 0.729540 0.683938 0.000000
vn 0.995304 0.096800 0.000000
vn 0.000000 0.000000 -1.000000
vn 0.000000 0.000000 -1.000000
vn 0.000000 0.000000 -1.000000
vn 1.000000 0.000000 0.000000
vn 1.000000 0.000000 0.000000
vn 1.000000 0.000000 0.000000
vn 0.000000 0.000000 -1.000000
vn 0.000000 0.000000 -1.000000
vn 0.000000 0.000000 -1.000000
vn 0.000000 0.000000 1.000000
vn 0.000000 0.000000 1.000000
vn 0.000000 0.000000 1.000000
vn 0.000000 0.000000 1.000000
vn 0.000000 0.000000 1.000000
vn 0.000000 0.000000 1.000000
vn -0.002300 -0.999997 0.000000
vn -0.002300 -0.999997 0.000000
vn -0.002300 -0.999997 0.000000
vn 0.000000 0.000000 -1.000000
vn 0.000000 0.000000 -1.000000
vn 0.000000 0.000000 -1.000000
vn -0.000000 1.000000 -0.000000
vn -0.000000 1.000000 -0.000000
vn -0.000000 1.000000 -0.000000
vn 0.000000 0.000000 1.000000
vn 0.000000 0.000000 1.000000
vn 0.000000 0.000000 1.000000
vn -0.988087 -0.153898 0.000000
vn -0.900444 -0.434973 0.000000
vn -0.987962 -0.154694 0.000000
vn 0.000000 0.000000 -1.000000
vn 0.000000 0.000000 -1.000000
vn 0.000000 0.000000 -1.000000
vn 0.000000 0.000000 1.000000
vn 0.000000 0.000000 1.000000
vn 0.000000 0.000000 1.000000
vn -0.995304 0.096800 -0.000000
vn -0.988087 -0.153898 0.000000
vn -0.987962 -0.154694 0.000000
vn 0.999995 -0.003300 0.000000
vn 0.999995 -0.003300 0.000000
vn 0.999995 -0.003300 0.000000
vn 0.000000 -1.000000 0.000000
vn 0.000000 -1.000000 0.000000
vn 0.000000 -1.000000 0.000000
vn 0.000000 0.000000 1.000000
vn 0.000000 0.000000 1.000000
vn 0.000000 0.000000 1.000000
vn -0.000000 1.000000 -0.000000
vn -0.000000 1.000000 -0.000000
vn -0.000000 1.000000 -0.000000
vn 0.000000 0.000000 -1.000000
vn 0.000000 0.000000 -1.000000
vn 0.000000 0.000000 -1.000000
vn 0.000000 0.000000 -1.000000
vn 0.000000 0.000000 -1.000000
vn 0.000000 0.000000 -1.000000
vn 0.000000 0.000000 1.000000
vn 0.000000 0.000000 1.000000
vn 0.000000 0.000000 1.000000
vn -0.729540 0.683938 -0.000000
vn -0.994557 0.104195 -0.000000
vn -0.995304 0.096800 -0.000000
vn 0.000000 0.000000 -1.000000
vn 0.000000 0.000000 -1.000000
vn 0.000000 0.000000 -1.000000
vn -1.000000 0.000000 0.000000
vn -1.000000 0.000000 0.000000
vn -1.000000 0.000000 0.000000
vn 0.000000 0.000000 -1.000000
vn 0.000000 0.000000 -1.000000
vn 0.000000 0.000000 -1.000000
vn 0.000000 0.000000 1.000000
vn 0.000000 0.000000 1.000000
vn 0.000000 0.000000 1.000000
vn 0.000000 0.000000 1.000000
vn 0.000000 0.000000 1.000000
vn 0.000000 0.000000 1.000000
vn 0.000000 -1.000000 0.000000
vn 0.000000 -1.000000 0.000000
vn 0.000000 -1.000000 0.000000
vn 0.000000 -0.892519 -0.451010
vn 0.000000 -0.892519 -0.451010
vn 0.000000 -0.892519 -0.451010
vn -0.000000 1.000000 -0.000100
vn -0.000000 1.000000 -0.000100
vn -0.000000 1.000000 -0.000100
vn 0.000000 -0.914186 0.405294
vn 0.000000 -0.914186 0.405294
vn 0.000000 -0.914186 0.405294
vn -1.000000 0.000000 0.000000
vn -1.000000 0.000000 0.000000
vn -1.000000 0.000000 0.000000
vn 1.000000 0.000000 0.000000
vn 1.000000 0.000000 0.000000
vn 1.000000 0.000000 0.000000
vn 0.000000 -0.748611 -0.663010
vn 0.000000 -0.748611 -0.663010
vn 0.000000 -0.748611 -0.663010
vn -1.000000 0.000000 0.000000
vn -1.000000 0.000000 0.000000
vn -1.000000 0.000000 0.000000
vn 0.000000 -0.458618 0.888634
vn 0.000000 -0.231508 0.972833
vn 0.000000 -0.458618 0.888634
vn 1.000000 0.000000 0.000000
vn 1.000000 0.000000 0.000000
vn 1.000000 0.000000 0.000000
vn 0.000000 -0.542525 -0.840039
vn 0.000000 -0.542525 -0.840039
vn 0.000000 -0.542525 -0.840039
vn -1.000000 0.000000 0.000000
vn -1.000000 0.000000 0.000000
vn -1.000000 0.000000 0.000000
vn 0.000000 -0.231508 0.972833
vn 0.000000 0.000000 1.000000
vn 0.000000 -0.231508 0.972833
vn 1.000000 0.000000 0.000000
vn 1.000000 0.000000 0.000000
vn 1.000000 0.000000 0.000000
vn 0.000000 -0.381404 -0.924409
vn 0.000000 -0.373218 -0.927744
vn 0.000000 -0.381404 -0.924409
vn -1.000000 0.000000 0.000000
vn -1.000000 0.000000 0.000000
vn -1.000000 0.000000 0.000000
vn 0.000000 0.000000 1.000000
vn 0.000000 0.000000 1.000000
vn 0.000000 0.000000 1.000000
vn 1.000000 0.000000 0.000000
vn 1.000000 0.000000 0.000000
vn 1.000000 0.000000 0.000000
vn 1.000000 0.000000 0.000000
vn 1.000000 0.000000 0.000000
vn 1.000000 0.000000 0.000000
vn 1.000000 0.000000 0.000000
vn 1.000000 0.000000 0.000000
vn 1.000000 0.000000 0.000000
vn 1.000000 0.000000 0.000000
vn 1.000000 0.000000 0.000000
vn 1.000000 0.000000 0.000000
vn 1.000000 0.000000 0.000000
vn 1.000000 0.000000 0.000000
vn 1.000000 0.000000 0.000000
vn 0.000000 1.000000 0.000100
vn 0.000000 1.000000 0.000100
vn 0.000000 1.000000 0.000100
vn -1.000000 0.000000 0.000000
vn -1.000000 0.000000 0.000000
vn -1.000000 0.000000 0.000000
vn -1.000000 0.000000 0.000000
vn -1.000000 0.000000 0.000000
vn -1.000000 0.000000 0.000000
vn -1.000000 0.000000 0.000000
vn -1.000000 0.000000 0.000000
vn -1.000000 0.000000 0.000000
vn -1.000000 0.000000 0.000000
vn -1.000000 0.000000 0.000000
vn -1.000000 0.000000 0.000000
vn 0.000000 -1.000000 0.000000
vn 0.000000 -1.000000 0.000000
vn 0.000000 -1.000000 0.000000
vn 1.000000 0.000000 0.000000
vn 1.000000 0.000000 0.000000
vn 1.000000 0.000000 0.000000
vn 0.000000 -1.000000 0.000000
vn 0.000000 -1.000000 0.000000
vn 0.000000 -1.000000 0.000000
vn -1.000000 0.000000 0.000000
vn -1.000000 0.000000 0.000000
vn -1.000000 0.000000 0.000000
vn -1.000000 0.000000 0.000000
vn -1.000000 0.000000 0.000000
vn -1.000000 0.000000 0.000000
vn -1.000000 0.000000 0.000000
vn -1.000000 0.000000 0.000000
vn -1.000000 0.000000 0.000000
vn -1.000000 0.000000 0.000000
vn -1.000000 0.000000 0.000000
vn -1.000000 0.000000 0.000000
vn 0.000000 0.999961 0.008800
vn 0.000000 0.999961 0.008800
vn 0.000000 0.999961 0.008800
vn 1.000000 0.000000 0.000000
vn 1.000000 0.000000 0.000000
vn 1.000000 0.000000 0.000000
vn 1.000000 0.000000 0.000000
vn 1.000000 0.000000 0.000000
vn 1.000000 0.000000 0.000000
vn 1.000000 0.000000 0.000000
vn 1.000000 0.000000 0.000000
vn 1.000000 0.000000 0.000000
vn -0.000000 0.569200 -0.822199
vn -0.000000 0.569200 -0.822199
vn -0.000000 0.569200 -0.822199
vn -1.000000 0.000000 0.000000
vn -1.000000 0.000000 0.000000
vn -1.000000 0.000000 0.000000
vn 0.000000 0.000000 1.000000
vn 0.000000 0.000000 1.000000
vn 0.000000 0.000000 1.000000
vn 1.000000 0.000000 0.000000
vn 1.000000 0.000000 0.000000
vn 1.000000 0.000000 0.000000
vn 0.000000 -0.373218 -0.927744
vn 0.000000 -0.320604 -0.947213
vn 0.000000 -0.373218 -0.927744
vn -1.000000 0.000000 0.000000
vn -1.000000 0.000000 0.000000
vn -1.000000 0.000000 0.000000
vn 0.000000 0.595237 0.803550
vn 0.000000 0.595237 0.803550
vn 0.000000 0.595237 0.803550
vn 1.000000 0.000000 0.000000
vn 1.000000 0.000000 0.000000
vn 1.000000 0.000000 0.000000
vn 0.000000 0.000000 -1.000000
vn 0.000000 -0.078203 -0.996938
vn 0.000000 0.000000 -1.000000
vn -1.000000 0.000000 0.000000
vn -1.000000 0.000000 0.000000
vn -1.000000 0.000000 0.000000
vn 0.000000 0.000000 1.000000
vn 0.000000 0.000000 1.000000
vn 0.000000 0.000000 1.000000
vn 1.000000 0.000000 0.000000
vn 1.000000 0.000000 0.000000
vn 1.000000 0.000000 0.000000
vn 0.000000 -0.320604 -0.947213
vn 0.000000 -0.238793 -0.971071
vn 0.000000 -0.320604 -0.947213
vn -1.000000 0.000000 0.000000
vn -1.000000 0.000000 0.000000
vn -1.000000 0.000000 0.000000
vn 0.000000 0.278602 0.960407
vn 0.000000 0.275685 0.961248
vn 0.000000 0.278602 0.960407
vn 1.000000 0.000000 0.000000
vn 1.000000 0.000000 0.000000
vn 1.000000 0.000000 0.000000
vn 0.000000 -0.238793 -0.971071
vn 0.000000 -0.120699 -0.992689
vn 0.000000 -0.238793 -0.971071
vn -1.000000 0.000000 0.000000
vn -1.000000 0.000000 0.000000
vn -1.000000 0.000000 0.000000
vn 0.000000 0.275685 0.961248
vn 0.000000 0.248602 0.968606
vn 0.000000 0.275685 0.961248
vn 1.000000 0.000000 0.000000
vn 1.000000 0.000000 0.000000
vn 1.000000 0.000000 0.000000
vn 0.000000 -0.120699 -0.992689
vn 0.000000 -0.016399 -0.999866
vn 0.000000 -0.120699 -0.992689
vn -1.000000 0.000000 0.000000
vn -1.000000 0.000000 0.000000
vn -1.000000 0.000000 0.000000
vn 0.000000 0.248602 0.968606
vn 0.000000 0.032899 0.999459
vn 0.000000 0.248602 0.968606
vn 1.000000 0.000000 0.000000
vn 1.000000 0.000000 0.000000
vn 1.000000 0.000000 0.000000
vn 0.000000 -0.016399 -0.999866
vn -0.000000 0.035199 -0.999380
vn 0.000000 -0.016399 -0.999866
vn -1.000000 0.000000 0.000000
vn -1.000000 0.000000 0.000000
vn -1.000000 0.000000 0.000000
vn 0.000000 0.033098 0.999452
vn 0.000000 -0.058200 0.998305
vn 0.000000 0.032899 0.999459
vn 1.000000 0.000000 0.000000
vn 1.000000 0.000000 0.000000
vn 1.000000 0.000000 0.000000
vn -0.000000 0.035199 -0.999380
vn -0.000000 0.075901 -0.997115
vn -0.000000 0.035199 -0.999380
vn -1.000000 0.000000 0.000000
vn -1.000000 0.000000 0.000000
vn -1.000000 0.000000 0.000000
vn 0.000000 -0.058200 0.998305
vn 0.000000 -0.209693 0.977767
vn 0.000000 -0.058200 0.998305
vn 1.000000 0.000000 0.000000
vn 1.000000 0.000000 0.000000
vn 1.000000 0.000000 0.000000
vn 0.000000 -0.075702 -0.997130
vn 0.000000 -0.581002 -0.813902
vn 0.000000 -0.078203 -0.996938
vn -1.000000 0.000000 0.000000
vn -1.000000 0.000000 0.000000
vn -1.000000 0.000000 0.000000
vn 0.000000 0.000000 1.000000
vn 0.000000 0.000000 1.000000
vn 0.000000 0.000000 1.000000
vn 1.000000 0.000000 0.000000
vn 1.000000 0.000000 0.000000
vn 1.000000 0.000000 0.000000
vn -0.000000 0.075901 -0.997115
vn -0.000000 0.080604 -0.996746
vn -0.000000 0.075901 -0.997115
vn -1.000000 0.000000 0.000000
vn -1.000000 0.000000 0.000000
vn -1.000000 0.000000 0.000000
vn 0.000000 -0.209597 0.977788
vn 0.000000 -0.690005 0.723805
vn 0.000000 -0.209693 0.977767
vn 1.000000 0.000000 0.000000
vn 1.000000 0.000000 0.000000
vn 1.000000 0.000000 0.000000
vn 0.000000 -0.935777 -0.352591
vn 0.000000 -0.935777 -0.352591
vn 0.000000 -0.935777 -0.352591
vn -1.000000 0.000000 0.000000
vn -1.000000 0.000000 0.000000
vn -1.000000 0.000000 0.000000
vn 0.000000 0.000000 1.000000
vn 0.000000 0.000000 1.000000
vn 0.000000 0.000000 1.000000
vn 1.000000 0.000000 0.000000
vn 1.000000 0.000000 0.000000
vn 1.000000 0.000000 0.000000
vn -0.000000 0.080604 -0.996746
vn -0.000000 0.114799 -0.993389
vn -0.000000 0.080604 -0.996746
vn -1.000000 0.000000 0.000000
vn -1.000000 0.000000 0.000000
vn -1.000000 0.000000 0.000000
vn 0.000000 -0.689902 0.723903
vn 0.000000 -0.912765 0.408484
vn 0.000000 -0.690005 0.723805
vn 1.000000 0.000000 0.000000
vn 1.000000 0.000000 0.000000
vn 1.000000 0.000000 0.000000
vn -1.000000 0.000000 0.000000
vn -1.000000 0.000000 0.000000
vn -1.000000 0.000000 0.000000
vn 0.000000 0.000000 1.000000
vn 0.000000 0.000000 1.000000
vn 0.000000 0.000000 1.000000
vn 1.000000 0.000000 0.000000
vn 1.000000 0.000000 0.000000
vn 1.000000 0.000000 0.000000
vn -0.000000 0.114799 -0.993389
vn -0.000000 0.159500 -0.987198
vn -0.000000 0.114799 -0.993389
vn -1.000000 0.000000 0.000000
vn -1.000000 0.000000 0.000000
vn -1.000000 0.000000 0.000000
vn 1.000000 0.000000 0.000000
vn 1.000000 0.000000 0.000000
vn 1.000000 0.000000 0.000000
vn -1.000000 0.000000 0.000000
vn -1.000000 0.000000 0.000000
vn -1.000000 0.000000 0.000000
vn 0.000000 0.999946 0.010400
vn 0.000000 0.999946 0.010400
vn 0.000000 0.999946 0.010400
vn 1.000000 0.000000 0.000000
vn 1.000000 0.000000 0.000000
vn 1.000000 0.000000 0.000000
vn 0.000000 -0.999944 -0.010600
vn 0.000000 -0.999944 -0.010600
vn 0.000000 -0.999944 -0.010600
vn -1.000000 0.000000 0.000000
vn -1.000000 0.000000 0.000000
vn -1.000000 0.000000 0.000000
vn 0.000000 0.000000 1.000000
vn 0.000000 0.000000 1.000000
vn 0.000000 0.000000 1.000000
vn 1.000000 0.000000 0.000000
vn 1.000000 0.000000 0.000000
vn 1.000000 0.000000 0.000000
vn -0.000000 0.159695 -0.987166
vn -0.000000 0.290402 -0.956905
vn -0.000000 0.159500 -0.987198
vn -1.000000 0.000000 0.000000
vn -1.000000 0.000000 0.000000
vn -1.000000 0.000000 0.000000
vn 1.000000 0.000000 0.000000
vn 1.000000 0.000000 0.000000
vn 1.000000 0.000000 0.000000
vn 1.000000 0.000000 0.000000
vn 1.000000 0.000000 0.000000
vn 1.000000 0.000000 0.000000
vn -1.000000 0.000000 0.000000
vn -1.000000 0.000000 0.000000
vn -1.000000 0.000000 0.000000
vn -0.000000 0.784030 -0.620723
vn -0.000000 0.784030 -0.620723
vn -0.000000 0.784030 -0.620723
vn -1.000000 0.000000 0.000000
vn -1.000000 0.000000 0.000000
vn -1.000000 0.000000 0.000000
vn 0.000000 0.000000 1.000000
vn 0.000000 0.000000 1.000000
vn 0.000000 0.000000 1.000000
vn 1.000000 0.000000 0.000000
vn 1.000000 0.000000 0.000000
vn 1.000000 0.000000 0.000000
vn -0.000000 0.290402 -0.956905
vn -0.000000 0.269500 -0.963000
vn -0.000000 0.290402 -0.956905
vn -1.000000 0.000000 0.000000
vn -1.000000 0.000000 0.000000
vn -1.000000 0.000000 0.000000
vn 0.000000 0.726533 0.687131
vn 0.000000 0.726533 0.687131
vn 0.000000 0.726533 0.687131
vn 1.000000 0.000000 0.000000
vn 1.000000 0.000000 0.000000
vn 1.000000 0.000000 0.000000
vn -0.000000 0.463102 -0.886305
vn -0.000000 0.035299 -0.999377
vn -0.000000 0.463102 -0.886305
vn -1.000000 0.000000 0.000000
vn -1.000000 0.000000 0.000000
vn -1.000000 0.000000 0.000000
vn 0.000000 0.000000 1.000000
vn 0.000000 0.000000 1.000000
vn 0.000000 0.000000 1.000000
vn 1.000000 0.000000 0.000000
vn 1.000000 0.000000 0.000000
vn 1.000000 0.000000 0.000000
vn -0.000000 0.240606 -0.970623
vn -0.000000 0.195808 -0.980642
vn -0.000000 0.240606 -0.970623
vn -1.000000 0.000000 0.000000
vn -1.000000 0.000000 0.000000
vn -1.000000 0.000000 0.000000
vn 0.000000 0.421511 0.906823
vn 0.000000 0.039800 0.999208
vn 0.000000 0.421511 0.906823
vn 1.000000 0.000000 0.000000
vn 1.000000 0.000000 0.000000
vn 1.000000 0.000000 0.000000
vn 0.000100 0.038498 -0.999259
vn 0.000000 -0.053803 -0.998552
vn -0.000000 0.035299 -0.999377
vn -1.000000 0.000000 0.000000
vn -1.000000 0.000000 0.000000
vn -1.000000 0.000000 0.000000
vn 0.000000 0.000000 1.000000
vn 0.000000 0.000000 1.000000
vn 0.000000 0.000000 1.000000
vn 1.000000 0.000000 0.000000
vn 1.000000 0.000000 0.000000
vn 1.000000 0.000000 0.000000
vn -0.000000 0.195905 -0.980623
vn -0.000000 0.211188 -0.977445
vn -0.000000 0.195808 -0.980642
vn -1.000000 0.000000 0.000000
vn -1.000000 0.000000 0.000000
vn -1.000000 0.000000 0.000000
vn 0.000000 0.041601 0.999134
vn 0.000000 -0.130899 0.991396
vn 0.000000 0.039800 0.999208
vn 1.000000 0.000000 0.000000
vn 1.000000 0.000000 0.000000
vn 1.000000 0.000000 0.000000
vn -0.000000 0.211093 -0.977466
vn -0.000000 0.244794 -0.969575
vn -0.000000 0.211188 -0.977445
vn -1.000000 0.000000 0.000000
vn -1.000000 0.000000 0.000000
vn -1.000000 0.000000 0.000000
vn 0.000000 -0.130899 0.991396
vn 0.000000 -0.184005 0.982925
vn 0.000000 -0.130899 0.991396
vn 1.000000 0.000000 0.000000
vn 1.000000 0.000000 0.000000
vn 1.000000 0.000000 0.000000
vn -0.000000 0.244794 -0.969575
vn -0.000000 0.268309 -0.963333
vn -0.000000 0.244794 -0.969575
vn -1.000000 0.000000 0.000000
vn -1.000000 0.000000 0.000000
vn -1.000000 0.000000 0.000000
vn 0.000000 -0.184005 0.982925
vn 0.000000 -0.246792 0.969068
vn 0.000000 -0.184005 0.982925
vn 1.000000 0.000000 0.000000
vn 1.000000 0.000000 0.000000
vn 1.000000 0.000000 0.000000
vn -0.000000 0.268309 -0.963333
vn -0.000000 0.309109 -0.951027
vn -0.000000 0.268309 -0.963333
vn -1.000000 0.000000 0.000000
vn -1.000000 0.000000 0.000000
vn -1.000000 0.000000 0.000000
vn 0.000000 -0.246792 0.969068
vn 0.000000 -0.316198 0.948693
vn 0.000000 -0.246792 0.969068
vn 1.000000 0.000000 0.000000
vn 1.000000 0.000000 0.000000
vn 1.000000 0.000000 0.000000
vn -0.000000 0.309109 -0.951027
vn -0.000000 0.304504 -0.952511
vn -0.000000 0.309109 -0.951027
vn -1.000000 0.000000 0.000000
vn -1.000000 0.000000 0.000000
vn -1.000000 0.000000 0.000000
vn 0.000000 -0.316198 0.948693
vn 0.000000 -0.304594 0.952482
vn 0.000000 -0.316198 0.948693
vn 1.000000 0.000000 0.000000
vn 1.000000 0.000000 0.000000
vn 1.000000 0.000000 0.000000
vn -0.000000 0.304504 -0.952511
vn -0.000000 0.342979 -0.939343
vn -0.000000 0.304504 -0.952511
vn -1.000000 0.000000 0.000000
vn -1.000000 0.000000 0.000000
vn -1.000000 0.000000 0.000000
vn 0.000000 -0.304594 0.952482
vn 0.000000 -0.343011 0.939331
vn 0.000000 -0.304594 0.952482
vn 1.000000 0.000000 0.000000
vn 1.000000 0.000000 0.000000
vn 1.000000 0.000000 0.000000
vn -0.000000 0.342979 -0.939343
vn -0.000000 0.403901 -0.914803
vn -0.000000 0.342979 -0.939343
vn -1.000000 0.000000 0.000000
vn -1.000000 0.000000 0.000000
vn -1.000000 0.000000 0.000000
vn 0.000000 -0.343011 0.939331
vn 0.000000 -0.602110 0.798413
vn 0.000000 -0.343011 0.939331
vn 1.000000 0.000000 0.000000
vn 1.000000 0.000000 0.000000
vn 1.000000 0.000000 0.000000
vn -0.000000 0.403901 -0.914803
vn -0.000000 0.390912 -0.920428
vn -0.000000 0.403901 -0.914803
vn -1.000000 0.000000 0.000000
vn -1.000000 0.000000 0.000000
vn -1.000000 0.000000 0.000000
vn 0.000000 -0.601487 0.798883
vn 0.000000 -0.866602 0.499001
vn 0.000000 -0.602110 0.798413
vn 1.000000 0.000000 0.000000
vn 1.000000 0.000000 0.000000
vn 1.000000 0.000000 0.000000
vn 0.000000 -0.051299 -0.998683
vn 0.000000 -0.667981 -0.744179
vn 0.000000 -0.053803 -0.998552
vn -1.000000 0.000000 0.000000
vn -1.000000 0.000000 0.000000
vn -1.000000 0.000000 0.000000
vn 0.000000 0.000000 1.000000
vn 0.000000 0.000000 1.000000
vn 0.000000 0.000000 1.000000
vn 1.000000 0.000000 0.000000
vn 1.000000 0.000000 0.000000
vn 1.000000 0.000000 0.000000
vn 0.000000 -0.667925 -0.744228
vn 0.000000 -0.838425 -0.545016
vn 0.000000 -0.667981 -0.744179
vn -1.000000 0.000000 0.000000
vn -1.000000 0.000000 0.000000
vn -1.000000 0.000000 0.000000
vn 0.000000 0.000000 1.000000
vn 0.000000 0.000000 1.000000
vn 0.000000 0.000000 1.000000
vn 1.000000 0.000000 0.000000
vn 1.000000 0.000000 0.000000
vn 1.000000 0.000000 0.000000
vn -1.000000 0.000000 0.000000
vn -1.000000 0.000000 0.000000
vn -1.000000 0.000000 0.000000
vn 0.000000 0.000000 1.000000
vn 0.000000 0.000000 1.000000
vn 0.000000 0.000000 1.000000
vn 1.000000 0.000000 0.000000
vn 1.000000 0.000000 0.000000
vn 1.000000 0.000000 0.000000
vn -0.000000 0.390997 -0.920392
vn -0.000000 0.415580 -0.909557
vn -0.000000 0.390912 -0.920428
vn -1.000000 0.000000 0.000000
vn -1.000000 0.000000 0.000000
vn -1.000000 0.000000 0.000000
vn 1.000000 0.000000 0.000000
vn 1.000000 0.000000 0.000000
vn 1.000000 0.000000 0.000000
vn 1.000000 0.000000 0.000000
vn 1.000000 0.000000 0.000000
vn 1.000000 0.000000 0.000000
vn 0.000000 0.999862 0.016599
vn 0.000000 0.999862 0.016599
vn 0.000000 0.999862 0.016599
vn -1.000000 0.000000 0.000000
vn -1.000000 0.000000 0.000000
vn -1.000000 0.000000 0.000000
vn 0.000000 -0.999975 -0.007100
vn 0.000000 -0.999975 -0.007100
vn 0.000000 -0.999975 -0.007100
vn -1.000000 0.000000 0.000000
vn -1.000000 0.000000 0.000000
vn -1.000000 0.000000 0.000000
vn 0.000000 0.000000 1.000000
vn 0.000000 0.279090 0.960265
vn 0.000000 0.000000 1.000000
vn 1.000000 0.000000 0.000000
vn 1.000000 0.000000 0.000000
vn 1.000000 0.000000 0.000000
vn -0.000000 0.415580 -0.909557
vn -0.000000 0.491609 -0.870816
vn -0.000000 0.415580 -0.909557
vn -1.000000 0.000000 0.000000
vn -1.000000 0.000000 0.000000
vn -1.000000 0.000000 0.000000
vn 1.000000 0.000000 0.000000
vn 1.000000 0.000000 0.000000
vn 1.000000 0.000000 0.000000
vn -1.000000 0.000000 0.000000
vn -1.000000 0.000000 0.000000
vn -1.000000 0.000000 0.000000
vn 1.000000 0.000000 0.000000
vn 1.000000 0.000000 0.000000
vn 1.000000 0.000000 0.000000
vn -1.000000 0.000000 0.000000
vn -1.000000 0.000000 0.000000
vn -1.000000 0.000000 0.000000
vn 0.000000 0.279117 0.960257
vn 0.000000 0.571568 0.820554
vn 0.000000 0.279090 0.960265
vn 1.000000 0.000000 0.000000
vn 1.000000 0.000000 0.000000
vn 1.000000 0.000000 0.000000
vn -0.000000 0.491609 -0.870816
vn -0.000000 0.525497 -0.850795
vn -0.000000 0.491609 -0.870816
vn -1.000000 0.000000 0.000000
vn -1.000000 0.000000 0.000000
vn -1.000000 0.000000 0.000000
vn 1.000000 0.000000 0.000000
vn 1.000000 0.000000 0.000000
vn 1.000000 0.000000 0.000000
vn -1.000000 0.000000 0.000000
vn -1.000000 0.000000 0.000000
vn -1.000000 0.000000 0.000000
vn 1.000000 0.000000 0.000000
vn 1.000000 0.000000 0.000000
vn 1.000000 0.000000 0.000000
vn -1.000000 0.000000 0.000000
vn -1.000000 0.000000 0.000000
vn -1.000000 0.000000 0.000000
vn 0.000000 0.571568 0.820554
vn 0.000000 0.686362 0.727260
vn 0.000000 0.571568 0.820554
vn 1.000000 0.000000 0.000000
vn 1.000000 0.000000 0.000000
vn 1.000000 0.000000 0.000000
vn -0.000000 0.587690 -0.809086
vn -0.000000 0.587690 -0.809086
vn -0.000000 0.587690 -0.809086
vn -1.000000 0.000000 0.000000
vn -1.000000 0.000000 0.000000
vn -1.000000 0.000000 0.000000
vn 1.000000 0.000000 0.000000
vn 1.000000 0.000000 0.000000
vn 1.000000 0.000000 0.000000
vn -1.000000 0.000000 0.000000
vn -1.000000 0.000000 0.000000
vn -1.000000 0.000000 0.000000
vn 1.000000 0.000000 0.000000
vn 1.000000 0.000000 0.000000
vn 1.000000 0.000000 0.000000
vn -1.000000 0.000000 0.000000
vn -1.000000 0.000000 0.000000
vn -1.000000 0.000000 0.000000
vn 0.000000 0.836089 0.548593
vn 0.000000 0.836089 0.548593
vn 0.000000 0.836089 0.548593
vn 1.000000 0.000000 0.000000
vn 1.000000 0.000000 0.000000
vn 1.000000 0.000000 0.000000
vn -0.000000 0.752589 -0.658490
vn -0.000000 0.752589 -0.658490
vn -0.000000 0.752589 -0.658490
vn -1.000000 0.000000 0.000000
vn -1.000000 0.000000 0.000000
vn -1.000000 0.000000 0.000000
vn 1.000000 0.000000 0.000000
vn 1.000000 0.000000 0.000000
vn 1.000000 0.000000 0.000000
vn -1.000000 0.000000 0.000000
vn -1.000000 0.000000 0.000000
vn -1.000000 0.000000 0.000000
vn 1.000000 0.000000 0.000000
vn 1.000000 0.000000 0.000000
vn 1.000000 0.000000 0.000000
vn -1.000000 0.000000 0.000000
vn -1.000000 0.000000 0.000000
vn -1.000000 0.000000 0.000000
vn 0.000000 0.910411 0.413705
vn 0.000000 0.910411 0.413705
vn 0.000000 0.910411 0.413705
vn 1.000000 0.000000 0.000000
vn 1.000000 0.000000 0.000000
vn 1.000000 0.000000 0.000000
vn -0.000000 0.776508 -0.630107
vn -0.000000 0.776508 -0.630107
vn -0.000000 0.776508 -0.630107
vn -1.000000 0.000000 0.000000
vn -1.000000 0.000000 0.000000
vn -1.000000 0.000000 0.000000
vn 1.000000 0.000000 0.000000
vn 1.000000 0.000000 0.000000
vn 1.000000 0.000000 0.000000
vn -1.000000 0.000000 0.000000
vn -1.000000 0.000000 0.000000
vn -1.000000 0.000000 0.000000
vn 1.000000 0.000000 0.000000
vn 1.000000 0.000000 0.000000
vn 1.000000 0.000000 0.000000
vn -0.000000 0.587803 -0.809004
vn -0.000000 0.587803 -0.809004
vn -0.000000 0.587803 -0.809004
vn -0.000000 0.951066 -0.308989
vn -0.000000 0.743185 -0.669086
vn -0.000000 0.743185 -0.669086
vn 0.000000 0.994525 0.104503
vn -0.000000 0.951066 -0.308989
vn -0.000000 0.951066 -0.308989
vn 0.000000 0.866019 0.500011
vn 0.000000 0.994525 0.104503
vn 0.000000 0.994525 0.104503
vn 0.000000 0.587803 0.809004
vn 0.000000 0.866019 0.500011
vn 0.000000 0.866019 0.500011
vn 0.000000 0.207910 0.978148
vn 0.000000 0.587803 0.809004
vn 0.000000 0.587803 0.809004
vn 0.000000 -0.207910 0.978148
vn 0.000000 0.207910 0.978148
vn 0.000000 0.207910 0.978148
vn 0.000000 -0.587803 0.809004
vn 0.000000 -0.207910 0.978148
vn 0.000000 -0.207910 0.978148
vn 0.000000 -0.866019 0.500011
vn 0.000000 -0.587803 0.809004
vn 0.000000 -0.587803 0.809004
vn 0.000000 -0.994525 0.104503
vn 0.000000 -0.866019 0.500011
vn 0.000000 -0.866019 0.500011
vn 0.000000 -0.951066 -0.308989
vn 0.000000 -0.994525 0.104503
vn 0.000000 -0.994525 0.104503
vn 0.000000 -0.743140 -0.669136
vn 0.000000 -0.951066 -0.308989
vn 0.000000 -0.951066 -0.308989
vn 0.000000 -0.406723 -0.913552
vn 0.000000 -0.743140 -0.669136
vn 0.000000 -0.743140 -0.669136
vn 0.000000 0.000000 -1.000000
vn 0.000000 -0.406723 -0.913552
vn 0.000000 -0.406723 -0.913552
vn -0.000000 0.406686 -0.913568
vn 0.000000 0.000000 -1.000000
vn 0.000000 0.000000 -1.000000
vn -1.000000 0.000000 0.000000
vn -1.000000 0.000000 0.000000
vn -1.000000 0.000000 0.000000
vn -1.000000 0.000000 0.000000
vn -1.000000 0.000000 0.000000
vn -1.000000 0.000000 0.000000
vn -1.000000 0.000000 0.000000
vn -1.000000 0.000000 0.000000
vn -1.000000 0.000000 0.000000
vn -1.000000 0.000000 0.000000
vn -1.000000 0.000000 0.000000
vn -1.000000 0.000000 0.000000
vn -1.000000 0.000000 0.000000
vn -1.000000 0.000000 0.000000
vn -1.000000 0.000000 0.000000
vn -1.000000 0.000000 0.000000
vn -1.000000 0.000000 0.000000
vn -1.000000 0.000000 0.000000
vn -1.000000 0.000000 0.000000
vn -1.000000 0.000000 0.000000
vn -1.000000 0.000000 0.000000
vn -1.000000 0.000000 0.000000
vn -1.000000 0.000000 0.000000
vn -1.000000 0.000000 0.000000
vn -1.000000 0.000000 0.000000
vn -1.000000 0.000000 0.000000
vn -1.000000 0.000000 0.000000
vn -1.000000 0.000000 0.000000
vn -1.000000 0.000000 0.000000
vn -1.000000 0.000000 0.000000
vn -1.000000 0.000000 0.000000
vn -1.000000 0.000000 0.000000
vn -1.000000 0.000000 0.000000
vn -1.000000 0.000000 0.000000
vn -1.000000 0.000000 0.000000
vn -1.000000 0.000000 0.000000
vn -1.000000 0.000000 0.000000
vn -1.000000 0.000000 0.000000
vn -1.000000 0.000000 0.000000
vn -1.000000 0.000000 0.000000
vn -1.000000 0.000000 0.000000
vn -1.000000 0.000000 0.000000
vn -1.000000 0.000000 0.000000
vn -1.000000 0.000000 0.000000
vn -1.000000 0.000000 0.000000
vn -0.000000 0.406723 -0.913552
vn 0.000000 0.000000 -1.000000
vn 0.000000 0.000000 -1.000000
vn 0.000000 0.000000 -1.000000
vn 0.000000 -0.406723 -0.913552
vn 0.000000 -0.406723 -0.913552
vn 0.000000 -0.406723 -0.913552
vn 0.000000 -0.743140 -0.669136
vn 0.000000 -0.743140 -0.669136
vn 0.000000 -0.743140 -0.669136
vn 0.000000 -0.951066 -0.308989
vn 0.000000 -0.951066 -0.308989
vn 0.000000 -0.951066 -0.308989
vn 0.000000 -0.994525 0.104503
vn 0.000000 -0.994525 0.104503
vn 0.000000 -0.994525 0.104503
vn 0.000000 -0.866019 0.500011
vn 0.000000 -0.866019 0.500011
vn 0.000000 -0.866019 0.500011
vn 0.000000 -0.587803 0.809004
vn 0.000000 -0.587803 0.809004
vn 0.000000 -0.587803 0.809004
vn 0.000000 -0.207910 0.978148
vn 0.000000 -0.207910 0.978148
vn 0.000000 -0.207910 0.978148
vn 0.000000 0.207910 0.978148
vn 0.000000 0.207910 0.978148
vn 0.000000 0.207910 0.978148
vn 0.000000 0.587803 0.809004
vn 0.000000 0.587803 0.809004
vn 0.000000 0.587803 0.809004
vn 0.000000 0.866019 0.500011
vn 0.000000 0.866019 0.500011
vn 0.000000 0.866019 0.500011
vn 0.000000 0.994525 0.104503
vn 0.000000 0.994525 0.104503
vn 0.000000 0.994525 0.104503
vn -0.000000 0.951066 -0.308989
vn -0.000000 0.951066 -0.308989
vn -0.000000 0.951066 -0.308989
vn -0.000000 0.743140 -0.669136
vn -0.000000 0.743140 -0.669136
vn -0.000000 0.743140 -0.669136
vn -0.000000 0.406723 -0.913552
vn -0.000000 0.406723 -0.913552
vn -1.000000 0.000000 0.000000
vn -1.000000 0.000000 0.000000
vn -1.000000 0.000000 0.000000
vn -1.000000 0.000000 0.000000
vn -1.000000 0.000000 0.000000
vn -1.000000 0.000000 0.000000
vn -1.000000 0.000000 0.000000
vn -1.000000 0.000000 0.000000
vn -1.000000 0.000000 0.000000
vn -1.000000 0.000000 0.000000
vn -1.000000 0.000000 0.000000
vn -1.000000 0.000000 0.000000
vn -1.000000 0.000000 0.000000
vn -1.000000 0.000000 0.000000
vn -1.000000 0.000000 0.000000
vn -1.000000 0.000000 0.000000
vn -1.000000 0.000000 0.000000
vn -1.000000 0.000000 0.000000
vn -1.000000 0.000000 0.000000
vn -1.000000 0.000000 0.000000
vn -1.000000 0.000000 0.000000
vn -1.000000 0.000000 0.000000
vn -1.000000 0.000000 0.000000
vn -1.000000 0.000000 0.000000
vn -1.000000 0.000000 0.000000
vn -1.000000 0.000000 0.000000
vn -1.000000 0.000000 0.000000
vn -1.000000 0.000000 0.000000
vn -1.000000 0.000000 0.000000
vn -1.000000 0.000000 0.000000
vn -1.000000 0.000000 0.000000
vn -1.000000 0.000000 0.000000
vn -1.000000 0.000000 0.000000
vn -1.000000 0.000000 0.000000
vn -1.000000 0.000000 0.000000
vn -1.000000 0.000000 0.000000
vn -1.000000 0.000000 0.000000
vn -1.000000 0.000000 0.000000
vn -1.000000 0.000000 0.000000
vn -1.000000 0.000000 0.000000
vn -1.000000 0.000000 0.000000
vn -1.000000 0.000000 0.000000
vn -1.000000 0.000000 0.000000
vn -1.000000 0.000000 0.000000
vn -1.000000 0.000000 0.000000
vn -0.000000 0.406723 -0.913552
vn -0.000000 0.743140 -0.669136
vn -0.000000 0.743140 -0.669136
vn -0.000000 0.743140 -0.669136
vn -0.000000 0.951066 -0.308989
vn -0.000000 0.951066 -0.308989
vn -0.000000 0.951066 -0.308989
vn 0.000000 0.994525 0.104503
vn 0.000000 0.994525 0.104503
vn 0.000000 0.994525 0.104503
vn 0.000000 0.866019 0.500011
vn 0.000000 0.866019 0.500011
vn 0.000000 0.866019 0.500011
vn 0.000000 0.587803 0.809004
vn 0.000000 0.587803 0.809004
vn 0.000000 0.587803 0.809004
vn 0.000000 0.207910 0.978148
vn 0.000000 0.207910 0.978148
vn 0.000000 0.207910 0.978148
vn 0.000000 -0.207910 0.978148
vn 0.000000 -0.207910 0.978148
vn 0.000000 -0.207910 0.978148
vn 0.000000 -0.587803 0.809004
vn 0.000000 -0.587803 0.809004
vn 0.000000 -0.587803 0.809004
vn 0.000000 -0.866019 0.500011
vn 0.000000 -0.866019 0.500011
vn 0.000000 -0.866019 0.500011
vn 0.000000 -0.994525 0.104503
vn 0.000000 -0.994525 0.104503
vn 0.000000 -0.994525 0.104503
vn 0.000000 -0.951066 -0.308989
vn 0.000000 -0.951066 -0.308989
vn 0.000000 -0.951066 -0.308989
vn 0.000000 -0.743140 -0.669136
vn 0.000000 -0.743140 -0.669136
vn 0.000000 -0.743140 -0.669136
vn 0.000000 -0.406723 -0.913552
vn 0.000000 -0.406723 -0.913552
vn 0.000000 -0.406723 -0.913552
vn 0.000000 0.000000 -1.000000
vn 0.000000 0.000000 -1.000000
vn 0.000000 0.000000 -1.000000
vn -0.000000 0.406723 -0.913552
vn -0.000000 0.406723 -0.913552
vn 1.000000 0.000000 0.000000
vn 1.000000 0.000000 0.000000
vn 1.000000 0.000000 0.000000
vn -1.000000 0.000000 0.000000
vn -1.000000 0.000000 0.000000
vn -1.000000 0.000000 0.000000
vn 1.000000 0.000000 0.000000
vn 1.000000 0.000000 0.000000
vn 1.000000 0.000000 0.000000
vn -1.000000 0.000000 0.000000
vn -1.000000 0.000000 0.000000
vn -1.000000 0.000000 0.000000
vn 1.000000 0.000000 0.000000
vn 1.000000 0.000000 0.000000
vn 1.000000 0.000000 0.000000
vn -1.000000 0.000000 0.000000
vn -1.000000 0.000000 0.000000
vn -1.000000 0.000000 0.000000
vn 1.000000 0.000000 0.000000
vn 1.000000 0.000000 0.000000
vn 1.000000 0.000000 0.000000
vn -1.000000 0.000000 0.000000
vn -1.000000 0.000000 0.000000
vn -1.000000 0.000000 0.000000
vn 1.000000 0.000000 0.000000
vn 1.000000 0.000000 0.000000
vn 1.000000 0.000000 0.000000
vn -1.000000 0.000000 0.000000
vn -1.000000 0.000000 0.000000
vn -1.000000 0.000000 0.000000
vn 1.000000 0.000000 0.000000
vn 1.000000 0.000000 0.000000
vn 1.000000 0.000000 0.000000
vn -1.000000 0.000000 0.000000
vn -1.000000 0.000000 0.000000
vn -1.000000 0.000000 0.000000
vn 1.000000 0.000000 0.000000
vn 1.000000 0.000000 0.000000
vn 1.000000 0.000000 0.000000
vn -1.000000 0.000000 0.000000
vn -1.000000 0.000000 0.000000
vn -1.000000 0.000000 0.000000
vn 1.000000 0.000000 0.000000
vn 1.000000 0.000000 0.000000
vn 1.000000 0.000000 0.000000
vn -1.000000 0.000000 0.000000
vn -1.000000 0.000000 0.000000
vn -1.000000 0.000000 0.000000
vn 1.000000 0.000000 0.000000
vn 1.000000 0.000000 0.000000
vn 1.000000 0.000000 0.000000
vn -1.000000 0.000000 0.000000
vn -1.000000 0.000000 0.000000
vn -1.000000 0.000000 0.000000
vn 1.000000 0.000000 0.000000
vn 1.000000 0.000000 0.000000
vn 1.000000 0.000000 0.000000
vn -1.000000 0.000000 0.000000
vn -1.000000 0.000000 0.000000
vn -1.000000 0.000000 0.000000
vn 1.000000 0.000000 0.000000
vn 1.000000 0.000000 0.000000
vn 1.000000 0.000000 0.000000
vn -1.000000 0.000000 0.000000
vn -1.000000 0.000000 0.000000
vn -1.000000 0.000000 0.000000
vn 1.000000 0.000000 0.000000
vn 1.000000 0.000000 0.000000
vn 1.000000 0.000000 0.000000
vn -1.000000 0.000000 0.000000
vn -1.000000 0.000000 0.000000
vn -1.000000 0.000000 0.000000
vn 1.000000 0.000000 0.000000
vn 1.000000 0.000000 0.000000
vn 1.000000 0.000000 0.000000
vn -1.000000 0.000000 0.000000
vn -1.000000 0.000000 0.000000
vn -1.000000 0.000000 0.000000
vn 1.000000 0.000000 0.000000
vn 1.000000 0.000000 0.000000
vn 1.000000 0.000000 0.000000
vn -1.000000 0.000000 0.000000
vn -1.000000 0.000000 0.000000
vn -1.000000 0.000000 0.000000
vn 1.000000 0.000000 0.000000
vn 1.000000 0.000000 0.000000
vn 1.000000 0.000000 0.000000
vn -1.000000 0.000000 0.000000
vn -1.000000 0.000000 0.000000
vn -1.000000 0.000000 0.000000
vn -0.000000 0.406723 -0.913552
vn -0.000000 0.743140 -0.669136
vn -0.000000 0.406723 -0.913552
vn -0.000000 0.743140 -0.669136
vn -0.000000 0.951066 -0.308989
vn -0.000000 0.743140 -0.669136
vn -0.000000 0.951066 -0.308989
vn 0.000000 0.994525 0.104503
vn -0.000000 0.951066 -0.308989
vn 0.000000 0.994525 0.104503
vn 0.000000 0.866019 0.500011
vn 0.000000 0.994525 0.104503
vn 0.000000 0.866019 0.500011
vn 0.000000 0.587803 0.809004
vn 0.000000 0.866019 0.500011
vn 0.000000 0.587803 0.809004
vn 0.000000 0.207910 0.978148
vn 0.000000 0.587803 0.809004
vn 0.000000 0.207910 0.978148
vn 0.000000 -0.207910 0.978148
vn 0.000000 0.207910 0.978148
vn 0.000000 -0.207910 0.978148
vn 0.000000 -0.587803 0.809004
vn 0.000000 -0.207910 0.978148
vn 0.000000 -0.587803 0.809004
vn 0.000000 -0.866019 0.500011
vn 0.000000 -0.587803 0.809004
vn 0.000000 -0.866019 0.500011
vn 0.000000 -0.994525 0.104503
vn 0.000000 -0.866019 0.500011
vn 0.000000 -0.994525 0.104503
vn 0.000000 -0.951066 -0.308989
vn 0.000000 -0.994525 0.104503
vn 0.000000 -0.951066 -0.308989
vn 0.000000 -0.743140 -0.669136
vn 0.000000 -0.951066 -0.308989
vn 0.000000 -0.743140 -0.669136
vn 0.000000 -0.406723 -0.913552
vn 0.000000 -0.743140 -0.669136
vn 0.000000 -0.406723 -0.913552
vn 0.000000 0.000000 -1.000000
vn 0.000000 -0.406723 -0.913552
vn 0.000000 0.000000 -1.000000
vn -0.000000 0.406723 -0.913552
vn 0.000000 0.000000 -1.000000
vn 1.000000 0.000000 0.000000
vn 1.000000 0.000000 0.000000
vn 1.000000 0.000000 0.000000
vn 1.000000 0.000000 0.000000
vn 1.000000 0.000000 0.000000
vn 1.000000 0.000000 0.000000
vn 1.000000 0.000000 0.000000
vn 1.000000 0.000000 0.000000
vn 1.000000 0.000000 0.000000
vn 1.000000 0.000000 0.000000
vn 1.000000 0.000000 0.000000
vn 1.000000 0.000000 0.000000
vn 1.000000 0.000000 0.000000
vn 1.000000 0.000000 0.000000
vn 1.000000 0.000000 0.000000
vn 1.000000 0.000000 0.000000
vn 1.000000 0.000000 0.000000
vn 1.000000 0.000000 0.000000
vn 1.000000 0.000000 0.000000
vn 1.000000 0.000000 0.000000
vn 1.000000 0.000000 0.000000
vn 1.000000 0.000000 0.000000
vn 1.000000 0.000000 0.000000
vn 1.000000 0.000000 0.000000
vn 1.000000 0.000000 0.000000
vn 1.000000 0.000000 0.000000
vn 1.000000 0.000000 0.000000
vn 1.000000 0.000000 0.000000
vn 1.000000 0.000000 0.000000
vn 1.000000 0.000000 0.000000
vn 1.000000 0.000000 0.000000
vn 1.000000 0.000000 0.000000
vn 1.000000 0.000000 0.000000
vn 1.000000 0.000000 0.000000
vn 1.000000 0.000000 0.000000
vn 1.000000 0.000000 0.000000
vn 1.000000 0.000000 0.000000
vn 1.000000 0.000000 0.000000
vn 1.000000 0.000000 0.000000
vn 1.000000 0.000000 0.000000
vn 1.000000 0.000000 0.000000
vn 1.000000 0.000000 0.000000
vn 1.000000 0.000000 0.000000
vn 1.000000 0.000000 0.000000
vn 1.000000 0.000000 0.000000
vn 0.000000 0.000000 -1.000000
vn -0.000000 0.406723 -0.913552
vn 0.000000 0.000000 -1.000000
vn 0.000000 -0.406723 -0.913552
vn 0.000000 0.000000 -1.000000
vn 0.000000 -0.406723 -0.913552
vn 0.000000 -0.743140 -0.669136
vn 0.000000 -0.406723 -0.913552
vn 0.000000 -0.743140 -0.669136
vn 0.000000 -0.951066 -0.308989
vn 0.000000 -0.743140 -0.669136
vn 0.000000 -0.951066 -0.308989
vn 0.000000 -0.994525 0.104503
vn 0.000000 -0.951066 -0.308989
vn 0.000000 -0.994525 0.104503
vn 0.000000 -0.866019 0.500011
vn 0.000000 -0.994525 0.104503
vn 0.000000 -0.866019 0.500011
vn 0.000000 -0.587803 0.809004
vn 0.000000 -0.866019 0.500011
vn 0.000000 -0.587803 0.809004
vn 0.000000 -0.207910 0.978148
vn 0.000000 -0.587803 0.809004
vn 0.000000 -0.207910 0.978148
vn 0.000000 0.207910 0.978148
vn 0.000000 -0.207910 0.978148
vn 0.000000 0.207910 0.978148
vn 0.000000 0.587803 0.809004
vn 0.000000 0.207910 0.978148
vn 0.000000 0.587803 0.809004
vn 0.000000 0.866019 0.500011
vn 0.000000 0.587803 0.809004
vn 0.000000 0.866019 0.500011
vn 0.000000 0.994525 0.104503
vn 0.000000 0.866019 0.500011
vn 0.000000 0.994525 0.104503
vn -0.000000 0.951066 -0.308989
vn 0.000000 0.994525 0.104503
vn -0.000000 0.951066 -0.308989
vn -0.000000 0.743140 -0.669136
vn -0.000000 0.951066 -0.308989
vn -0.000000 0.743140 -0.669136
vn -0.000000 0.406723 -0.913552
vn -0.000000 0.743140 -0.669136
vn -0.000000 0.406723 -0.913552
vn 1.000000 0.000000 0.000000
vn 1.000000 0.000000 0.000000
vn 1.000000 0.000000 0.000000
vn 1.000000 0.000000 0.000000
vn 1.000000 0.000000 0.000000
vn 1.000000 0.000000 0.000000
vn 1.000000 0.000000 0.000000
vn 1.000000 0.000000 0.000000
vn 1.000000 0.000000 0.000000
vn 1.000000 0.000000 0.000000
vn 1.000000 0.000000 0.000000
vn 1.000000 0.000000 0.000000
vn 1.000000 0.000000 0.000000
vn 1.000000 0.000000 0.000000
vn 1.000000 0.000000 0.000000
vn 1.000000 0.000000 0.000000
vn 1.000000 0.000000 0.000000
vn 1.000000 0.000000 0.000000
vn 1.000000 0.000000 0.000000
vn 1.000000 0.000000 0.000000
vn 1.000000 0.000000 0.000000
vn 1.000000 0.000000 0.000000
vn 1.000000 0.000000 0.000000
vn 1.000000 0.000000 0.000000
vn 1.000000 0.000000 0.000000
vn 1.000000 0.000000 0.000000
vn 1.000000 0.000000 0.000000
vn 1.000000 0.000000 0.000000
vn 1.000000 0.000000 0.000000
vn 1.000000 0.000000 0.000000
vn 1.000000 0.000000 0.000000
vn 1.000000 0.000000 0.000000
vn 1.000000 0.000000 0.000000
vn 1.000000 0.000000 0.000000
vn 1.000000 0.000000 0.000000
vn 1.000000 0.000000 0.000000
vn 1.000000 0.000000 0.000000
vn 1.000000 0.000000 0.000000
vn 1.000000 0.000000 0.000000
vn 1.000000 0.000000 0.000000
vn 1.000000 0.000000 0.000000
vn 1.000000 0.000000 0.000000
vn 1.000000 0.000000 0.000000
vn 1.000000 0.000000 0.000000
vn 1.000000 0.000000 0.000000
vn -0.000000 0.743140 -0.669136
vn -0.000000 0.406723 -0.913552
vn -0.000000 0.743140 -0.669136
vn -0.000000 0.951066 -0.308989
vn -0.000000 0.743140 -0.669136
vn -0.000000 0.951066 -0.308989
vn 0.000000 0.994525 0.104503
vn -0.000000 0.951066 -0.308989
vn 0.000000 0.994525 0.104503
vn 0.000000 0.866019 0.500011
vn 0.000000 0.994525 0.104503
vn 0.000000 0.866019 0.500011
vn 0.000000 0.587803 0.809004
vn 0.000000 0.866019 0.500011
vn 0.000000 0.587803 0.809004
vn 0.000000 0.207910 0.978148
vn 0.000000 0.587803 0.809004
vn 0.000000 0.207910 0.978148
vn 0.000000 -0.207910 0.978148
vn 0.000000 0.207910 0.978148
vn 0.000000 -0.207910 0.978148
vn 0.000000 -0.587803 0.809004
vn 0.000000 -0.207910 0.978148
vn 0.000000 -0.587803 0.809004
vn 0.000000 -0.866019 0.500011
vn 0.000000 -0.587803 0.809004
vn 0.000000 -0.866019 0.500011
vn 0.000000 -0.994525 0.104503
vn 0.000000 -0.866019 0.500011
vn 0.000000 -0.994525 0.104503
vn 0.000000 -0.951066 -0.308989
vn 0.000000 -0.994525 0.104503
vn 0.000000 -0.951066 -0.308989
vn 0.000000 -0.743140 -0.669136
vn 0.000000 -0.951066 -0.308989
vn 0.000000 -0.743140 -0.669136
vn 0.000000 -0.406723 -0.913552
vn 0.000000 -0.743140 -0.669136
vn 0.000000 -0.406723 -0.913552
vn 0.000000 0.000000 -1.000000
vn 0.000000 -0.406723 -0.913552
vn 0.000000 0.000000 -1.000000
vn -0.000000 0.406723 -0.913552
vn 0.000000 0.000000 -1.000000
vn -0.000000 0.406723 -0.913552
vn -1.000000 0.000000 0.000000
vn -1.000000 0.000000 0.000000
vn -1.000000 0.000000 0.000000
vn 1.000000 0.000000 0.000000
vn 1.000000 0.000000 0.000000
vn 1.000000 0.000000 0.000000
vn -1.000000 0.000000 0.000000
vn -1.000000 0.000000 0.000000
vn -1.000000 0.000000 0.000000
vn 1.000000 0.000000 0.000000
vn 1.000000 0.000000 0.000000
vn 1.000000 0.000000 0.000000
vn -1.000000 0.000000 0.000000
vn -1.000000 0.000000 0.000000
vn -1.000000 0.000000 0.000000
vn 1.000000 0.000000 0.000000
vn 1.000000 0.000000 0.000000
vn 1.000000 0.000000 0.000000
vn -1.000000 0.000000 0.000000
vn -1.000000 0.000000 0.000000
vn -1.000000 0.000000 0.000000
vn 1.000000 0.000000 0.000000
vn 1.000000 0.000000 0.000000
vn 1.000000 0.000000 0.000000
vn -1.000000 0.000000 0.000000
vn -1.000000 0.000000 0.000000
vn -1.000000 0.000000 0.000000
vn 1.000000 0.000000 0.000000
vn 1.000000 0.000000 0.000000
vn 1.000000 0.000000 0.000000
vn -1.000000 0.000000 0.000000
vn -1.000000 0.000000 0.000000
vn -1.000000 0.000000 0.000000
vn 1.000000 0.000000 0.000000
vn 1.000000 0.000000 0.000000
vn 1.000000 0.000000 0.000000
vn -1.000000 0.000000 0.000000
vn -1.000000 0.000000 0.000000
vn -1.000000 0.000000 0.000000
vn 1.000000 0.000000 0.000000
vn 1.000000 0.000000 0.000000
vn 1.000000 0.000000 0.000000
vn -1.000000 0.000000 0.000000
vn -1.000000 0.000000 0.000000
vn -1.000000 0.000000 0.000000
vn 1.000000 0.000000 0.000000
vn 1.000000 0.000000 0.000000
vn 1.000000 0.000000 0.000000
vn -1.000000 0.000000 0.000000
vn -1.000000 0.000000 0.000000
vn -1.000000 0.000000 0.000000
vn 1.000000 0.000000 0.000000
vn 1.000000 0.000000 0.000000
vn 1.000000 0.000000 0.000000
vn -1.000000 0.000000 0.000000
vn -1.000000 0.000000 0.000000
vn -1.000000 0.000000 0.000000
vn 1.000000 0.000000 0.000000
vn 1.000000 0.000000 0.000000
vn 1.000000 0.000000 0.000000
vn -1.000000 0.000000 0.000000
vn -1.000000 0.000000 0.000000
vn -1.000000 0.000000 0.000000
vn 1.000000 0.000000 0.000000
vn 1.000000 0.000000 0.000000
vn 1.000000 0.000000 0.000000
vn -1.000000 0.000000 0.000000
vn -1.000000 0.000000 0.000000
vn -1.000000 0.000000 0.000000
vn 1.000000 0.000000 0.000000
vn 1.000000 0.000000 0.000000
vn 1.000000 0.000000 0.000000
vn -1.000000 0.000000 0.000000
vn -1.000000 0.000000 0.000000
vn -1.000000 0.000000 0.000000
vn 1.000000 0.000000 0.000000
vn 1.000000 0.000000 0.000000
vn 1.000000 0.000000 0.000000
vn -1.000000 0.000000 0.000000
vn -1.000000 0.000000 0.000000
vn -1.000000 0.000000 0.000000
vn 1.000000 0.000000 0.000000
vn 1.000000 0.000000 0.000000
vn 1.000000 0.000000 0.000000
vn -1.000000 0.000000 0.000000
vn -1.000000 0.000000 0.000000
vn -1.000000 0.000000 0.000000
vn 1.000000 0.000000 0.000000
vn 1.000000 0.000000 0.000000
vn 1.000000 0.000000 0.000000
vn -0.000000 0.587803 -0.809004
vn -0.000000 0.587803 -0.809004
vn -0.000000 0.587803 -0.809004
vn -0.000000 0.951066 -0.308989
vn -0.000000 0.743185 -0.669086
vn -0.000000 0.743185 -0.669086
vn 0.000000 0.994525 0.104503
vn -0.000000 0.951066 -0.308989
vn -0.000000 0.951066 -0.308989
vn 0.000000 0.866019 0.500011
vn 0.000000 0.994525 0.104503
vn 0.000000 0.994525 0.104503
vn 0.000000 0.587803 0.809004
vn 0.000000 0.866019 0.500011
vn 0.000000 0.866019 0.500011
vn 0.000000 0.207910 0.978148
vn 0.000000 0.587803 0.809004
vn 0.000000 0.587803 0.809004
vn 0.000000 -0.207910 0.978148
vn 0.000000 0.207910 0.978148
vn 0.000000 0.207910 0.978148
vn 0.000000 -0.587803 0.809004
vn 0.000000 -0.207910 0.978148
vn 0.000000 -0.207910 0.978148
vn 0.000000 -0.866019 0.500011
vn 0.000000 -0.587803 0.809004
vn 0.000000 -0.587803 0.809004
vn 0.000000 -0.994525 0.104503
vn 0.000000 -0.866019 0.500011
vn 0.000000 -0.866019 0.500011
vn 0.000000 -0.951066 -0.308989
vn 0.000000 -0.994525 0.104503
vn 0.000000 -0.994525 0.104503
vn 0.000000 -0.743140 -0.669136
vn 0.000000 -0.951066 -0.308989
vn 0.000000 -0.951066 -0.308989
vn 0.000000 -0.406723 -0.913552
vn 0.000000 -0.743140 -0.669136
vn 0.000000 -0.743140 -0.669136
vn 0.000000 0.000000 -1.000000
vn 0.000000 -0.406723 -0.913552
vn 0.000000 -0.406723 -0.913552
vn -0.000000 0.406686 -0.913568
vn 0.000000 0.000000 -1.000000
vn 0.000000 0.000000 -1.000000
vn -1.000000 0.000000 0.000000
vn -1.000000 0.000000 0.000000
vn -1.000000 0.000000 0.000000
vn -1.000000 0.000000 0.000000
vn -1.000000 0.000000 0.000000
vn -1.000000 0.000000 0.000000
vn -1.000000 0.000000 0.000000
vn -1.000000 0.000000 0.000000
vn -1.000000 0.000000 0.000000
vn -1.000000 0.000000 0.000000
vn -1.000000 0.000000 0.000000
vn -1.000000 0.000000 0.000000
vn -1.000000 0.000000 0.000000
vn -1.000000 0.000000 0.000000
vn -1.000000 0.000000 0.000000
vn -1.000000 0.000000 0.000000
vn -1.000000 0.000000 0.000000
vn -1.000000 0.000000 0.000000
vn -1.000000 0.000000 0.000000
vn -1.000000 0.000000 0.000000
vn -1.000000 0.000000 0.000000
vn -1.000000 0.000000 0.000000
vn -1.000000 0.000000 0.000000
vn -1.000000 0.000000 0.000000
vn -1.000000 0.000000 0.000000
vn -1.000000 0.000000 0.000000
vn -1.000000 0.000000 0.000000
vn -1.000000 0.000000 0.000000
vn -1.000000 0.000000 0.000000
vn -1.000000 0.000000 0.000000
vn -1.000000 0.000000 0.000000
vn -1.000000 0.000000 0.000000
vn -1.000000 0.000000 0.000000
vn -1.000000 0.000000 0.000000
vn -1.000000 0.000000 0.000000
vn -1.000000 0.000000 0.000000
vn -1.000000 0.000000 0.000000
vn -1.000000 0.000000 0.000000
vn -1.000000 0.000000 0.000000
vn -1.000000 0.000000 0.000000
vn -1.000000 0.000000 0.000000
vn -1.000000 0.000000 0.000000
vn -1.000000 0.000000 0.000000
vn -1.000000 0.000000 0.000000
vn -1.000000 0.000000 0.000000
vn -0.000000 0.406723 -0.913552
vn 0.000000 0.000000 -1.000000
vn 0.000000 0.000000 -1.000000
vn 0.000000 0.000000 -1.000000
vn 0.000000 -0.406723 -0.913552
vn 0.000000 -0.406723 -0.913552
vn 0.000000 -0.406723 -0.913552
vn 0.000000 -0.743140 -0.669136
vn 0.000000 -0.743140 -0.669136
vn 0.000000 -0.743140 -0.669136
vn 0.000000 -0.951066 -0.308989
vn 0.000000 -0.951066 -0.308989
vn 0.000000 -0.951066 -0.308989
vn 0.000000 -0.994525 0.104503
vn 0.000000 -0.994525 0.104503
vn 0.000000 -0.994525 0.104503
vn 0.000000 -0.866019 0.500011
vn 0.000000 -0.866019 0.500011
vn 0.000000 -0.866019 0.500011
vn 0.000000 -0.587803 0.809004
vn 0.000000 -0.587803 0.809004
vn 0.000000 -0.587803 0.809004
vn 0.000000 -0.207910 0.978148
vn 0.000000 -0.207910 0.978148
vn 0.000000 -0.207910 0.978148
vn 0.000000 0.207910 0.978148
vn 0.000000 0.207910 0.978148
vn 0.000000 0.207910 0.978148
vn 0.000000 0.587803 0.809004
vn 0.000000 0.587803 0.809004
vn 0.000000 0.587803 0.809004
vn 0.000000 0.866019 0.500011
vn 0.000000 0.866019 0.500011
vn 0.000000 0.866019 0.500011
vn 0.000000 0.994525 0.104503
vn 0.000000 0.994525 0.104503
vn 0.000000 0.994525 0.104503
vn -0.000000 0.951066 -0.308989
vn -0.000000 0.951066 -0.308989
vn -0.000000 0.951066 -0.308989
vn -0.000000 0.743140 -0.669136
vn -0.000000 0.743140 -0.669136
vn -0.000000 0.743140 -0.669136
vn -0.000000 0.406723 -0.913552
vn -0.000000 0.406723 -0.913552
vn -1.000000 0.000000 0.000000
vn -1.000000 0.000000 0.000000
vn -1.000000 0.000000 0.000000
vn -1.000000 0.000000 0.000000
vn -1.000000 0.000000 0.000000
vn -1.000000 0.000000 0.000000
vn -1.000000 0.000000 0.000000
vn -1.000000 0.000000 0.000000
vn -1.000000 0.000000 0.000000
vn -1.000000 0.000000 0.000000
vn -1.000000 0.000000 0.000000
vn -1.000000 0.000000 0.000000
vn -1.000000 0.000000 0.000000
vn -1.000000 0.000000 0.000000
vn -1.000000 0.000000 0.000000
vn -1.000000 0.000000 0.000000
vn -1.000000 0.000000 0.000000
vn -1.000000 0.000000 0.000000
vn -1.000000 0.000000 0.000000
vn -1.000000 0.000000 0.000000
vn -1.000000 0.000000 0.000000
vn -1.000000 0.000000 0.000000
vn -1.000000 0.000000 0.000000
vn -1.000000 0.000000 0.000000
vn -1.000000 0.000000 0.000000
vn -1.000000 0.000000 0.000000
vn -1.000000 0.000000 0.000000
vn -1.000000 0.000000 0.000000
vn -1.000000 0.000000 0.000000
vn -1.000000 0.000000 0.000000
vn -1.000000 0.000000 0.000000
vn -1.000000 0.000000 0.000000
vn -1.000000 0.000000 0.000000
vn -1.000000 0.000000 0.000000
vn -1.000000 0.000000 0.000000
vn -1.000000 0.000000 0.000000
vn -1.000000 0.000000 0.000000
vn -1.000000 0.000000 0.000000
vn -1.000000 0.000000 0.000000
vn -1.000000 0.000000 0.000000
vn -1.000000 0.000000 0.000000
vn -1.000000 0.000000 0.000000
vn -1.000000 0.000000 0.000000
vn -1.000000 0.000000 0.000000
vn -1.000000 0.000000 0.000000
vn -0.000000 0.406723 -0.913552
vn -0.000000 0.743140 -0.669136
vn -0.000000 0.743140 -0.669136
vn -0.000000 0.743140 -0.669136
vn -0.000000 0.951066 -0.308989
vn -0.000000 0.951066 -0.308989
vn -0.000000 0.951066 -0.308989
vn 0.000000 0.994525 0.104503
vn 0.000000 0.994525 0.104503
vn 0.000000 0.994525 0.104503
vn 0.000000 0.866019 0.500011
vn 0.000000 0.866019 0.500011
vn 0.000000 0.866019 0.500011
vn 0.000000 0.587803 0.809004
vn 0.000000 0.587803 0.809004
vn 0.000000 0.587803 0.809004
vn 0.000000 0.207910 0.978148
vn 0.000000 0.207910 0.978148
vn 0.000000 0.207910 0.978148
vn 0.000000 -0.207910 0.978148
vn 0.000000 -0.207910 0.978148
vn 0.000000 -0.207910 0.978148
vn 0.000000 -0.587803 0.809004
vn 0.000000 -0.587803 0.809004
vn 0.000000 -0.587803 0.809004
vn 0.000000 -0.866019 0.500011
vn 0.000000 -0.866019 0.500011
vn 0.000000 -0.866019 0.500011
vn 0.000000 -0.994525 0.104503
vn 0.000000 -0.994525 0.104503
vn 0.000000 -0.994525 0.104503
vn 0.000000 -0.951066 -0.308989
vn 0.000000 -0.951066 -0.308989
vn 0.000000 -0.951066 -0.308989
vn 0.000000 -0.743140 -0.669136
vn 0.000000 -0.743140 -0.669136
vn 0.000000 -0.743140 -0.669136
vn 0.000000 -0.406723 -0.913552
vn 0.000000 -0.406723 -0.913552
vn 0.000000 -0.406723 -0.913552
vn 0.000000 0.000000 -1.000000
vn 0.000000 0.000000 -1.000000
vn 0.000000 0.000000 -1.000000
vn -0.000000 0.406723 -0.913552
vn -0.000000 0.406723 -0.913552
vn 1.000000 0.000000 0.000000
vn 1.000000 0.000000 0.000000
vn 1.000000 0.000000 0.000000
vn -1.000000 0.000000 0.000000
vn -1.000000 0.000000 0.000000
vn -1.000000 0.000000 0.000000
vn 1.000000 0.000000 0.000000
vn 1.000000 0.000000 0.000000
vn 1.000000 0.000000 0.000000
vn -1.000000 0.000000 0.000000
vn -1.000000 0.000000 0.000000
vn -1.000000 0.000000 0.000000
vn 1.000000 0.000000 0.000000
vn 1.000000 0.000000 0.000000
vn 1.000000 0.000000 0.000000
vn -1.000000 0.000000 0.000000
vn -1.000000 0.000000 0.000000
vn -1.000000 0.000000 0.000000
vn 1.000000 0.000000 0.000000
vn 1.000000 0.000000 0.000000
vn 1.000000 0.000000 0.000000
vn -1.000000 0.000000 0.000000
vn -1.000000 0.000000 0.000000
vn -1.000000 0.000000 0.000000
vn 1.000000 0.000000 0.000000
vn 1.000000 0.000000 0.000000
vn 1.000000 0.000000 0.000000
vn -1.000000 0.000000 0.000000
vn -1.000000 0.000000 0.000000
vn -1.000000 0.000000 0.000000
vn 1.000000 0.000000 0.000000
vn 1.000000 0.000000 0.000000
vn 1.000000 0.000000 0.000000
vn -1.000000 0.000000 0.000000
vn -1.000000 0.000000 0.000000
vn -1.000000 0.000000 0.000000
vn 1.000000 0.000000 0.000000
vn 1.000000 0.000000 0.000000
vn 1.000000 0.000000 0.000000
vn -1.000000 0.000000 0.000000
vn -1.000000 0.000000 0.000000
vn -1.000000 0.000000 0.000000
vn 1.000000 0.000000 0.000000
vn 1.000000 0.000000 0.000000
vn 1.000000 0.000000 0.000000
vn -1.000000 0.000000 0.000000
vn -1.000000 0.000000 0.000000
vn -1.000000 0.000000 0.000000
vn 1.000000 0.000000 0.000000
vn 1.000000 0.000000 0.000000
vn 1.000000 0.000000 0.000000
vn -1.000000 0.000000 0.000000
vn -1.000000 0.000000 0.000000
vn -1.000000 0.000000 0.000000
vn 1.000000 0.000000 0.000000
vn 1.000000 0.000000 0.000000
vn 1.000000 0.000000 0.000000
vn -1.000000 0.000000 0.000000
vn -1.000000 0.000000 0.000000
vn -1.000000 0.000000 0.000000
vn 1.000000 0.000000 0.000000
vn 1.000000 0.000000 0.000000
vn 1.000000 0.000000 0.000000
vn -1.000000 0.000000 0.000000
vn -1.000000 0.000000 0.000000
vn -1.000000 0.000000 0.000000
vn 1.000000 0.000000 0.000000
vn 1.000000 0.000000 0.000000
vn 1.000000 0.000000 0.000000
vn -1.000000 0.000000 0.000000
vn -1.000000 0.000000 0.000000
vn -1.000000 0.000000 0.000000
vn 1.000000 0.000000 0.000000
vn 1.000000 0.000000 0.000000
vn 1.000000 0.000000 0.000000
vn -1.000000 0.000000 0.000000
vn -1.000000 0.000000 0.000000
vn -1.000000 0.000000 0.000000
vn 1.000000 0.000000 0.000000
vn 1.000000 0.000000 0.000000
vn 1.000000 0.000000 0.000000
vn -1.000000 0.000000 0.000000
vn -1.000000 0.000000 0.000000
vn -1.000000 0.000000 0.000000
vn 1.000000 0.000000 0.000000
vn 1.000000 0.000000 0.000000
vn 1.000000 0.000000 0.000000
vn -1.000000 0.000000 0.000000
vn -1.000000 0.000000 0.000000
vn -1.000000 0.000000 0.000000
vn -0.000000 0.406723 -0.913552
vn -0.000000 0.743140 -0.669136
vn -0.000000 0.406723 -0.913552
vn -0.000000 0.743140 -0.669136
vn -0.000000 0.951066 -0.308989
vn -0.000000 0.743140 -0.669136
vn -0.000000 0.951066 -0.308989
vn 0.000000 0.994525 0.104503
vn -0.000000 0.951066 -0.308989
vn 0.000000 0.994525 0.104503
vn 0.000000 0.866019 0.500011
vn 0.000000 0.994525 0.104503
vn 0.000000 0.866019 0.500011
vn 0.000000 0.587803 0.809004
vn 0.000000 0.866019 0.500011
vn 0.000000 0.587803 0.809004
vn 0.000000 0.207910 0.978148
vn 0.000000 0.587803 0.809004
vn 0.000000 0.207910 0.978148
vn 0.000000 -0.207910 0.978148
vn 0.000000 0.207910 0.978148
vn 0.000000 -0.207910 0.978148
vn 0.000000 -0.587803 0.809004
vn 0.000000 -0.207910 0.978148
vn 0.000000 -0.587803 0.809004
vn 0.000000 -0.866019 0.500011
vn 0.000000 -0.587803 0.809004
vn 0.000000 -0.866019 0.500011
vn 0.000000 -0.994525 0.104503
vn 0.000000 -0.866019 0.500011
vn 0.000000 -0.994525 0.104503
vn 0.000000 -0.951066 -0.308989
vn 0.000000 -0.994525 0.104503
vn 0.000000 -0.951066 -0.308989
vn 0.000000 -0.743140 -0.669136
vn 0.000000 -0.951066 -0.308989
vn 0.000000 -0.743140 -0.669136
vn 0.000000 -0.406723 -0.913552
vn 0.000000 -0.743140 -0.669136
vn 0.000000 -0.406723 -0.913552
vn 0.000000 0.000000 -1.000000
vn 0.000000 -0.406723 -0.913552
vn 0.000000 0.000000 -1.000000
vn -0.000000 0.406723 -0.913552
vn 0.000000 0.000000 -1.000000
vn 1.000000 0.000000 0.000000
vn 1.000000 0.000000 0.000000
vn 1.000000 0.000000 0.000000
vn 1.000000 0.000000 0.000000
vn 1.000000 0.000000 0.000000
vn 1.000000 0.000000 0.000000
vn 1.000000 0.000000 0.000000
vn 1.000000 0.000000 0.000000
vn 1.000000 0.000000 0.000000
vn 1.000000 0.000000 0.000000
vn 1.000000 0.000000 0.000000
vn 1.000000 0.000000 0.000000
vn 1.000000 0.000000 0.000000
vn 1.000000 0.000000 0.000000
vn 1.000000 0.000000 0.000000
vn 1.000000 0.000000 0.000000
vn 1.000000 0.000000 0.000000
vn 1.000000 0.000000 0.000000
vn 1.000000 0.000000 0.000000
vn 1.000000 0.000000 0.000000
vn 1.000000 0.000000 0.000000
vn 1.000000 0.000000 0.000000
vn 1.000000 0.000000 0.000000
vn 1.000000 0.000000 0.000000
vn 1.000000 0.000000 0.000000
vn 1.000000 0.000000 0.000000
vn 1.000000 0.000000 0.000000
vn 1.000000 0.000000 0.000000
vn 1.000000 0.000000 0.000000
vn 1.000000 0.000000 0.000000
vn 1.000000 0.000000 0.000000
vn 1.000000 0.000000 0.000000
vn 1.000000 0.000000 0.000000
vn 1.000000 0.000000 0.000000
vn 1.000000 0.000000 0.000000
vn 1.000000 0.000000 0.000000
vn 1.000000 0.000000 0.000000
vn 1.000000 0.000000 0.000000
vn 1.000000 0.000000 0.000000
vn 1.000000 0.000000 0.000000
vn 1.000000 0.000000 0.000000
vn 1.000000 0.000000 0.000000
vn 1.000000 0.000000 0.000000
vn 1.000000 0.000000 0.000000
vn 1.000000 0.000000 0.000000
vn 0.000000 0.000000 -1.000000
vn -0.000000 0.406723 -0.913552
vn 0.000000 0.000000 -1.000000
vn 0.000000 -0.406723 -0.913552
vn 0.000000 0.000000 -1.000000
vn 0.000000 -0.406723 -0.913552
vn 0.000000 -0.743140 -0.669136
vn 0.000000 -0.406723 -0.913552
vn 0.000000 -0.743140 -0.669136
vn 0.000000 -0.951066 -0.308989
vn 0.000000 -0.743140 -0.669136
vn 0.000000 -0.951066 -0.308989
vn 0.000000 -0.994525 0.104503
vn 0.000000 -0.951066 -0.308989
vn 0.000000 -0.994525 0.104503
vn 0.000000 -0.866019 0.500011
vn 0.000000 -0.994525 0.104503
vn 0.000000 -0.866019 0.500011
vn 0.000000 -0.587803 0.809004
vn 0.000000 -0.866019 0.500011
vn 0.000000 -0.587803 0.809004
vn 0.000000 -0.207910 0.978148
vn 0.000000 -0.587803 0.809004
vn 0.000000 -0.207910 0.978148
vn 0.000000 0.207910 0.978148
vn 0.000000 -0.207910 0.978148
vn 0.000000 0.207910 0.978148
vn 0.000000 0.587803 0.809004
vn 0.000000 0.207910 0.978148
vn 0.000000 0.587803 0.809004
vn 0.000000 0.866019 0.500011
vn 0.000000 0.587803 0.809004
vn 0.000000 0.866019 0.500011
vn 0.000000 0.994525 0.104503
vn 0.000000 0.866019 0.500011
vn 0.000000 0.994525 0.104503
vn -0.000000 0.951066 -0.308989
vn 0.000000 0.994525 0.104503
vn -0.000000 0.951066 -0.308989
vn -0.000000 0.743140 -0.669136
vn -0.000000 0.951066 -0.308989
vn -0.000000 0.743140 -0.669136
vn -0.000000 0.406723 -0.913552
vn -0.000000 0.743140 -0.669136
vn -0.000000 0.406723 -0.913552
vn 1.000000 0.000000 0.000000
vn 1.000000 0.000000 0.000000
vn 1.000000 0.000000 0.000000
vn 1.000000 0.000000 0.000000
vn 1.000000 0.000000 0.000000
vn 1.000000 0.000000 0.000000
vn 1.000000 0.000000 0.000000
vn 1.000000 0.000000 0.000000
vn 1.000000 0.000000 0.000000
vn 1.000000 0.000000 0.000000
vn 1.000000 0.000000 0.000000
vn 1.000000 0.000000 0.000000
vn 1.000000 0.000000 0.000000
vn 1.000000 0.000000 0.000000
vn 1.000000 0.000000 0.000000
vn 1.000000 0.000000 0.000000
vn 1.000000 0.000000 0.000000
vn 1.000000 0.000000 0.000000
vn 1.000000 0.000000 0.000000
vn 1.000000 0.000000 0.000000
vn 1.000000 0.000000 0.000000
vn 1.000000 0.000000 0.000000
vn 1.000000 0.000000 0.000000
vn 1.000000 0.000000 0.000000
vn 1.000000 0.000000 0.000000
vn 1.000000 0.000000 0.000000
vn 1.000000 0.000000 0.000000
vn 1.000000 0.000000 0.000000
vn 1.000000 0.000000 0.000000
vn 1.000000 0.000000 0.000000
vn 1.000000 0.000000 0.000000
vn 1.000000 0.000000 0.000000
vn 1.000000 0.000000 0.000000
vn 1.000000 0.000000 0.000000
vn 1.000000 0.000000 0.000000
vn 1.000000 0.000000 0.000000
vn 1.000000 0.000000 0.000000
vn 1.000000 0.000000 0.000000
vn 1.000000 0.000000 0.000000
vn 1.000000 0.000000 0.000000
vn 1.000000 0.000000 0.000000
vn 1.000000 0.000000 0.000000
vn 1.000000 0.000000 0.000000
vn 1.000000 0.000000 0.000000
vn 1.000000 0.000000 0.000000
vn -0.000000 0.743140 -0.669136
vn -0.000000 0.406723 -0.913552
vn -0.000000 0.743140 -0.669136
vn -0.000000 0.951066 -0.308989
vn -0.000000 0.743140 -0.669136
vn -0.000000 0.951066 -0.308989
vn 0.000000 0.994525 0.104503
vn -0.000000 0.951066 -0.308989
vn 0.000000 0.994525 0.104503
vn 0.000000 0.866019 0.500011
vn 0.000000 0.994525 0.104503
vn 0.000000 0.866019 0.500011
vn 0.000000 0.587803 0.809004
vn 0.000000 0.866019 0.500011
vn 0.000000 0.587803 0.809004
vn 0.000000 0.207910 0.978148
vn 0.000000 0.587803 0.809004
vn 0.000000 0.207910 0.978148
vn 0.000000 -0.207910 0.978148
vn 0.000000 0.207910 0.978148
vn 0.000000 -0.207910 0.978148
vn 0.000000 -0.587803 0.809004
vn 0.000000 -0.207910 0.978148
vn 0.000000 -0.587803 0.809004
vn 0.000000 -0.866019 0.500011
vn 0.000000 -0.587803 0.809004
vn 0.000000 -0.866019 0.500011
vn 0.000000 -0.994525 0.104503
vn 0.000000 -0.866019 0.500011
vn 0.000000 -0.994525 0.104503
vn 0.000000 -0.951066 -0.308989
vn 0.000000 -0.994525 0.104503
vn 0.000000 -0.951066 -0.308989
vn 0.000000 -0.743140 -0.669136
vn 0.000000 -0.951066 -0.308989
vn 0.000000 -0.743140 -0.669136
vn 0.000000 -0.406723 -0.913552
vn 0.000000 -0.743140 -0.669136
vn 0.000000 -0.406723 -0.913552
vn 0.000000 0.000000 -1.000000
vn 0.000000 -0.406723 -0.913552
vn 0.000000 0.000000 -1.000000
vn -0.000000 0.406723 -0.913552
vn 0.000000 0.000000 -1.000000
vn -0.000000 0.406723 -0.913552
vn -1.000000 0.000000 0.000000
vn -1.000000 0.000000 0.000000
vn -1.000000 0.000000 0.000000
vn 1.000000 0.000000 0.000000
vn 1.000000 0.000000 0.000000
vn 1.000000 0.000000 0.000000
vn -1.000000 0.000000 0.000000
vn -1.000000 0.000000 0.000000
vn -1.000000 0.000000 0.000000
vn 1.000000 0.000000 0.000000
vn 1.000000 0.000000 0.000000
vn 1.000000 0.000000 0.000000
vn -1.000000 0.000000 0.000000
vn -1.000000 0.000000 0.000000
vn -1.000000 0.000000 0.000000
vn 1.000000 0.000000 0.000000
vn 1.000000 0.000000 0.000000
vn 1.000000 0.000000 0.000000
vn -1.000000 0.000000 0.000000
vn -1.000000 0.000000 0.000000
vn -1.000000 0.000000 0.000000
vn 1.000000 0.000000 0.000000
vn 1.000000 0.000000 0.000000
vn 1.000000 0.000000 0.000000
vn -1.000000 0.000000 0.000000
vn -1.000000 0.000000 0.000000
vn -1.000000 0.000000 0.000000
vn 1.000000 0.000000 0.000000
vn 1.000000 0.000000 0.000000
vn 1.000000 0.000000 0.000000
vn -1.000000 0.000000 0.000000
vn -1.000000 0.000000 0.000000
vn -1.000000 0.000000 0.000000
vn 1.000000 0.000000 0.000000
vn 1.000000 0.000000 0.000000
vn 1.000000 0.000000 0.000000
vn -1.000000 0.000000 0.000000
vn -1.000000 0.000000 0.000000
vn -1.000000 0.000000 0.000000
vn 1.000000 0.000000 0.000000
vn 1.000000 0.000000 0.000000
vn 1.000000 0.000000 0.000000
vn -1.000000 0.000000 0.000000
vn -1.000000 0.000000 0.000000
vn -1.000000 0.000000 0.000000
vn 1.000000 0.000000 0.000000
vn 1.000000 0.000000 0.000000
vn 1.000000 0.000000 0.000000
vn -1.000000 0.000000 0.000000
vn -1.000000 0.000000 0.000000
vn -1.000000 0.000000 0.000000
vn 1.000000 0.000000 0.000000
vn 1.000000 0.000000 0.000000
vn 1.000000 0.000000 0.000000
vn -1.000000 0.000000 0.000000
vn -1.000000 0.000000 0.000000
vn -1.000000 0.000000 0.000000
vn 1.000000 0.000000 0.000000
vn 1.000000 0.000000 0.000000
vn 1.000000 0.000000 0.000000
vn -1.000000 0.000000 0.000000
vn -1.000000 0.000000 0.000000
vn -1.000000 0.000000 0.000000
vn 1.000000 0.000000 0.000000
vn 1.000000 0.000000 0.000000
vn 1.000000 0.000000 0.000000
vn -1.000000 0.000000 0.000000
vn -1.000000 0.000000 0.000000
vn -1.000000 0.000000 0.000000
vn 1.000000 0.000000 0.000000
vn 1.000000 0.000000 0.000000
vn 1.000000 0.000000 0.000000
vn -1.000000 0.000000 0.000000
vn -1.000000 0.000000 0.000000
vn -1.000000 0.000000 0.000000
vn 1.000000 0.000000 0.000000
vn 1.000000 0.000000 0.000000
vn 1.000000 0.000000 0.000000
vn -1.000000 0.000000 0.000000
vn -1.000000 0.000000 0.000000
vn -1.000000 0.000000 0.000000
vn 1.000000 0.000000 0.000000
vn 1.000000 0.000000 0.000000
vn 1.000000 0.000000 0.000000
vn -1.000000 0.000000 0.000000
vn -1.000000 0.000000 0.000000
vn -1.000000 0.000000 0.000000
vn 1.000000 0.000000 0.000000
vn 1.000000 0.000000 0.000000
vn 1.000000 0.000000 0.000000
vn 0.000000 -1.000000 0.000000
vn 0.000000 -1.000000 0.000000
vn 0.000000 -1.000000 0.000000
vn 0.000000 -0.892519 -0.451010
vn 0.000000 -0.892519 -0.451010
vn 0.000000 -0.892519 -0.451010
vn -0.000000 1.000000 -0.000100
vn -0.000000 1.000000 -0.000100
vn -0.000000 1.000000 -0.000100
vn 0.000000 -0.914186 0.405294
vn 0.000000 -0.914186 0.405294
vn 0.000000 -0.914186 0.405294
vn -1.000000 0.000000 0.000000
vn -1.000000 0.000000 0.000000
vn -1.000000 0.000000 0.000000
vn 1.000000 0.000000 0.000000
vn 1.000000 0.000000 0.000000
vn 1.000000 0.000000 0.000000
vn 0.000000 -0.748611 -0.663010
vn 0.000000 -0.748611 -0.663010
vn 0.000000 -0.748611 -0.663010
vn -1.000000 0.000000 0.000000
vn -1.000000 0.000000 0.000000
vn -1.000000 0.000000 0.000000
vn 0.000000 -0.458618 0.888634
vn 0.000000 -0.231508 0.972833
vn 0.000000 -0.458618 0.888634
vn 1.000000 0.000000 0.000000
vn 1.000000 0.000000 0.000000
vn 1.000000 0.000000 0.000000
vn 0.000000 -0.542525 -0.840039
vn 0.000000 -0.542525 -0.840039
vn 0.000000 -0.542525 -0.840039
vn -1.000000 0.000000 0.000000
vn -1.000000 0.000000 0.000000
vn -1.000000 0.000000 0.000000
vn 0.000000 -0.231508 0.972833
vn 0.000000 0.000000 1.000000
vn 0.000000 -0.231508 0.972833
vn 1.000000 0.000000 0.000000
vn 1.000000 0.000000 0.000000
vn 1.000000 0.000000 0.000000
vn 0.000000 -0.381404 -0.924409
vn 0.000000 -0.373218 -0.927744
vn 0.000000 -0.381404 -0.924409
vn -1.000000 0.000000 0.000000
vn -1.000000 0.000000 0.000000
vn -1.000000 0.000000 0.000000
vn 0.000000 0.000000 1.000000
vn 0.000000 0.000000 1.000000
vn 0.000000 0.000000 1.000000
vn 1.000000 0.000000 0.000000
vn 1.000000 0.000000 0.000000
vn 1.000000 0.000000 0.000000
vn 1.000000 0.000000 0.000000
vn 1.000000 0.000000 0.000000
vn 1.000000 0.000000 0.000000
vn 1.000000 0.000000 0.000000
vn 1.000000 0.000000 0.000000
vn 1.000000 0.000000 0.000000
vn 1.000000 0.000000 0.000000
vn 1.000000 0.000000 0.000000
vn 1.000000 0.000000 0.000000
vn 1.000000 0.000000 0.000000
vn 1.000000 0.000000 0.000000
vn 1.000000 0.000000 0.000000
vn 0.000000 1.000000 0.000100
vn 0.000000 1.000000 0.000100
vn 0.000000 1.000000 0.000100
vn -1.000000 0.000000 0.000000
vn -1.000000 0.000000 0.000000
vn -1.000000 0.000000 0.000000
vn -1.000000 0.000000 0.000000
vn -1.000000 0.000000 0.000000
vn -1.000000 0.000000 0.000000
vn -1.000000 0.000000 0.000000
vn -1.000000 0.000000 0.000000
vn -1.000000 0.000000 0.000000
vn -1.000000 0.000000 0.000000
vn -1.000000 0.000000 0.000000
vn -1.000000 0.000000 0.000000
vn 0.000000 -1.000000 0.000000
vn 0.000000 -1.000000 0.000000
vn 0.000000 -1.000000 0.000000
vn 1.000000 0.000000 0.000000
vn 1.000000 0.000000 0.000000
vn 1.000000 0.000000 0.000000
vn 0.000000 -1.000000 0.000000
vn 0.000000 -1.000000 0.000000
vn 0.000000 -1.000000 0.000000
vn -1.000000 0.000000 0.000000
vn -1.000000 0.000000 0.000000
vn -1.000000 0.000000 0.000000
vn -1.000000 0.000000 0.000000
vn -1.000000 0.000000 0.000000
vn -1.000000 0.000000 0.000000
vn -1.000000 0.000000 0.000000
vn -1.000000 0.000000 0.000000
vn -1.000000 0.000000 0.000000
vn -1.000000 0.000000 0.000000
vn -1.000000 0.000000 0.000000
vn -1.000000 0.000000 0.000000
vn 0.000000 0.999961 0.008800
vn 0.000000 0.999961 0.008800
vn 0.000000 0.999961 0.008800
vn 1.000000 0.000000 0.000000
vn 1.000000 0.000000 0.000000
vn 1.000000 0.000000 0.000000
vn 1.000000 0.000000 0.000000
vn 1.000000 0.000000 0.000000
vn 1.000000 0.000000 0.000000
vn 1.000000 0.000000 0.000000
vn 1.000000 0.000000 0.000000
vn 1.000000 0.000000 0.000000
vn -0.000000 0.569200 -0.822199
vn -0.000000 0.569200 -0.822199
vn -0.000000 0.569200 -0.822199
vn -1.000000 0.000000 0.000000
vn -1.000000 0.000000 0.000000
vn -1.000000 0.000000 0.000000
vn 0.000000 0.000000 1.000000
vn 0.000000 0.000000 1.000000
vn 0.000000 0.000000 1.000000
vn 1.000000 0.000000 0.000000
vn 1.000000 0.000000 0.000000
vn 1.000000 0.000000 0.000000
vn 0.000000 -0.373218 -0.927744
vn 0.000000 -0.320604 -0.947213
vn 0.000000 -0.373218 -0.927744
vn -1.000000 0.000000 0.000000
vn -1.000000 0.000000 0.000000
vn -1.000000 0.000000 0.000000
vn 0.000000 0.595237 0.803550
vn 0.000000 0.595237 0.803550
vn 0.000000 0.595237 0.803550
vn 1.000000 0.000000 0.000000
vn 1.000000 0.000000 0.000000
vn 1.000000 0.000000 0.000000
vn 0.000000 0.000000 -1.000000
vn 0.000000 -0.078203 -0.996938
vn 0.000000 0.000000 -1.000000
vn -1.000000 0.000000 0.000000
vn -1.000000 0.000000 0.000000
vn -1.000000 0.000000 0.000000
vn 0.000000 0.000000 1.000000
vn 0.000000 0.000000 1.000000
vn 0.000000 0.000000 1.000000
vn 1.000000 0.000000 0.000000
vn 1.000000 0.000000 0.000000
vn 1.000000 0.000000 0.000000
vn 0.000000 -0.320604 -0.947213
vn 0.000000 -0.238793 -0.971071
vn 0.000000 -0.320604 -0.947213
vn -1.000000 0.000000 0.000000
vn -1.000000 0.000000 0.000000
vn -1.000000 0.000000 0.000000
vn 0.000000 0.278602 0.960407
vn 0.000000 0.275804 0.961214
vn 0.000000 0.278602 0.960407
vn 1.000000 0.000000 0.000000
vn 1.000000 0.000000 0.000000
vn 1.000000 0.000000 0.000000
vn 0.000000 -0.238793 -0.971071
vn 0.000000 -0.120699 -0.992689
vn 0.000000 -0.238793 -0.971071
vn -1.000000 0.000000 0.000000
vn -1.000000 0.000000 0.000000
vn -1.000000 0.000000 0.000000
vn 0.000000 0.275804 0.961214
vn 0.000000 0.248602 0.968606
vn 0.000000 0.275804 0.961214
vn 1.000000 0.000000 0.000000
vn 1.000000 0.000000 0.000000
vn 1.000000 0.000000 0.000000
vn 0.000000 -0.120699 -0.992689
vn 0.000000 -0.016399 -0.999866
vn 0.000000 -0.120699 -0.992689
vn -1.000000 0.000000 0.000000
vn -1.000000 0.000000 0.000000
vn -1.000000 0.000000 0.000000
vn 0.000000 0.248602 0.968606
vn 0.000000 0.032899 0.999459
vn 0.000000 0.248602 0.968606
vn 1.000000 0.000000 0.000000
vn 1.000000 0.000000 0.000000
vn 1.000000 0.000000 0.000000
vn 0.000000 -0.016399 -0.999866
vn -0.000000 0.035199 -0.999380
vn 0.000000 -0.016399 -0.999866
vn -1.000000 0.000000 0.000000
vn -1.000000 0.000000 0.000000
vn -1.000000 0.000000 0.000000
vn 0.000000 0.033098 0.999452
vn 0.000000 -0.058200 0.998305
vn 0.000000 0.032899 0.999459
vn 1.000000 0.000000 0.000000
vn 1.000000 0.000000 0.000000
vn 1.000000 0.000000 0.000000
vn -0.000000 0.035199 -0.999380
vn -0.000000 0.075901 -0.997115
vn -0.000000 0.035199 -0.999380
vn -1.000000 0.000000 0.000000
vn -1.000000 0.000000 0.000000
vn -1.000000 0.000000 0.000000
vn 0.000000 -0.058200 0.998305
vn 0.000000 -0.209693 0.977767
vn 0.000000 -0.058200 0.998305
vn 1.000000 0.000000 0.000000
vn 1.000000 0.000000 0.000000
vn 1.000000 0.000000 0.000000
vn 0.000000 -0.075702 -0.997130
vn 0.000000 -0.581002 -0.813902
vn 0.000000 -0.078203 -0.996938
vn -1.000000 0.000000 0.000000
vn -1.000000 0.000000 0.000000
vn -1.000000 0.000000 0.000000
vn 0.000000 0.000000 1.000000
vn 0.000000 0.000000 1.000000
vn 0.000000 0.000000 1.000000
vn 1.000000 0.000000 0.000000
vn 1.000000 0.000000 0.000000
vn 1.000000 0.000000 0.000000
vn -0.000000 0.075901 -0.997115
vn -0.000000 0.080604 -0.996746
vn -0.000000 0.075901 -0.997115
vn -1.000000 0.000000 0.000000
vn -1.000000 0.000000 0.000000
vn -1.000000 0.000000 0.000000
vn 0.000000 -0.209597 0.977788
vn 0.000000 -0.690005 0.723805
vn 0.000000 -0.209693 0.977767
vn 1.000000 0.000000 0.000000
vn 1.000000 0.000000 0.000000
vn 1.000000 0.000000 0.000000
vn 0.000000 -0.935777 -0.352591
vn 0.000000 -0.935777 -0.352591
vn 0.000000 -0.935777 -0.352591
vn -1.000000 0.000000 0.000000
vn -1.000000 0.000000 0.000000
vn -1.000000 0.000000 0.000000
vn 0.000000 0.000000 1.000000
vn 0.000000 0.000000 1.000000
vn 0.000000 0.000000 1.000000
vn 1.000000 0.000000 0.000000
vn 1.000000 0.000000 0.000000
vn 1.000000 0.000000 0.000000
vn -0.000000 0.080604 -0.996746
vn -0.000000 0.114799 -0.993389
vn -0.000000 0.080604 -0.996746
vn -1.000000 0.000000 0.000000
vn -1.000000 0.000000 0.000000
vn -1.000000 0.000000 0.000000
vn 0.000000 -0.689902 0.723903
vn 0.000000 -0.912765 0.408484
vn 0.000000 -0.690005 0.723805
vn 1.000000 0.000000 0.000000
vn 1.000000 0.000000 0.000000
vn 1.000000 0.000000 0.000000
vn -1.000000 0.000000 0.000000
vn -1.000000 0.000000 0.000000
vn -1.000000 0.000000 0.000000
vn 0.000000 0.000000 1.000000
vn 0.000000 0.000000 1.000000
vn 0.000000 0.000000 1.000000
vn 1.000000 0.000000 0.000000
vn 1.000000 0.000000 0.000000
vn 1.000000 0.000000 0.000000
vn -0.000000 0.114799 -0.993389
vn -0.000000 0.159500 -0.987198
vn -0.000000 0.114799 -0.993389
vn -1.000000 0.000000 0.000000
vn -1.000000 0.000000 0.000000
vn -1.000000 0.000000 0.000000
vn 1.000000 0.000000 0.000000
vn 1.000000 0.000000 0.000000
vn 1.000000 0.000000 0.000000
vn -1.000000 0.000000 0.000000
vn -1.000000 0.000000 0.000000
vn -1.000000 0.000000 0.000000
vn 0.000000 0.999946 0.010400
vn 0.000000 0.999946 0.010400
vn 0.000000 0.999946 0.010400
vn 1.000000 0.000000 0.000000
vn 1.000000 0.000000 0.000000
vn 1.000000 0.000000 0.000000
vn 0.000000 -0.999944 -0.010600
vn 0.000000 -0.999944 -0.010600
vn 0.000000 -0.999944 -0.010600
vn -1.000000 0.000000 0.000000
vn -1.000000 0.000000 0.000000
vn -1.000000 0.000000 0.000000
vn 0.000000 0.000000 1.000000
vn 0.000000 0.000000 1.000000
vn 0.000000 0.000000 1.000000
vn 1.000000 0.000000 0.000000
vn 1.000000 0.000000 0.000000
vn 1.000000 0.000000 0.000000
vn -0.000000 0.159695 -0.987166
vn -0.000000 0.290402 -0.956905
vn -0.000000 0.159500 -0.987198
vn -1.000000 0.000000 0.000000
vn -1.000000 0.000000 0.000000
vn -1.000000 0.000000 0.000000
vn 1.000000 0.000000 0.000000
vn 1.000000 0.000000 0.000000
vn 1.000000 0.000000 0.000000
vn 1.000000 0.000000 0.000000
vn 1.000000 0.000000 0.000000
vn 1.000000 0.000000 0.000000
vn -1.000000 0.000000 0.000000
vn -1.000000 0.000000 0.000000
vn -1.000000 0.000000 0.000000
vn -0.000000 0.784030 -0.620723
vn -0.000000 0.784030 -0.620723
vn -0.000000 0.784030 -0.620723
vn -1.000000 0.000000 0.000000
vn -1.000000 0.000000 0.000000
vn -1.000000 0.000000 0.000000
vn 0.000000 0.000000 1.000000
vn 0.000000 0.000000 1.000000
vn 0.000000 0.000000 1.000000
vn 1.000000 0.000000 0.000000
vn 1.000000 0.000000 0.000000
vn 1.000000 0.000000 0.000000
vn -0.000000 0.290402 -0.956905
vn -0.000000 0.269500 -0.963000
vn -0.000000 0.290402 -0.956905
vn -1.000000 0.000000 0.000000
vn -1.000000 0.000000 0.000000
vn -1.000000 0.000000 0.000000
vn 0.000000 0.726533 0.687131
vn 0.000000 0.726533 0.687131
vn 0.000000 0.726533 0.687131
vn 1.000000 0.000000 0.000000
vn 1.000000 0.000000 0.000000
vn 1.000000 0.000000 0.000000
vn -0.000000 0.463102 -0.886305
vn -0.000000 0.035299 -0.999377
vn -0.000000 0.463102 -0.886305
vn -1.000000 0.000000 0.000000
vn -1.000000 0.000000 0.000000
vn -1.000000 0.000000 0.000000
vn 0.000000 0.000000 1.000000
vn 0.000000 0.000000 1.000000
vn 0.000000 0.000000 1.000000
vn 1.000000 0.000000 0.000000
vn 1.000000 0.000000 0.000000
vn 1.000000 0.000000 0.000000
vn -0.000000 0.240606 -0.970623
vn -0.000000 0.195808 -0.980642
vn -0.000000 0.240606 -0.970623
vn -1.000000 0.000000 0.000000
vn -1.000000 0.000000 0.000000
vn -1.000000 0.000000 0.000000
vn 0.000000 0.421511 0.906823
vn 0.000000 0.039800 0.999208
vn 0.000000 0.421511 0.906823
vn 1.000000 0.000000 0.000000
vn 1.000000 0.000000 0.000000
vn 1.000000 0.000000 0.000000
vn -0.000000 0.038498 -0.999259
vn -0.000200 -0.053803 -0.998552
vn -0.000000 0.035299 -0.999377
vn -1.000000 0.000000 0.000000
vn -1.000000 0.000000 0.000000
vn -1.000000 0.000000 0.000000
vn 0.000000 0.000000 1.000000
vn 0.000000 0.000000 1.000000
vn 0.000000 0.000000 1.000000
vn 1.000000 0.000000 0.000000
vn 1.000000 0.000000 0.000000
vn 1.000000 0.000000 0.000000
vn -0.000000 0.195905 -0.980623
vn -0.000000 0.211188 -0.977445
vn -0.000000 0.195808 -0.980642
vn -1.000000 0.000000 0.000000
vn -1.000000 0.000000 0.000000
vn -1.000000 0.000000 0.000000
vn 0.000000 0.041601 0.999134
vn 0.000000 -0.130899 0.991396
vn 0.000000 0.039800 0.999208
vn 1.000000 0.000000 0.000000
vn 1.000000 0.000000 0.000000
vn 1.000000 0.000000 0.000000
vn -0.000000 0.211093 -0.977466
vn -0.000000 0.244794 -0.969575
vn -0.000000 0.211188 -0.977445
vn -1.000000 0.000000 0.000000
vn -1.000000 0.000000 0.000000
vn -1.000000 0.000000 0.000000
vn 0.000000 -0.130899 0.991396
vn 0.000000 -0.184005 0.982925
vn 0.000000 -0.130899 0.991396
vn 1.000000 0.000000 0.000000
vn 1.000000 0.000000 0.000000
vn 1.000000 0.000000 0.000000
vn -0.000000 0.244794 -0.969575
vn -0.000000 0.268309 -0.963333
vn -0.000000 0.244794 -0.969575
vn -1.000000 0.000000 0.000000
vn -1.000000 0.000000 0.000000
vn -1.000000 0.000000 0.000000
vn 0.000000 -0.184005 0.982925
vn 0.000000 -0.246792 0.969068
vn 0.000000 -0.184005 0.982925
vn 1.000000 0.000000 0.000000
vn 1.000000 0.000000 0.000000
vn 1.000000 0.000000 0.000000
vn -0.000000 0.268309 -0.963333
vn -0.000000 0.309199 -0.950997
vn -0.000000 0.268309 -0.963333
vn -1.000000 0.000000 0.000000
vn -1.000000 0.000000 0.000000
vn -1.000000 0.000000 0.000000
vn 0.000000 -0.246792 0.969068
vn 0.000000 -0.316198 0.948693
vn 0.000000 -0.246792 0.969068
vn 1.000000 0.000000 0.000000
vn 1.000000 0.000000 0.000000
vn 1.000000 0.000000 0.000000
vn -0.000000 0.309199 -0.950997
vn -0.000000 0.304504 -0.952511
vn -0.000000 0.309199 -0.950997
vn -1.000000 0.000000 0.000000
vn -1.000000 0.000000 0.000000
vn -1.000000 0.000000 0.000000
vn 0.000000 -0.316198 0.948693
vn 0.000000 -0.304594 0.952482
vn 0.000000 -0.316198 0.948693
vn 1.000000 0.000000 0.000000
vn 1.000000 0.000000 0.000000
vn 1.000000 0.000000 0.000000
vn -0.000000 0.304504 -0.952511
vn -0.000000 0.342979 -0.939343
vn -0.000000 0.304504 -0.952511
vn -1.000000 0.000000 0.000000
vn -1.000000 0.000000 0.000000
vn -1.000000 0.000000 0.000000
vn 0.000000 -0.304594 0.952482
vn 0.000000 -0.343011 0.939331
vn 0.000000 -0.304594 0.952482
vn 1.000000 0.000000 0.000000
vn 1.000000 0.000000 0.000000
vn 1.000000 0.000000 0.000000
vn -0.000000 0.342979 -0.939343
vn -0.000000 0.403901 -0.914803
vn -0.000000 0.342979 -0.939343
vn -1.000000 0.000000 0.000000
vn -1.000000 0.000000 0.000000
vn -1.000000 0.000000 0.000000
vn 0.000000 -0.343011 0.939331
vn 0.000000 -0.602110 0.798413
vn 0.000000 -0.343011 0.939331
vn 1.000000 0.000000 0.000000
vn 1.000000 0.000000 0.000000
vn 1.000000 0.000000 0.000000
vn -0.000000 0.403901 -0.914803
vn -0.000000 0.390912 -0.920428
vn -0.000000 0.403901 -0.914803
vn -1.000000 0.000000 0.000000
vn -1.000000 0.000000 0.000000
vn -1.000000 0.000000 0.000000
vn 0.000000 -0.601487 0.798883
vn 0.000000 -0.866602 0.499001
vn 0.000000 -0.602110 0.798413
vn 1.000000 0.000000 0.000000
vn 1.000000 0.000000 0.000000
vn 1.000000 0.000000 0.000000
vn 0.000000 -0.051299 -0.998683
vn 0.000000 -0.667981 -0.744179
vn -0.000200 -0.053803 -0.998552
vn -1.000000 0.000000 0.000000
vn -1.000000 0.000000 0.000000
vn -1.000000 0.000000 0.000000
vn 0.000000 0.000000 1.000000
vn 0.000000 0.000000 1.000000
vn 0.000000 0.000000 1.000000
vn 1.000000 0.000000 0.000000
vn 1.000000 0.000000 0.000000
vn 1.000000 0.000000 0.000000
vn 0.000000 -0.667925 -0.744228
vn 0.000000 -0.838425 -0.545016
vn 0.000000 -0.667981 -0.744179
vn -1.000000 0.000000 0.000000
vn -1.000000 0.000000 0.000000
vn -1.000000 0.000000 0.000000
vn 0.000000 0.000000 1.000000
vn 0.000000 0.000000 1.000000
vn 0.000000 0.000000 1.000000
vn 1.000000 0.000000 0.000000
vn 1.000000 0.000000 0.000000
vn 1.000000 0.000000 0.000000
vn -1.000000 0.000000 0.000000
vn -1.000000 0.000000 0.000000
vn -1.000000 0.000000 0.000000
vn 0.000000 0.000000 1.000000
vn 0.000000 0.000000 1.000000
vn 0.000000 0.000000 1.000000
vn 1.000000 0.000000 0.000000
vn 1.000000 0.000000 0.000000
vn 1.000000 0.000000 0.000000
vn -0.000000 0.390997 -0.920392
vn -0.000000 0.415904 -0.909409
vn -0.000000 0.390912 -0.920428
vn -1.000000 0.000000 0.000000
vn -1.000000 0.000000 0.000000
vn -1.000000 0.000000 0.000000
vn 1.000000 0.000000 0.000000
vn 1.000000 0.000000 0.000000
vn 1.000000 0.000000 0.000000
vn 1.000000 0.000000 0.000000
vn 1.000000 0.000000 0.000000
vn 1.000000 0.000000 0.000000
vn 0.000000 0.999862 0.016599
vn 0.000000 0.999862 0.016599
vn 0.000000 0.999862 0.016599
vn -1.000000 0.000000 0.000000
vn -1.000000 0.000000 0.000000
vn -1.000000 0.000000 0.000000
vn 0.000000 -0.999975 -0.007100
vn 0.000000 -0.999975 -0.007100
vn 0.000000 -0.999975 -0.007100
vn -1.000000 0.000000 0.000000
vn -1.000000 0.000000 0.000000
vn -1.000000 0.000000 0.000000
vn 0.000000 0.000000 1.000000
vn 0.000000 0.279090 0.960265
vn 0.000000 0.000000 1.000000
vn 1.000000 0.000000 0.000000
vn 1.000000 0.000000 0.000000
vn 1.000000 0.000000 0.000000
vn -0.000000 0.415904 -0.909409
vn -0.000000 0.491609 -0.870816
vn -0.000000 0.415904 -0.909409
vn -1.000000 0.000000 0.000000
vn -1.000000 0.000000 0.000000
vn -1.000000 0.000000 0.000000
vn 1.000000 0.000000 0.000000
vn 1.000000 0.000000 0.000000
vn 1.000000 0.000000 0.000000
vn -1.000000 0.000000 0.000000
vn -1.000000 0.000000 0.000000
vn -1.000000 0.000000 0.000000
vn 1.000000 0.000000 0.000000
vn 1.000000 0.000000 0.000000
vn 1.000000 0.000000 0.000000
vn -1.000000 0.000000 0.000000
vn -1.000000 0.000000 0.000000
vn -1.000000 0.000000 0.000000
vn 0.000000 0.279117 0.960257
vn 0.000000 0.571568 0.820554
vn 0.000000 0.279090 0.960265
vn 1.000000 0.000000 0.000000
vn 1.000000 0.000000 0.000000
vn 1.000000 0.000000 0.000000
vn -0.000000 0.491609 -0.870816
vn -0.000000 0.525497 -0.850795
vn -0.000000 0.491609 -0.870816
vn -1.000000 0.000000 0.000000
vn -1.000000 0.000000 0.000000
vn -1.000000 0.000000 0.000000
vn 1.000000 0.000000 0.000000
vn 1.000000 0.000000 0.000000
vn 1.000000 0.000000 0.000000
vn -1.000000 0.000000 0.000000
vn -1.000000 0.000000 0.000000
vn -1.000000 0.000000 0.000000
vn 1.000000 0.000000 0.000000
vn 1.000000 0.000000 0.000000
vn 1.000000 0.000000 0.000000
vn -1.000000 0.000000 0.000000
vn -1.000000 0.000000 0.000000
vn -1.000000 0.000000 0.000000
vn 0.000000 0.571568 0.820554
vn 0.000000 0.686362 0.727260
vn 0.000000 0.571568 0.820554
vn 1.000000 0.000000 0.000000
vn 1.000000 0.000000 0.000000
vn 1.000000 0.000000 0.000000
vn -0.000000 0.587690 -0.809086
vn -0.000000 0.587690 -0.809086
vn -0.000000 0.587690 -0.809086
vn -1.000000 0.000000 0.000000
vn -1.000000 0.000000 0.000000
vn -1.000000 0.000000 0.000000
vn 1.000000 0.000000 0.000000
vn 1.000000 0.000000 0.000000
vn 1.000000 0.000000 0.000000
vn -1.000000 0.000000 0.000000
vn -1.000000 0.000000 0.000000
vn -1.000000 0.000000 0.000000
vn 1.000000 0.000000 0.000000
vn 1.000000 0.000000 0.000000
vn 1.000000 0.000000 0.000000
vn -1.000000 0.000000 0.000000
vn -1.000000 0.000000 0.000000
vn -1.000000 0.000000 0.000000
vn 0.000000 0.836089 0.548593
vn 0.000000 0.836089 0.548593
vn 0.000000 0.836089 0.548593
vn 1.000000 0.000000 0.000000
vn 1.000000 0.000000 0.000000
vn 1.000000 0.000000 0.000000
vn -0.000000 0.752589 -0.658490
vn -0.000000 0.752589 -0.658490
vn -0.000000 0.752589 -0.658490
vn -1.000000 0.000000 0.000000
vn -1.000000 0.000000 0.000000
vn -1.000000 0.000000 0.000000
vn 1.000000 0.000000 0.000000
vn 1.000000 0.000000 0.000000
vn 1.000000 0.000000 0.000000
vn -1.000000 0.000000 0.000000
vn -1.000000 0.000000 0.000000
vn -1.000000 0.000000 0.000000
vn 1.000000 0.000000 0.000000
vn 1.000000 0.000000 0.000000
vn 1.000000 0.000000 0.000000
vn -1.000000 0.000000 0.000000
vn -1.000000 0.000000 0.000000
vn -1.000000 0.000000 0.000000
vn 0.000000 0.910411 0.413705
vn 0.000000 0.910411 0.413705
vn 0.000000 0.910411 0.413705
vn 1.000000 0.000000 0.000000
vn 1.000000 0.000000 0.000000
vn 1.000000 0.000000 0.000000
vn -0.000000 0.776508 -0.630107
vn -0.000000 0.776508 -0.630107
vn -0.000000 0.776508 -0.630107
vn -1.000000 0.000000 0.000000
vn -1.000000 0.000000 0.000000
vn -1.000000 0.000000 0.000000
vn 1.000000 0.000000 0.000000
vn 1.000000 0.000000 0.000000
vn 1.000000 0.000000 0.000000
vn -1.000000 0.000000 0.000000
vn -1.000000 0.000000 0.000000
vn -1.000000 0.000000 0.000000
vn 1.000000 0.000000 0.000000
vn 1.000000 0.000000 0.000000
vn 1.000000 0.000000 0.000000
vn 0.004800 -0.999989 0.000000
vn 0.004800 -0.999989 0.000000
vn 0.004800 -0.999989 0.000000
vn 0.000000 0.000000 -1.000000
vn 0.000000 0.000000 -1.000000
vn 0.000000 0.000000 -1.000000
vn -0.000000 1.000000 -0.000000
vn -0.000000 1.000000 -0.000000
vn -0.000000 1.000000 -0.000000
vn 0.000000 0.000000 1.000000
vn 0.000000 0.000000 1.000000
vn 0.000000 0.000000 1.000000
vn 0.947658 -0.319286 0.000000
vn 0.995068 -0.099197 0.000000
vn 0.994998 -0.099900 0.000000
vn 0.000000 0.000000 -1.000000
vn 0.000000 0.000000 -1.000000
vn 0.000000 0.000000 -1.000000
vn 0.000000 0.000000 1.000000
vn 0.000000 0.000000 1.000000
vn 0.000000 0.000000 1.000000
vn 0.995068 -0.099197 0.000000
vn 0.992481 0.122398 0.000000
vn 0.994998 -0.099900 0.000000
vn -0.999991 -0.004200 0.000000
vn -0.999991 -0.004200 0.000000
vn -0.999991 -0.004200 0.000000
vn 0.000000 -1.000000 0.000000
vn 0.000000 -1.000000 0.000000
vn 0.000000 -1.000000 0.000000
vn 0.000000 0.000000 1.000000
vn 0.000000 0.000000 1.000000
vn 0.000000 0.000000 1.000000
vn -0.000000 1.000000 -0.000000
vn -0.000000 1.000000 -0.000000
vn -0.000000 1.000000 -0.000000
vn 0.000000 0.000000 -1.000000
vn 0.000000 0.000000 -1.000000
vn 0.000000 0.000000 -1.000000
vn 0.000000 0.000000 -1.000000
vn 0.000000 0.000000 -1.000000
vn 0.000000 0.000000 -1.000000
vn 0.000000 0.000000 1.000000
vn 0.000000 0.000000 1.000000
vn 0.000000 0.000000 1.000000
vn 0.992443 0.122705 0.000000
vn 0.729540 0.683938 0.000000
vn 0.992481 0.122398 0.000000
vn 0.000000 0.000000 -1.000000
vn 0.000000 0.000000 -1.000000
vn 0.000000 0.000000 -1.000000
vn 1.000000 0.000000 0.000000
vn 1.000000 0.000000 0.000000
vn 1.000000 0.000000 0.000000
vn 0.000000 0.000000 -1.000000
vn 0.000000 0.000000 -1.000000
vn 0.000000 0.000000 -1.000000
vn 0.000000 0.000000 1.000000
vn 0.000000 0.000000 1.000000
vn 0.000000 0.000000 1.000000
vn 0.000000 0.000000 1.000000
vn 0.000000 0.000000 1.000000
vn 0.000000 0.000000 1.000000
vn -0.004800 -0.999989 0.000000
vn -0.004800 -0.999989 0.000000
vn -0.004800 -0.999989 0.000000
vn 0.000000 0.000000 -1.000000
vn 0.000000 0.000000 -1.000000
vn 0.000000 0.000000 -1.000000
vn -0.000000 1.000000 -0.000000
vn -0.000000 1.000000 -0.000000
vn -0.000000 1.000000 -0.000000
vn 0.000000 0.000000 1.000000
vn 0.000000 0.000000 1.000000
vn 0.000000 0.000000 1.000000
vn -0.995068 -0.099197 0.000000
vn -0.947658 -0.319286 0.000000
vn -0.994998 -0.099900 0.000000
vn 0.000000 0.000000 -1.000000
vn 0.000000 0.000000 -1.000000
vn 0.000000 0.000000 -1.000000
vn 0.000000 0.000000 1.000000
vn 0.000000 0.000000 1.000000
vn 0.000000 0.000000 1.000000
vn -0.992481 0.122398 0.000100
vn -0.995068 -0.099197 0.000000
vn -0.994998 -0.099900 0.000000
vn 0.999991 -0.004200 0.000000
vn 0.999991 -0.004200 0.000000
vn 0.999991 -0.004200 0.000000
vn 0.000000 -1.000000 0.000000
vn 0.000000 -1.000000 0.000000
vn 0.000000 -1.000000 0.000000
vn 0.000000 0.000000 1.000000
vn 0.000000 0.000000 1.000000
vn 0.000000 0.000000 1.000000
vn -0.000000 1.000000 -0.000000
vn -0.000000 1.000000 -0.000000
vn -0.000000 1.000000 -0.000000
vn 0.000000 0.000000 -1.000000
vn 0.000000 0.000000 -1.000000
vn 0.000000 0.000000 -1.000000
vn 0.000000 0.000000 -1.000000
vn 0.000000 0.000000 -1.000000
vn 0.000000 0.000000 -1.000000
vn 0.000000 0.000000 1.000000
vn 0.000000 0.000000 1.000000
vn 0.000000 0.000000 1.000000
vn -0.729540 0.683938 -0.000000
vn -0.992443 0.122705 -0.000000
vn -0.992481 0.122398 0.000100
vn 0.000000 0.000000 -1.000000
vn 0.000000 0.000000 -1.000000
vn 0.000000 0.000000 -1.000000
vn -1.000000 0.000000 0.000000
vn -1.000000 0.000000 0.000000
vn -1.000000 0.000000 0.000000
vn 0.000000 0.000000 -1.000000
vn 0.000000 0.000000 -1.000000
vn 0.000000 0.000000 -1.000000
vn 0.000000 0.000000 1.000000
vn 0.000000 0.000000 1.000000
vn 0.000000 0.000000 1.000000
vn 0.000000 0.000000 1.000000
vn 0.000000 0.000000 1.000000
vn 0.000000 0.000000 1.000000
vn 0.000000 -1.000000 0.000000
vn 0.000000 -1.000000 0.000000
vn 0.000000 -1.000000 0.000000
vn 0.000000 0.000000 -1.000000
vn 0.000000 0.000000 -1.000000
vn 0.000000 0.000000 -1.000000
vn 0.000000 0.000000 1.000000
vn 0.000000 0.000000 1.000000
vn 0.000000 0.000000 1.000000
vn -1.000000 0.000000 0.000000
vn -1.000000 0.000000 0.000000
vn -1.000000 0.000000 0.000000
vn 1.000000 0.000000 0.000000
vn 1.000000 0.000000 0.000000
vn 1.000000 0.000000 0.000000
vn 0.000000 -1.000000 0.000000
vn 0.000000 -1.000000 0.000000
vn 0.000000 -1.000000 0.000000
vn 0.000000 0.000000 -1.000000
vn 0.000000 0.000000 -1.000000
vn 0.000000 0.000000 -1.000000
vn 0.000000 0.000000 1.000000
vn 0.000000 0.000000 1.000000
vn 0.000000 0.000000 1.000000
vn 0.000000 -1.000000 0.000000
vn 0.000000 -1.000000 0.000000
vn 0.000000 -1.000000 0.000000
vn 0.000000 0.000000 -1.000000
vn 0.000000 0.000000 -1.000000
vn 0.000000 0.000000 -1.000000
vn 0.000000 0.000000 1.000000
vn 0.000000 0.000000 1.000000
vn 0.000000 0.000000 1.000000
vn 0.000000 -1.000000 0.000000
vn 0.000000 -1.000000 0.000000
vn 0.000000 -1.000000 0.000000
vn 0.000000 0.000000 -1.000000
vn 0.000000 0.000000 -1.000000
vn 0.000000 0.000000 -1.000000
vn 0.000000 0.000000 1.000000
vn 0.000000 0.000000 1.000000
vn 0.000000 0.000000 1.000000
vn 0.000000 -1.000000 0.000000
vn 0.000000 -1.000000 0.000000
vn 0.000000 -1.000000 0.000000
vn 0.000000 0.000000 -1.000000
vn 0.000000 0.000000 -1.000000
vn 0.000000 0.000000 -1.000000
vn 0.000000 0.000000 1.000000
vn 0.000000 0.000000 1.000000
vn 0.000000 0.000000 1.000000
vn 1.000000 0.000000 0.000000
vn 1.000000 0.000000 0.000000
vn 1.000000 0.000000 0.000000
vn 0.000000 -1.000000 0.000000
vn 0.000000 -1.000000 0.000000
vn 0.000000 -1.000000 0.000000
vn -1.000000 0.000000 0.000000
vn -1.000000 0.000000 0.000000
vn -1.000000 0.000000 0.000000
vn -0.000000 1.000000 -0.000000
vn -0.000000 1.000000 -0.000000
vn -0.000000 1.000000 -0.000000
vn 1.000000 0.000000 0.000000
vn 1.000000 0.000000 0.000000
vn 1.000000 0.000000 0.000000
vn 0.000000 -1.000000 0.000000
vn 0.000000 -1.000000 0.000000
vn 0.000000 -1.000000 0.000000
vn -1.000000 0.000000 0.000000
vn -1.000000 0.000000 0.000000
vn -1.000000 0.000000 0.000000
vn -0.000000 1.000000 -0.000000
vn -0.000000 1.000000 -0.000000
vn -0.000000 1.000000 -0.000000
vn -0.000000 1.000000 -0.000000
vn -0.000000 1.000000 -0.000000
vn -0.000000 1.000000 -0.000000
vn -0.000000 1.000000 -0.000000
vn -0.000000 1.000000 -0.000000
vn -0.000000 1.000000 -0.000000
vn -0.000000 0.092600 -0.995703
vn -0.000000 0.092600 -0.995703
vn -0.000000 0.092600 -0.995703
vn -0.000000 1.000000 -0.000000
vn -0.000000 1.000000 -0.000000
vn -0.000000 1.000000 -0.000000
vn -0.000000 0.092600 -0.995703
vn -0.000000 0.092600 -0.995703
vn -0.000000 0.092600 -0.995703
vn 1.000000 0.000000 0.000000
vn 1.000000 0.000000 0.000000
vn 1.000000 0.000000 0.000000
vn -0.000000 1.000000 -0.000000
vn -0.000000 1.000000 -0.000000
vn -0.000000 1.000000 -0.000000
vn -0.000000 1.000000 -0.000000
vn -0.000000 1.000000 -0.000000
vn -0.000000 1.000000 -0.000000
vn -0.000000 1.000000 -0.000000
vn -0.000000 1.000000 -0.000000
vn -0.000000 1.000000 -0.000000
vn -0.000000 1.000000 -0.000000
vn -0.000000 1.000000 -0.000000
vn -0.000000 1.000000 -0.000000
vn -0.000000 1.000000 -0.000000
vn -0.000000 1.000000 -0.000000
vn -0.000000 1.000000 -0.000000
vn -1.000000 0.000000 0.000000
vn -1.000000 0.000000 0.000000
vn -1.000000 0.000000 0.000000
vn 0.000000 -1.000000 0.000000
vn 0.000000 -1.000000 0.000000
vn 0.000000 -1.000000 0.000000
vn 0.000000 -1.000000 0.000000
vn 0.000000 -1.000000 0.000000
vn 0.000000 -1.000000 0.000000
vn 0.000000 -1.000000 0.000000
vn 0.000000 -1.000000 0.000000
vn 0.000000 -1.000000 0.000000
vn 0.000000 -1.000000 0.000000
vn 0.000000 -1.000000 0.000000
vn 0.000000 -1.000000 0.000000
vn 0.000000 -1.000000 0.000000
vn 0.000000 -1.000000 0.000000
vn 0.000000 -1.000000 0.000000
vn 1.000000 0.000000 0.000000
vn 1.000000 0.000000 0.000000
vn 1.000000 0.000000 0.000000
vn -0.000000 1.000000 -0.000000
vn -0.000000 1.000000 -0.000000
vn -0.000000 1.000000 -0.000000
vn -0.000000 1.000000 -0.000000
vn -0.000000 1.000000 -0.000000
vn -0.000000 1.000000 -0.000000
vn -0.000000 1.000000 -0.000000
vn -0.000000 1.000000 -0.000000
vn -0.000000 1.000000 -0.000000
vn -0.000000 1.000000 -0.000000
vn -0.000000 1.000000 -0.000000
vn -0.000000 1.000000 -0.000000
vn -0.000000 1.000000 -0.000000
vn -0.000000 1.000000 -0.000000
vn -0.000000 1.000000 -0.000000
vn -1.000000 0.000000 0.000000
vn -1.000000 0.000000 0.000000
vn -1.000000 0.000000 0.000000
vn 0.000000 -1.000000 0.000000
vn 0.000000 -1.000000 0.000000
vn 0.000000 -1.000000 0.000000
vn 0.000000 -1.000000 0.000000
vn 0.000000 -1.000000 0.000000
vn 0.000000 -1.000000 0.000000
vn 0.000000 -1.000000 0.000000
vn 0.000000 -1.000000 0.000000
vn 0.000000 -1.000000 0.000000
vn 0.000000 -1.000000 0.000000
vn 0.000000 -1.000000 0.000000
vn 0.000000 -1.000000 0.000000
vn 0.000000 -1.000000 0.000000
vn 0.000000 -1.000000 0.000000
vn 0.000000 -1.000000 0.000000
vn 1.000000 0.000000 0.000000
vn 1.000000 0.000000 0.000000
vn 1.000000 0.000000 0.000000
vn 0.000000 0.000000 -1.000000
vn 0.000000 0.000000 -1.000000
vn 0.000000 0.000000 -1.000000
vn -1.000000 0.000000 0.000000
vn -1.000000 0.000000 0.000000
vn -1.000000 0.000000 0.000000
vn 0.000000 0.000000 1.000000
vn 0.000000 0.000000 1.000000
vn 0.000000 0.000000 1.000000
vn 0.000000 0.000000 -1.000000
vn 0.000000 0.000000 -1.000000
vn 0.000000 0.000000 -1.000000
vn -1.000000 0.000000 0.000000
vn -1.000000 0.000000 0.000000
vn -1.000000 0.000000 0.000000
vn 0.000000 0.000000 1.000000
vn 0.000000 0.000000 1.000000
vn 0.000000 0.000000 1.000000
vn 1.000000 0.000000 0.000000
vn 1.000000 0.000000 0.000000
vn 1.000000 0.000000 0.000000
vn 1.000000 0.000000 0.000000
vn 1.000000 0.000000 0.000000
vn 1.000000 0.000000 0.000000
vn -0.000000 0.747294 -0.664494
vn -0.000000 0.731906 -0.681406
vn -0.000000 0.747294 -0.664494
vn -1.000000 0.000000 0.000000
vn -1.000000 0.000000 0.000000
vn -1.000000 0.000000 0.000000
vn 0.000000 -0.747294 0.664494
vn 0.000000 -0.731906 0.681406
vn 0.000000 -0.747294 0.664494
vn -0.000000 0.747294 -0.664494
vn -0.000000 0.731906 -0.681406
vn -0.000000 0.747294 -0.664494
vn -1.000000 0.000000 0.000000
vn -1.000000 0.000000 0.000000
vn -1.000000 0.000000 0.000000
vn 0.000000 -0.747294 0.664494
vn 0.000000 -0.731906 0.681406
vn 0.000000 -0.747294 0.664494
vn 1.000000 0.000000 0.000000
vn 1.000000 0.000000 0.000000
vn 1.000000 0.000000 0.000000
vn 1.000000 0.000000 0.000000
vn 1.000000 0.000000 0.000000
vn 1.000000 0.000000 0.000000
vn -0.000000 0.731906 -0.681406
vn -0.000000 0.564515 -0.825423
vn -0.000000 0.731906 -0.681406
vn -1.000000 0.000000 0.000000
vn -1.000000 0.000000 0.000000
vn -1.000000 0.000000 0.000000
vn 0.000000 -0.731906 0.681406
vn 0.000000 -0.564515 0.825423
vn 0.000000 -0.731906 0.681406
vn -0.000000 0.731906 -0.681406
vn -0.000000 0.564515 -0.825423
vn -0.000000 0.731906 -0.681406
vn -1.000000 0.000000 0.000000
vn -1.000000 0.000000 0.000000
vn -1.000000 0.000000 0.000000
vn 0.000000 -0.731906 0.681406
vn 0.000000 -0.564515 0.825423
vn 0.000000 -0.731906 0.681406
vn 1.000000 0.000000 0.000000
vn 1.000000 0.000000 0.000000
vn 1.000000 0.000000 0.000000
vn 1.000000 0.000000 0.000000
vn 1.000000 0.000000 0.000000
vn 1.000000 0.000000 0.000000
vn -0.000000 0.564630 -0.825344
vn -0.000000 0.236908 -0.971532
vn -0.000000 0.564515 -0.825423
vn -1.000000 0.000000 0.000000
vn -1.000000 0.000000 0.000000
vn -1.000000 0.000000 0.000000
vn 0.000000 -0.564401 0.825501
vn 0.000000 -0.237002 0.971509
vn 0.000000 -0.564515 0.825423
vn -0.000000 0.564584 -0.825376
vn -0.000000 0.236908 -0.971532
vn -0.000000 0.564515 -0.825423
vn -1.000000 0.000000 0.000000
vn -1.000000 0.000000 0.000000
vn -1.000000 0.000000 0.000000
vn 0.000000 -0.564401 0.825501
vn 0.000000 -0.237002 0.971509
vn 0.000000 -0.564515 0.825423
vn 1.000000 0.000000 0.000000
vn 1.000000 0.000000 0.000000
vn 1.000000 0.000000 0.000000
vn 1.000000 0.000000 0.000000
vn 1.000000 0.000000 0.000000
vn 1.000000 0.000000 0.000000
vn -0.000000 0.236908 -0.971532
vn 0.000000 -0.232193 -0.972670
vn -0.000000 0.236908 -0.971532
vn -1.000000 0.000000 0.000000
vn -1.000000 0.000000 0.000000
vn -1.000000 0.000000 0.000000
vn 0.000000 -0.237002 0.971509
vn 0.000000 0.232004 0.972715
vn 0.000000 -0.237002 0.971509
vn -0.000000 0.236908 -0.971532
vn 0.000000 -0.231508 -0.972833
vn -0.000000 0.236908 -0.971532
vn -1.000000 0.000000 0.000000
vn -1.000000 0.000000 0.000000
vn -1.000000 0.000000 0.000000
vn 0.000000 -0.237002 0.971509
vn 0.000000 0.232806 0.972523
vn 0.000000 -0.237002 0.971509
vn 1.000000 0.000000 0.000000
vn 1.000000 0.000000 0.000000
vn 1.000000 0.000000 0.000000
vn 1.000000 0.000000 0.000000
vn 1.000000 0.000000 0.000000
vn 1.000000 0.000000 0.000000
vn 0.000000 -0.232193 -0.972670
vn 0.000000 -0.597196 -0.802095
vn 0.000000 -0.232193 -0.972670
vn -1.000000 0.000000 0.000000
vn -1.000000 0.000000 0.000000
vn -1.000000 0.000000 0.000000
vn 0.000000 0.232098 0.972692
vn 0.000000 0.597196 0.802095
vn 0.000000 0.232004 0.972715
vn 0.000000 -0.231391 -0.972861
vn 0.000000 -0.599824 -0.800132
vn 0.000000 -0.231508 -0.972833
vn -1.000000 0.000000 0.000000
vn -1.000000 0.000000 0.000000
vn -1.000000 0.000000 0.000000
vn 0.000000 0.232806 0.972523
vn 0.000000 0.594787 0.803883
vn 0.000000 0.232806 0.972523
vn 1.000000 0.000000 0.000000
vn 1.000000 0.000000 0.000000
vn 1.000000 0.000000 0.000000
vn 1.000000 0.000000 0.000000
vn 1.000000 0.000000 0.000000
vn 1.000000 0.000000 0.000000
vn 0.000000 -0.597196 -0.802095
vn 0.000000 -0.789390 -0.613892
vn 0.000000 -0.597196 -0.802095
vn -1.000000 0.000000 0.000000
vn -1.000000 0.000000 0.000000
vn -1.000000 0.000000 0.000000
vn 0.000000 0.597196 0.802095
vn 0.000000 0.789304 0.614003
vn 0.000000 0.597196 0.802095
vn 0.000000 -0.599824 -0.800132
vn 0.000000 -0.790874 -0.611980
vn 0.000000 -0.599824 -0.800132
vn -1.000000 0.000000 0.000000
vn -1.000000 0.000000 0.000000
vn -1.000000 0.000000 0.000000
vn 0.000000 0.594787 0.803883
vn 0.000000 0.787902 0.615801
vn 0.000000 0.594787 0.803883
vn 1.000000 0.000000 0.000000
vn 1.000000 0.000000 0.000000
vn 1.000000 0.000000 0.000000
vn 1.000000 0.000000 0.000000
vn 1.000000 0.000000 0.000000
vn 1.000000 0.000000 0.000000
vn 0.000000 -0.789304 -0.614003
vn 0.000000 -0.950212 -0.311604
vn 0.000000 -0.789390 -0.613892
vn -1.000000 0.000000 0.000000
vn -1.000000 0.000000 0.000000
vn -1.000000 0.000000 0.000000
vn 0.000000 0.789390 0.613892
vn 0.000000 0.920443 0.390876
vn 0.000000 0.789304 0.614003
vn 0.000000 -0.790836 -0.612028
vn 0.000000 -0.934024 -0.357209
vn 0.000000 -0.790874 -0.611980
vn -1.000000 0.000000 0.000000
vn -1.000000 0.000000 0.000000
vn -1.000000 0.000000 0.000000
vn 0.000000 0.787988 0.615691
vn 0.000000 0.935777 0.352591
vn 0.000000 0.787902 0.615801
vn 1.000000 0.000000 0.000000
vn 1.000000 0.000000 0.000000
vn 1.000000 0.000000 0.000000
vn 1.000000 0.000000 0.000000
vn 1.000000 0.000000 0.000000
vn 1.000000 0.000000 0.000000
vn 0.000000 -0.950182 -0.311694
vn 0.000000 -0.999974 -0.007200
vn 0.000000 -0.950212 -0.311604
vn -1.000000 0.000000 0.000000
vn -1.000000 0.000000 0.000000
vn -1.000000 0.000000 0.000000
vn 0.000000 0.920443 0.390876
vn 0.000000 0.998216 0.059701
vn 0.000000 0.920443 0.390876
vn 0.000000 -0.934024 -0.357209
vn 0.000000 -0.999497 -0.031700
vn 0.000000 -0.934024 -0.357209
vn -1.000000 0.000000 0.000000
vn -1.000000 0.000000 0.000000
vn -1.000000 0.000000 0.000000
vn 0.000000 0.935777 0.352591
vn 0.000000 0.999337 0.036401
vn 0.000000 0.935777 0.352591
vn 1.000000 0.000000 0.000000
vn 1.000000 0.000000 0.000000
vn 1.000000 0.000000 0.000000
vn 1.000000 0.000000 0.000000
vn 1.000000 0.000000 0.000000
vn 1.000000 0.000000 0.000000
vn 0.000000 -0.999972 -0.007500
vn 0.000000 -0.999850 0.017299
vn 0.000000 -0.999974 -0.007200
vn -1.000000 0.000000 0.000000
vn -1.000000 0.000000 0.000000
vn -1.000000 0.000000 0.000000
vn 0.000000 0.998276 0.058699
vn -0.000000 0.999850 -0.017299
vn 0.000000 0.998216 0.059701
vn 0.000000 -0.999469 -0.032599
vn 0.000000 -0.999850 0.017299
vn 0.000000 -0.999497 -0.031700
vn -1.000000 0.000000 0.000000
vn -1.000000 0.000000 0.000000
vn -1.000000 0.000000 0.000000
vn 0.000000 0.999363 0.035699
vn -0.000000 0.999850 -0.017299
vn 0.000000 0.999337 0.036401
vn 1.000000 0.000000 0.000000
vn 1.000000 0.000000 0.000000
vn 1.000000 0.000000 0.000000
vn 0.000000 -1.000000 0.000000
vn 0.000000 -1.000000 0.000000
vn 0.000000 -1.000000 0.000000
vn 0.000000 0.000000 -1.000000
vn 0.000000 0.000000 -1.000000
vn 0.000000 0.000000 -1.000000
vn -0.000000 1.000000 -0.000000
vn -0.000000 1.000000 -0.000000
vn -0.000000 1.000000 -0.000000
vn 0.000000 -1.000000 0.000000
vn 0.000000 -1.000000 0.000000
vn 0.000000 -1.000000 0.000000
vn 0.000000 0.000000 -1.000000
vn 0.000000 0.000000 -1.000000
vn 0.000000 0.000000 -1.000000
vn -0.000000 1.000000 -0.000000
vn -0.000000 1.000000 -0.000000
vn -0.000000 1.000000 -0.000000
vn -0.000000 1.000000 -0.000000
vn -0.000000 1.000000 -0.000000
vn -0.000000 1.000000 -0.000000
vn 0.000000 0.000000 -1.000000
vn 0.000000 0.000000 -1.000000
vn 0.000000 0.000000 -1.000000
vn 0.000000 -1.000000 0.000000
vn 0.000000 -1.000000 0.000000
vn 0.000000 -1.000000 0.000000
vn -0.000000 1.000000 -0.000000
vn -0.000000 1.000000 -0.000000
vn -0.000000 1.000000 -0.000000
vn 0.000000 0.000000 -1.000000
vn 0.000000 0.000000 -1.000000
vn 0.000000 0.000000 -1.000000
vn 0.000000 -1.000000 0.000000
vn 0.000000 -1.000000 0.000000
vn 0.000000 -1.000000 0.000000
vn 0.994162 -0.000000 0.107896
vn 0.994162 -0.000000 0.107896
vn 0.994162 -0.000000 0.107896
vn 0.000000 -1.000000 0.000000
vn 0.000000 -1.000000 0.000000
vn 0.000000 -1.000000 0.000000
vn -0.994723 0.000000 -0.102602
vn -0.995294 0.000000 -0.096899
vn -0.994723 0.000000 -0.102602
vn -0.000000 1.000000 -0.000000
vn -0.000000 1.000000 -0.000000
vn -0.000000 1.000000 -0.000000
vn 0.994723 0.000000 -0.102602
vn 0.995265 0.000000 -0.097197
vn 0.994723 0.000000 -0.102602
vn 0.000000 -1.000000 0.000000
vn 0.000000 -1.000000 0.000000
vn 0.000000 -1.000000 0.000000
vn -0.994162 0.000000 0.107896
vn -0.994162 0.000000 0.107896
vn -0.994162 0.000000 0.107896
vn -0.000000 1.000000 -0.000000
vn -0.000000 1.000000 -0.000000
vn -0.000000 1.000000 -0.000000
vn 0.999965 -0.000000 0.008400
vn 0.999965 -0.000000 0.008400
vn 0.999965 -0.000000 0.008400
vn -0.000000 1.000000 -0.000000
vn -0.000000 1.000000 -0.000000
vn -0.000000 1.000000 -0.000000
vn -0.995275 0.000000 -0.097098
vn -0.999968 0.000000 -0.008000
vn -0.995294 0.000000 -0.096899
vn 0.000000 -1.000000 0.000000
vn 0.000000 -1.000000 0.000000
vn 0.000000 -1.000000 0.000000
vn -0.000000 1.000000 -0.000000
vn -0.000000 1.000000 -0.000000
vn -0.000000 1.000000 -0.000000
vn -0.999965 0.000000 0.008400
vn -0.999965 0.000000 0.008400
vn -0.999965 0.000000 0.008400
vn 0.000000 -1.000000 0.000000
vn 0.000000 -1.000000 0.000000
vn 0.000000 -1.000000 0.000000
vn 0.995245 0.000000 -0.097404
vn 0.999968 0.000000 -0.008000
vn 0.995265 0.000000 -0.097197
vn -0.000000 1.000000 -0.000000
vn -0.000000 1.000000 -0.000000
vn -0.000000 1.000000 -0.000000
vn -0.992295 0.000000 -0.123899
vn -0.971899 0.000000 -0.235400
vn -0.992295 0.000000 -0.123899
vn 0.000000 -1.000000 0.000000
vn 0.000000 -1.000000 0.000000
vn 0.000000 -1.000000 0.000000
vn 0.993037 -0.000000 0.117804
vn 0.974519 -0.000000 0.224304
vn 0.993037 -0.000000 0.117804
vn 0.992232 0.000000 -0.124404
vn 0.971899 0.000000 -0.235400
vn 0.992232 0.000000 -0.124404
vn -0.000000 1.000000 -0.000000
vn -0.000000 1.000000 -0.000000
vn -0.000000 1.000000 -0.000000
vn -0.992990 0.000000 0.118199
vn -0.974519 0.000000 0.224304
vn -0.992990 0.000000 0.118199
vn 0.000000 -1.000000 0.000000
vn 0.000000 -1.000000 0.000000
vn 0.000000 -1.000000 0.000000
vn 0.999965 -0.000000 0.008400
vn 0.992232 0.000000 -0.124404
vn 0.999965 -0.000000 0.008400
vn -0.000000 1.000000 -0.000000
vn -0.000000 1.000000 -0.000000
vn -0.000000 1.000000 -0.000000
vn -0.999968 0.000000 -0.008000
vn -0.992990 0.000000 0.118199
vn -0.999968 0.000000 -0.008000
vn 0.000000 -1.000000 0.000000
vn 0.000000 -1.000000 0.000000
vn 0.000000 -1.000000 0.000000
vn -0.000000 1.000000 -0.000000
vn -0.000000 1.000000 -0.000000
vn -0.000000 1.000000 -0.000000
vn -0.999965 0.000000 0.008400
vn -0.992295 0.000000 -0.123899
vn -0.999965 0.000000 0.008400
vn 0.000000 -1.000000 0.000000
vn 0.000000 -1.000000 0.000000
vn 0.000000 -1.000000 0.000000
vn 0.999968 0.000000 -0.008000
vn 0.993037 -0.000000 0.117804
vn 0.999968 0.000000 -0.008000
vn -0.008400 0.000000 0.999965
vn -0.008400 0.000000 0.999965
vn -0.008400 0.000000 0.999965
vn 0.000000 -1.000000 0.000000
vn 0.000000 -1.000000 0.000000
vn 0.000000 -1.000000 0.000000
vn 0.008400 0.000000 -0.999965
vn 0.008400 0.000000 -0.999965
vn 0.008400 0.000000 -0.999965
vn -0.000000 1.000000 -0.000000
vn -0.000000 1.000000 -0.000000
vn -0.000000 1.000000 -0.000000
vn 0.008400 -0.000000 0.999965
vn 0.008400 -0.000000 0.999965
vn 0.008400 -0.000000 0.999965
vn -0.000000 1.000000 -0.000000
vn -0.000000 1.000000 -0.000000
vn -0.000000 1.000000 -0.000000
vn -0.008400 0.000000 -0.999965
vn -0.008400 0.000000 -0.999965
vn -0.008400 0.000000 -0.999965
vn 0.000000 -1.000000 0.000000
vn 0.000000 -1.000000 0.000000
vn 0.000000 -1.000000 0.000000
vn 0.000000 -1.000000 0.000000
vn 0.000000 -1.000000 0.000000
vn 0.000000 -1.000000 0.000000
vn 0.000000 0.000000 -1.000000
vn 0.000000 0.000000 -1.000000
vn 0.000000 0.000000 -1.000000
vn 0.000000 0.000000 1.000000
vn 0.000000 0.000000 1.000000
vn 0.000000 0.000000 1.000000
vn 1.000000 0.000000 0.000000
vn 1.000000 0.000000 0.000000
vn 1.000000 0.000000 0.000000
vn 0.000000 -1.000000 0.000000
vn 0.000000 -1.000000 0.000000
vn 0.000000 -1.000000 0.000000
vn -1.000000 0.000000 0.000000
vn -1.000000 0.000000 0.000000
vn -1.000000 0.000000 0.000000
vn -0.000000 1.000000 -0.000000
vn -0.000000 1.000000 -0.000000
vn -0.000000 1.000000 -0.000000
vn -0.000000 0.092600 -0.995703
vn -0.000000 0.092600 -0.995703
vn -0.000000 0.092600 -0.995703
vn -0.000000 1.000000 -0.000000
vn -0.000000 1.000000 -0.000000
vn -0.000000 1.000000 -0.000000
vn 0.000000 -1.000000 0.000000
vn 0.000000 -1.000000 0.000000
vn 0.000000 -1.000000 0.000000
vn -0.000000 1.000000 -0.000000
vn -0.000000 1.000000 -0.000000
vn -0.000000 1.000000 -0.000000
vn 0.000000 -1.000000 0.000000
vn 0.000000 -1.000000 0.000000
vn 0.000000 -1.000000 0.000000
vn 1.000000 0.000000 0.000000
vn 1.000000 0.000000 0.000000
vn 1.000000 0.000000 0.000000
vn 0.000000 0.000000 -1.000000
vn 0.000000 0.000000 -1.000000
vn 0.000000 0.000000 -1.000000
vn -1.000000 0.000000 0.000000
vn -1.000000 0.000000 0.000000
vn -1.000000 0.000000 0.000000
vn 0.000000 0.000000 1.000000
vn 0.000000 0.000000 1.000000
vn 0.000000 0.000000 1.000000
vn 1.000000 0.000000 0.000000
vn 1.000000 0.000000 0.000000
vn 1.000000 0.000000 0.000000
vn -0.000000 0.747294 -0.664494
vn -0.000000 0.731906 -0.681406
vn -0.000000 0.747294 -0.664494
vn -1.000000 0.000000 0.000000
vn -1.000000 0.000000 0.000000
vn -1.000000 0.000000 0.000000
vn 0.000000 -0.747294 0.664494
vn 0.000000 -0.731906 0.681406
vn 0.000000 -0.747294 0.664494
vn 1.000000 0.000000 0.000000
vn 1.000000 0.000000 0.000000
vn 1.000000 0.000000 0.000000
vn -0.000000 0.731906 -0.681406
vn -0.000000 0.564515 -0.825423
vn -0.000000 0.731906 -0.681406
vn -1.000000 0.000000 0.000000
vn -1.000000 0.000000 0.000000
vn -1.000000 0.000000 0.000000
vn 0.000000 -0.731906 0.681406
vn 0.000000 -0.564469 0.825454
vn 0.000000 -0.731906 0.681406
vn 1.000000 0.000000 0.000000
vn 1.000000 0.000000 0.000000
vn 1.000000 0.000000 0.000000
vn -0.000000 0.564630 -0.825344
vn -0.000000 0.236908 -0.971532
vn -0.000000 0.564515 -0.825423
vn -1.000000 0.000000 0.000000
vn -1.000000 0.000000 0.000000
vn -1.000000 0.000000 0.000000
vn 0.000000 -0.564401 0.825501
vn 0.000000 -0.237002 0.971509
vn 0.000000 -0.564469 0.825454
vn 1.000000 0.000000 0.000000
vn 1.000000 0.000000 0.000000
vn 1.000000 0.000000 0.000000
vn -0.000000 0.236908 -0.971532
vn 0.000000 -0.232287 -0.972647
vn -0.000000 0.236908 -0.971532
vn -1.000000 0.000000 0.000000
vn -1.000000 0.000000 0.000000
vn -1.000000 0.000000 0.000000
vn 0.000000 -0.237002 0.971509
vn 0.000000 0.232004 0.972715
vn 0.000000 -0.237002 0.971509
vn 1.000000 0.000000 0.000000
vn 1.000000 0.000000 0.000000
vn 1.000000 0.000000 0.000000
vn 0.000000 -0.232193 -0.972670
vn 0.000000 -0.597196 -0.802095
vn 0.000000 -0.232287 -0.972647
vn -1.000000 0.000000 0.000000
vn -1.000000 0.000000 0.000000
vn -1.000000 0.000000 0.000000
vn 0.000000 0.232098 0.972692
vn 0.000000 0.597196 0.802095
vn 0.000000 0.232004 0.972715
vn 1.000000 0.000000 0.000000
vn 1.000000 0.000000 0.000000
vn 1.000000 0.000000 0.000000
vn 0.000000 -0.597196 -0.802095
vn 0.000000 -0.789390 -0.613892
vn 0.000000 -0.597196 -0.802095
vn -1.000000 0.000000 0.000000
vn -1.000000 0.000000 0.000000
vn -1.000000 0.000000 0.000000
vn 0.000000 0.597196 0.802095
vn 0.000000 0.789304 0.614003
vn 0.000000 0.597196 0.802095
vn 1.000000 0.000000 0.000000
vn 1.000000 0.000000 0.000000
vn 1.000000 0.000000 0.000000
vn 0.000000 -0.789304 -0.614003
vn 0.000000 -0.950212 -0.311604
vn 0.000000 -0.789390 -0.613892
vn -1.000000 0.000000 0.000000
vn -1.000000 0.000000 0.000000
vn -1.000000 0.000000 0.000000
vn 0.000000 0.789390 0.613892
vn 0.000000 0.920443 0.390876
vn 0.000000 0.789304 0.614003
vn 1.000000 0.000000 0.000000
vn 1.000000 0.000000 0.000000
vn 1.000000 0.000000 0.000000
vn 0.000000 -0.950182 -0.311694
vn 0.000000 -0.999973 -0.007300
vn 0.000000 -0.950212 -0.311604
vn -1.000000 0.000000 0.000000
vn -1.000000 0.000000 0.000000
vn -1.000000 0.000000 0.000000
vn 0.000000 0.920479 0.390791
vn 0.000000 0.998222 0.059601
vn 0.000000 0.920443 0.390876
vn 1.000000 0.000000 0.000000
vn 1.000000 0.000000 0.000000
vn 1.000000 0.000000 0.000000
vn 0.000000 -0.999971 -0.007600
vn 0.000000 -0.999850 0.017299
vn 0.000000 -0.999973 -0.007300
vn -1.000000 0.000000 0.000000
vn -1.000000 0.000000 0.000000
vn -1.000000 0.000000 0.000000
vn 0.000000 0.998276 0.058699
vn -0.000000 0.999850 -0.017299
vn 0.000000 0.998222 0.059601
vn -1.000000 0.000000 0.000000
vn -1.000000 0.000000 0.000000
vn -1.000000 0.000000 0.000000
vn -1.000000 0.000000 0.000000
vn -1.000000 0.000000 0.000000
vn -1.000000 0.000000 0.000000
vn -1.000000 0.000000 0.000000
vn -1.000000 0.000000 0.000000
vn -1.000000 0.000000 0.000000
vn 1.000000 0.000000 0.000000
vn 1.000000 0.000000 0.000000
vn 1.000000 0.000000 0.000000
vn 1.000000 0.000000 0.000000
vn 1.000000 0.000000 0.000000
vn 1.000000 0.000000 0.000000
vn 1.000000 0.000000 0.000000
vn 1.000000 0.000000 0.000000
vn 1.000000 0.000000 0.000000
vn -0.863452 0.000000 -0.504431
vn -0.863452 0.000000 -0.504431
vn -0.863452 0.000000 -0.504431
vn -0.402015 0.000000 -0.915633
vn -0.739669 0.000000 -0.672971
vn -0.739669 0.000000 -0.672971
vn 0.005100 0.000000 -0.999987
vn -0.402015 0.000000 -0.915633
vn -0.402015 0.000000 -0.915633
vn 0.411421 0.000000 -0.911446
vn 0.005100 0.000000 -0.999987
vn 0.005100 0.000000 -0.999987
vn 0.746587 0.000000 -0.665288
vn 0.411421 0.000000 -0.911446
vn 0.411421 0.000000 -0.911446
vn 0.952636 0.000000 -0.304112
vn 0.746587 0.000000 -0.665288
vn 0.746587 0.000000 -0.665288
vn 0.993976 -0.000000 0.109597
vn 0.952636 0.000000 -0.304112
vn 0.952636 0.000000 -0.304112
vn 0.863452 -0.000000 0.504431
vn 0.993976 -0.000000 0.109597
vn 0.993976 -0.000000 0.109597
vn 0.583620 -0.000000 0.812027
vn 0.863478 -0.000000 0.504387
vn 0.863452 -0.000000 0.504431
vn 0.202900 -0.000000 0.979200
vn 0.583620 -0.000000 0.812027
vn 0.583620 -0.000000 0.812027
vn -0.212895 0.000000 0.977075
vn 0.202900 -0.000000 0.979200
vn 0.202900 -0.000000 0.979200
vn -0.591905 0.000000 0.806008
vn -0.212895 0.000000 0.977075
vn -0.212895 0.000000 0.977075
vn -0.868606 0.000000 0.495503
vn -0.591905 0.000000 0.806008
vn -0.591905 0.000000 0.806008
vn -0.995047 0.000000 0.099405
vn -0.868606 0.000000 0.495503
vn -0.868606 0.000000 0.495503
vn -0.949490 0.000000 -0.313797
vn -0.995047 0.000000 0.099405
vn -0.995047 0.000000 0.099405
vn -0.000000 1.000000 -0.000000
vn -0.000000 1.000000 -0.000000
vn -0.000000 1.000000 -0.000000
vn -0.000000 1.000000 -0.000000
vn -0.000000 1.000000 -0.000000
vn -0.000000 1.000000 -0.000000
vn -0.000000 1.000000 -0.000000
vn -0.000000 1.000000 -0.000000
vn -0.000000 1.000000 -0.000000
vn -0.000000 1.000000 -0.000000
vn -0.000000 1.000000 -0.000000
vn -0.000000 1.000000 -0.000000
vn -0.000000 1.000000 -0.000000
vn -0.000000 1.000000 -0.000000
vn -0.000000 1.000000 -0.000000
vn -0.000000 1.000000 -0.000000
vn -0.000000 1.000000 -0.000000
vn -0.000000 1.000000 -0.000000
vn -0.000000 1.000000 -0.000000
vn -0.000000 1.000000 -0.000000
vn -0.000000 1.000000 -0.000000
vn -0.000000 1.000000 -0.000000
vn -0.000000 1.000000 -0.000000
vn -0.000000 1.000000 -0.000000
vn -0.000000 1.000000 -0.000000
vn -0.000000 1.000000 -0.000000
vn -0.000000 1.000000 -0.000000
vn -0.000000 1.000000 -0.000000
vn -0.000000 1.000000 -0.000000
vn -0.000000 1.000000 -0.000000
vn -0.000000 1.000000 -0.000000
vn -0.000000 1.000000 -0.000000
vn -0.000000 1.000000 -0.000000
vn -0.000000 1.000000 -0.000000
vn -0.000000 1.000000 -0.000000
vn -0.000000 1.000000 -0.000000
vn -0.000000 1.000000 -0.000000
vn -0.000000 1.000000 -0.000000
vn -0.000000 1.000000 -0.000000
vn -0.000000 1.000000 -0.000000
vn -0.000000 1.000000 -0.000000
vn -0.000000 1.000000 -0.000000
vn -0.000000 1.000000 -0.000000
vn -0.000000 1.000000 -0.000000
vn -0.000000 1.000000 -0.000000
vn -0.739718 0.000000 -0.672917
vn -0.949460 0.000000 -0.313887
vn -0.949460 0.000000 -0.313887
vn -0.402015 0.000000 -0.915633
vn -0.739718 0.000000 -0.672917
vn -0.739718 0.000000 -0.672917
vn 0.005100 0.000000 -0.999987
vn -0.402015 0.000000 -0.915633
vn -0.402015 0.000000 -0.915633
vn 0.411383 0.000000 -0.911463
vn 0.005100 0.000000 -0.999987
vn 0.005100 0.000000 -0.999987
vn 0.746587 0.000000 -0.665288
vn 0.411421 0.000000 -0.911446
vn 0.411383 0.000000 -0.911463
vn 0.952636 0.000000 -0.304112
vn 0.746587 0.000000 -0.665288
vn 0.746587 0.000000 -0.665288
vn 0.993976 -0.000000 0.109597
vn 0.952636 0.000000 -0.304112
vn 0.952636 0.000000 -0.304112
vn 0.863452 -0.000000 0.504431
vn 0.993976 -0.000000 0.109597
vn 0.993976 -0.000000 0.109597
vn 0.583620 -0.000000 0.812027
vn 0.863452 -0.000000 0.504431
vn 0.863452 -0.000000 0.504431
vn 0.402015 -0.000000 0.915633
vn 0.583620 -0.000000 0.812027
vn 0.583620 -0.000000 0.812027
vn -0.005100 0.000000 0.999987
vn -0.005100 0.000000 0.999987
vn -0.005100 0.000000 0.999987
vn -0.591905 0.000000 0.806008
vn -0.411504 0.000000 0.911408
vn -0.411504 0.000000 0.911408
vn -0.868563 0.000000 0.495579
vn -0.591905 0.000000 0.806008
vn -0.591905 0.000000 0.806008
vn -0.995047 0.000000 0.099405
vn -0.868606 0.000000 0.495503
vn -0.868563 0.000000 0.495579
vn -0.949460 0.000000 -0.313887
vn -0.995047 0.000000 0.099405
vn -0.995047 0.000000 0.099405
vn -0.000000 1.000000 -0.000000
vn -0.000000 1.000000 -0.000000
vn -0.000000 1.000000 -0.000000
vn 0.000000 -1.000000 0.000000
vn 0.000000 -1.000000 0.000000
vn 0.000000 -1.000000 0.000000
vn -0.000000 1.000000 -0.000000
vn -0.000000 1.000000 -0.000000
vn -0.000000 1.000000 -0.000000
vn 0.000000 -1.000000 0.000000
vn 0.000000 -1.000000 0.000000
vn 0.000000 -1.000000 0.000000
vn -0.000000 1.000000 -0.000000
vn -0.000000 1.000000 -0.000000
vn -0.000000 1.000000 -0.000000
vn 0.000000 -1.000000 0.000000
vn 0.000000 -1.000000 0.000000
vn 0.000000 -1.000000 0.000000
vn -0.000000 1.000000 -0.000000
vn -0.000000 1.000000 -0.000000
vn -0.000000 1.000000 -0.000000
vn 0.000000 -1.000000 0.000000
vn 0.000000 -1.000000 0.000000
vn 0.000000 -1.000000 0.000000
vn -0.000000 1.000000 -0.000000
vn -0.000000 1.000000 -0.000000
vn -0.000000 1.000000 -0.000000
vn 0.000000 -1.000000 0.000000
vn 0.000000 -1.000000 0.000000
vn 0.000000 -1.000000 0.000000
vn -0.000000 1.000000 -0.000000
vn -0.000000 1.000000 -0.000000
vn -0.000000 1.000000 -0.000000
vn 0.000000 -1.000000 0.000000
vn 0.000000 -1.000000 0.000000
vn 0.000000 -1.000000 0.000000
vn -0.000000 1.000000 -0.000000
vn -0.000000 1.000000 -0.000000
vn -0.000000 1.000000 -0.000000
vn 0.000000 -1.000000 0.000000
vn 0.000000 -1.000000 0.000000
vn 0.000000 -1.000000 0.000000
vn -0.000000 1.000000 -0.000000
vn -0.000000 1.000000 -0.000000
vn -0.000000 1.000000 -0.000000
vn 0.000000 -1.000000 0.000000
vn 0.000000 -1.000000 0.000000
vn 0.000000 -1.000000 0.000000
vn -0.000000 1.000000 -0.000000
vn -0.000000 1.000000 -0.000000
vn -0.000000 1.000000 -0.000000
vn 0.000000 -1.000000 0.000000
vn 0.000000 -1.000000 0.000000
vn 0.000000 -1.000000 0.000000
vn -0.000000 1.000000 -0.000000
vn -0.000000 1.000000 -0.000000
vn -0.000000 1.000000 -0.000000
vn 0.000000 -1.000000 0.000000
vn -0.001300 -0.975387 0.220497
vn 0.000000 -1.000000 0.000000
vn -0.000000 1.000000 -0.000000
vn -0.000000 1.000000 -0.000000
vn -0.000000 1.000000 -0.000000
vn 0.000000 -1.000000 0.000000
vn -0.001100 -0.975387 0.220497
vn 0.000000 -1.000000 0.000000
vn -0.000000 1.000000 -0.000000
vn -0.000000 1.000000 -0.000000
vn -0.000000 1.000000 -0.000000
vn 0.000000 -1.000000 0.000000
vn 0.000000 -1.000000 0.000000
vn 0.000000 -1.000000 0.000000
vn -0.000000 1.000000 -0.000000
vn -0.000000 1.000000 -0.000000
vn -0.000000 1.000000 -0.000000
vn 0.000000 -1.000000 0.000000
vn 0.000000 -1.000000 0.000000
vn 0.000000 -1.000000 0.000000
vn -0.000000 1.000000 -0.000000
vn -0.000000 1.000000 -0.000000
vn -0.000000 1.000000 -0.000000
vn 0.000000 -1.000000 0.000000
vn 0.000000 -1.000000 0.000000
vn 0.000000 -1.000000 0.000000
vn -0.000000 1.000000 -0.000000
vn -0.000000 1.000000 -0.000000
vn -0.000000 1.000000 -0.000000
vn 0.000000 -1.000000 0.000000
vn 0.000000 -1.000000 0.000000
vn 0.000000 -1.000000 0.000000
vn -0.739718 0.000000 -0.672917
vn -0.759572 -0.599878 -0.251391
vn -0.949460 0.000000 -0.313887
vn -0.402015 0.000000 -0.915633
vn -0.828181 -0.360792 -0.428890
vn -0.739718 0.000000 -0.672917
vn 0.005100 0.000000 -0.999987
vn -0.582704 -0.361402 -0.727904
vn -0.402015 0.000000 -0.915633
vn 0.005100 0.000000 -0.999987
vn 0.327808 -0.605715 -0.725018
vn -0.239210 -0.361815 -0.901038
vn 0.411421 -0.000200 -0.911446
vn 0.594191 -0.605891 -0.528992
vn 0.327808 -0.605715 -0.725018
vn 0.952636 0.000000 -0.304112
vn 0.594191 -0.605891 -0.528992
vn 0.746587 0.000000 -0.665288
vn 0.993976 -0.000000 0.109597
vn 0.782097 -0.363299 -0.506298
vn 0.952636 0.000000 -0.304112
vn 0.863452 -0.000000 0.504431
vn 0.920493 -0.363297 -0.143899
vn 0.993976 -0.000000 0.109597
vn 0.583620 -0.000000 0.812027
vn 0.899706 -0.362802 0.242702
vn 0.863452 -0.000000 0.504431
vn 0.202900 -0.000000 0.979200
vn 0.722878 -0.362289 0.588382
vn 0.583620 -0.000000 0.812027
vn -0.212895 0.000000 0.977075
vn 0.420190 -0.361592 0.832281
vn 0.202900 -0.000000 0.979200
vn -0.591905 0.000000 0.806008
vn 0.044198 -0.360885 0.931562
vn -0.212895 0.000000 0.977075
vn -0.868563 0.000000 0.495579
vn -0.339607 -0.360308 0.868818
vn -0.591905 0.000000 0.806008
vn -0.995047 0.000000 0.099405
vn -0.664259 -0.360078 0.655060
vn -0.868563 0.000000 0.495579
vn -0.949460 0.000000 -0.313887
vn -0.873317 -0.359907 0.328306
vn -0.995047 0.000000 0.099405
vn -0.759572 -0.599878 -0.251391
vn -0.492090 -0.747085 -0.446891
vn -0.632185 -0.746183 -0.208695
vn -0.828181 -0.360792 -0.428890
vn -0.267413 -0.748336 -0.607029
vn -0.492090 -0.747085 -0.446891
vn -0.582704 -0.361402 -0.727904
vn 0.002600 -0.749830 -0.661626
vn -0.267413 -0.748336 -0.607029
vn -0.239210 -0.361815 -0.901038
vn 0.270900 -0.751299 -0.601800
vn 0.002600 -0.749830 -0.661626
vn 0.327808 -0.605715 -0.725018
vn 0.491488 -0.752382 -0.438589
vn 0.270900 -0.751299 -0.601800
vn 0.594191 -0.605891 -0.528992
vn 0.626798 -0.752997 -0.200299
vn 0.491488 -0.752382 -0.438589
vn 0.782097 -0.363299 -0.506298
vn 0.654073 -0.752969 0.072297
vn 0.626798 -0.752997 -0.200299
vn 0.899706 -0.362802 0.242702
vn 0.654073 -0.752969 0.072297
vn 0.920493 -0.363297 -0.143899
vn 0.722878 -0.362289 0.588382
vn 0.568504 -0.752405 0.332702
vn 0.899706 -0.362802 0.242702
vn 0.420190 -0.361592 0.832281
vn 0.384603 -0.751305 0.536304
vn 0.722878 -0.362289 0.588382
vn 0.044198 -0.360885 0.931562
vn 0.133397 -0.749881 0.647984
vn 0.420190 -0.361592 0.832281
vn -0.339607 -0.360308 0.868818
vn -0.141997 -0.748385 0.647887
vn 0.044198 -0.360885 0.931562
vn -0.664259 -0.360078 0.655060
vn -0.393991 -0.747082 0.535387
vn -0.339607 -0.360308 0.868818
vn -0.873317 -0.359907 0.328306
vn -0.578401 -0.746201 0.329600
vn -0.664259 -0.360078 0.655060
vn -0.873317 -0.359907 0.328306
vn -0.632185 -0.746183 -0.208695
vn -0.662782 -0.745880 0.066198
vn -0.704733 -0.303814 -0.641130
vn -0.858856 -0.426328 -0.283919
vn -0.904575 -0.303791 -0.299092
vn -0.382999 -0.303699 -0.872398
vn -0.668962 -0.426776 -0.608566
vn -0.704733 -0.303814 -0.641130
vn -0.382999 -0.303699 -0.872398
vn 0.004600 -0.426409 -0.904519
vn -0.363202 -0.426803 -0.828205
vn 0.004900 -0.303807 -0.952721
vn 0.372100 -0.426700 -0.824299
vn 0.004600 -0.426409 -0.904519
vn 0.391985 -0.303788 -0.868367
vn 0.675297 -0.426398 -0.601797
vn 0.372100 -0.426700 -0.824299
vn 0.711275 -0.303789 -0.633877
vn 0.861727 -0.426313 -0.275108
vn 0.675297 -0.426398 -0.601797
vn 0.907593 -0.303798 -0.289798
vn 0.898938 -0.426718 0.099104
vn 0.861727 -0.426313 -0.275108
vn 0.946999 -0.303800 0.104400
vn 0.781005 -0.426403 0.456303
vn 0.898938 -0.426718 0.099104
vn 0.556005 -0.303703 0.773707
vn 0.781005 -0.426403 0.456303
vn 0.822624 -0.303809 0.480614
vn 0.193304 -0.303806 0.932918
vn 0.527414 -0.426812 0.734620
vn 0.556005 -0.303703 0.773707
vn 0.193304 -0.303806 0.932918
vn -0.192599 -0.426397 0.883794
vn 0.183103 -0.426806 0.885613
vn -0.202902 -0.303704 0.930911
vn -0.535323 -0.426718 0.728931
vn -0.192599 -0.426397 0.883794
vn -0.563983 -0.303791 0.767877
vn -0.785690 -0.426395 0.448194
vn -0.535323 -0.426718 0.728931
vn -0.948016 -0.303805 0.094702
vn -0.785690 -0.426395 0.448194
vn -0.827529 -0.303811 0.472117
vn -0.904575 -0.303791 -0.299092
vn -0.899911 -0.426705 0.089901
vn -0.948016 -0.303805 0.094702
vn -0.668962 -0.426776 -0.608566
vn -0.728683 -0.641085 -0.240895
vn -0.858856 -0.426328 -0.283919
vn -0.668962 -0.426776 -0.608566
vn -0.308507 -0.641214 -0.702615
vn -0.564697 -0.643297 -0.516997
vn -0.363202 -0.426803 -0.828205
vn 0.003900 -0.641123 -0.767428
vn -0.308507 -0.641214 -0.702615
vn 0.004600 -0.426409 -0.904519
vn 0.315684 -0.641167 -0.699464
vn 0.003900 -0.641123 -0.767428
vn 0.372100 -0.426700 -0.824299
vn 0.572986 -0.641084 -0.510587
vn 0.315684 -0.641167 -0.699464
vn 0.675297 -0.426398 -0.601797
vn 0.731103 -0.641103 -0.233401
vn 0.572986 -0.641084 -0.510587
vn 0.898938 -0.426718 0.099104
vn 0.731103 -0.641103 -0.233401
vn 0.861727 -0.426313 -0.275108
vn 0.781005 -0.426403 0.456303
vn 0.760762 -0.643268 0.086296
vn 0.898938 -0.426718 0.099104
vn 0.527414 -0.426812 0.734620
vn 0.659817 -0.643317 0.388310
vn 0.781005 -0.426403 0.456303
vn 0.183103 -0.426806 0.885613
vn 0.444814 -0.643321 0.623120
vn 0.527414 -0.426812 0.734620
vn 0.183103 -0.426806 0.885613
vn -0.163407 -0.641129 0.749834
vn 0.152997 -0.643286 0.750184
vn -0.535323 -0.426718 0.728931
vn -0.163407 -0.641129 0.749834
vn -0.192599 -0.426397 0.883794
vn -0.785690 -0.426395 0.448194
vn -0.455199 -0.643298 0.615598
vn -0.535323 -0.426718 0.728931
vn -0.899911 -0.426705 0.089901
vn -0.666196 -0.643296 0.377298
vn -0.785690 -0.426395 0.448194
vn -0.899911 -0.426705 0.089901
vn -0.728683 -0.641085 -0.240895
vn -0.762076 -0.643280 0.073698
vn -0.564697 -0.643297 -0.516997
vn -0.580399 -0.791399 -0.191900
vn -0.728683 -0.641085 -0.240895
vn -0.308507 -0.641214 -0.702615
vn -0.444699 -0.795298 -0.411999
vn -0.564697 -0.643297 -0.516997
vn 0.003900 -0.641123 -0.767428
vn -0.238592 -0.795375 -0.557182
vn -0.308507 -0.641214 -0.702615
vn 0.315684 -0.641167 -0.699464
vn 0.008600 -0.795363 -0.606072
vn 0.003900 -0.641123 -0.767428
vn 0.315684 -0.641167 -0.699464
vn 0.456395 -0.791392 -0.406696
vn 0.254314 -0.795344 -0.550230
vn 0.572986 -0.641084 -0.510587
vn 0.582316 -0.791421 -0.185905
vn 0.456395 -0.791392 -0.406696
vn 0.760762 -0.643268 0.086296
vn 0.582316 -0.791421 -0.185905
vn 0.731103 -0.641103 -0.233401
vn 0.760762 -0.643268 0.086296
vn 0.527817 -0.791425 0.308310
vn 0.601913 -0.795318 0.071902
vn 0.659817 -0.643317 0.388310
vn 0.356794 -0.791387 0.496392
vn 0.527817 -0.791425 0.308310
vn 0.444814 -0.643321 0.623120
vn 0.123999 -0.791395 0.598596
vn 0.356794 -0.791387 0.496392
vn -0.163407 -0.641129 0.749834
vn 0.123999 -0.791395 0.598596
vn 0.152997 -0.643286 0.750184
vn -0.455199 -0.643298 0.615598
vn -0.134392 -0.795351 0.591063
vn -0.163407 -0.641129 0.749834
vn -0.666196 -0.643296 0.377298
vn -0.363299 -0.795298 0.485299
vn -0.455199 -0.643298 0.615598
vn -0.762076 -0.643280 0.073698
vn -0.529217 -0.795326 0.295610
vn -0.666196 -0.643296 0.377298
vn -0.728683 -0.641085 -0.240895
vn -0.603664 -0.795353 0.054797
vn -0.762076 -0.643280 0.073698
vn -0.580399 -0.791399 -0.191900
vn -0.337595 -0.889787 -0.307096
vn -0.433300 -0.889800 -0.143200
vn -0.238592 -0.795375 -0.557182
vn -0.337595 -0.889787 -0.307096
vn -0.444699 -0.795298 -0.411999
vn -0.238592 -0.795375 -0.557182
vn 0.002300 -0.889818 -0.456309
vn -0.170702 -0.894911 -0.412305
vn 0.008600 -0.795363 -0.606072
vn 0.187705 -0.889823 -0.415911
vn 0.002300 -0.889818 -0.456309
vn 0.456395 -0.791392 -0.406696
vn 0.187705 -0.889823 -0.415911
vn 0.254314 -0.795344 -0.550230
vn 0.456395 -0.791392 -0.406696
vn 0.434706 -0.889812 -0.138802
vn 0.339298 -0.894894 -0.289898
vn 0.601913 -0.795318 0.071902
vn 0.434706 -0.889812 -0.138802
vn 0.582316 -0.791421 -0.185905
vn 0.601913 -0.795318 0.071902
vn 0.394006 -0.889813 0.230203
vn 0.442408 -0.894917 0.058301
vn 0.527817 -0.791425 0.308310
vn 0.266299 -0.889798 0.370599
vn 0.394006 -0.889813 0.230203
vn 0.356794 -0.791387 0.496392
vn 0.092598 -0.889783 0.446891
vn 0.266299 -0.889798 0.370599
vn -0.134392 -0.795351 0.591063
vn 0.092598 -0.889783 0.446891
vn 0.123999 -0.791395 0.598596
vn -0.363299 -0.795298 0.485299
vn -0.104201 -0.894912 0.433906
vn -0.134392 -0.795351 0.591063
vn -0.363299 -0.795298 0.485299
vn -0.396400 -0.889801 0.226100
vn -0.271702 -0.894908 0.354003
vn -0.603664 -0.795353 0.054797
vn -0.396400 -0.889801 0.226100
vn -0.529217 -0.795326 0.295610
vn -0.603664 -0.795353 0.054797
vn -0.433300 -0.889800 -0.143200
vn -0.444898 -0.894897 0.035000
vn -0.337595 -0.889787 -0.307096
vn -0.295211 -0.950434 -0.097603
vn -0.433300 -0.889800 -0.143200
vn -0.170702 -0.894911 -0.412305
vn -0.205901 -0.956103 -0.208501
vn -0.337595 -0.889787 -0.307096
vn -0.170702 -0.894911 -0.412305
vn 0.001600 -0.950437 -0.310912
vn -0.103400 -0.956098 -0.274199
vn 0.002300 -0.889818 -0.456309
vn 0.127896 -0.950468 -0.283290
vn 0.001600 -0.950437 -0.310912
vn 0.187705 -0.889823 -0.415911
vn 0.232107 -0.950429 -0.206906
vn 0.127896 -0.950468 -0.283290
vn 0.434706 -0.889812 -0.138802
vn 0.232107 -0.950429 -0.206906
vn 0.339298 -0.894894 -0.289898
vn 0.442408 -0.894917 0.058301
vn 0.283501 -0.956105 -0.074100
vn 0.434706 -0.889812 -0.138802
vn 0.442408 -0.894917 0.058301
vn 0.268508 -0.950429 0.156805
vn 0.289104 -0.956114 0.047601
vn 0.266299 -0.889798 0.370599
vn 0.268508 -0.950429 0.156805
vn 0.394006 -0.889813 0.230203
vn 0.092598 -0.889783 0.446891
vn 0.158101 -0.956108 0.246702
vn 0.266299 -0.889798 0.370599
vn -0.104201 -0.894912 0.433906
vn 0.044100 -0.956101 0.289700
vn 0.092598 -0.889783 0.446891
vn -0.271702 -0.894908 0.354003
vn -0.077600 -0.956095 0.282598
vn -0.104201 -0.894912 0.433906
vn -0.271702 -0.894908 0.354003
vn -0.270013 -0.950444 0.154107
vn -0.185800 -0.956102 0.226600
vn -0.396400 -0.889801 0.226100
vn -0.309289 -0.950466 0.030899
vn -0.270013 -0.950444 0.154107
vn -0.444898 -0.894897 0.035000
vn -0.295211 -0.950434 -0.097603
vn -0.309289 -0.950466 0.030899
vn -0.295211 -0.950434 -0.097603
vn -0.134904 -0.983232 -0.122704
vn -0.172993 -0.983261 -0.057198
vn -0.205901 -0.956103 -0.208501
vn -0.073302 -0.983228 -0.167005
vn -0.134904 -0.983232 -0.122704
vn 0.001600 -0.950437 -0.310912
vn -0.073302 -0.983228 -0.167005
vn -0.103400 -0.956098 -0.274199
vn 0.001600 -0.950437 -0.310912
vn 0.075003 -0.983235 -0.166206
vn 0.032200 -0.989097 -0.143700
vn 0.232107 -0.950429 -0.206906
vn 0.075003 -0.983235 -0.166206
vn 0.127896 -0.950468 -0.283290
vn 0.232107 -0.950429 -0.206906
vn 0.173803 -0.983215 -0.055501
vn 0.128399 -0.989091 -0.072199
vn 0.289104 -0.956114 0.047601
vn 0.173803 -0.983215 -0.055501
vn 0.283501 -0.956105 -0.074100
vn 0.268508 -0.950429 0.156805
vn 0.139500 -0.989097 0.047200
vn 0.289104 -0.956114 0.047601
vn 0.268508 -0.950429 0.156805
vn 0.106405 -0.983246 0.148007
vn 0.108300 -0.989096 0.099800
vn 0.158101 -0.956108 0.246702
vn 0.037001 -0.983225 0.178605
vn 0.106405 -0.983246 0.148007
vn -0.077600 -0.956095 0.282598
vn 0.037001 -0.983225 0.178605
vn 0.044100 -0.956101 0.289700
vn -0.185800 -0.956102 0.226600
vn -0.061500 -0.989098 0.133800
vn -0.077600 -0.956095 0.282598
vn -0.270013 -0.950444 0.154107
vn -0.110599 -0.989091 0.097299
vn -0.185800 -0.956102 0.226600
vn -0.270013 -0.950444 0.154107
vn -0.181504 -0.983224 0.018100
vn -0.140598 -0.989089 0.043999
vn -0.295211 -0.950434 -0.097603
vn -0.181504 -0.983224 0.018100
vn -0.309289 -0.950466 0.030899
vn -0.172993 -0.983261 -0.057198
vn -0.134904 -0.983232 -0.122704
vn 0.000000 -1.000000 0.000000
vn -0.134904 -0.983232 -0.122704
vn -0.073302 -0.983228 -0.167005
vn 0.000000 -1.000000 0.000000
vn -0.073302 -0.983228 -0.167005
vn 0.032200 -0.989097 -0.143700
vn 0.000000 -1.000000 0.000000
vn 0.032200 -0.989097 -0.143700
vn 0.075003 -0.983235 -0.166206
vn 0.000000 -1.000000 0.000000
vn 0.075003 -0.983235 -0.166206
vn 0.128399 -0.989091 -0.072199
vn 0.000000 -1.000000 0.000000
vn 0.128399 -0.989091 -0.072199
vn 0.173803 -0.983215 -0.055501
vn 0.000000 -1.000000 0.000000
vn 0.173803 -0.983215 -0.055501
vn 0.139500 -0.989097 0.047200
vn 0.000000 -1.000000 0.000000
vn 0.139500 -0.989097 0.047200
vn 0.108300 -0.989096 0.099800
vn 0.000000 -1.000000 0.000000
vn 0.108300 -0.989096 0.099800
vn 0.106405 -0.983246 0.148007
vn 0.000000 -1.000000 0.000000
vn 0.106405 -0.983246 0.148007
vn 0.037001 -0.983225 0.178605
vn 0.000000 -1.000000 0.000000
vn 0.037001 -0.983225 0.178605
vn -0.061500 -0.989098 0.133800
vn 0.000000 -1.000000 0.000000
vn -0.061500 -0.989098 0.133800
vn -0.110599 -0.989091 0.097299
vn 0.000000 -1.000000 0.000000
vn -0.110599 -0.989091 0.097299
vn -0.140598 -0.989089 0.043999
vn 0.000000 -1.000000 0.000000
vn -0.140598 -0.989089 0.043999
vn -0.181504 -0.983224 0.018100
vn 0.000000 -1.000000 0.000000
vn -0.181504 -0.983224 0.018100
vn -0.172993 -0.983261 -0.057198
vn 0.000000 -1.000000 0.000000
vn -0.021900 -0.999298 -0.030400
vn -0.021800 -0.999300 -0.030400
vn -0.021900 -0.999298 -0.030400
vn -0.007000 -0.999411 -0.033600
vn -0.007000 -0.999411 -0.033600
vn -0.007000 -0.999411 -0.033600
vn 0.007600 -0.999362 -0.034899
vn 0.007600 -0.999362 -0.034899
vn 0.007600 -0.999362 -0.034899
vn 0.025200 -0.999094 -0.034300
vn 0.025200 -0.999094 -0.034300
vn 0.025200 -0.999094 -0.034300
vn 0.052598 -0.998165 -0.029999
vn 0.052598 -0.998165 -0.029999
vn 0.052598 -0.998165 -0.029999
vn 0.121995 -0.992456 -0.012199
vn 0.122105 -0.992442 -0.012201
vn 0.122105 -0.992442 -0.012201
vn 0.932174 0.189595 0.308391
vn 0.932225 0.189805 0.308108
vn 0.932225 0.189805 0.308108
vn 0.105399 0.989795 0.095900
vn 0.105301 0.989806 0.095901
vn 0.105301 0.989806 0.095901
vn 0.036400 0.995893 0.082899
vn 0.036400 0.995893 0.082899
vn 0.036400 0.995893 0.082899
vn -0.000400 0.996338 0.085503
vn -0.000400 0.996338 0.085503
vn -0.000400 0.996338 0.085503
vn -0.046500 0.993594 0.102999
vn -0.046500 0.993594 0.102999
vn -0.046500 0.993594 0.102999
vn -0.242010 0.946038 0.215509
vn -0.241504 0.946214 0.215303
vn -0.242010 0.946038 0.215509
vn -0.188295 -0.980272 0.060098
vn -0.188391 -0.980254 0.060097
vn -0.188295 -0.980272 0.060098
vn -0.073497 -0.997263 -0.008100
vn -0.073597 -0.997255 -0.008100
vn -0.073497 -0.997263 -0.008100
vn -0.040799 -0.998884 -0.023800
vn -0.040799 -0.998884 -0.023800
vn -0.040799 -0.998884 -0.023800
vn -0.002200 0.942108 0.335303
vn -0.001700 0.942109 0.335303
vn -0.001700 0.942109 0.335303
vn -0.999976 0.000000 -0.007000
vn -0.999976 0.000000 -0.007000
vn -0.999976 0.000000 -0.007000
vn -0.001100 -0.975387 0.220497
vn -0.001700 -0.942109 0.335303
vn -0.001700 -0.942109 0.335303
vn 0.999976 -0.000000 0.007000
vn 0.999976 -0.000000 0.007000
vn 0.999976 -0.000000 0.007000
vn 0.005100 0.000000 -0.999987
vn 0.005100 0.000700 -0.999987
vn 0.005100 0.000000 -0.999987
vn -0.999976 0.000000 -0.007000
vn -0.999976 0.000000 -0.007000
vn -0.999976 0.000000 -0.007000
vn -0.005100 0.000000 0.999987
vn -0.005600 -0.003600 0.999978
vn -0.005100 0.000000 0.999987
vn 0.999976 -0.000000 0.007000
vn 0.969278 0.229495 0.088498
vn 0.999976 -0.000000 0.007000
vn 0.918709 0.370003 0.138101
vn 0.582197 0.764696 0.276199
vn 0.969278 0.229495 0.088498
vn -0.005600 -0.003600 0.999978
vn -0.005100 -0.006700 0.999965
vn -0.007900 -0.010400 0.999915
vn 0.005600 0.003500 -0.999978
vn 0.005100 0.006700 -0.999965
vn 0.005100 0.000700 -0.999987
vn 0.002800 -0.942106 -0.335302
vn 0.002700 -0.942393 -0.334497
vn 0.002800 -0.942106 -0.335302
vn -0.007900 -0.010400 0.999915
vn -0.001400 -0.011800 0.999929
vn -0.013100 -0.004400 0.999905
vn -0.002200 0.942108 0.335303
vn -0.002800 0.942106 0.335302
vn -0.002800 0.942106 0.335302
vn 0.007600 0.010000 -0.999921
vn 0.006700 0.011800 -0.999908
vn 0.006300 0.011800 -0.999911
vn -0.999955 0.005100 -0.008000
vn -0.999956 0.005000 -0.008000
vn -0.999955 0.005100 -0.008000
vn 0.462675 -0.828456 -0.315583
vn 0.361491 -0.647384 -0.670983
vn 0.359407 -0.643613 -0.675714
vn 0.359407 -0.643613 -0.675714
vn 0.197506 -0.353810 -0.914226
vn 0.193500 -0.346700 -0.917800
vn 0.193500 -0.346700 -0.917800
vn -0.000900 0.001600 -0.999998
vn -0.005600 0.010000 -0.999934
vn -0.005600 0.010000 -0.999934
vn -0.199203 0.357006 -0.912614
vn -0.203090 0.364082 -0.908955
vn -0.203090 0.364082 -0.908955
vn -0.363100 0.650900 -0.666700
vn -0.365092 0.654586 -0.661986
vn -0.365092 0.654586 -0.661986
vn -0.463804 0.831707 -0.305203
vn -0.464286 0.832574 -0.302091
vn -0.464286 0.832574 -0.302091
vn -0.484088 0.868078 0.109997
vn -0.484175 0.868156 0.108994
vn -0.484088 0.868078 0.109997
vn -0.421398 0.755596 0.501497
vn -0.484175 0.868156 0.108994
vn -0.420280 0.753564 0.505476
vn -0.286396 0.513493 0.808889
vn -0.421398 0.755596 0.501497
vn -0.283409 0.508116 0.813325
vn -0.101802 0.182504 0.977921
vn -0.286396 0.513493 0.808889
vn -0.097305 0.174410 0.979854
vn 0.100903 -0.180805 0.978329
vn -0.101802 0.182504 0.977921
vn 0.105402 -0.188904 0.976322
vn 0.286618 -0.513432 0.808850
vn 0.100903 -0.180805 0.978329
vn 0.289711 -0.518921 0.804232
vn 0.422879 -0.757162 0.497875
vn 0.286618 -0.513432 0.808850
vn 0.424021 -0.759238 0.493725
vn 0.485119 -0.868734 0.099804
vn 0.422879 -0.757162 0.497875
vn 0.485119 -0.868734 0.099804
vn 0.463202 -0.829404 -0.312302
vn 0.462675 -0.828456 -0.315583
vn 0.890726 0.454513 0.005000
vn 0.892922 0.450211 0.000000
vn 0.889265 0.457382 0.003000
vn 0.892371 0.451285 0.003900
vn 0.892922 0.450211 0.000000
vn 0.890726 0.454513 0.005000
vn 0.892681 0.450690 0.000000
vn 0.892922 0.450211 0.000000
vn 0.892371 0.451285 0.003900
vn 0.892310 0.451405 -0.003900
vn 0.892922 0.450211 0.000000
vn 0.892681 0.450690 0.000000
vn 0.890686 0.454593 -0.004900
vn 0.892922 0.450211 0.000000
vn 0.892310 0.451405 -0.003900
vn 0.889306 0.457303 -0.002900
vn 0.892922 0.450211 0.000000
vn 0.890686 0.454593 -0.004900
vn 0.889003 0.457901 0.000600
vn 0.892922 0.450211 0.000000
vn 0.889306 0.457303 -0.002900
vn 0.890077 0.455788 0.004500
vn 0.892922 0.450211 0.000000
vn 0.889003 0.457901 0.000600
vn 0.891599 0.452800 0.004800
vn 0.892922 0.450211 0.000000
vn 0.890077 0.455788 0.004500
vn 0.892478 0.451089 0.001600
vn 0.892922 0.450211 0.000000
vn 0.891599 0.452800 0.004800
vn 0.892879 0.450289 -0.002500
vn 0.892922 0.450211 0.000000
vn 0.892478 0.451089 0.001600
vn 0.891559 0.452879 -0.004800
vn 0.892922 0.450211 0.000000
vn 0.892879 0.450289 -0.002500
vn 0.889874 0.456187 -0.004300
vn 0.892922 0.450211 0.000000
vn 0.891559 0.452879 -0.004800
vn 0.888900 0.458100 -0.001000
vn 0.892922 0.450211 0.000000
vn 0.889874 0.456187 -0.004300
vn 0.889265 0.457382 0.003000
vn 0.892922 0.450211 0.000000
vn 0.888900 0.458100 -0.001000
vn 0.478409 -0.820115 -0.313906
vn 0.372696 -0.638993 -0.672893
vn 0.372696 -0.638993 -0.672893
vn 0.372696 -0.638993 -0.672893
vn 0.202601 -0.347302 -0.915606
vn 0.202601 -0.347302 -0.915606
vn 0.202601 -0.347302 -0.915606
vn -0.002600 0.004400 -0.999987
vn -0.002600 0.004400 -0.999987
vn -0.002600 0.004400 -0.999987
vn -0.207307 0.355412 -0.911431
vn -0.207307 0.355412 -0.911431
vn -0.207307 0.355412 -0.911431
vn -0.376105 0.644909 -0.665310
vn -0.207307 0.355412 -0.911431
vn -0.376105 0.644909 -0.665310
vn -0.479990 0.822883 -0.304094
vn -0.479990 0.822883 -0.304094
vn -0.479990 0.822883 -0.304094
vn -0.500798 0.858597 0.109600
vn -0.500798 0.858597 0.109600
vn -0.500798 0.858597 0.109600
vn -0.435030 0.745852 0.504435
vn -0.435030 0.745852 0.504435
vn -0.435030 0.745852 0.504435
vn -0.294107 0.504111 0.812018
vn -0.294107 0.504111 0.812018
vn -0.294107 0.504111 0.812018
vn -0.202601 0.347302 0.915606
vn -0.202601 0.347302 0.915606
vn 0.002600 -0.004400 0.999987
vn 0.002600 -0.004400 0.999987
vn 0.002600 -0.004400 0.999987
vn 0.207307 -0.355412 0.911431
vn 0.298202 -0.511303 0.806005
vn 0.207307 -0.355412 0.911431
vn 0.298202 -0.511303 0.806005
vn 0.437608 -0.750314 0.495509
vn 0.298202 -0.511303 0.806005
vn 0.437608 -0.750314 0.495509
vn 0.501394 -0.859490 0.099399
vn 0.437608 -0.750314 0.495509
vn 0.501394 -0.859490 0.099399
vn 0.478409 -0.820115 -0.313906
vn 0.501394 -0.859490 0.099399
vn 0.863772 0.503883 0.000000
vn 0.863772 0.503883 0.000000
vn 0.863772 0.503883 0.000000
vn -0.863772 -0.503883 0.000000
vn -0.863815 -0.503809 0.000000
vn -0.863772 -0.503883 0.000000
vn 0.863772 0.503883 0.000000
vn 0.863772 0.503883 0.000000
vn 0.863772 0.503883 0.000000
vn -0.863815 -0.503809 0.000000
vn -0.863772 -0.503883 0.000000
vn -0.863772 -0.503883 0.000000
vn 0.863772 0.503883 0.000000
vn 0.863815 0.503809 0.000000
vn 0.863772 0.503883 0.000000
vn -0.863815 -0.503809 0.000100
vn -0.863815 -0.503809 0.000000
vn -0.863815 -0.503809 0.000000
vn 0.863815 0.503809 0.000000
vn 0.863815 0.503809 0.000000
vn 0.863815 0.503809 0.000000
vn -0.863815 -0.503809 0.000000
vn -0.863815 -0.503809 0.000100
vn -0.863815 -0.503809 0.000100
vn 0.863815 0.503809 0.000000
vn 0.863815 0.503809 0.000000
vn 0.863815 0.503809 0.000000
vn -0.863815 -0.503809 0.000000
vn -0.863815 -0.503809 0.000000
vn -0.863815 -0.503809 0.000000
vn 0.863815 0.503809 0.000000
vn 0.863815 0.503809 0.000000
vn 0.863815 0.503809 0.000000
vn -0.863815 -0.503809 0.000000
vn -0.863815 -0.503809 0.000000
vn -0.863815 -0.503809 0.000000
vn 0.863815 0.503809 0.000000
vn 0.863815 0.503809 0.000000
vn 0.863815 0.503809 0.000000
vn -0.863815 -0.503809 0.000000
vn -0.863815 -0.503809 0.000000
vn -0.863815 -0.503809 0.000000
vn 0.863815 0.503809 0.000000
vn 0.863815 0.503809 0.000000
vn 0.863815 0.503809 0.000000
vn -0.863815 -0.503809 0.000000
vn -0.863815 -0.503809 0.000000
vn -0.863815 -0.503809 0.000000
vn 0.863815 0.503809 0.000000
vn 0.863815 0.503809 0.000000
vn 0.863815 0.503809 0.000000
vn -0.863815 -0.503809 0.000100
vn -0.863815 -0.503809 0.000000
vn -0.863815 -0.503809 0.000000
vn 0.863815 0.503809 0.000000
vn 0.863815 0.503809 -0.000100
vn 0.863815 0.503809 0.000000
vn -0.863815 -0.503809 0.000000
vn -0.863815 -0.503809 0.000100
vn -0.863815 -0.503809 0.000100
vn 0.863815 0.503809 -0.000100
vn 0.863815 0.503809 0.000000
vn 0.863815 0.503809 -0.000100
vn -0.863815 -0.503809 0.000000
vn -0.842081 -0.492489 0.219895
vn -0.863815 -0.503809 0.000000
vn 0.863815 0.503809 0.000000
vn 0.863815 0.503809 0.000000
vn 0.863815 0.503809 0.000000
vn -0.863772 -0.503883 0.000000
vn -0.841790 -0.492494 0.220997
vn -0.863815 -0.503809 0.000000
vn 0.863815 0.503809 0.000000
vn 0.863815 0.503809 0.000000
vn 0.863815 0.503809 0.000000
vn -0.863772 -0.503883 0.000000
vn -0.863772 -0.503883 0.000000
vn -0.863772 -0.503883 0.000000
vn 0.863815 0.503809 0.000000
vn 0.863815 0.503809 0.000000
vn 0.863815 0.503809 0.000000
vn -0.863815 -0.503809 0.000000
vn -0.863772 -0.503883 0.000000
vn -0.863815 -0.503809 0.000000
vn 0.863815 0.503809 0.000000
vn 0.863772 0.503883 0.000000
vn 0.863772 0.503883 0.000000
vn -0.863815 -0.503809 0.000000
vn -0.863815 -0.503809 0.000000
vn -0.863815 -0.503809 0.000000
vn -0.137899 -0.952394 -0.271898
vn 0.372610 -0.639017 -0.672918
vn 0.478409 -0.820115 -0.313906
vn 0.085605 -0.902253 -0.422625
vn 0.202505 -0.347309 -0.915624
vn 0.372610 -0.639017 -0.672918
vn -0.037100 -0.693195 -0.719795
vn -0.002600 0.004400 -0.999987
vn 0.202505 -0.347309 -0.915624
vn -0.209990 -0.398381 -0.892859
vn -0.207307 0.355412 -0.911431
vn -0.002600 0.004400 -0.999987
vn -0.403389 -0.068298 -0.912476
vn -0.376105 0.644909 -0.665310
vn -0.207307 0.355412 -0.911431
vn -0.583990 0.240596 -0.775287
vn -0.480107 0.822811 -0.304104
vn -0.376105 0.644909 -0.665310
vn -0.480107 0.822811 -0.304104
vn -0.921819 0.377708 0.087102
vn -0.500991 0.858485 0.109598
vn -0.921819 0.377708 0.087102
vn -0.435111 0.745819 0.504413
vn -0.500991 0.858485 0.109598
vn -0.780501 0.578201 0.237700
vn -0.294198 0.504096 0.811994
vn -0.435111 0.745819 0.504413
vn -0.692180 0.428188 0.580983
vn -0.102200 0.175299 0.979196
vn -0.294198 0.504096 0.811994
vn -0.540717 0.170105 0.823826
vn 0.107297 -0.183895 0.977072
vn -0.102200 0.175299 0.979196
vn -0.352407 -0.151403 0.923518
vn 0.298293 -0.511288 0.805981
vn 0.107297 -0.183895 0.977072
vn 0.298293 -0.511288 0.805981
vn -0.168104 -0.902421 0.396709
vn 0.437527 -0.750346 0.495531
vn 0.437527 -0.750346 0.495531
vn -0.115896 -0.990067 0.079597
vn 0.501276 -0.859560 0.099395
vn -0.115896 -0.990067 0.079597
vn 0.478409 -0.820115 -0.313906
vn 0.501276 -0.859560 0.099395
vn -0.137899 -0.952394 -0.271898
vn -0.397306 -0.801512 -0.446907
vn 0.085605 -0.902253 -0.422625
vn 0.085605 -0.902253 -0.422625
vn -0.511608 -0.608009 -0.607109
vn -0.037100 -0.693195 -0.719795
vn -0.037100 -0.693195 -0.719795
vn -0.649003 -0.375602 -0.661603
vn -0.209990 -0.398381 -0.892859
vn -0.209990 -0.398381 -0.892859
vn -0.785393 -0.144499 -0.601895
vn -0.403389 -0.068298 -0.912476
vn -0.403389 -0.068298 -0.912476
vn -0.897485 0.045499 -0.438693
vn -0.583990 0.240596 -0.775287
vn -0.583990 0.240596 -0.775287
vn -0.966229 0.162105 -0.200306
vn -0.782565 0.621372 -0.038598
vn -0.782565 0.621372 -0.038598
vn -0.979941 0.185708 0.072303
vn -0.921819 0.377708 0.087102
vn -0.979941 0.185708 0.072303
vn -0.780501 0.578201 0.237700
vn -0.921819 0.377708 0.087102
vn -0.936351 0.112006 0.332718
vn -0.692180 0.428188 0.580983
vn -0.780501 0.578201 0.237700
vn -0.842695 -0.046300 0.536397
vn -0.540717 0.170105 0.823826
vn -0.692180 0.428188 0.580983
vn -0.714920 -0.262607 0.648018
vn -0.352407 -0.151403 0.923518
vn -0.540717 0.170105 0.823826
vn -0.574904 -0.499704 0.647905
vn 0.055399 -0.810588 0.582991
vn -0.352407 -0.151403 0.923518
vn -0.446789 -0.716682 0.535487
vn -0.168104 -0.902421 0.396709
vn 0.055399 -0.810588 0.582991
vn -0.353014 -0.875635 0.329613
vn -0.115896 -0.990067 0.079597
vn -0.168104 -0.902421 0.396709
vn -0.115896 -0.990067 0.079597
vn -0.325894 -0.922084 -0.208696
vn -0.137899 -0.952394 -0.271898
vn 0.064401 -0.956717 -0.283805
vn 0.092703 -0.761822 -0.641119
vn 0.193403 -0.934415 -0.299105
vn -0.031599 -0.792563 -0.608971
vn -0.069398 -0.483886 -0.872375
vn 0.092703 -0.761822 -0.641119
vn -0.069398 -0.483886 -0.872375
vn -0.370705 -0.210803 -0.904511
vn -0.264907 -0.148804 -0.952724
vn -0.370705 -0.210803 -0.904511
vn -0.459892 0.185497 -0.868384
vn -0.264907 -0.148804 -0.952724
vn -0.556186 0.106697 -0.824180
vn -0.620765 0.461374 -0.633865
vn -0.459892 0.185497 -0.868384
vn -0.708869 0.368584 -0.601374
vn -0.719705 0.630904 -0.289802
vn -0.620765 0.461374 -0.633865
vn -0.802701 0.529401 -0.274600
vn -0.739592 0.664893 0.104499
vn -0.719705 0.630904 -0.289802
vn -0.821585 0.561390 0.099198
vn -0.676870 0.557576 0.480579
vn -0.739592 0.664893 0.104499
vn -0.676870 0.557576 0.480579
vn -0.634299 0.241200 0.734499
vn -0.542488 0.327293 0.773683
vn -0.542488 0.327293 0.773683
vn -0.460807 -0.056301 0.885713
vn -0.359809 0.013900 0.932923
vn -0.359809 0.013900 0.932923
vn -0.271603 -0.381404 0.883608
vn -0.160101 -0.328302 0.930906
vn -0.160101 -0.328302 0.930906
vn -0.098903 -0.677418 0.728919
vn 0.021700 -0.640201 0.767901
vn -0.098903 -0.677418 0.728919
vn 0.154598 -0.867887 0.472093
vn 0.021700 -0.640201 0.767901
vn 0.027400 -0.893711 0.447806
vn 0.215289 -0.971948 0.094695
vn 0.154598 -0.867887 0.472093
vn 0.215289 -0.971948 0.094695
vn 0.064401 -0.956717 -0.283805
vn 0.193403 -0.934415 -0.299105
vn 0.064401 -0.956717 -0.283805
vn -0.267799 -0.813398 -0.516399
vn -0.031599 -0.792563 -0.608971
vn -0.031599 -0.792563 -0.608971
vn -0.398312 -0.589518 -0.702721
vn -0.185394 -0.529082 -0.828071
vn -0.185394 -0.529082 -0.828071
vn -0.555862 -0.319678 -0.767348
vn -0.370705 -0.210803 -0.904511
vn -0.370705 -0.210803 -0.904511
vn -0.712880 -0.050299 -0.699480
vn -0.556186 0.106697 -0.824180
vn -0.556186 0.106697 -0.824180
vn -0.842471 0.171894 -0.510583
vn -0.708869 0.368584 -0.601374
vn -0.708869 0.368584 -0.601374
vn -0.922139 0.308513 -0.233410
vn -0.802701 0.529401 -0.274600
vn -0.922139 0.308513 -0.233410
vn -0.821585 0.561390 0.099198
vn -0.802701 0.529401 -0.274600
vn -0.938636 0.333913 0.086403
vn -0.762079 0.459487 0.456187
vn -0.821585 0.561390 0.099198
vn -0.762079 0.459487 0.456187
vn -0.779473 0.063798 0.623179
vn -0.634299 0.241200 0.734499
vn -0.634299 0.241200 0.734499
vn -0.632212 -0.188504 0.751515
vn -0.460807 -0.056301 0.885713
vn -0.632212 -0.188504 0.751515
vn -0.271603 -0.381404 0.883608
vn -0.460807 -0.056301 0.885713
vn -0.471709 -0.466709 0.748114
vn -0.098903 -0.677418 0.728919
vn -0.271603 -0.381404 0.883608
vn -0.098903 -0.677418 0.728919
vn -0.217905 -0.898822 0.380309
vn 0.027400 -0.893711 0.447806
vn -0.217905 -0.898822 0.380309
vn 0.084803 -0.992334 0.089903
vn 0.027400 -0.893711 0.447806
vn 0.084803 -0.992334 0.089903
vn -0.189000 -0.952699 -0.238000
vn 0.064401 -0.956717 -0.283805
vn -0.391287 -0.900569 -0.189394
vn -0.267799 -0.813398 -0.516399
vn -0.189000 -0.952699 -0.238000
vn -0.460818 -0.785430 -0.413216
vn -0.398312 -0.589518 -0.702721
vn -0.267799 -0.813398 -0.516399
vn -0.564922 -0.606924 -0.559022
vn -0.555862 -0.319678 -0.767348
vn -0.398312 -0.589518 -0.702721
vn -0.689914 -0.392708 -0.608112
vn -0.712880 -0.050299 -0.699480
vn -0.555862 -0.319678 -0.767348
vn -0.712880 -0.050299 -0.699480
vn -0.913542 -0.004500 -0.406719
vn -0.842471 0.171894 -0.510583
vn -0.842471 0.171894 -0.510583
vn -0.977006 0.104401 -0.185901
vn -0.922139 0.308513 -0.233410
vn -0.977006 0.104401 -0.185901
vn -0.938636 0.333913 0.086403
vn -0.922139 0.308513 -0.233410
vn -0.989951 0.121706 0.072004
vn -0.889369 0.247991 0.384087
vn -0.938636 0.333913 0.086403
vn -0.889369 0.247991 0.384087
vn -0.863373 -0.090497 0.496384
vn -0.779473 0.063798 0.623179
vn -0.863373 -0.090497 0.496384
vn -0.632212 -0.188504 0.751515
vn -0.779473 0.063798 0.623179
vn -0.632212 -0.188504 0.751515
vn -0.617995 -0.511196 0.597295
vn -0.471709 -0.466709 0.748114
vn -0.617995 -0.511196 0.597295
vn -0.328304 -0.713908 0.618507
vn -0.471709 -0.466709 0.748114
vn -0.502118 -0.714626 0.487018
vn -0.217905 -0.898822 0.380309
vn -0.328304 -0.713908 0.618507
vn -0.217905 -0.898822 0.380309
vn -0.377091 -0.924179 0.060799
vn -0.171897 -0.981982 0.078499
vn -0.377091 -0.924179 0.060799
vn -0.189000 -0.952699 -0.238000
vn -0.171897 -0.981982 0.078499
vn -0.550715 -0.823223 -0.137904
vn -0.460818 -0.785430 -0.413216
vn -0.391287 -0.900569 -0.189394
vn -0.605798 -0.732698 -0.310099
vn -0.564922 -0.606924 -0.559022
vn -0.460818 -0.785430 -0.413216
vn -0.683714 -0.599212 -0.416509
vn -0.689914 -0.392708 -0.608112
vn -0.564922 -0.606924 -0.559022
vn -0.776593 -0.439996 -0.450896
vn -0.810124 -0.189706 -0.554717
vn -0.689914 -0.392708 -0.608112
vn -0.810124 -0.189706 -0.554717
vn -0.940261 -0.154094 -0.303587
vn -0.913542 -0.004500 -0.406719
vn -0.940261 -0.154094 -0.303587
vn -0.977006 0.104401 -0.185901
vn -0.913542 -0.004500 -0.406719
vn -0.977006 0.104401 -0.185901
vn -0.997150 -0.056503 0.050002
vn -0.989951 0.121706 0.072004
vn -0.989951 0.121706 0.072004
vn -0.967130 -0.108003 0.230207
vn -0.952110 0.053701 0.301003
vn -0.952110 0.053701 0.301003
vn -0.902812 -0.218303 0.370505
vn -0.863373 -0.090497 0.496384
vn -0.863373 -0.090497 0.496384
vn -0.815304 -0.368302 0.446802
vn -0.751644 -0.289917 0.592435
vn -0.815304 -0.368302 0.446802
vn -0.617995 -0.511196 0.597295
vn -0.751644 -0.289917 0.592435
vn -0.718128 -0.540121 0.438817
vn -0.502118 -0.714626 0.487018
vn -0.617995 -0.511196 0.597295
vn -0.502118 -0.714626 0.487018
vn -0.568907 -0.790710 0.226103
vn -0.423089 -0.853179 0.305092
vn -0.568907 -0.790710 0.226103
vn -0.377091 -0.924179 0.060799
vn -0.423089 -0.853179 0.305092
vn -0.544379 -0.838067 0.035999
vn -0.391287 -0.900569 -0.189394
vn -0.377091 -0.924179 0.060799
vn -0.673588 -0.734087 -0.085998
vn -0.605798 -0.732698 -0.310099
vn -0.550715 -0.823223 -0.137904
vn -0.605798 -0.732698 -0.310099
vn -0.758040 -0.586831 -0.284615
vn -0.683714 -0.599212 -0.416509
vn -0.683714 -0.599212 -0.416509
vn -0.821792 -0.477495 -0.310897
vn -0.776593 -0.439996 -0.450896
vn -0.821792 -0.477495 -0.310897
vn -0.861202 -0.299701 -0.410501
vn -0.776593 -0.439996 -0.450896
vn -0.861202 -0.299701 -0.410501
vn -0.937933 -0.278410 -0.206807
vn -0.940261 -0.154094 -0.303587
vn -0.937933 -0.278410 -0.206807
vn -0.985728 -0.086202 -0.144604
vn -0.940261 -0.154094 -0.303587
vn -0.985728 -0.086202 -0.144604
vn -0.976696 -0.211899 0.034100
vn -0.997150 -0.056503 0.050002
vn -0.976696 -0.211899 0.034100
vn -0.967130 -0.108003 0.230207
vn -0.997150 -0.056503 0.050002
vn -0.951530 -0.259608 0.164905
vn -0.902812 -0.218303 0.370505
vn -0.967130 -0.108003 0.230207
vn -0.906603 -0.336601 0.254501
vn -0.815304 -0.368302 0.446802
vn -0.902812 -0.218303 0.370505
vn -0.847290 -0.438295 0.299996
vn -0.718128 -0.540121 0.438817
vn -0.815304 -0.368302 0.446802
vn -0.718128 -0.540121 0.438817
vn -0.728315 -0.637813 0.250505
vn -0.643766 -0.672464 0.365181
vn -0.643766 -0.672464 0.365181
vn -0.684991 -0.712090 0.153998
vn -0.568907 -0.790710 0.226103
vn -0.568907 -0.790710 0.226103
vn -0.665163 -0.746059 0.030898
vn -0.544379 -0.838067 0.035999
vn -0.544379 -0.838067 0.035999
vn -0.673588 -0.734087 -0.085998
vn -0.550715 -0.823223 -0.137904
vn -0.673588 -0.734087 -0.085998
vn -0.781376 -0.611881 -0.122696
vn -0.711591 -0.677692 -0.185398
vn -0.711591 -0.677692 -0.185398
vn -0.812309 -0.558806 -0.167002
vn -0.758040 -0.586831 -0.284615
vn -0.812309 -0.558806 -0.167002
vn -0.821792 -0.477495 -0.310897
vn -0.758040 -0.586831 -0.284615
vn -0.821792 -0.477495 -0.310897
vn -0.887107 -0.430603 -0.166201
vn -0.879388 -0.389995 -0.273096
vn -0.879388 -0.389995 -0.273096
vn -0.917906 -0.377802 -0.121301
vn -0.937933 -0.278410 -0.206807
vn -0.937933 -0.278410 -0.206807
vn -0.936844 -0.345316 -0.055503
vn -0.963947 -0.245012 -0.103805
vn -0.936844 -0.345316 -0.055503
vn -0.976696 -0.211899 0.034100
vn -0.963947 -0.245012 -0.103805
vn -0.935982 -0.349593 0.041499
vn -0.951530 -0.259608 0.164905
vn -0.976696 -0.211899 0.034100
vn -0.920105 -0.376802 0.106901
vn -0.906603 -0.336601 0.254501
vn -0.951530 -0.259608 0.164905
vn -0.892180 -0.424690 0.153797
vn -0.847290 -0.438295 0.299996
vn -0.906603 -0.336601 0.254501
vn -0.857060 -0.484877 0.174192
vn -0.802139 -0.522425 0.289214
vn -0.847290 -0.438295 0.299996
vn -0.820821 -0.547014 0.164404
vn -0.728315 -0.637813 0.250505
vn -0.802139 -0.522425 0.289214
vn -0.789687 -0.600390 0.126198
vn -0.684991 -0.712090 0.153998
vn -0.728315 -0.637813 0.250505
vn -0.769101 -0.635700 0.066100
vn -0.665163 -0.746059 0.030898
vn -0.684991 -0.712090 0.153998
vn -0.665163 -0.746059 0.030898
vn -0.780575 -0.624880 -0.015100
vn -0.673588 -0.734087 -0.085998
vn -0.780575 -0.624880 -0.015100
vn -0.863815 -0.503809 0.000000
vn -0.781376 -0.611881 -0.122696
vn -0.781376 -0.611881 -0.122696
vn -0.863815 -0.503809 0.000000
vn -0.812309 -0.558806 -0.167002
vn -0.812309 -0.558806 -0.167002
vn -0.863815 -0.503809 0.000000
vn -0.838896 -0.524898 -0.143999
vn -0.838896 -0.524898 -0.143999
vn -0.863815 -0.503809 0.000000
vn -0.887107 -0.430603 -0.166201
vn -0.887107 -0.430603 -0.166201
vn -0.863815 -0.503809 0.000000
vn -0.917906 -0.377802 -0.121301
vn -0.917906 -0.377802 -0.121301
vn -0.863815 -0.503809 0.000000
vn -0.936844 -0.345316 -0.055503
vn -0.936844 -0.345316 -0.055503
vn -0.863815 -0.503809 0.000000
vn -0.935982 -0.349593 0.041499
vn -0.935982 -0.349593 0.041499
vn -0.863815 -0.503809 0.000000
vn -0.920105 -0.376802 0.106901
vn -0.920105 -0.376802 0.106901
vn -0.863815 -0.503809 0.000000
vn -0.892180 -0.424690 0.153797
vn -0.892180 -0.424690 0.153797
vn -0.863815 -0.503809 0.000000
vn -0.857060 -0.484877 0.174192
vn -0.857060 -0.484877 0.174192
vn -0.863815 -0.503809 0.000000
vn -0.820821 -0.547014 0.164404
vn -0.820821 -0.547014 0.164404
vn -0.863815 -0.503809 0.000000
vn -0.789687 -0.600390 0.126198
vn -0.789687 -0.600390 0.126198
vn -0.863815 -0.503809 0.000000
vn -0.769101 -0.635700 0.066100
vn -0.769101 -0.635700 0.066100
vn -0.863815 -0.503809 0.000000
vn -0.783818 -0.619314 0.045601
vn -0.783818 -0.619314 0.045601
vn -0.863815 -0.503809 0.000000
vn -0.780575 -0.624880 -0.015100
vn -0.852170 -0.522382 -0.030399
vn -0.852217 -0.522310 -0.030301
vn -0.852217 -0.522310 -0.030301
vn -0.859814 -0.509508 -0.033501
vn -0.859814 -0.509508 -0.033501
vn -0.859814 -0.509508 -0.033501
vn -0.867104 -0.496902 -0.034900
vn -0.867061 -0.496978 -0.034898
vn -0.867107 -0.496904 -0.034800
vn -0.875673 -0.481685 -0.034299
vn -0.875676 -0.481687 -0.034199
vn -0.875715 -0.481608 -0.034301
vn -0.888703 -0.457501 -0.030000
vn -0.888703 -0.457501 -0.030000
vn -0.888703 -0.457501 -0.030000
vn -0.918813 -0.394505 -0.012200
vn -0.918776 -0.394590 -0.012200
vn -0.918813 -0.394505 -0.012200
vn -0.306988 0.900364 0.308388
vn -0.303395 0.901784 0.307795
vn -0.306988 0.900364 0.308388
vn 0.801921 0.589715 0.095702
vn 0.801807 0.589805 0.096101
vn 0.801921 0.589715 0.095702
vn 0.842014 0.533109 0.082501
vn 0.842000 0.533100 0.082700
vn 0.842014 0.533109 0.082501
vn 0.860848 0.501628 0.085505
vn 0.860840 0.501623 0.085604
vn 0.860840 0.501623 0.085604
vn 0.881681 0.460490 0.102898
vn 0.881632 0.460716 0.102304
vn 0.881632 0.460716 0.102304
vn 0.939042 0.268112 0.215210
vn 0.939099 0.267600 0.215600
vn 0.939099 0.267600 0.215600
vn -0.752106 -0.656305 0.060000
vn -0.751726 -0.656722 0.060202
vn -0.751726 -0.656722 0.060202
vn -0.824502 -0.565801 -0.008100
vn -0.824580 -0.565687 -0.008100
vn -0.824580 -0.565687 -0.008100
vn -0.842369 -0.538380 -0.023699
vn -0.842338 -0.538424 -0.023801
vn -0.842338 -0.538424 -0.023801
vn 0.845038 0.443420 0.298813
vn 0.821196 0.505698 0.264399
vn 0.847317 0.412908 0.334007
vn 0.503797 -0.863794 -0.007000
vn 0.503797 -0.863794 -0.007000
vn 0.503797 -0.863794 -0.007000
vn -0.841790 -0.492494 0.220997
vn -0.812900 -0.476200 0.335300
vn -0.842081 -0.492489 0.219895
vn -0.503797 0.863794 0.007000
vn -0.511109 0.859515 -0.000900
vn -0.503797 0.863794 0.007000
vn -0.002400 0.005300 -0.999983
vn -0.002600 0.004400 -0.999987
vn -0.002600 0.004400 -0.999987
vn 0.503797 -0.863794 -0.007000
vn 0.503797 -0.863794 -0.007000
vn 0.503797 -0.863794 -0.007000
vn 0.002600 -0.004400 0.999987
vn 0.002400 -0.005100 0.999984
vn 0.002600 -0.004400 0.999987
vn -0.292198 0.953894 0.068600
vn -0.511109 0.859515 -0.000900
vn -0.510225 0.860041 -0.000200
vn 0.117097 0.970077 0.212695
vn -0.161999 0.980195 0.113899
vn -0.292198 0.953894 0.068600
vn -0.000900 -0.012300 0.999924
vn -0.003100 -0.008800 0.999956
vn 0.002400 -0.005100 0.999984
vn 0.003100 0.008400 -0.999960
vn 0.000900 0.012500 -0.999921
vn -0.002400 0.005300 -0.999983
vn -0.815182 -0.472290 -0.335293
vn -0.816500 -0.470500 -0.334600
vn -0.815209 -0.472305 -0.335204
vn 0.001100 -0.015800 0.999875
vn -0.006700 -0.011700 0.999909
vn -0.004700 -0.011500 0.999923
vn 0.822601 0.502300 0.266500
vn 0.808118 0.507012 0.299807
vn 0.821196 0.505698 0.264399
vn 0.005300 0.011900 -0.999915
vn 0.006700 0.011800 -0.999908
vn 0.000900 0.012500 -0.999921
vn 0.506120 -0.862434 -0.007100
vn 0.506120 -0.862434 -0.007100
vn 0.506120 -0.862434 -0.007100
vn 0.359407 -0.643613 -0.675714
vn 0.194508 -0.348414 -0.916937
vn 0.193590 -0.346781 -0.917750
vn 0.193590 -0.346781 -0.917750
vn -0.004300 0.007700 -0.999961
vn -0.005500 0.009800 -0.999937
vn -0.005500 0.009800 -0.999937
vn -0.202005 0.362009 -0.910024
vn -0.202902 0.363803 -0.909108
vn -0.202902 0.363803 -0.909108
vn -0.364496 0.653493 -0.663393
vn -0.365005 0.654509 -0.662109
vn -0.365005 0.654509 -0.662109
vn -0.464186 0.832375 -0.302791
vn -0.464310 0.832519 -0.302207
vn -0.464310 0.832519 -0.302207
vn -0.484125 0.868145 0.109306
vn -0.484099 0.868198 0.109000
vn -0.421223 0.755341 0.502027
vn -0.484125 0.868145 0.109306
vn -0.421016 0.754929 0.502819
vn -0.286411 0.513420 0.808931
vn -0.421016 0.754929 0.502819
vn -0.285495 0.511791 0.810286
vn -0.101695 0.182391 0.977953
vn -0.285495 0.511791 0.810286
vn -0.100605 0.180309 0.978451
vn 0.101095 -0.181092 0.978256
vn -0.100605 0.180309 0.978451
vn 0.102102 -0.182903 0.977815
vn 0.286803 -0.513706 0.808610
vn 0.102102 -0.182903 0.977815
vn 0.287501 -0.514901 0.807602
vn 0.422776 -0.757156 0.497971
vn 0.287501 -0.514901 0.807602
vn 0.423125 -0.757645 0.496930
vn 0.485119 -0.868734 0.099804
vn 0.423125 -0.757645 0.496930
vn 0.485205 -0.868709 0.099601
vn 0.485119 -0.868734 0.099804
vn 0.462785 -0.828772 -0.314590
vn 0.462690 -0.828482 -0.315493
vn 0.462690 -0.828482 -0.315493
vn 0.359901 -0.644502 -0.674602
vn 0.359407 -0.643613 -0.675714
vn -0.949460 0.000000 -0.313887
vn -0.995047 0.000000 0.099405
vn -0.995047 0.000000 0.099405
vn -0.995047 0.000000 0.099405
vn -0.868563 0.000000 0.495579
vn -0.868606 0.000000 0.495503
vn -0.868606 0.000000 0.495503
vn -0.591905 0.000000 0.806008
vn -0.591905 0.000000 0.806008
vn -0.591905 0.000000 0.806008
vn -0.212895 0.000000 0.977075
vn -0.212895 0.000000 0.977075
vn -0.212895 0.000000 0.977075
vn 0.202900 -0.000000 0.979200
vn 0.202900 -0.000000 0.979200
vn 0.202900 -0.000000 0.979200
vn 0.583620 -0.000000 0.812027
vn 0.583620 -0.000000 0.812027
vn 0.583620 -0.000000 0.812027
vn 0.863452 -0.000000 0.504431
vn 0.863452 -0.000000 0.504431
vn 0.863452 -0.000000 0.504431
vn 0.993976 -0.000000 0.109597
vn 0.993976 -0.000000 0.109597
vn 0.993976 -0.000000 0.109597
vn 0.952636 0.000000 -0.304112
vn 0.952636 0.000000 -0.304112
vn 0.952636 0.000000 -0.304112
vn 0.746587 0.000000 -0.665288
vn 0.746587 0.000000 -0.665288
vn 0.746587 0.000000 -0.665288
vn 0.411383 0.000000 -0.911463
vn 0.411421 0.000000 -0.911446
vn 0.411421 0.000000 -0.911446
vn 0.005100 0.000000 -0.999987
vn 0.005100 0.000000 -0.999987
vn 0.005100 0.000000 -0.999987
vn -0.402015 0.000000 -0.915633
vn -0.402015 0.000000 -0.915633
vn -0.402015 0.000000 -0.915633
vn -0.739718 0.000000 -0.672917
vn -0.739718 0.000000 -0.672917
vn -0.739718 0.000000 -0.672917
vn -0.949460 0.000000 -0.313887
vn -0.949460 0.000000 -0.313887
vn -0.000000 1.000000 -0.000000
vn -0.000000 1.000000 -0.000000
vn -0.000000 1.000000 -0.000000
vn 0.000000 -1.000000 0.000000
vn 0.000000 -1.000000 0.000000
vn 0.000000 -1.000000 0.000000
vn -0.000000 1.000000 -0.000000
vn -0.000000 1.000000 -0.000000
vn -0.000000 1.000000 -0.000000
vn 0.000000 -1.000000 0.000000
vn 0.000000 -1.000000 0.000000
vn 0.000000 -1.000000 0.000000
vn -0.000000 1.000000 -0.000000
vn -0.000000 1.000000 -0.000000
vn -0.000000 1.000000 -0.000000
vn 0.000000 -1.000000 0.000000
vn 0.000000 -1.000000 0.000000
vn 0.000000 -1.000000 0.000000
vn -0.000000 1.000000 -0.000000
vn -0.000000 1.000000 -0.000000
vn -0.000000 1.000000 -0.000000
vn 0.000000 -1.000000 0.000000
vn 0.000000 -1.000000 0.000000
vn 0.000000 -1.000000 0.000000
vn -0.000000 1.000000 -0.000000
vn -0.000000 1.000000 -0.000000
vn -0.000000 1.000000 -0.000000
vn 0.000000 -1.000000 0.000000
vn 0.000000 -1.000000 0.000000
vn 0.000000 -1.000000 0.000000
vn -0.000000 1.000000 -0.000000
vn -0.000000 1.000000 -0.000000
vn -0.000000 1.000000 -0.000000
vn 0.000000 -1.000000 0.000000
vn 0.000000 -1.000000 0.000000
vn 0.000000 -1.000000 0.000000
vn -0.000000 1.000000 -0.000000
vn -0.000000 1.000000 -0.000000
vn -0.000000 1.000000 -0.000000
vn 0.000000 -1.000000 0.000000
vn 0.000000 -1.000000 0.000000
vn 0.000000 -1.000000 0.000000
vn -0.000000 1.000000 -0.000000
vn -0.000000 1.000000 -0.000000
vn -0.000000 1.000000 -0.000000
vn 0.000000 -1.000000 0.000000
vn 0.000000 -1.000000 0.000000
vn 0.000000 -1.000000 0.000000
vn -0.000000 1.000000 -0.000000
vn -0.000000 1.000000 -0.000000
vn -0.000000 1.000000 -0.000000
vn 0.000000 -1.000000 0.000000
vn 0.000000 -1.000000 0.000000
vn 0.000000 -1.000000 0.000000
vn -0.000000 1.000000 -0.000000
vn -0.000000 1.000000 -0.000000
vn -0.000000 1.000000 -0.000000
vn 0.000000 -1.000000 0.000000
vn 0.000000 -1.000000 0.000000
vn 0.000000 -1.000000 0.000000
vn -0.000000 1.000000 -0.000000
vn -0.000000 1.000000 -0.000000
vn -0.000000 1.000000 -0.000000
vn 0.000000 -1.000000 0.000000
vn 0.000000 -1.000000 0.000000
vn 0.000000 -1.000000 0.000000
vn -0.000000 1.000000 -0.000000
vn -0.000000 1.000000 -0.000000
vn -0.000000 1.000000 -0.000000
vn 0.000000 -1.000000 0.000000
vn 0.000000 -1.000000 0.000000
vn 0.000000 -1.000000 0.000000
vn -0.000000 1.000000 -0.000000
vn -0.000000 1.000000 -0.000000
vn -0.000000 1.000000 -0.000000
vn 0.000000 -1.000000 0.000000
vn 0.000000 -1.000000 0.000000
vn 0.000000 -1.000000 0.000000
vn -0.000000 1.000000 -0.000000
vn -0.000000 1.000000 -0.000000
vn -0.000000 1.000000 -0.000000
vn 0.000000 -1.000000 0.000000
vn 0.000000 -1.000000 0.000000
vn 0.000000 -1.000000 0.000000
vn -0.000000 1.000000 -0.000000
vn -0.000000 1.000000 -0.000000
vn -0.000000 1.000000 -0.000000
vn 0.000000 -1.000000 0.000000
vn 0.000000 -1.000000 0.000000
vn 0.000000 -1.000000 0.000000
vn -0.880645 -0.473424 -0.018301
vn -0.875004 -0.484002 -0.010500
vn -0.874783 -0.484390 -0.011000
vn 0.890726 0.454513 0.005000
vn 0.875271 0.483484 0.012000
vn 0.882019 0.470810 0.019500
vn -0.886691 -0.462196 -0.012400
vn -0.881003 -0.472802 -0.017100
vn -0.880645 -0.473424 -0.018301
vn 0.892371 0.451285 0.003900
vn 0.882019 0.470810 0.019500
vn 0.889165 0.457382 0.013699
vn -0.886691 -0.462196 -0.012400
vn -0.889780 -0.456390 -0.000900
vn -0.886690 -0.462195 -0.012500
vn 0.892681 0.450690 0.000000
vn 0.889165 0.457382 0.013699
vn 0.891367 0.453283 -0.000100
vn -0.889943 -0.456071 0.001000
vn -0.887210 -0.461205 0.012200
vn -0.889780 -0.456390 -0.000900
vn 0.892681 0.450690 0.000000
vn 0.889060 0.457579 -0.013899
vn 0.892310 0.451405 -0.003900
vn -0.887087 -0.461393 0.013900
vn -0.880942 -0.472923 0.016901
vn -0.887210 -0.461205 0.012200
vn 0.892310 0.451405 -0.003900
vn 0.881919 0.471010 -0.019200
vn 0.890686 0.454593 -0.004900
vn -0.880608 -0.473504 0.018000
vn -0.875158 -0.483732 0.010101
vn -0.880942 -0.472923 0.016901
vn 0.890686 0.454593 -0.004900
vn 0.875384 0.483291 -0.011500
vn 0.889306 0.457303 -0.002900
vn -0.874896 -0.484198 0.010500
vn -0.873614 -0.486608 -0.003500
vn -0.875158 -0.483732 0.010101
vn 0.889306 0.457303 -0.002900
vn 0.873612 0.486607 0.004000
vn 0.889003 0.457901 0.000600
vn -0.873680 -0.486489 -0.003500
vn -0.877790 -0.478795 -0.015500
vn -0.873614 -0.486608 -0.003500
vn 0.889003 0.457901 0.000600
vn 0.878401 0.477600 0.017600
vn 0.890077 0.455788 0.004500
vn -0.884195 -0.466797 -0.017300
vn -0.877790 -0.478795 -0.015500
vn -0.877718 -0.478910 -0.016000
vn 0.891599 0.452800 0.004800
vn 0.878401 0.477600 0.017600
vn 0.885911 0.463506 0.018000
vn -0.888614 -0.458607 -0.006600
vn -0.884489 -0.466294 -0.015800
vn -0.884195 -0.466797 -0.017300
vn 0.892478 0.451089 0.001600
vn 0.885911 0.463506 0.018000
vn 0.890610 0.454705 0.007600
vn -0.888614 -0.458607 -0.006600
vn -0.889129 -0.457615 0.006200
vn -0.888614 -0.458607 -0.006700
vn 0.892478 0.451089 0.001600
vn 0.891222 0.453511 -0.007200
vn 0.892879 0.450289 -0.002500
vn -0.889117 -0.457609 0.008100
vn -0.884211 -0.466806 0.016200
vn -0.889129 -0.457615 0.006200
vn 0.892879 0.450289 -0.002500
vn 0.885699 0.463899 -0.018300
vn 0.891559 0.452879 -0.004800
vn -0.883917 -0.467309 0.017700
vn -0.877518 -0.479310 0.015000
vn -0.884211 -0.466806 0.016200
vn 0.891559 0.452879 -0.004800
vn 0.878088 0.478193 -0.017100
vn 0.889874 0.456187 -0.004300
vn -0.877185 -0.479892 0.015800
vn -0.873438 -0.486921 0.003600
vn -0.877518 -0.479310 0.015000
vn 0.889874 0.456187 -0.004300
vn 0.873503 0.486802 -0.004000
vn 0.888900 0.458100 -0.001000
vn -0.874783 -0.484390 -0.011000
vn -0.873438 -0.486921 0.003600
vn -0.873221 -0.487311 0.003700
vn 0.889265 0.457382 0.003000
vn 0.873503 0.486802 -0.004000
vn 0.875271 0.483484 0.012000
vn 0.863452 0.000000 -0.504431
vn 0.863452 0.000000 -0.504431
vn 0.863452 0.000000 -0.504431
vn 0.739669 0.000000 -0.672971
vn 0.402015 0.000000 -0.915633
vn 0.739669 0.000000 -0.672971
vn 0.402015 0.000000 -0.915633
vn -0.005100 0.000000 -0.999987
vn 0.402015 0.000000 -0.915633
vn -0.005100 0.000000 -0.999987
vn -0.411421 0.000000 -0.911446
vn -0.005100 0.000000 -0.999987
vn -0.411421 0.000000 -0.911446
vn -0.746587 0.000000 -0.665288
vn -0.411421 0.000000 -0.911446
vn -0.746587 0.000000 -0.665288
vn -0.952636 0.000000 -0.304112
vn -0.746587 0.000000 -0.665288
vn -0.952636 0.000000 -0.304112
vn -0.993976 0.000000 0.109597
vn -0.952636 0.000000 -0.304112
vn -0.993976 0.000000 0.109597
vn -0.863452 0.000000 0.504431
vn -0.993976 0.000000 0.109597
vn -0.863478 0.000000 0.504387
vn -0.583620 0.000000 0.812027
vn -0.863452 0.000000 0.504431
vn -0.583620 0.000000 0.812027
vn -0.202900 0.000000 0.979200
vn -0.583620 0.000000 0.812027
vn -0.202900 0.000000 0.979200
vn 0.212895 -0.000000 0.977075
vn -0.202900 0.000000 0.979200
vn 0.212895 -0.000000 0.977075
vn 0.591905 -0.000000 0.806008
vn 0.212895 -0.000000 0.977075
vn 0.591905 -0.000000 0.806008
vn 0.868606 -0.000000 0.495503
vn 0.591905 -0.000000 0.806008
vn 0.868606 -0.000000 0.495503
vn 0.995047 -0.000000 0.099405
vn 0.868606 -0.000000 0.495503
vn 0.995047 -0.000000 0.099405
vn 0.949490 -0.000100 -0.313797
vn 0.995047 -0.000000 0.099405
vn -0.000000 1.000000 -0.000000
vn -0.000000 1.000000 -0.000000
vn -0.000000 1.000000 -0.000000
vn -0.000000 1.000000 -0.000000
vn -0.000000 1.000000 -0.000000
vn -0.000000 1.000000 -0.000000
vn -0.000000 1.000000 -0.000000
vn -0.000000 1.000000 -0.000000
vn -0.000000 1.000000 -0.000000
vn -0.000000 1.000000 -0.000000
vn -0.000000 1.000000 -0.000000
vn -0.000000 1.000000 -0.000000
vn -0.000000 1.000000 -0.000000
vn -0.000000 1.000000 -0.000000
vn -0.000000 1.000000 -0.000000
vn -0.000000 1.000000 -0.000000
vn -0.000000 1.000000 -0.000000
vn -0.000000 1.000000 -0.000000
vn -0.000000 1.000000 -0.000000
vn -0.000000 1.000000 -0.000000
vn -0.000000 1.000000 -0.000000
vn -0.000000 1.000000 -0.000000
vn -0.000000 1.000000 -0.000000
vn -0.000000 1.000000 -0.000000
vn -0.000000 1.000000 -0.000000
vn -0.000000 1.000000 -0.000000
vn -0.000000 1.000000 -0.000000
vn -0.000000 1.000000 -0.000000
vn -0.000000 1.000000 -0.000000
vn -0.000000 1.000000 -0.000000
vn -0.000000 1.000000 -0.000000
vn -0.000000 1.000000 -0.000000
vn -0.000000 1.000000 -0.000000
vn -0.000000 1.000000 -0.000000
vn -0.000000 1.000000 -0.000000
vn -0.000000 1.000000 -0.000000
vn -0.000000 1.000000 -0.000000
vn -0.000000 1.000000 -0.000000
vn -0.000000 1.000000 -0.000000
vn -0.000000 1.000000 -0.000000
vn -0.000000 1.000000 -0.000000
vn -0.000000 1.000000 -0.000000
vn -0.000000 1.000000 -0.000000
vn -0.000000 1.000000 -0.000000
vn -0.000000 1.000000 -0.000000
vn 0.949460 0.000000 -0.313887
vn 0.739718 0.000000 -0.672917
vn 0.949460 0.000000 -0.313887
vn 0.739718 0.000000 -0.672917
vn 0.402015 0.000000 -0.915633
vn 0.739718 0.000000 -0.672917
vn 0.402015 0.000000 -0.915633
vn -0.005100 0.000000 -0.999987
vn 0.402015 0.000000 -0.915633
vn -0.005100 0.000000 -0.999987
vn -0.411383 0.000000 -0.911463
vn -0.005100 0.000000 -0.999987
vn -0.411421 0.000000 -0.911446
vn -0.746587 0.000000 -0.665288
vn -0.411383 0.000000 -0.911463
vn -0.746587 0.000000 -0.665288
vn -0.952636 0.000000 -0.304112
vn -0.746587 0.000000 -0.665288
vn -0.952636 0.000000 -0.304112
vn -0.993976 0.000000 0.109597
vn -0.952636 0.000000 -0.304112
vn -0.993976 0.000000 0.109597
vn -0.863452 0.000000 0.504431
vn -0.993976 0.000000 0.109597
vn -0.863452 0.000000 0.504431
vn -0.583620 0.000000 0.812027
vn -0.863452 0.000000 0.504431
vn -0.583620 0.000000 0.812027
vn -0.402015 0.000000 0.915633
vn -0.583620 0.000000 0.812027
vn 0.005100 -0.000000 0.999987
vn 0.005100 -0.000000 0.999987
vn 0.005100 -0.000000 0.999987
vn 0.411504 -0.000000 0.911408
vn 0.591905 -0.000000 0.806008
vn 0.411504 -0.000000 0.911408
vn 0.591905 -0.000000 0.806008
vn 0.868563 -0.000000 0.495579
vn 0.591905 -0.000000 0.806008
vn 0.868606 -0.000000 0.495503
vn 0.995047 -0.000000 0.099405
vn 0.868563 -0.000000 0.495579
vn 0.995047 -0.000000 0.099405
vn 0.949460 0.000000 -0.313887
vn 0.995047 -0.000000 0.099405
vn -0.000000 1.000000 -0.000000
vn -0.000000 1.000000 -0.000000
vn -0.000000 1.000000 -0.000000
vn 0.000000 -1.000000 0.000000
vn 0.000000 -1.000000 0.000000
vn 0.000000 -1.000000 0.000000
vn -0.000000 1.000000 -0.000000
vn -0.000000 1.000000 -0.000000
vn -0.000000 1.000000 -0.000000
vn 0.000000 -1.000000 0.000000
vn 0.000000 -1.000000 0.000000
vn 0.000000 -1.000000 0.000000
vn -0.000000 1.000000 -0.000000
vn -0.000000 1.000000 -0.000000
vn -0.000000 1.000000 -0.000000
vn 0.000000 -1.000000 0.000000
vn 0.000000 -1.000000 0.000000
vn 0.000000 -1.000000 0.000000
vn -0.000000 1.000000 -0.000000
vn -0.000000 1.000000 -0.000000
vn -0.000000 1.000000 -0.000000
vn 0.000000 -1.000000 0.000000
vn 0.000000 -1.000000 0.000000
vn 0.000000 -1.000000 0.000000
vn -0.000000 1.000000 -0.000000
vn -0.000000 1.000000 -0.000000
vn -0.000000 1.000000 -0.000000
vn 0.000000 -1.000000 0.000000
vn 0.000000 -1.000000 0.000000
vn 0.000000 -1.000000 0.000000
vn -0.000000 1.000000 -0.000000
vn -0.000000 1.000000 -0.000000
vn -0.000000 1.000000 -0.000000
vn 0.000000 -1.000000 0.000000
vn 0.000000 -1.000000 0.000000
vn 0.000000 -1.000000 0.000000
vn -0.000000 1.000000 -0.000000
vn -0.000000 1.000000 -0.000000
vn -0.000000 1.000000 -0.000000
vn 0.000000 -1.000000 0.000000
vn 0.000000 -1.000000 0.000000
vn 0.000000 -1.000000 0.000000
vn -0.000000 1.000000 -0.000000
vn -0.000000 1.000000 -0.000000
vn -0.000000 1.000000 -0.000000
vn 0.000000 -1.000000 0.000000
vn 0.000000 -1.000000 0.000000
vn 0.000000 -1.000000 0.000000
vn -0.000000 1.000000 -0.000000
vn -0.000000 1.000000 -0.000000
vn -0.000000 1.000000 -0.000000
vn 0.000000 -1.000000 0.000000
vn 0.000000 -1.000000 0.000000
vn 0.000000 -1.000000 0.000000
vn -0.000000 1.000000 -0.000000
vn -0.000000 1.000000 -0.000000
vn -0.000000 1.000000 -0.000000
vn 0.001100 -0.975387 0.220497
vn 0.000000 -1.000000 0.000000
vn 0.000000 -1.000000 0.000000
vn -0.000000 1.000000 -0.000000
vn -0.000000 1.000000 -0.000000
vn -0.000000 1.000000 -0.000000
vn 0.001300 -0.975387 0.220497
vn 0.000000 -1.000000 0.000000
vn 0.000000 -1.000000 0.000000
vn -0.000000 1.000000 -0.000000
vn -0.000000 1.000000 -0.000000
vn -0.000000 1.000000 -0.000000
vn 0.000000 -1.000000 0.000000
vn 0.000000 -1.000000 0.000000
vn 0.000000 -1.000000 0.000000
vn -0.000000 1.000000 -0.000000
vn -0.000000 1.000000 -0.000000
vn -0.000000 1.000000 -0.000000
vn 0.000000 -1.000000 0.000000
vn 0.000000 -1.000000 0.000000
vn 0.000000 -1.000000 0.000000
vn -0.000000 1.000000 -0.000000
vn -0.000000 1.000000 -0.000000
vn -0.000000 1.000000 -0.000000
vn 0.000000 -1.000000 0.000000
vn 0.000000 -1.000000 0.000000
vn 0.000000 -1.000000 0.000000
vn -0.000000 1.000000 -0.000000
vn -0.000000 1.000000 -0.000000
vn -0.000000 1.000000 -0.000000
vn 0.000000 -1.000000 0.000000
vn 0.000000 -1.000000 0.000000
vn 0.000000 -1.000000 0.000000
vn 0.753185 -0.598988 -0.271894
vn 0.739718 0.000000 -0.672917
vn 0.949460 0.000000 -0.313887
vn 0.822519 -0.380609 -0.422610
vn 0.402015 0.000000 -0.915633
vn 0.739718 0.000000 -0.672917
vn 0.580073 -0.381382 -0.719766
vn -0.005100 0.000000 -0.999987
vn 0.402015 0.000000 -0.915633
vn -0.005100 0.000000 -0.999987
vn -0.327897 -0.605695 -0.724994
vn -0.411504 -0.000300 -0.911408
vn -0.411504 -0.000300 -0.911408
vn -0.594191 -0.605891 -0.528992
vn -0.746587 0.000000 -0.665288
vn -0.594191 -0.605891 -0.528992
vn -0.952636 0.000000 -0.304112
vn -0.746587 0.000000 -0.665288
vn -0.773610 -0.383405 -0.504507
vn -0.993976 0.000000 0.109597
vn -0.952636 0.000000 -0.304112
vn -0.911980 -0.383491 -0.145697
vn -0.863452 0.000000 0.504431
vn -0.993976 0.000000 0.109597
vn -0.892709 -0.382904 0.237602
vn -0.583620 0.000000 0.812027
vn -0.863452 0.000000 0.504431
vn -0.718592 -0.382196 0.580993
vn -0.202900 0.000000 0.979200
vn -0.583620 0.000000 0.812027
vn -0.419382 -0.381484 0.823765
vn 0.212895 -0.000000 0.977075
vn -0.202900 0.000000 0.979200
vn -0.046801 -0.380705 0.923512
vn 0.591905 -0.000000 0.806008
vn 0.212895 -0.000000 0.977075
vn 0.334010 -0.380112 0.862527
vn 0.868563 -0.000000 0.495579
vn 0.591905 -0.000000 0.806008
vn 0.656615 -0.379809 0.651615
vn 0.995047 -0.000000 0.099405
vn 0.868563 -0.000000 0.495579
vn 0.864898 -0.379699 0.328299
vn 0.949460 0.000000 -0.313887
vn 0.995047 -0.000000 0.099405
vn 0.753185 -0.598988 -0.271894
vn 0.491909 -0.747014 -0.447208
vn 0.822519 -0.380609 -0.422610
vn 0.822519 -0.380609 -0.422610
vn 0.267413 -0.748336 -0.607029
vn 0.580073 -0.381382 -0.719766
vn 0.580073 -0.381382 -0.719766
vn -0.002600 -0.749830 -0.661626
vn -0.249006 -0.361209 -0.898623
vn -0.249006 -0.361209 -0.898623
vn -0.270900 -0.751299 -0.601800
vn -0.327897 -0.605695 -0.724994
vn -0.327897 -0.605695 -0.724994
vn -0.491488 -0.752382 -0.438589
vn -0.594191 -0.605891 -0.528992
vn -0.594191 -0.605891 -0.528992
vn -0.626798 -0.752997 -0.200299
vn -0.773610 -0.383405 -0.504507
vn -0.773610 -0.383405 -0.504507
vn -0.654073 -0.752969 0.072297
vn -0.911980 -0.383491 -0.145697
vn -0.654073 -0.752969 0.072297
vn -0.892709 -0.382904 0.237602
vn -0.911980 -0.383491 -0.145697
vn -0.568504 -0.752405 0.332702
vn -0.718592 -0.382196 0.580993
vn -0.892709 -0.382904 0.237602
vn -0.384603 -0.751305 0.536304
vn -0.419382 -0.381484 0.823765
vn -0.718592 -0.382196 0.580993
vn -0.133397 -0.749881 0.647984
vn -0.046801 -0.380705 0.923512
vn -0.419382 -0.381484 0.823765
vn 0.141997 -0.748385 0.647887
vn 0.334010 -0.380112 0.862527
vn -0.046801 -0.380705 0.923512
vn 0.393991 -0.747082 0.535387
vn 0.656615 -0.379809 0.651615
vn 0.334010 -0.380112 0.862527
vn 0.578401 -0.746201 0.329600
vn 0.864898 -0.379699 0.328299
vn 0.656615 -0.379809 0.651615
vn 0.864898 -0.379699 0.328299
vn 0.632185 -0.746183 -0.208695
vn 0.753185 -0.598988 -0.271894
vn 0.858647 -0.426774 -0.283883
vn 0.704733 -0.303814 -0.641130
vn 0.904575 -0.303791 -0.299092
vn 0.668691 -0.426594 -0.608991
vn 0.382999 -0.303699 -0.872398
vn 0.704733 -0.303814 -0.641130
vn 0.382999 -0.303699 -0.872398
vn -0.004700 -0.426409 -0.904518
vn -0.004900 -0.303807 -0.952721
vn -0.004900 -0.303807 -0.952721
vn -0.372100 -0.426700 -0.824299
vn -0.391985 -0.303788 -0.868367
vn -0.391985 -0.303788 -0.868367
vn -0.675297 -0.426398 -0.601797
vn -0.711275 -0.303789 -0.633877
vn -0.711275 -0.303789 -0.633877
vn -0.861552 -0.426726 -0.275016
vn -0.907593 -0.303798 -0.289798
vn -0.907593 -0.303798 -0.289798
vn -0.898938 -0.426718 0.099104
vn -0.946999 -0.303800 0.104400
vn -0.946999 -0.303800 0.104400
vn -0.781005 -0.426403 0.456303
vn -0.822624 -0.303809 0.480614
vn -0.781005 -0.426403 0.456303
vn -0.556005 -0.303703 0.773707
vn -0.822624 -0.303809 0.480614
vn -0.527509 -0.426707 0.734612
vn -0.193304 -0.303806 0.932918
vn -0.556005 -0.303703 0.773707
vn -0.193304 -0.303806 0.932918
vn 0.192607 -0.426315 0.883831
vn 0.202902 -0.303704 0.930911
vn 0.202902 -0.303704 0.930911
vn 0.535323 -0.426718 0.728931
vn 0.563983 -0.303791 0.767877
vn 0.563983 -0.303791 0.767877
vn 0.785480 -0.426789 0.448188
vn 0.827529 -0.303811 0.472117
vn 0.785480 -0.426789 0.448188
vn 0.948016 -0.303805 0.094702
vn 0.827529 -0.303811 0.472117
vn 0.899911 -0.426705 0.089901
vn 0.904575 -0.303791 -0.299092
vn 0.948016 -0.303805 0.094702
vn 0.728795 -0.641295 -0.239998
vn 0.668691 -0.426594 -0.608991
vn 0.858647 -0.426774 -0.283883
vn 0.668691 -0.426594 -0.608991
vn 0.308507 -0.641214 -0.702615
vn 0.363900 -0.426800 -0.827900
vn 0.363900 -0.426800 -0.827900
vn -0.003900 -0.641123 -0.767428
vn -0.004700 -0.426409 -0.904518
vn -0.004700 -0.426409 -0.904518
vn -0.315684 -0.641167 -0.699464
vn -0.372100 -0.426700 -0.824299
vn -0.372100 -0.426700 -0.824299
vn -0.572918 -0.641121 -0.510616
vn -0.675297 -0.426398 -0.601797
vn -0.675297 -0.426398 -0.601797
vn -0.731103 -0.641103 -0.233401
vn -0.861552 -0.426726 -0.275016
vn -0.731103 -0.641103 -0.233401
vn -0.898938 -0.426718 0.099104
vn -0.861552 -0.426726 -0.275016
vn -0.761400 -0.642500 0.086400
vn -0.781005 -0.426403 0.456303
vn -0.898938 -0.426718 0.099104
vn -0.660418 -0.642518 0.388611
vn -0.527509 -0.426707 0.734612
vn -0.781005 -0.426403 0.456303
vn -0.445225 -0.642537 0.623636
vn -0.184005 -0.426811 0.885423
vn -0.527509 -0.426707 0.734612
vn -0.184005 -0.426811 0.885423
vn 0.163407 -0.641129 0.749834
vn 0.192607 -0.426315 0.883831
vn 0.163407 -0.641129 0.749834
vn 0.535323 -0.426718 0.728931
vn 0.192607 -0.426315 0.883831
vn 0.455473 -0.642562 0.616164
vn 0.785480 -0.426789 0.448188
vn 0.535323 -0.426718 0.728931
vn 0.666698 -0.642598 0.377599
vn 0.899911 -0.426705 0.089901
vn 0.785480 -0.426789 0.448188
vn 0.899911 -0.426705 0.089901
vn 0.728795 -0.641295 -0.239998
vn 0.858647 -0.426774 -0.283883
vn 0.580803 -0.791704 -0.189401
vn 0.567989 -0.643288 -0.513390
vn 0.728795 -0.641295 -0.239998
vn 0.446292 -0.793786 -0.413193
vn 0.308507 -0.641214 -0.702615
vn 0.567989 -0.643288 -0.513390
vn 0.239599 -0.793797 -0.558998
vn -0.003900 -0.641123 -0.767428
vn 0.308507 -0.641214 -0.702615
vn -0.008400 -0.793810 -0.608108
vn -0.315684 -0.641167 -0.699464
vn -0.003900 -0.641123 -0.767428
vn -0.315684 -0.641167 -0.699464
vn -0.456395 -0.791392 -0.406696
vn -0.572918 -0.641121 -0.510616
vn -0.572918 -0.641121 -0.510616
vn -0.582316 -0.791421 -0.185905
vn -0.731103 -0.641103 -0.233401
vn -0.582316 -0.791421 -0.185905
vn -0.761400 -0.642500 0.086400
vn -0.731103 -0.641103 -0.233401
vn -0.761400 -0.642500 0.086400
vn -0.527817 -0.791425 0.308310
vn -0.660418 -0.642518 0.388611
vn -0.660418 -0.642518 0.388611
vn -0.356794 -0.791387 0.496392
vn -0.445225 -0.642537 0.623636
vn -0.445225 -0.642537 0.623636
vn -0.123999 -0.791395 0.598596
vn -0.157700 -0.643298 0.749198
vn -0.123999 -0.791395 0.598596
vn 0.163407 -0.641129 0.749834
vn -0.157700 -0.643298 0.749198
vn 0.134698 -0.793788 0.593091
vn 0.455473 -0.642562 0.616164
vn 0.163407 -0.641129 0.749834
vn 0.364300 -0.793799 0.487000
vn 0.666698 -0.642598 0.377599
vn 0.455473 -0.642562 0.616164
vn 0.530811 -0.793817 0.296806
vn 0.761582 -0.643285 0.078598
vn 0.666698 -0.642598 0.377599
vn 0.605689 -0.793785 0.055199
vn 0.728795 -0.641295 -0.239998
vn 0.761582 -0.643285 0.078598
vn 0.580803 -0.791704 -0.189401
vn 0.337595 -0.889787 -0.307096
vn 0.446292 -0.793786 -0.413193
vn 0.337595 -0.889787 -0.307096
vn 0.239599 -0.793797 -0.558998
vn 0.446292 -0.793786 -0.413193
vn 0.239599 -0.793797 -0.558998
vn -0.002300 -0.889818 -0.456309
vn -0.008400 -0.793810 -0.608108
vn -0.008400 -0.793810 -0.608108
vn -0.187705 -0.889823 -0.415911
vn -0.244409 -0.795330 -0.554721
vn -0.187705 -0.889823 -0.415911
vn -0.456395 -0.791392 -0.406696
vn -0.244409 -0.795330 -0.554721
vn -0.456395 -0.791392 -0.406696
vn -0.434706 -0.889812 -0.138802
vn -0.582316 -0.791421 -0.185905
vn -0.434706 -0.889812 -0.138802
vn -0.603114 -0.795319 0.061001
vn -0.582316 -0.791421 -0.185905
vn -0.603114 -0.795319 0.061001
vn -0.394006 -0.889813 0.230203
vn -0.527817 -0.791425 0.308310
vn -0.527817 -0.791425 0.308310
vn -0.266299 -0.889798 0.370599
vn -0.356794 -0.791387 0.496392
vn -0.356794 -0.791387 0.496392
vn -0.092598 -0.889783 0.446891
vn -0.123999 -0.791395 0.598596
vn -0.092598 -0.889783 0.446891
vn 0.134698 -0.793788 0.593091
vn -0.123999 -0.791395 0.598596
vn 0.104697 -0.892472 0.438786
vn 0.364300 -0.793799 0.487000
vn 0.134698 -0.793788 0.593091
vn 0.364300 -0.793799 0.487000
vn 0.396400 -0.889801 0.226100
vn 0.530811 -0.793817 0.296806
vn 0.396400 -0.889801 0.226100
vn 0.605689 -0.793785 0.055199
vn 0.530811 -0.793817 0.296806
vn 0.605689 -0.793785 0.055199
vn 0.426596 -0.894891 -0.131099
vn 0.580803 -0.791704 -0.189401
vn 0.294795 -0.951683 -0.085998
vn 0.337595 -0.889787 -0.307096
vn 0.426596 -0.894891 -0.131099
vn 0.215304 -0.952720 -0.214404
vn 0.188003 -0.894913 -0.404706
vn 0.337595 -0.889787 -0.307096
vn 0.188003 -0.894913 -0.404706
vn -0.001600 -0.950437 -0.310912
vn -0.002300 -0.889818 -0.456309
vn -0.002300 -0.889818 -0.456309
vn -0.127896 -0.950468 -0.283290
vn -0.187705 -0.889823 -0.415911
vn -0.187705 -0.889823 -0.415911
vn -0.232107 -0.950429 -0.206906
vn -0.326899 -0.894898 -0.303799
vn -0.232107 -0.950429 -0.206906
vn -0.434706 -0.889812 -0.138802
vn -0.326899 -0.894898 -0.303799
vn -0.293307 -0.952724 -0.079302
vn -0.444501 -0.894902 0.039600
vn -0.434706 -0.889812 -0.138802
vn -0.444501 -0.894902 0.039600
vn -0.268508 -0.950429 0.156805
vn -0.394006 -0.889813 0.230203
vn -0.268508 -0.950429 0.156805
vn -0.266299 -0.889798 0.370599
vn -0.394006 -0.889813 0.230203
vn -0.166104 -0.952726 0.254407
vn -0.092598 -0.889783 0.446891
vn -0.266299 -0.889798 0.370599
vn -0.048201 -0.952719 0.300006
vn 0.104697 -0.892472 0.438786
vn -0.092598 -0.889783 0.446891
vn 0.078001 -0.952709 0.293703
vn 0.256499 -0.894896 0.365198
vn 0.104697 -0.892472 0.438786
vn 0.256499 -0.894896 0.365198
vn 0.270013 -0.950444 0.154107
vn 0.396400 -0.889801 0.226100
vn 0.396400 -0.889801 0.226100
vn 0.309289 -0.950466 0.030899
vn 0.443005 -0.894910 0.053701
vn 0.443005 -0.894910 0.053701
vn 0.294795 -0.951683 -0.085998
vn 0.426596 -0.894891 -0.131099
vn 0.294795 -0.951683 -0.085998
vn 0.134904 -0.983232 -0.122704
vn 0.215304 -0.952720 -0.214404
vn 0.215304 -0.952720 -0.214404
vn 0.073302 -0.983228 -0.167005
vn 0.131899 -0.956095 -0.261699
vn 0.073302 -0.983228 -0.167005
vn -0.001600 -0.950437 -0.310912
vn 0.131899 -0.956095 -0.261699
vn -0.001600 -0.950437 -0.310912
vn -0.075003 -0.983235 -0.166206
vn -0.127896 -0.950468 -0.283290
vn -0.075003 -0.983235 -0.166206
vn -0.232107 -0.950429 -0.206906
vn -0.127896 -0.950468 -0.283290
vn -0.232107 -0.950429 -0.206906
vn -0.173803 -0.983215 -0.055501
vn -0.293307 -0.952724 -0.079302
vn -0.173803 -0.983215 -0.055501
vn -0.292597 -0.956092 0.016600
vn -0.293307 -0.952724 -0.079302
vn -0.169606 -0.984638 0.041502
vn -0.268508 -0.950429 0.156805
vn -0.292597 -0.956092 0.016600
vn -0.268508 -0.950429 0.156805
vn -0.106405 -0.983246 0.148007
vn -0.166104 -0.952726 0.254407
vn -0.166104 -0.952726 0.254407
vn -0.037001 -0.983225 0.178605
vn -0.048201 -0.952719 0.300006
vn -0.037001 -0.983225 0.178605
vn 0.078001 -0.952709 0.293703
vn -0.048201 -0.952719 0.300006
vn 0.059002 -0.984627 0.164404
vn 0.160698 -0.956088 0.245097
vn 0.078001 -0.952709 0.293703
vn 0.120704 -0.984633 0.126204
vn 0.270013 -0.950444 0.154107
vn 0.160698 -0.956088 0.245097
vn 0.270013 -0.950444 0.154107
vn 0.181504 -0.983224 0.018100
vn 0.309289 -0.950466 0.030899
vn 0.181504 -0.983224 0.018100
vn 0.294795 -0.951683 -0.085998
vn 0.309289 -0.950466 0.030899
vn 0.139101 -0.987106 -0.079200
vn 0.000000 -1.000000 0.000000
vn 0.134904 -0.983232 -0.122704
vn 0.134904 -0.983232 -0.122704
vn 0.000000 -1.000000 0.000000
vn 0.073302 -0.983228 -0.167005
vn 0.073302 -0.983228 -0.167005
vn 0.000000 -1.000000 0.000000
vn 0.030700 -0.989101 -0.144000
vn 0.030700 -0.989101 -0.144000
vn 0.000000 -1.000000 0.000000
vn -0.075003 -0.983235 -0.166206
vn -0.075003 -0.983235 -0.166206
vn 0.000000 -1.000000 0.000000
vn -0.086500 -0.989095 -0.119199
vn -0.086500 -0.989095 -0.119199
vn 0.000000 -1.000000 0.000000
vn -0.173803 -0.983215 -0.055501
vn -0.173803 -0.983215 -0.055501
vn 0.000000 -1.000000 0.000000
vn -0.169606 -0.984638 0.041502
vn -0.169606 -0.984638 0.041502
vn 0.000000 -1.000000 0.000000
vn -0.140099 -0.989096 0.045400
vn -0.140099 -0.989096 0.045400
vn 0.000000 -1.000000 0.000000
vn -0.106405 -0.983246 0.148007
vn -0.106405 -0.983246 0.148007
vn 0.000000 -1.000000 0.000000
vn -0.037001 -0.983225 0.178605
vn -0.037001 -0.983225 0.178605
vn 0.000000 -1.000000 0.000000
vn 0.059002 -0.984627 0.164404
vn 0.059002 -0.984627 0.164404
vn 0.000000 -1.000000 0.000000
vn 0.120704 -0.984633 0.126204
vn 0.120704 -0.984633 0.126204
vn 0.000000 -1.000000 0.000000
vn 0.109398 -0.989086 0.098699
vn 0.109398 -0.989086 0.098699
vn 0.000000 -1.000000 0.000000
vn 0.181504 -0.983224 0.018100
vn 0.181504 -0.983224 0.018100
vn 0.000000 -1.000000 0.000000
vn 0.139101 -0.987106 -0.079200
vn 0.021900 -0.999298 -0.030400
vn 0.021800 -0.999300 -0.030400
vn 0.021800 -0.999300 -0.030400
vn 0.007000 -0.999411 -0.033600
vn 0.007000 -0.999411 -0.033600
vn 0.007000 -0.999411 -0.033600
vn -0.007600 -0.999362 -0.034899
vn -0.007600 -0.999362 -0.034899
vn -0.007600 -0.999362 -0.034899
vn -0.025200 -0.999094 -0.034300
vn -0.025200 -0.999094 -0.034300
vn -0.025200 -0.999094 -0.034300
vn -0.052598 -0.998165 -0.029999
vn -0.052698 -0.998160 -0.029999
vn -0.052598 -0.998165 -0.029999
vn -0.122105 -0.992442 -0.012201
vn -0.121995 -0.992456 -0.012199
vn -0.122105 -0.992442 -0.012201
vn -0.932207 0.189901 0.308102
vn -0.932167 0.189793 0.308289
vn -0.932207 0.189901 0.308102
vn -0.105399 0.989795 0.095900
vn -0.105399 0.989795 0.095900
vn -0.105399 0.989795 0.095900
vn -0.036400 0.995893 0.082899
vn -0.036400 0.995893 0.082899
vn -0.036400 0.995893 0.082899
vn 0.000400 0.996338 0.085503
vn 0.000400 0.996338 0.085503
vn 0.000400 0.996338 0.085503
vn 0.046500 0.993594 0.102999
vn 0.046500 0.993594 0.102999
vn 0.046500 0.993594 0.102999
vn 0.242004 0.946017 0.215604
vn 0.241504 0.946214 0.215303
vn 0.241504 0.946214 0.215303
vn 0.188295 -0.980272 0.060098
vn 0.188391 -0.980254 0.060097
vn 0.188391 -0.980254 0.060097
vn 0.073497 -0.997263 -0.008100
vn 0.073597 -0.997255 -0.008100
vn 0.073597 -0.997255 -0.008100
vn 0.040799 -0.998884 -0.023800
vn 0.040799 -0.998884 -0.023800
vn 0.040799 -0.998884 -0.023800
vn 0.001700 0.942109 0.335303
vn 0.002200 0.942108 0.335303
vn 0.001700 0.942109 0.335303
vn 0.999976 0.000000 -0.007000
vn 0.999976 0.000000 -0.007000
vn 0.999976 0.000000 -0.007000
vn 0.001300 -0.975387 0.220497
vn 0.001700 -0.942109 0.335303
vn 0.001100 -0.975387 0.220497
vn -0.999976 0.000000 0.007000
vn -0.999976 0.000000 0.007000
vn -0.999976 0.000000 0.007000
vn -0.005100 0.000700 -0.999987
vn -0.005100 0.000000 -0.999987
vn -0.005100 0.000000 -0.999987
vn 0.999976 0.000000 -0.007000
vn 0.999976 0.000000 -0.007000
vn 0.999976 0.000000 -0.007000
vn 0.005600 -0.003600 0.999978
vn 0.005100 -0.000000 0.999987
vn 0.005100 -0.000000 0.999987
vn -0.969278 0.229495 0.088498
vn -0.999976 0.000000 0.007000
vn -0.999976 0.000000 0.007000
vn -0.582197 0.764696 0.276199
vn -0.918709 0.370003 0.138101
vn -0.969278 0.229495 0.088498
vn 0.005600 -0.003600 0.999978
vn 0.005100 -0.006700 0.999965
vn 0.005100 -0.000800 0.999987
vn -0.005100 0.006700 -0.999965
vn -0.005600 0.003500 -0.999978
vn -0.005100 0.000700 -0.999987
vn -0.002800 -0.942106 -0.335302
vn -0.005600 -0.942233 -0.334912
vn -0.002800 -0.942106 -0.335302
vn 0.014600 -0.007400 0.999866
vn 0.006700 -0.011700 0.999909
vn 0.007900 -0.010400 0.999915
vn 0.002200 0.942108 0.335303
vn 0.002800 0.942106 0.335302
vn 0.002200 0.942108 0.335303
vn -0.007600 0.010000 -0.999921
vn -0.006700 0.011800 -0.999908
vn -0.005600 0.003500 -0.999978
vn 0.999955 0.005100 -0.008000
vn 0.999955 0.005100 -0.008000
vn 0.999956 0.005000 -0.008000
vn -0.462675 -0.828456 -0.315583
vn -0.361491 -0.647384 -0.670983
vn -0.463090 -0.829282 -0.312793
vn -0.359407 -0.643613 -0.675714
vn -0.197506 -0.353810 -0.914226
vn -0.361491 -0.647384 -0.670983
vn -0.193596 -0.346693 -0.917782
vn 0.000900 0.001700 -0.999998
vn -0.197506 -0.353810 -0.914226
vn 0.005600 0.010000 -0.999934
vn 0.199207 0.357213 -0.912533
vn 0.000900 0.001700 -0.999998
vn 0.203097 0.363995 -0.908988
vn 0.363100 0.650900 -0.666700
vn 0.199207 0.357213 -0.912533
vn 0.365092 0.654586 -0.661986
vn 0.463804 0.831707 -0.305203
vn 0.363100 0.650900 -0.666700
vn 0.464282 0.832468 -0.302388
vn 0.484088 0.868078 0.109997
vn 0.463804 0.831707 -0.305203
vn 0.421398 0.755596 0.501497
vn 0.484088 0.868078 0.109997
vn 0.484175 0.868156 0.108994
vn 0.286496 0.513594 0.808790
vn 0.420208 0.753514 0.505610
vn 0.421398 0.755596 0.501497
vn 0.101802 0.182504 0.977921
vn 0.283409 0.508116 0.813325
vn 0.286496 0.513594 0.808790
vn -0.101000 -0.180900 0.978302
vn 0.097403 0.174505 0.979827
vn 0.101802 0.182504 0.977921
vn -0.286695 -0.513491 0.808785
vn -0.105404 -0.188808 0.976341
vn -0.101000 -0.180900 0.978302
vn -0.422879 -0.757162 0.497875
vn -0.289796 -0.519093 0.804090
vn -0.286695 -0.513491 0.808785
vn -0.485119 -0.868734 0.099804
vn -0.424000 -0.759200 0.493800
vn -0.422879 -0.757162 0.497875
vn -0.485119 -0.868734 0.099804
vn -0.463090 -0.829282 -0.312793
vn -0.485197 -0.868794 0.098899
vn -0.890726 0.454513 0.005000
vn -0.889265 0.457382 0.003000
vn -0.892922 0.450211 -0.000000
vn -0.892371 0.451285 0.003900
vn -0.890726 0.454513 0.005000
vn -0.892922 0.450211 -0.000000
vn -0.892620 0.450810 -0.000000
vn -0.892371 0.451285 0.003900
vn -0.892922 0.450211 -0.000000
vn -0.892310 0.451405 -0.003900
vn -0.892620 0.450810 -0.000000
vn -0.892922 0.450211 -0.000000
vn -0.890686 0.454593 -0.004900
vn -0.892310 0.451405 -0.003900
vn -0.892922 0.450211 -0.000000
vn -0.889306 0.457303 -0.002900
vn -0.890686 0.454593 -0.004900
vn -0.892922 0.450211 -0.000000
vn -0.889003 0.457901 0.000800
vn -0.889306 0.457303 -0.002900
vn -0.892922 0.450211 -0.000000
vn -0.890077 0.455788 0.004500
vn -0.889003 0.457901 0.000800
vn -0.892922 0.450211 -0.000000
vn -0.891599 0.452800 0.004800
vn -0.890077 0.455788 0.004500
vn -0.892922 0.450211 -0.000000
vn -0.892478 0.451089 0.001600
vn -0.891599 0.452800 0.004800
vn -0.892922 0.450211 -0.000000
vn -0.892879 0.450289 -0.002500
vn -0.892478 0.451089 0.001600
vn -0.892922 0.450211 -0.000000
vn -0.891559 0.452879 -0.004800
vn -0.892879 0.450289 -0.002500
vn -0.892922 0.450211 -0.000000
vn -0.889853 0.456227 -0.004300
vn -0.891559 0.452879 -0.004800
vn -0.892922 0.450211 -0.000000
vn -0.888900 0.458100 -0.001000
vn -0.889853 0.456227 -0.004300
vn -0.892922 0.450211 -0.000000
vn -0.889265 0.457382 0.003000
vn -0.888900 0.458100 -0.001000
vn -0.892922 0.450211 -0.000000
vn -0.478409 -0.820115 -0.313906
vn -0.372696 -0.638993 -0.672893
vn -0.478409 -0.820115 -0.313906
vn -0.372696 -0.638993 -0.672893
vn -0.202601 -0.347302 -0.915606
vn -0.372696 -0.638993 -0.672893
vn -0.202601 -0.347302 -0.915606
vn 0.002600 0.004400 -0.999987
vn -0.202601 -0.347302 -0.915606
vn 0.002600 0.004400 -0.999987
vn 0.207307 0.355412 -0.911431
vn 0.002600 0.004400 -0.999987
vn 0.376105 0.644909 -0.665310
vn 0.207307 0.355412 -0.911431
vn 0.207307 0.355412 -0.911431
vn 0.376105 0.644909 -0.665310
vn 0.479990 0.822883 -0.304094
vn 0.376105 0.644909 -0.665310
vn 0.479990 0.822883 -0.304094
vn 0.500798 0.858597 0.109600
vn 0.479990 0.822883 -0.304094
vn 0.500798 0.858597 0.109600
vn 0.435030 0.745852 0.504435
vn 0.500798 0.858597 0.109600
vn 0.435030 0.745852 0.504435
vn 0.294107 0.504111 0.812018
vn 0.435030 0.745852 0.504435
vn 0.294107 0.504111 0.812018
vn 0.202601 0.347302 0.915606
vn 0.294107 0.504111 0.812018
vn -0.002600 -0.004400 0.999987
vn -0.002600 -0.004400 0.999987
vn -0.002600 -0.004400 0.999987
vn -0.298202 -0.511303 0.806005
vn -0.207307 -0.355412 0.911431
vn -0.207307 -0.355412 0.911431
vn -0.437608 -0.750314 0.495509
vn -0.298202 -0.511303 0.806005
vn -0.298202 -0.511303 0.806005
vn -0.501394 -0.859490 0.099399
vn -0.437608 -0.750314 0.495509
vn -0.437608 -0.750314 0.495509
vn -0.478409 -0.820115 -0.313906
vn -0.501394 -0.859490 0.099399
vn -0.501394 -0.859490 0.099399
vn -0.863772 0.503883 -0.000000
vn -0.863772 0.503883 -0.000000
vn -0.863772 0.503883 -0.000000
vn 0.863815 -0.503809 0.000000
vn 0.863772 -0.503883 0.000000
vn 0.863772 -0.503883 0.000000
vn -0.863772 0.503883 -0.000000
vn -0.863772 0.503883 -0.000000
vn -0.863772 0.503883 -0.000000
vn 0.863815 -0.503809 0.000000
vn 0.863772 -0.503883 0.000000
vn 0.863815 -0.503809 0.000000
vn -0.863815 0.503809 -0.000000
vn -0.863772 0.503883 -0.000000
vn -0.863772 0.503883 -0.000000
vn 0.863815 -0.503809 0.000100
vn 0.863815 -0.503809 0.000000
vn 0.863815 -0.503809 0.000100
vn -0.863815 0.503809 -0.000000
vn -0.863815 0.503809 -0.000000
vn -0.863815 0.503809 -0.000000
vn 0.863815 -0.503809 0.000000
vn 0.863815 -0.503809 0.000100
vn 0.863815 -0.503809 0.000000
vn -0.863815 0.503809 -0.000000
vn -0.863815 0.503809 -0.000000
vn -0.863815 0.503809 -0.000000
vn 0.863815 -0.503809 0.000000
vn 0.863815 -0.503809 0.000000
vn 0.863815 -0.503809 0.000000
vn -0.863815 0.503809 -0.000000
vn -0.863815 0.503809 -0.000000
vn -0.863815 0.503809 -0.000000
vn 0.863815 -0.503809 0.000000
vn 0.863815 -0.503809 0.000000
vn 0.863815 -0.503809 0.000000
vn -0.863815 0.503809 -0.000000
vn -0.863815 0.503809 -0.000000
vn -0.863815 0.503809 -0.000000
vn 0.863815 -0.503809 0.000000
vn 0.863815 -0.503809 0.000000
vn 0.863815 -0.503809 0.000000
vn -0.863815 0.503809 -0.000000
vn -0.863815 0.503809 -0.000000
vn -0.863815 0.503809 -0.000000
vn 0.863815 -0.503809 0.000000
vn 0.863815 -0.503809 0.000000
vn 0.863815 -0.503809 0.000000
vn -0.863815 0.503809 -0.000000
vn -0.863815 0.503809 -0.000000
vn -0.863815 0.503809 -0.000000
vn 0.863815 -0.503809 0.000100
vn 0.863815 -0.503809 0.000000
vn 0.863815 -0.503809 0.000100
vn -0.863815 0.503809 -0.000100
vn -0.863815 0.503809 -0.000000
vn -0.863815 0.503809 -0.000000
vn 0.863815 -0.503809 0.000000
vn 0.863815 -0.503809 0.000100
vn 0.842011 -0.492606 0.219903
vn -0.863815 0.503809 -0.000000
vn -0.863815 0.503809 -0.000100
vn -0.863815 0.503809 -0.000100
vn 0.863815 -0.503809 0.000000
vn 0.842011 -0.492606 0.219903
vn 0.841860 -0.492377 0.220990
vn -0.863815 0.503809 -0.000000
vn -0.863815 0.503809 -0.000000
vn -0.863815 0.503809 -0.000000
vn 0.863772 -0.503883 0.000000
vn 0.841860 -0.492377 0.220990
vn 0.863772 -0.503883 0.000000
vn -0.863815 0.503809 -0.000000
vn -0.863815 0.503809 -0.000000
vn -0.863815 0.503809 -0.000000
vn 0.863772 -0.503883 0.000000
vn 0.863772 -0.503883 0.000000
vn 0.863772 -0.503883 0.000000
vn -0.863815 0.503809 -0.000000
vn -0.863815 0.503809 -0.000000
vn -0.863815 0.503809 -0.000000
vn 0.863772 -0.503883 0.000000
vn 0.863815 -0.503809 0.000000
vn 0.863815 -0.503809 0.000000
vn -0.863815 0.503809 -0.000000
vn -0.863772 0.503883 -0.000000
vn -0.863815 0.503809 -0.000000
vn 0.863815 -0.503809 0.000000
vn 0.863815 -0.503809 0.000000
vn 0.863815 -0.503809 0.000000
vn -0.372610 -0.639017 -0.672918
vn 0.135396 -0.958369 -0.251392
vn -0.478409 -0.820115 -0.313906
vn -0.202505 -0.347309 -0.915624
vn -0.105596 -0.897167 -0.428884
vn -0.372610 -0.639017 -0.672918
vn 0.002600 0.004400 -0.999987
vn 0.018600 -0.685517 -0.727819
vn -0.202505 -0.347309 -0.915624
vn 0.002600 0.004400 -0.999987
vn 0.687693 -0.021200 -0.725692
vn 0.192105 -0.388910 -0.901024
vn 0.376105 0.644909 -0.665310
vn 0.687693 -0.021200 -0.725692
vn 0.207307 0.355412 -0.911431
vn 0.480107 0.822811 -0.304104
vn 0.570187 0.256694 -0.780382
vn 0.376105 0.644909 -0.665310
vn 0.480107 0.822811 -0.304104
vn 0.921819 0.377708 0.087102
vn 0.707214 0.491810 -0.507910
vn 0.435111 0.745819 0.504413
vn 0.921819 0.377708 0.087102
vn 0.500991 0.858485 0.109598
vn 0.294198 0.504096 0.811994
vn 0.766729 0.594322 0.242709
vn 0.435111 0.745819 0.504413
vn 0.102200 0.175299 0.979196
vn 0.677199 0.441800 0.588400
vn 0.294198 0.504096 0.811994
vn -0.107297 -0.183895 0.977072
vn 0.524003 0.180801 0.832305
vn 0.102200 0.175299 0.979196
vn -0.298293 -0.511288 0.805981
vn 0.333986 -0.143694 0.931561
vn -0.107297 -0.183895 0.977072
vn -0.298293 -0.511288 0.805981
vn 0.168104 -0.902421 0.396709
vn 0.140705 -0.473416 0.869529
vn -0.437527 -0.750346 0.495531
vn 0.115896 -0.990067 0.079597
vn 0.168104 -0.902421 0.396709
vn -0.478409 -0.820115 -0.313906
vn 0.115896 -0.990067 0.079597
vn -0.501276 -0.859560 0.099395
vn 0.135396 -0.958369 -0.251392
vn 0.397306 -0.801512 -0.446907
vn 0.325894 -0.922084 -0.208696
vn -0.105596 -0.897167 -0.428884
vn 0.511608 -0.608009 -0.607109
vn 0.397306 -0.801512 -0.446907
vn 0.018600 -0.685517 -0.727819
vn 0.649003 -0.375602 -0.661603
vn 0.511608 -0.608009 -0.607109
vn 0.192105 -0.388910 -0.901024
vn 0.785393 -0.144499 -0.601895
vn 0.649003 -0.375602 -0.661603
vn 0.687693 -0.021200 -0.725692
vn 0.897485 0.045499 -0.438693
vn 0.785393 -0.144499 -0.601895
vn 0.570187 0.256694 -0.780382
vn 0.966229 0.162105 -0.200306
vn 0.897485 0.045499 -0.438693
vn 0.707214 0.491810 -0.507910
vn 0.979941 0.185708 0.072303
vn 0.966229 0.162105 -0.200306
vn 0.766729 0.594322 0.242709
vn 0.979941 0.185708 0.072303
vn 0.921819 0.377708 0.087102
vn 0.677199 0.441800 0.588400
vn 0.936351 0.112006 0.332718
vn 0.766729 0.594322 0.242709
vn 0.524003 0.180801 0.832305
vn 0.842695 -0.046300 0.536397
vn 0.677199 0.441800 0.588400
vn 0.333986 -0.143694 0.931561
vn 0.714939 -0.262514 0.648035
vn 0.524003 0.180801 0.832305
vn 0.140705 -0.473416 0.869529
vn 0.574904 -0.499704 0.647905
vn 0.333986 -0.143694 0.931561
vn 0.168104 -0.902421 0.396709
vn 0.446789 -0.716682 0.535487
vn 0.140705 -0.473416 0.869529
vn 0.115896 -0.990067 0.079597
vn 0.353014 -0.875635 0.329613
vn 0.168104 -0.902421 0.396709
vn 0.115896 -0.990067 0.079597
vn 0.325894 -0.922084 -0.208696
vn 0.310309 -0.948328 0.066202
vn -0.193403 -0.934415 -0.299105
vn 0.031100 -0.792794 -0.608696
vn -0.064399 -0.956690 -0.283897
vn 0.069398 -0.483886 -0.872375
vn 0.031100 -0.792794 -0.608696
vn -0.092703 -0.761822 -0.641119
vn 0.069398 -0.483886 -0.872375
vn 0.370585 -0.210791 -0.904563
vn 0.185394 -0.529082 -0.828071
vn 0.459892 0.185497 -0.868384
vn 0.370585 -0.210791 -0.904563
vn 0.264907 -0.148804 -0.952724
vn 0.620765 0.461374 -0.633865
vn 0.556301 0.106700 -0.824102
vn 0.459892 0.185497 -0.868384
vn 0.719705 0.630904 -0.289802
vn 0.708796 0.368198 -0.601697
vn 0.620765 0.461374 -0.633865
vn 0.739592 0.664893 0.104499
vn 0.802698 0.529199 -0.274999
vn 0.719705 0.630904 -0.289802
vn 0.676870 0.557576 0.480579
vn 0.821585 0.561390 0.099198
vn 0.739592 0.664893 0.104499
vn 0.676870 0.557576 0.480579
vn 0.634299 0.241200 0.734499
vn 0.762079 0.459487 0.456187
vn 0.542488 0.327293 0.773683
vn 0.461079 -0.056497 0.885559
vn 0.634299 0.241200 0.734499
vn 0.359809 0.013900 0.932923
vn 0.271603 -0.381404 0.883608
vn 0.461079 -0.056497 0.885559
vn 0.160101 -0.328302 0.930906
vn 0.098903 -0.677418 0.728919
vn 0.271603 -0.381404 0.883608
vn -0.154598 -0.867887 0.472093
vn 0.098903 -0.677418 0.728919
vn -0.021700 -0.640201 0.767901
vn -0.215289 -0.971948 0.094695
vn -0.027200 -0.893716 0.447808
vn -0.154598 -0.867887 0.472093
vn -0.215289 -0.971948 0.094695
vn -0.064399 -0.956690 -0.283897
vn -0.084797 -0.992371 0.089497
vn -0.064399 -0.956690 -0.283897
vn 0.267799 -0.813398 -0.516399
vn 0.186704 -0.952421 -0.240905
vn 0.031100 -0.792794 -0.608696
vn 0.398396 -0.589494 -0.702693
vn 0.267799 -0.813398 -0.516399
vn 0.185394 -0.529082 -0.828071
vn 0.555811 -0.319606 -0.767415
vn 0.398396 -0.589494 -0.702693
vn 0.370585 -0.210791 -0.904563
vn 0.712880 -0.050299 -0.699480
vn 0.555811 -0.319606 -0.767415
vn 0.556301 0.106700 -0.824102
vn 0.842471 0.171894 -0.510583
vn 0.712880 -0.050299 -0.699480
vn 0.708796 0.368198 -0.601697
vn 0.922139 0.308513 -0.233410
vn 0.842471 0.171894 -0.510583
vn 0.821585 0.561390 0.099198
vn 0.922139 0.308513 -0.233410
vn 0.802698 0.529199 -0.274999
vn 0.762079 0.459487 0.456187
vn 0.938965 0.332988 0.086397
vn 0.821585 0.561390 0.099198
vn 0.762079 0.459487 0.456187
vn 0.779468 0.063897 0.623175
vn 0.888137 0.245810 0.388316
vn 0.634299 0.241200 0.734499
vn 0.632212 -0.188504 0.751515
vn 0.779468 0.063897 0.623175
vn 0.271603 -0.381404 0.883608
vn 0.632212 -0.188504 0.751515
vn 0.461079 -0.056497 0.885559
vn 0.098903 -0.677418 0.728919
vn 0.472321 -0.467020 0.747533
vn 0.271603 -0.381404 0.883608
vn 0.098903 -0.677418 0.728919
vn 0.217905 -0.898822 0.380309
vn 0.326307 -0.717316 0.615614
vn -0.084797 -0.992371 0.089497
vn 0.217905 -0.898822 0.380309
vn -0.027200 -0.893716 0.447808
vn -0.084797 -0.992371 0.089497
vn 0.186704 -0.952421 -0.240905
vn 0.171698 -0.982389 0.073699
vn 0.267799 -0.813398 -0.516399
vn 0.391192 -0.900081 -0.191896
vn 0.186704 -0.952421 -0.240905
vn 0.398396 -0.589494 -0.702693
vn 0.462916 -0.784827 -0.412014
vn 0.267799 -0.813398 -0.516399
vn 0.555811 -0.319606 -0.767415
vn 0.566715 -0.606916 -0.557214
vn 0.398396 -0.589494 -0.702693
vn 0.712880 -0.050299 -0.699480
vn 0.691321 -0.393312 -0.606119
vn 0.555811 -0.319606 -0.767415
vn 0.712880 -0.050299 -0.699480
vn 0.913559 -0.004500 -0.406682
vn 0.815187 -0.180997 -0.550191
vn 0.842471 0.171894 -0.510583
vn 0.977017 0.104302 -0.185903
vn 0.913559 -0.004500 -0.406682
vn 0.938965 0.332988 0.086397
vn 0.977017 0.104302 -0.185903
vn 0.922139 0.308513 -0.233410
vn 0.888137 0.245810 0.388316
vn 0.990257 0.119195 0.071997
vn 0.938965 0.332988 0.086397
vn 0.779468 0.063897 0.623175
vn 0.949309 0.049000 0.310503
vn 0.888137 0.245810 0.388316
vn 0.632212 -0.188504 0.751515
vn 0.863004 -0.099000 0.495402
vn 0.779468 0.063897 0.623175
vn 0.632212 -0.188504 0.751515
vn 0.617995 -0.511196 0.597295
vn 0.746310 -0.299104 0.594608
vn 0.472321 -0.467020 0.747533
vn 0.501299 -0.711299 0.492699
vn 0.617995 -0.511196 0.597295
vn 0.217905 -0.898822 0.380309
vn 0.501299 -0.711299 0.492699
vn 0.326307 -0.717316 0.615614
vn 0.217905 -0.898822 0.380309
vn 0.377177 -0.924144 0.060796
vn 0.420413 -0.857827 0.295609
vn 0.186704 -0.952421 -0.240905
vn 0.377177 -0.924144 0.060796
vn 0.171698 -0.982389 0.073699
vn 0.462916 -0.784827 -0.412014
vn 0.550298 -0.822597 -0.143200
vn 0.391192 -0.900081 -0.191896
vn 0.566715 -0.606916 -0.557214
vn 0.609906 -0.730507 -0.307203
vn 0.462916 -0.784827 -0.412014
vn 0.691321 -0.393312 -0.606119
vn 0.686985 -0.598387 -0.412291
vn 0.566715 -0.606916 -0.557214
vn 0.815187 -0.180997 -0.550191
vn 0.778902 -0.440801 -0.446101
vn 0.691321 -0.393312 -0.606119
vn 0.815187 -0.180997 -0.550191
vn 0.940261 -0.154094 -0.303587
vn 0.869814 -0.284905 -0.402806
vn 0.977017 0.104302 -0.185903
vn 0.940261 -0.154094 -0.303587
vn 0.913559 -0.004500 -0.406682
vn 0.977017 0.104302 -0.185903
vn 0.997144 -0.056602 0.050002
vn 0.988604 -0.081300 -0.126700
vn 0.990257 0.119195 0.071997
vn 0.967130 -0.108003 0.230207
vn 0.997144 -0.056602 0.050002
vn 0.949309 0.049000 0.310503
vn 0.902812 -0.218303 0.370505
vn 0.967130 -0.108003 0.230207
vn 0.863004 -0.099000 0.495402
vn 0.815304 -0.368302 0.446802
vn 0.902812 -0.218303 0.370505
vn 0.617995 -0.511196 0.597295
vn 0.815304 -0.368302 0.446802
vn 0.746310 -0.299104 0.594608
vn 0.501299 -0.711299 0.492699
vn 0.720514 -0.540910 0.433908
vn 0.617995 -0.511196 0.597295
vn 0.501299 -0.711299 0.492699
vn 0.568907 -0.790710 0.226103
vn 0.636104 -0.685605 0.354002
vn 0.377177 -0.924144 0.060796
vn 0.568907 -0.790710 0.226103
vn 0.420413 -0.857827 0.295609
vn 0.391192 -0.900081 -0.191896
vn 0.548879 -0.835169 0.034999
vn 0.377177 -0.924144 0.060796
vn 0.609906 -0.730507 -0.307203
vn 0.672308 -0.733809 -0.097601
vn 0.550298 -0.822597 -0.143200
vn 0.609906 -0.730507 -0.307203
vn 0.758040 -0.586831 -0.284615
vn 0.722125 -0.659623 -0.208407
vn 0.686985 -0.598387 -0.412291
vn 0.821792 -0.477495 -0.310897
vn 0.758040 -0.586831 -0.284615
vn 0.869814 -0.284905 -0.402806
vn 0.821792 -0.477495 -0.310897
vn 0.778902 -0.440801 -0.446101
vn 0.869814 -0.284905 -0.402806
vn 0.937933 -0.278410 -0.206807
vn 0.893679 -0.365492 -0.260294
vn 0.988604 -0.081300 -0.126700
vn 0.937933 -0.278410 -0.206807
vn 0.940261 -0.154094 -0.303587
vn 0.988604 -0.081300 -0.126700
vn 0.976696 -0.211899 0.034100
vn 0.968720 -0.236805 -0.074202
vn 0.967130 -0.108003 0.230207
vn 0.976696 -0.211899 0.034100
vn 0.997144 -0.056602 0.050002
vn 0.902812 -0.218303 0.370505
vn 0.949202 -0.270301 0.161100
vn 0.967130 -0.108003 0.230207
vn 0.815304 -0.368302 0.446802
vn 0.905521 -0.345208 0.246706
vn 0.902812 -0.218303 0.370505
vn 0.815304 -0.368302 0.446802
vn 0.787657 -0.536071 0.303684
vn 0.848108 -0.443604 0.289703
vn 0.720514 -0.540910 0.433908
vn 0.728315 -0.637813 0.250505
vn 0.787657 -0.536071 0.303684
vn 0.636104 -0.685605 0.354002
vn 0.684991 -0.712090 0.153998
vn 0.728315 -0.637813 0.250505
vn 0.568907 -0.790710 0.226103
vn 0.665163 -0.746059 0.030898
vn 0.684991 -0.712090 0.153998
vn 0.548879 -0.835169 0.034999
vn 0.672308 -0.733809 -0.097601
vn 0.665163 -0.746059 0.030898
vn 0.672308 -0.733809 -0.097601
vn 0.781376 -0.611881 -0.122696
vn 0.762114 -0.644912 -0.057201
vn 0.722125 -0.659623 -0.208407
vn 0.812388 -0.558692 -0.166998
vn 0.781376 -0.611881 -0.122696
vn 0.821792 -0.477495 -0.310897
vn 0.812388 -0.558692 -0.166998
vn 0.758040 -0.586831 -0.284615
vn 0.821792 -0.477495 -0.310897
vn 0.887107 -0.430603 -0.166201
vn 0.870616 -0.470508 -0.143703
vn 0.893679 -0.365492 -0.260294
vn 0.917906 -0.377802 -0.121301
vn 0.887107 -0.430603 -0.166201
vn 0.937933 -0.278410 -0.206807
vn 0.936849 -0.345318 -0.055403
vn 0.917906 -0.377802 -0.121301
vn 0.976696 -0.211899 0.034100
vn 0.936849 -0.345318 -0.055403
vn 0.968720 -0.236805 -0.074202
vn 0.976696 -0.211899 0.034100
vn 0.928680 -0.359292 0.091998
vn 0.924690 -0.377796 0.047100
vn 0.905521 -0.345208 0.246706
vn 0.928680 -0.359292 0.091998
vn 0.949202 -0.270301 0.161100
vn 0.848108 -0.443604 0.289703
vn 0.883762 -0.447981 0.135194
vn 0.905521 -0.345208 0.246706
vn 0.787657 -0.536071 0.303684
vn 0.853517 -0.499810 0.147303
vn 0.848108 -0.443604 0.289703
vn 0.728315 -0.637813 0.250505
vn 0.823428 -0.551419 0.133805
vn 0.787657 -0.536071 0.303684
vn 0.684991 -0.712090 0.153998
vn 0.798621 -0.593916 0.097303
vn 0.728315 -0.637813 0.250505
vn 0.665163 -0.746059 0.030898
vn 0.783522 -0.619818 0.043801
vn 0.684991 -0.712090 0.153998
vn 0.665163 -0.746059 0.030898
vn 0.762114 -0.644912 -0.057201
vn 0.780647 -0.624738 -0.017101
vn 0.762114 -0.644912 -0.057201
vn 0.781376 -0.611881 -0.122696
vn 0.863815 -0.503809 0.000000
vn 0.781376 -0.611881 -0.122696
vn 0.812388 -0.558692 -0.166998
vn 0.863815 -0.503809 0.000000
vn 0.812388 -0.558692 -0.166998
vn 0.870616 -0.470508 -0.143703
vn 0.863815 -0.503809 0.000000
vn 0.870616 -0.470508 -0.143703
vn 0.887107 -0.430603 -0.166201
vn 0.863815 -0.503809 0.000000
vn 0.887107 -0.430603 -0.166201
vn 0.917906 -0.377802 -0.121301
vn 0.863815 -0.503809 0.000000
vn 0.917906 -0.377802 -0.121301
vn 0.936849 -0.345318 -0.055403
vn 0.863815 -0.503809 0.000000
vn 0.936849 -0.345318 -0.055403
vn 0.924690 -0.377796 0.047100
vn 0.863815 -0.503809 0.000000
vn 0.924690 -0.377796 0.047100
vn 0.928680 -0.359292 0.091998
vn 0.863815 -0.503809 0.000000
vn 0.928680 -0.359292 0.091998
vn 0.883762 -0.447981 0.135194
vn 0.863815 -0.503809 0.000000
vn 0.883762 -0.447981 0.135194
vn 0.853517 -0.499810 0.147303
vn 0.863815 -0.503809 0.000000
vn 0.853517 -0.499810 0.147303
vn 0.823428 -0.551419 0.133805
vn 0.863815 -0.503809 0.000000
vn 0.823428 -0.551419 0.133805
vn 0.798621 -0.593916 0.097303
vn 0.863815 -0.503809 0.000000
vn 0.798621 -0.593916 0.097303
vn 0.783522 -0.619818 0.043801
vn 0.863815 -0.503809 0.000000
vn 0.783522 -0.619818 0.043801
vn 0.780647 -0.624738 -0.017101
vn 0.863815 -0.503809 0.000000
vn 0.780647 -0.624738 -0.017101
vn 0.762114 -0.644912 -0.057201
vn 0.863815 -0.503809 0.000000
vn 0.852170 -0.522382 -0.030399
vn 0.852217 -0.522310 -0.030301
vn 0.852170 -0.522382 -0.030399
vn 0.859814 -0.509508 -0.033501
vn 0.859814 -0.509508 -0.033501
vn 0.859814 -0.509508 -0.033501
vn 0.867104 -0.496902 -0.034900
vn 0.867104 -0.496902 -0.034900
vn 0.867107 -0.496904 -0.034800
vn 0.875676 -0.481687 -0.034199
vn 0.875673 -0.481685 -0.034299
vn 0.875673 -0.481685 -0.034299
vn 0.888700 -0.457500 -0.030100
vn 0.888705 -0.457503 -0.029900
vn 0.888705 -0.457503 -0.029900
vn 0.918776 -0.394590 -0.012200
vn 0.918776 -0.394590 -0.012200
vn 0.918776 -0.394590 -0.012200
vn 0.303604 0.901711 0.307804
vn 0.306598 0.900494 0.308398
vn 0.306598 0.900494 0.308398
vn -0.801807 0.589805 0.096101
vn -0.801949 0.589662 0.095794
vn -0.801949 0.589662 0.095794
vn -0.841899 0.533199 0.083100
vn -0.841906 0.533204 0.083001
vn -0.841906 0.533204 0.083001
vn -0.860848 0.501628 0.085505
vn -0.860840 0.501623 0.085604
vn -0.860848 0.501628 0.085505
vn -0.881681 0.460490 0.102898
vn -0.881632 0.460716 0.102304
vn -0.881681 0.460490 0.102898
vn -0.939063 0.268118 0.215114
vn -0.939099 0.267600 0.215600
vn -0.939063 0.268118 0.215114
vn 0.752389 -0.655990 0.059899
vn 0.752009 -0.656408 0.060101
vn 0.752389 -0.655990 0.059899
vn 0.824502 -0.565801 -0.008100
vn 0.824580 -0.565687 -0.008100
vn 0.824502 -0.565801 -0.008100
vn 0.842369 -0.538380 -0.023699
vn 0.842338 -0.538424 -0.023801
vn 0.842369 -0.538380 -0.023699
vn -0.821122 0.505814 0.264407
vn -0.845038 0.443420 0.298813
vn -0.847317 0.412908 0.334007
vn -0.503797 -0.863794 -0.007000
vn -0.503797 -0.863794 -0.007000
vn -0.503797 -0.863794 -0.007000
vn 0.841860 -0.492377 0.220990
vn 0.812900 -0.476200 0.335300
vn 0.812900 -0.476200 0.335300
vn 0.511109 0.859515 -0.000900
vn 0.503797 0.863794 0.007000
vn 0.503797 0.863794 0.007000
vn 0.002600 0.004400 -0.999987
vn 0.002400 0.005300 -0.999983
vn 0.002600 0.004400 -0.999987
vn -0.503797 -0.863794 -0.007000
vn -0.503797 -0.863794 -0.007000
vn -0.503797 -0.863794 -0.007000
vn -0.002600 -0.004400 0.999987
vn -0.002400 -0.005100 0.999984
vn 0.000900 -0.012300 0.999924
vn 0.511109 0.859515 -0.000900
vn 0.292198 0.953894 0.068600
vn 0.510225 0.860041 -0.000200
vn 0.161999 0.980195 0.113899
vn -0.117097 0.970077 0.212695
vn 0.292198 0.953894 0.068600
vn 0.000900 -0.012300 0.999924
vn 0.003100 -0.008800 0.999956
vn 0.004700 -0.011500 0.999923
vn -0.000900 0.012400 -0.999923
vn -0.003100 0.008400 -0.999960
vn 0.002400 0.005300 -0.999983
vn 0.815209 -0.472305 -0.335204
vn 0.815605 -0.472403 -0.334102
vn 0.815182 -0.472290 -0.335293
vn 0.004700 -0.011500 0.999923
vn 0.011400 -0.006700 0.999913
vn -0.002700 -0.013300 0.999908
vn -0.822674 0.502184 0.266492
vn -0.808118 0.507012 0.299807
vn -0.815182 0.472290 0.335293
vn -0.005300 0.011900 -0.999915
vn -0.006700 0.011800 -0.999908
vn -0.006300 0.011800 -0.999911
vn -0.506120 -0.862434 -0.007100
vn -0.506120 -0.862434 -0.007100
vn -0.506120 -0.862434 -0.007100
vn -0.194497 -0.348294 -0.916985
vn -0.359407 -0.643613 -0.675714
vn -0.193607 -0.346813 -0.917735
vn 0.004300 0.007700 -0.999961
vn -0.193607 -0.346813 -0.917735
vn 0.005400 0.009800 -0.999937
vn 0.201998 0.362096 -0.909991
vn 0.005400 0.009800 -0.999937
vn 0.202990 0.363883 -0.909057
vn 0.364496 0.653493 -0.663393
vn 0.202990 0.363883 -0.909057
vn 0.365092 0.654586 -0.661986
vn 0.464211 0.832319 -0.302907
vn 0.365092 0.654586 -0.661986
vn 0.464286 0.832574 -0.302091
vn 0.484125 0.868145 0.109306
vn 0.464286 0.832574 -0.302091
vn 0.484099 0.868198 0.109000
vn 0.421326 0.755547 0.501631
vn 0.484125 0.868145 0.109306
vn 0.484099 0.868198 0.109000
vn 0.286411 0.513420 0.808931
vn 0.421099 0.754897 0.502798
vn 0.421326 0.755547 0.501631
vn 0.101695 0.182391 0.977953
vn 0.285595 0.511892 0.810187
vn 0.286411 0.513420 0.808931
vn -0.100998 -0.180997 0.978284
vn 0.100595 0.180292 0.978456
vn 0.101695 0.182391 0.977953
vn -0.286803 -0.513706 0.808610
vn -0.102102 -0.182903 0.977815
vn -0.100998 -0.180997 0.978284
vn -0.422797 -0.757194 0.497896
vn -0.287400 -0.514801 0.807701
vn -0.286803 -0.513706 0.808610
vn -0.485119 -0.868734 0.099804
vn -0.423083 -0.757570 0.497080
vn -0.422797 -0.757194 0.497896
vn -0.462779 -0.828663 -0.314886
vn -0.485119 -0.868734 0.099804
vn -0.462690 -0.828482 -0.315493
vn -0.359901 -0.644502 -0.674602
vn -0.462690 -0.828482 -0.315493
vn -0.359407 -0.643613 -0.675714
vn 0.995047 -0.000000 0.099405
vn 0.949460 0.000000 -0.313887
vn 0.995047 -0.000000 0.099405
vn 0.868563 -0.000000 0.495579
vn 0.995047 -0.000000 0.099405
vn 0.868606 -0.000000 0.495503
vn 0.591905 -0.000000 0.806008
vn 0.868606 -0.000000 0.495503
vn 0.591905 -0.000000 0.806008
vn 0.212895 -0.000000 0.977075
vn 0.591905 -0.000000 0.806008
vn 0.212895 -0.000000 0.977075
vn -0.202900 0.000000 0.979200
vn 0.212895 -0.000000 0.977075
vn -0.202900 0.000000 0.979200
vn -0.583620 0.000000 0.812027
vn -0.202900 0.000000 0.979200
vn -0.583620 0.000000 0.812027
vn -0.863452 0.000000 0.504431
vn -0.583620 0.000000 0.812027
vn -0.863452 0.000000 0.504431
vn -0.993976 0.000000 0.109597
vn -0.863452 0.000000 0.504431
vn -0.993976 0.000000 0.109597
vn -0.952636 0.000000 -0.304112
vn -0.993976 0.000000 0.109597
vn -0.952636 0.000000 -0.304112
vn -0.746587 0.000000 -0.665288
vn -0.952636 0.000000 -0.304112
vn -0.746587 0.000000 -0.665288
vn -0.411383 0.000000 -0.911463
vn -0.746587 0.000000 -0.665288
vn -0.411421 0.000000 -0.911446
vn -0.005100 0.000000 -0.999987
vn -0.411421 0.000000 -0.911446
vn -0.005100 0.000000 -0.999987
vn 0.402015 0.000000 -0.915633
vn -0.005100 0.000000 -0.999987
vn 0.402015 0.000000 -0.915633
vn 0.739718 0.000000 -0.672917
vn 0.402015 0.000000 -0.915633
vn 0.739718 0.000000 -0.672917
vn 0.949460 0.000000 -0.313887
vn 0.739718 0.000000 -0.672917
vn 0.949460 0.000000 -0.313887
vn -0.000000 1.000000 -0.000000
vn -0.000000 1.000000 -0.000000
vn -0.000000 1.000000 -0.000000
vn 0.000000 -1.000000 0.000000
vn 0.000000 -1.000000 0.000000
vn 0.000000 -1.000000 0.000000
vn -0.000000 1.000000 -0.000000
vn -0.000000 1.000000 -0.000000
vn -0.000000 1.000000 -0.000000
vn 0.000000 -1.000000 0.000000
vn 0.000000 -1.000000 0.000000
vn 0.000000 -1.000000 0.000000
vn -0.000000 1.000000 -0.000000
vn -0.000000 1.000000 -0.000000
vn -0.000000 1.000000 -0.000000
vn 0.000000 -1.000000 0.000000
vn 0.000000 -1.000000 0.000000
vn 0.000000 -1.000000 0.000000
vn -0.000000 1.000000 -0.000000
vn -0.000000 1.000000 -0.000000
vn -0.000000 1.000000 -0.000000
vn 0.000000 -1.000000 0.000000
vn 0.000000 -1.000000 0.000000
vn 0.000000 -1.000000 0.000000
vn -0.000000 1.000000 -0.000000
vn -0.000000 1.000000 -0.000000
vn -0.000000 1.000000 -0.000000
vn 0.000000 -1.000000 0.000000
vn 0.000000 -1.000000 0.000000
vn 0.000000 -1.000000 0.000000
vn -0.000000 1.000000 -0.000000
vn -0.000000 1.000000 -0.000000
vn -0.000000 1.000000 -0.000000
vn 0.000000 -1.000000 0.000000
vn 0.000000 -1.000000 0.000000
vn 0.000000 -1.000000 0.000000
vn -0.000000 1.000000 -0.000000
vn -0.000000 1.000000 -0.000000
vn -0.000000 1.000000 -0.000000
vn 0.000000 -1.000000 0.000000
vn 0.000000 -1.000000 0.000000
vn 0.000000 -1.000000 0.000000
vn -0.000000 1.000000 -0.000000
vn -0.000000 1.000000 -0.000000
vn -0.000000 1.000000 -0.000000
vn 0.000000 -1.000000 0.000000
vn 0.000000 -1.000000 0.000000
vn 0.000000 -1.000000 0.000000
vn -0.000000 1.000000 -0.000000
vn -0.000000 1.000000 -0.000000
vn -0.000000 1.000000 -0.000000
vn 0.000000 -1.000000 0.000000
vn 0.000000 -1.000000 0.000000
vn 0.000000 -1.000000 0.000000
vn -0.000000 1.000000 -0.000000
vn -0.000000 1.000000 -0.000000
vn -0.000000 1.000000 -0.000000
vn 0.000000 -1.000000 0.000000
vn 0.000000 -1.000000 0.000000
vn 0.000000 -1.000000 0.000000
vn -0.000000 1.000000 -0.000000
vn -0.000000 1.000000 -0.000000
vn -0.000000 1.000000 -0.000000
vn 0.000000 -1.000000 0.000000
vn 0.000000 -1.000000 0.000000
vn 0.000000 -1.000000 0.000000
vn -0.000000 1.000000 -0.000000
vn -0.000000 1.000000 -0.000000
vn -0.000000 1.000000 -0.000000
vn 0.000000 -1.000000 0.000000
vn 0.000000 -1.000000 0.000000
vn 0.000000 -1.000000 0.000000
vn -0.000000 1.000000 -0.000000
vn -0.000000 1.000000 -0.000000
vn -0.000000 1.000000 -0.000000
vn 0.000000 -1.000000 0.000000
vn 0.000000 -1.000000 0.000000
vn 0.000000 -1.000000 0.000000
vn -0.000000 1.000000 -0.000000
vn -0.000000 1.000000 -0.000000
vn -0.000000 1.000000 -0.000000
vn 0.000000 -1.000000 0.000000
vn 0.000000 -1.000000 0.000000
vn 0.000000 -1.000000 0.000000
vn -0.000000 1.000000 -0.000000
vn -0.000000 1.000000 -0.000000
vn -0.000000 1.000000 -0.000000
vn 0.000000 -1.000000 0.000000
vn 0.000000 -1.000000 0.000000
vn 0.000000 -1.000000 0.000000
vn 0.875004 -0.484002 -0.010500
vn 0.880645 -0.473424 -0.018301
vn 0.874783 -0.484390 -0.011000
vn -0.890726 0.454513 0.005000
vn -0.875271 0.483484 0.012000
vn -0.889265 0.457382 0.003000
vn 0.881003 -0.472802 -0.017100
vn 0.886691 -0.462196 -0.012400
vn 0.880645 -0.473424 -0.018301
vn -0.892371 0.451285 0.003900
vn -0.882019 0.470810 0.019500
vn -0.890726 0.454513 0.005000
vn 0.886691 -0.462196 -0.012400
vn 0.889780 -0.456390 -0.000900
vn 0.889943 -0.456071 0.001000
vn -0.892620 0.450810 -0.000000
vn -0.889165 0.457382 0.013699
vn -0.892371 0.451285 0.003900
vn 0.889943 -0.456071 0.001000
vn 0.887210 -0.461205 0.012200
vn 0.887087 -0.461393 0.013900
vn -0.889060 0.457579 -0.013899
vn -0.892620 0.450810 -0.000000
vn -0.892310 0.451405 -0.003900
vn 0.887087 -0.461393 0.013900
vn 0.880942 -0.472923 0.016901
vn 0.880608 -0.473504 0.018000
vn -0.881919 0.471010 -0.019200
vn -0.892310 0.451405 -0.003900
vn -0.890686 0.454593 -0.004900
vn 0.880608 -0.473504 0.018000
vn 0.875158 -0.483732 0.010101
vn 0.874896 -0.484198 0.010500
vn -0.875384 0.483291 -0.011500
vn -0.890686 0.454593 -0.004900
vn -0.889306 0.457303 -0.002900
vn 0.874896 -0.484198 0.010500
vn 0.873614 -0.486608 -0.003500
vn 0.873680 -0.486489 -0.003500
vn -0.873612 0.486607 0.004000
vn -0.889306 0.457303 -0.002900
vn -0.889003 0.457901 0.000800
vn 0.873680 -0.486489 -0.003500
vn 0.877790 -0.478795 -0.015500
vn 0.877718 -0.478910 -0.016000
vn -0.878359 0.477678 0.017599
vn -0.889003 0.457901 0.000800
vn -0.890077 0.455788 0.004500
vn 0.877790 -0.478795 -0.015500
vn 0.884195 -0.466797 -0.017300
vn 0.877718 -0.478910 -0.016000
vn -0.891599 0.452800 0.004800
vn -0.878359 0.477678 0.017599
vn -0.890077 0.455788 0.004500
vn 0.884489 -0.466294 -0.015800
vn 0.888614 -0.458607 -0.006600
vn 0.884195 -0.466797 -0.017300
vn -0.892478 0.451089 0.001600
vn -0.885911 0.463506 0.018000
vn -0.891599 0.452800 0.004800
vn 0.888614 -0.458607 -0.006600
vn 0.889129 -0.457615 0.006200
vn 0.889117 -0.457609 0.008100
vn -0.891222 0.453511 -0.007200
vn -0.892478 0.451089 0.001600
vn -0.892879 0.450289 -0.002500
vn 0.889117 -0.457609 0.008100
vn 0.884211 -0.466806 0.016200
vn 0.883917 -0.467309 0.017700
vn -0.885699 0.463899 -0.018300
vn -0.892879 0.450289 -0.002500
vn -0.891559 0.452879 -0.004800
vn 0.883917 -0.467309 0.017700
vn 0.877518 -0.479310 0.015000
vn 0.877185 -0.479892 0.015800
vn -0.878088 0.478193 -0.017100
vn -0.891559 0.452879 -0.004800
vn -0.889853 0.456227 -0.004300
vn 0.877185 -0.479892 0.015800
vn 0.873438 -0.486921 0.003600
vn 0.873221 -0.487311 0.003700
vn -0.873503 0.486802 -0.004000
vn -0.889853 0.456227 -0.004300
vn -0.888900 0.458100 -0.001000
vn 0.873438 -0.486921 0.003600
vn 0.874783 -0.484390 -0.011000
vn 0.873221 -0.487311 0.003700
vn -0.889265 0.457382 0.003000
vn -0.873503 0.486802 -0.004000
vn -0.888900 0.458100 -0.001000
vn -0.000000 1.000000 -0.000000
vn -0.000000 1.000000 -0.000000
vn -0.000000 1.000000 -0.000000
vn 0.000000 0.000000 -1.000000
vn 0.000000 0.000000 -1.000000
vn 0.000000 0.000000 -1.000000
vn 0.000000 -1.000000 0.000000
vn 0.000000 -1.000000 0.000000
vn 0.000000 -1.000000 0.000000
vn 0.000000 0.000000 1.000000
vn 0.000000 0.000000 1.000000
vn 0.000000 0.000000 1.000000
vn 1.000000 0.000000 0.000000
vn 1.000000 0.000000 0.000000
vn 1.000000 0.000000 0.000000
vn -1.000000 0.000000 0.000000
vn -1.000000 0.000000 0.000000
vn -1.000000 0.000000 0.000000
vn -1.000000 0.000000 0.000000
vn -1.000000 0.000000 0.000000
vn -1.000000 0.000000 0.000000
vn 0.000000 -1.000000 0.000000
vn 0.000000 -1.000000 0.000000
vn 0.000000 -1.000000 0.000000
vn 1.000000 0.000000 0.000000
vn 1.000000 0.000000 0.000000
vn 1.000000 0.000000 0.000000
vn -0.000000 1.000000 -0.000000
vn -0.000000 1.000000 -0.000000
vn -0.000000 1.000000 -0.000000
vn 0.000000 0.000000 1.000000
vn 0.000000 0.000000 1.000000
vn 0.000000 0.000000 1.000000
vn 0.000000 -1.000000 0.000000
vn 0.000000 -1.000000 0.000000
vn 0.000000 -1.000000 0.000000
vn 0.000000 0.000000 -1.000000
vn 0.000000 0.000000 -1.000000
vn 0.000000 0.000000 -1.000000
vn -0.000000 1.000000 -0.000000
vn -0.000000 1.000000 -0.000000
vn -0.000000 1.000000 -0.000000
vn -0.000000 1.000000 -0.000000
vn -0.000000 1.000000 -0.000000
vn -0.000000 1.000000 -0.000000
vn 0.000000 0.000000 -1.000000
vn 0.000000 0.000000 -1.000000
vn 0.000000 0.000000 -1.000000
vn 0.000000 -1.000000 0.000000
vn 0.000000 -1.000000 0.000000
vn 0.000000 -1.000000 0.000000
vn 0.000000 0.000000 1.000000
vn 0.000000 0.000000 1.000000
vn 0.000000 0.000000 1.000000
vn 1.000000 0.000000 0.000000
vn 1.000000 0.000000 0.000000
vn 1.000000 0.000000 0.000000
vn -1.000000 0.000000 0.000000
vn -1.000000 0.000000 0.000000
vn -1.000000 0.000000 0.000000
vn -1.000000 0.000000 0.000000
vn -1.000000 0.000000 0.000000
vn -1.000000 0.000000 0.000000
vn 0.000000 -1.000000 0.000000
vn 0.000000 -1.000000 0.000000
vn 0.000000 -1.000000 0.000000
vn 1.000000 0.000000 0.000000
vn 1.000000 0.000000 0.000000
vn 1.000000 0.000000 0.000000
vn -0.000000 1.000000 -0.000000
vn -0.000000 1.000000 -0.000000
vn -0.000000 1.000000 -0.000000
vn 0.000000 0.000000 1.000000
vn 0.000000 0.000000 1.000000
vn 0.000000 0.000000 1.000000
vn 0.000000 -1.000000 0.000000
vn 0.000000 -1.000000 0.000000
vn 0.000000 -1.000000 0.000000
vn 0.000000 0.000000 -1.000000
vn 0.000000 0.000000 -1.000000
vn 0.000000 0.000000 -1.000000
vn -0.000000 1.000000 -0.000000
vn -0.000000 1.000000 -0.000000
vn -0.000000 1.000000 -0.000000
vn -0.000000 1.000000 -0.000000
vn -0.000000 1.000000 -0.000000
vn -0.000000 1.000000 -0.000000
vn 0.000000 0.000000 -1.000000
vn 0.000000 0.000000 -1.000000
vn 0.000000 0.000000 -1.000000
vn 0.000000 -1.000000 0.000000
vn 0.000000 -1.000000 0.000000
vn 0.000000 -1.000000 0.000000
vn 0.000000 0.000000 1.000000
vn 0.000000 0.000000 1.000000
vn 0.000000 0.000000 1.000000
vn 1.000000 0.000000 0.000000
vn 1.000000 0.000000 0.000000
vn 1.000000 0.000000 0.000000
vn -1.000000 0.000000 0.000000
vn -1.000000 0.000000 0.000000
vn -1.000000 0.000000 0.000000
vn -1.000000 0.000000 0.000000
vn -1.000000 0.000000 0.000000
vn -1.000000 0.000000 0.000000
vn 0.000000 -1.000000 0.000000
vn 0.000000 -1.000000 0.000000
vn 0.000000 -1.000000 0.000000
vn 1.000000 0.000000 0.000000
vn 1.000000 0.000000 0.000000
vn 1.000000 0.000000 0.000000
vn -0.000000 1.000000 -0.000000
vn -0.000000 1.000000 -0.000000
vn -0.000000 1.000000 -0.000000
vn 0.000000 0.000000 1.000000
vn 0.000000 0.000000 1.000000
vn 0.000000 0.000000 1.000000
vn 0.000000 -1.000000 0.000000
vn 0.000000 -1.000000 0.000000
vn 0.000000 -1.000000 0.000000
vn 0.000000 0.000000 -1.000000
vn 0.000000 0.000000 -1.000000
vn 0.000000 0.000000 -1.000000
vn -0.000000 1.000000 -0.000000
vn -0.000000 1.000000 -0.000000
vn -0.000000 1.000000 -0.000000
vn 0.000000 -1.000000 0.000000
vn 0.000000 -1.000000 0.000000
vn 0.000000 -1.000000 0.000000
vn 0.000000 0.000000 -1.000000
vn 0.000000 0.000000 -1.000000
vn 0.000000 0.000000 -1.000000
vn -0.000000 1.000000 -0.000000
vn -0.000000 1.000000 -0.000000
vn -0.000000 1.000000 -0.000000
vn 0.000000 0.000000 1.000000
vn 0.000000 0.000000 1.000000
vn 0.000000 0.000000 1.000000
vn -1.000000 0.000000 0.000000
vn -1.000000 0.000000 0.000000
vn -1.000000 0.000000 0.000000
vn 1.000000 0.000000 0.000000
vn 1.000000 0.000000 0.000000
vn 1.000000 0.000000 0.000000
vn 1.000000 0.000000 0.000000
vn 1.000000 0.000000 0.000000
vn 1.000000 0.000000 0.000000
vn -0.000000 1.000000 -0.000000
vn -0.000000 1.000000 -0.000000
vn -0.000000 1.000000 -0.000000
vn -1.000000 0.000000 0.000000
vn -1.000000 0.000000 0.000000
vn -1.000000 0.000000 0.000000
vn 0.000000 -1.000000 0.000000
vn 0.000000 -1.000000 0.000000
vn 0.000000 -1.000000 0.000000
vn 0.000000 0.000000 1.000000
vn 0.000000 0.000000 1.000000
vn 0.000000 0.000000 1.000000
vn -0.000000 1.000000 -0.000000
vn -0.000000 1.000000 -0.000000
vn -0.000000 1.000000 -0.000000
vn 0.000000 0.000000 -1.000000
vn 0.000000 0.000000 -1.000000
vn 0.000000 0.000000 -1.000000
vn 0.000000 -1.000000 0.000000
vn 0.000000 -1.000000 0.000000
vn 0.000000 -1.000000 0.000000
vn 0.000000 -1.000000 0.000000
vn 0.000000 -1.000000 0.000000
vn 0.000000 -1.000000 0.000000
vn 0.000000 0.000000 -1.000000
vn 0.000000 0.000000 -1.000000
vn 0.000000 0.000000 -1.000000
vn -0.000000 1.000000 -0.000000
vn -0.000000 1.000000 -0.000000
vn -0.000000 1.000000 -0.000000
vn 0.000000 0.000000 1.000000
vn 0.000000 0.000000 1.000000
vn 0.000000 0.000000 1.000000
vn -1.000000 0.000000 0.000000
vn -1.000000 0.000000 0.000000
vn -1.000000 0.000000 0.000000
vn 1.000000 0.000000 0.000000
vn 1.000000 0.000000 0.000000
vn 1.000000 0.000000 0.000000
vn 1.000000 0.000000 0.000000
vn 1.000000 0.000000 0.000000
vn 1.000000 0.000000 0.000000
vn -0.000000 1.000000 -0.000000
vn -0.000000 1.000000 -0.000000
vn -0.000000 1.000000 -0.000000
vn -1.000000 0.000000 0.000000
vn -1.000000 0.000000 0.000000
vn -1.000000 0.000000 0.000000
vn 0.000000 -1.000000 0.000000
vn 0.000000 -1.000000 0.000000
vn 0.000000 -1.000000 0.000000
vn 0.000000 0.000000 1.000000
vn 0.000000 0.000000 1.000000
vn 0.000000 0.000000 1.000000
vn -0.000000 1.000000 -0.000000
vn -0.000000 1.000000 -0.000000
vn -0.000000 1.000000 -0.000000
vn 0.000000 0.000000 -1.000000
vn 0.000000 0.000000 -1.000000
vn 0.000000 0.000000 -1.000000
vn 0.000000 -1.000000 0.000000
vn 0.000000 -1.000000 0.000000
vn 0.000000 -1.000000 0.000000
vn 0.000000 -1.000000 0.000000
vn 0.000000 -1.000000 0.000000
vn 0.000000 -1.000000 0.000000
vn 0.000000 0.000000 -1.000000
vn 0.000000 0.000000 -1.000000
vn 0.000000 0.000000 -1.000000
vn -0.000000 1.000000 -0.000000
vn -0.000000 1.000000 -0.000000
vn -0.000000 1.000000 -0.000000
vn 0.000000 0.000000 1.000000
vn 0.000000 0.000000 1.000000
vn 0.000000 0.000000 1.000000
vn -1.000000 0.000000 0.000000
vn -1.000000 0.000000 0.000000
vn -1.000000 0.000000 0.000000
vn 1.000000 0.000000 0.000000
vn 1.000000 0.000000 0.000000
vn 1.000000 0.000000 0.000000
vn 1.000000 0.000000 0.000000
vn 1.000000 0.000000 0.000000
vn 1.000000 0.000000 0.000000
vn -0.000000 1.000000 -0.000000
vn -0.000000 1.000000 -0.000000
vn -0.000000 1.000000 -0.000000
vn -1.000000 0.000000 0.000000
vn -1.000000 0.000000 0.000000
vn -1.000000 0.000000 0.000000
vn 0.000000 -1.000000 0.000000
vn 0.000000 -1.000000 0.000000
vn 0.000000 -1.000000 0.000000
vn 0.000000 0.000000 1.000000
vn 0.000000 0.000000 1.000000
vn 0.000000 0.000000 1.000000
vn -0.000000 1.000000 -0.000000
vn -0.000000 1.000000 -0.000000
vn -0.000000 1.000000 -0.000000
vn 0.000000 0.000000 -1.000000
vn 0.000000 0.000000 -1.000000
vn 0.000000 0.000000 -1.000000
vn 0.000000 -1.000000 0.000000
vn 0.000000 -1.000000 0.000000
vn 0.000000 -1.000000 0.000000
vn -0.863452 0.000000 -0.504431
vn -0.863452 0.000000 -0.504431
vn -0.863452 0.000000 -0.504431
vn -0.402015 0.000000 -0.915633
vn -0.739669 0.000000 -0.672971
vn -0.739669 -0.000100 -0.672971
vn 0.005100 0.000000 -0.999987
vn -0.402015 0.000000 -0.915633
vn -0.402015 0.000000 -0.915633
vn 0.411421 0.000000 -0.911446
vn 0.005100 0.000000 -0.999987
vn 0.005100 0.000000 -0.999987
vn 0.746587 0.000000 -0.665288
vn 0.411421 0.000000 -0.911446
vn 0.411421 0.000000 -0.911446
vn 0.952636 0.000000 -0.304112
vn 0.746587 0.000000 -0.665288
vn 0.746587 0.000000 -0.665288
vn 0.993976 -0.000000 0.109597
vn 0.952636 0.000000 -0.304112
vn 0.952636 0.000000 -0.304112
vn 0.863452 -0.000000 0.504431
vn 0.993976 -0.000000 0.109597
vn 0.993976 -0.000000 0.109597
vn 0.583620 -0.000000 0.812027
vn 0.863452 -0.000000 0.504431
vn 0.863452 -0.000000 0.504431
vn 0.202900 -0.000000 0.979200
vn 0.583620 -0.000000 0.812027
vn 0.583620 -0.000000 0.812027
vn -0.212895 0.000000 0.977075
vn 0.202900 -0.000000 0.979200
vn 0.202900 -0.000000 0.979200
vn -0.591905 0.000000 0.806008
vn -0.212895 0.000000 0.977075
vn -0.212895 0.000000 0.977075
vn -0.868563 0.000000 0.495579
vn -0.591905 0.000000 0.806008
vn -0.591905 0.000000 0.806008
vn -0.995047 0.000000 0.099405
vn -0.868606 0.000000 0.495503
vn -0.868563 0.000000 0.495579
vn -0.949460 0.000000 -0.313887
vn -0.995047 0.000000 0.099405
vn -0.995047 0.000000 0.099405
vn -0.000000 1.000000 -0.000000
vn -0.000000 1.000000 -0.000000
vn -0.000000 1.000000 -0.000000
vn -0.000000 1.000000 -0.000000
vn -0.000000 1.000000 -0.000000
vn -0.000000 1.000000 -0.000000
vn -0.000000 1.000000 -0.000000
vn -0.000000 1.000000 -0.000000
vn -0.000000 1.000000 -0.000000
vn -0.000000 1.000000 -0.000000
vn -0.000000 1.000000 -0.000000
vn -0.000000 1.000000 -0.000000
vn -0.000000 1.000000 -0.000000
vn -0.000000 1.000000 -0.000000
vn -0.000000 1.000000 -0.000000
vn -0.000000 1.000000 -0.000000
vn -0.000000 1.000000 -0.000000
vn -0.000000 1.000000 -0.000000
vn -0.000000 1.000000 -0.000000
vn -0.000000 1.000000 -0.000000
vn -0.000000 1.000000 -0.000000
vn -0.000000 1.000000 -0.000000
vn -0.000000 1.000000 -0.000000
vn -0.000000 1.000000 -0.000000
vn -0.000000 1.000000 -0.000000
vn -0.000000 1.000000 -0.000000
vn -0.000000 1.000000 -0.000000
vn -0.000000 1.000000 -0.000000
vn -0.000000 1.000000 -0.000000
vn -0.000000 1.000000 -0.000000
vn -0.000000 1.000000 -0.000000
vn -0.000000 1.000000 -0.000000
vn -0.000000 1.000000 -0.000000
vn -0.000000 1.000000 -0.000000
vn -0.000000 1.000000 -0.000000
vn -0.000000 1.000000 -0.000000
vn -0.000000 1.000000 -0.000000
vn -0.000000 1.000000 -0.000000
vn -0.000000 1.000000 -0.000000
vn -0.000000 1.000000 -0.000000
vn -0.000000 1.000000 -0.000000
vn -0.000000 1.000000 -0.000000
vn -0.000000 1.000000 -0.000000
vn -0.000000 1.000000 -0.000000
vn -0.000000 1.000000 -0.000000
vn -0.739718 0.000000 -0.672917
vn -0.949460 0.000000 -0.313887
vn -0.949460 0.000000 -0.313887
vn -0.402015 0.000000 -0.915633
vn -0.739718 0.000000 -0.672917
vn -0.739718 0.000000 -0.672917
vn 0.005100 0.000000 -0.999987
vn -0.402015 0.000000 -0.915633
vn -0.402015 0.000000 -0.915633
vn 0.411421 0.000000 -0.911446
vn 0.005100 0.000000 -0.999987
vn 0.005100 0.000000 -0.999987
vn 0.746587 0.000000 -0.665288
vn 0.411421 0.000000 -0.911446
vn 0.411421 0.000000 -0.911446
vn 0.952636 0.000000 -0.304112
vn 0.746587 0.000000 -0.665288
vn 0.746587 0.000000 -0.665288
vn 0.993976 -0.000000 0.109597
vn 0.952636 0.000000 -0.304112
vn 0.952636 0.000000 -0.304112
vn 0.863452 -0.000000 0.504431
vn 0.993976 -0.000000 0.109597
vn 0.993976 -0.000000 0.109597
vn 0.583620 -0.000000 0.812027
vn 0.863452 -0.000000 0.504431
vn 0.863452 -0.000000 0.504431
vn 0.402015 -0.000000 0.915633
vn 0.583620 -0.000000 0.812027
vn 0.583620 -0.000000 0.812027
vn -0.005100 0.000000 0.999987
vn -0.005100 0.000000 0.999987
vn -0.005100 0.000000 0.999987
vn -0.591905 0.000000 0.806008
vn -0.411421 0.000000 0.911446
vn -0.411421 0.000000 0.911446
vn -0.868606 0.000000 0.495503
vn -0.591905 0.000000 0.806008
vn -0.591905 0.000000 0.806008
vn -0.995047 0.000000 0.099405
vn -0.868606 0.000000 0.495503
vn -0.868606 0.000000 0.495503
vn -0.949460 0.000000 -0.313887
vn -0.995047 0.000000 0.099405
vn -0.995047 0.000000 0.099405
vn -0.000000 1.000000 -0.000000
vn -0.000000 1.000000 -0.000000
vn -0.000000 1.000000 -0.000000
vn 0.000000 -1.000000 0.000000
vn 0.000000 -1.000000 0.000000
vn 0.000000 -1.000000 0.000000
vn -0.000000 1.000000 -0.000000
vn -0.000000 1.000000 -0.000000
vn -0.000000 1.000000 -0.000000
vn 0.000000 -1.000000 0.000000
vn 0.000000 -1.000000 0.000000
vn 0.000000 -1.000000 0.000000
vn -0.000000 1.000000 -0.000000
vn -0.000000 1.000000 -0.000000
vn -0.000000 1.000000 -0.000000
vn 0.000000 -1.000000 0.000000
vn 0.000000 -1.000000 0.000000
vn 0.000000 -1.000000 0.000000
vn -0.000000 1.000000 -0.000000
vn -0.000000 1.000000 -0.000000
vn -0.000000 1.000000 -0.000000
vn 0.000000 -1.000000 0.000000
vn 0.000000 -1.000000 0.000000
vn 0.000000 -1.000000 0.000000
vn -0.000000 1.000000 -0.000000
vn -0.000000 1.000000 -0.000000
vn -0.000000 1.000000 -0.000000
vn 0.000000 -1.000000 0.000000
vn 0.000000 -1.000000 0.000000
vn 0.000000 -1.000000 0.000000
vn -0.000000 1.000000 -0.000000
vn -0.000000 1.000000 -0.000000
vn -0.000000 1.000000 -0.000000
vn 0.000000 -1.000000 0.000000
vn 0.000000 -1.000000 0.000000
vn 0.000000 -1.000000 0.000000
vn -0.000000 1.000000 -0.000000
vn -0.000000 1.000000 -0.000000
vn -0.000000 1.000000 -0.000000
vn 0.000000 -1.000000 0.000000
vn 0.000000 -1.000000 0.000000
vn 0.000000 -1.000000 0.000000
vn -0.000000 1.000000 -0.000000
vn -0.000000 1.000000 -0.000000
vn -0.000000 1.000000 -0.000000
vn 0.000000 -1.000000 0.000000
vn 0.000000 -1.000000 0.000000
vn 0.000000 -1.000000 0.000000
vn -0.000000 1.000000 -0.000000
vn -0.000000 1.000000 -0.000000
vn -0.000000 1.000000 -0.000000
vn 0.000000 -1.000000 0.000000
vn 0.000000 -1.000000 0.000000
vn 0.000000 -1.000000 0.000000
vn -0.000000 1.000000 -0.000000
vn -0.000000 1.000000 -0.000000
vn -0.000000 1.000000 -0.000000
vn 0.000000 -1.000000 0.000000
vn -0.001300 -0.975387 0.220497
vn 0.000000 -1.000000 0.000000
vn -0.000000 1.000000 -0.000000
vn -0.001300 0.975387 0.220497
vn -0.001100 0.975339 0.220709
vn 0.000000 -1.000000 0.000000
vn -0.001100 -0.975387 0.220497
vn 0.000000 -1.000000 0.000000
vn -0.000000 1.000000 -0.000000
vn -0.000000 1.000000 -0.000000
vn -0.001300 0.975387 0.220497
vn 0.000000 -1.000000 0.000000
vn 0.000000 -1.000000 0.000000
vn 0.000000 -1.000000 0.000000
vn -0.000000 1.000000 -0.000000
vn -0.000000 1.000000 -0.000000
vn -0.000000 1.000000 -0.000000
vn 0.000000 -1.000000 0.000000
vn 0.000000 -1.000000 0.000000
vn 0.000000 -1.000000 0.000000
vn -0.000000 1.000000 -0.000000
vn -0.000000 1.000000 -0.000000
vn -0.000000 1.000000 -0.000000
vn 0.000000 -1.000000 0.000000
vn 0.000000 -1.000000 0.000000
vn 0.000000 -1.000000 0.000000
vn -0.000000 1.000000 -0.000000
vn -0.000000 1.000000 -0.000000
vn -0.000000 1.000000 -0.000000
vn 0.000000 -1.000000 0.000000
vn 0.000000 -1.000000 0.000000
vn 0.000000 -1.000000 0.000000
vn -0.739718 0.000000 -0.672917
vn -0.946540 -0.078003 -0.313013
vn -0.949460 0.000000 -0.313887
vn -0.402015 0.000000 -0.915633
vn -0.603709 -0.237803 -0.760911
vn -0.739718 0.000000 -0.672917
vn 0.005100 0.000000 -0.999987
vn -0.241508 -0.238508 -0.940632
vn -0.402015 0.000000 -0.915633
vn 0.411421 0.000000 -0.911446
vn 0.162601 -0.239402 -0.957208
vn 0.005100 0.000000 -0.999987
vn 0.746587 0.000000 -0.665288
vn 0.538101 -0.240300 -0.807901
vn 0.411421 0.000000 -0.911446
vn 0.952636 0.000000 -0.304112
vn 0.820268 -0.240891 -0.518780
vn 0.746587 0.000000 -0.665288
vn 0.993976 -0.000000 0.109597
vn 0.960139 -0.241410 -0.140906
vn 0.952636 0.000000 -0.304112
vn 0.863452 -0.000000 0.504431
vn 0.934279 -0.241395 0.262394
vn 0.993976 -0.000000 0.109597
vn 0.583620 -0.000000 0.812027
vn 0.747030 -0.241110 0.619525
vn 0.863452 -0.000000 0.504431
vn 0.202900 -0.000000 0.979200
vn 0.431004 -0.240502 0.869709
vn 0.583620 -0.000000 0.812027
vn -0.212895 0.000000 0.977075
vn 0.040500 -0.239700 0.970002
vn 0.202900 -0.000000 0.979200
vn -0.591905 0.000000 0.806008
vn -0.356989 -0.238792 0.903071
vn -0.212895 0.000000 0.977075
vn -0.868606 0.000000 0.495503
vn -0.693307 -0.238002 0.680206
vn -0.591905 0.000000 0.806008
vn -0.995047 0.000000 0.099405
vn -0.910062 -0.237490 0.339686
vn -0.868606 0.000000 0.495503
vn -0.949460 0.000000 -0.313887
vn -0.969588 -0.237197 -0.060299
vn -0.995047 0.000000 0.099405
vn -0.946540 -0.078003 -0.313013
vn -0.654599 -0.466599 -0.594799
vn -0.840345 -0.465625 -0.277515
vn -0.603709 -0.237803 -0.760911
vn -0.355882 -0.468076 -0.808859
vn -0.654599 -0.466599 -0.594799
vn -0.241508 -0.238508 -0.940632
vn 0.003900 -0.469707 -0.882814
vn -0.355882 -0.468076 -0.808859
vn 0.162601 -0.239402 -0.957208
vn 0.362307 -0.471309 -0.804115
vn 0.003900 -0.469707 -0.882814
vn 0.538101 -0.240300 -0.807901
vn 0.657725 -0.472518 -0.586622
vn 0.362307 -0.471309 -0.804115
vn 0.820268 -0.240891 -0.518780
vn 0.839178 -0.473188 -0.268093
vn 0.657725 -0.472518 -0.586622
vn 0.934279 -0.241395 0.262394
vn 0.839178 -0.473188 -0.268093
vn 0.960139 -0.241410 -0.140906
vn 0.747030 -0.241110 0.619525
vn 0.875624 -0.473213 0.096703
vn 0.934279 -0.241395 0.262394
vn 0.431004 -0.240502 0.869709
vn 0.760797 -0.472498 0.444898
vn 0.747030 -0.241110 0.619525
vn 0.040500 -0.239700 0.970002
vn 0.514300 -0.471300 0.716500
vn 0.431004 -0.240502 0.869709
vn -0.356989 -0.238792 0.903071
vn 0.178499 -0.469697 0.864594
vn 0.040500 -0.239700 0.970002
vn -0.693307 -0.238002 0.680206
vn -0.188804 -0.468010 0.863319
vn -0.356989 -0.238792 0.903071
vn -0.910062 -0.237490 0.339686
vn -0.523904 -0.466603 0.712605
vn -0.693307 -0.238002 0.680206
vn -0.969588 -0.237197 -0.060299
vn -0.768822 -0.465613 0.438312
vn -0.910062 -0.237490 0.339686
vn -0.969588 -0.237197 -0.060299
vn -0.840345 -0.465625 -0.277515
vn -0.880775 -0.465287 0.087998
vn -0.928721 -0.207905 -0.307007
vn -0.705321 -0.301409 -0.641619
vn -0.905277 -0.301492 -0.299292
vn -0.723535 -0.207910 -0.658232
vn -0.383310 -0.301508 -0.873022
vn -0.705321 -0.301409 -0.641619
vn 0.005000 -0.207908 -0.978136
vn -0.383310 -0.301508 -0.873022
vn -0.393299 -0.207899 -0.895597
vn 0.402416 -0.207908 -0.891536
vn 0.008700 -0.305305 -0.952215
vn 0.005000 -0.207908 -0.978136
vn 0.730263 -0.207889 -0.650767
vn 0.395192 -0.305294 -0.866383
vn 0.402416 -0.207908 -0.891536
vn 0.730263 -0.207889 -0.650767
vn 0.908295 -0.301498 -0.289998
vn 0.713425 -0.305311 -0.630722
vn 0.931809 -0.207902 -0.297503
vn 0.947749 -0.301415 0.104505
vn 0.908295 -0.301498 -0.289998
vn 0.972260 -0.207892 0.107196
vn 0.823289 -0.301396 0.480994
vn 0.947749 -0.301415 0.104505
vn 0.844594 -0.207898 0.493396
vn 0.556506 -0.301503 0.774208
vn 0.823289 -0.301396 0.480994
vn 0.570882 -0.207894 0.794276
vn 0.193408 -0.301513 0.933640
vn 0.556506 -0.301503 0.774208
vn 0.198499 -0.207899 0.957797
vn -0.203007 -0.301411 0.931633
vn 0.193408 -0.301513 0.933640
vn -0.578989 -0.207896 0.788385
vn -0.203007 -0.301411 0.931633
vn -0.208303 -0.207903 0.955712
vn -0.849610 -0.207902 0.484706
vn -0.566706 -0.305203 0.765308
vn -0.578989 -0.207896 0.788385
vn -0.973308 -0.207902 0.097201
vn -0.829011 -0.305204 0.468606
vn -0.849610 -0.207902 0.484706
vn -0.928721 -0.207905 -0.307007
vn -0.947927 -0.305209 0.091003
vn -0.973308 -0.207902 0.097201
vn -0.705321 -0.301409 -0.641619
vn -0.828585 -0.488291 -0.273895
vn -0.905277 -0.301492 -0.299292
vn -0.383310 -0.301508 -0.873022
vn -0.638391 -0.494693 -0.589692
vn -0.705321 -0.301409 -0.641619
vn 0.008700 -0.305305 -0.952215
vn -0.343296 -0.494694 -0.798390
vn -0.383310 -0.301508 -0.873022
vn 0.395192 -0.305294 -0.866383
vn 0.011000 -0.494698 -0.868996
vn 0.008700 -0.305305 -0.952215
vn 0.713425 -0.305311 -0.630722
vn 0.363498 -0.494697 -0.789395
vn 0.395192 -0.305294 -0.866383
vn 0.908295 -0.301498 -0.289998
vn 0.653177 -0.494682 -0.573280
vn 0.713425 -0.305311 -0.630722
vn 0.947749 -0.301415 0.104505
vn 0.829889 -0.494694 -0.257997
vn 0.908295 -0.301498 -0.289998
vn 0.823289 -0.301396 0.480994
vn 0.863086 -0.494692 0.101798
vn 0.947749 -0.301415 0.104505
vn 0.556506 -0.301503 0.774208
vn 0.747058 -0.494673 0.444075
vn 0.823289 -0.301396 0.480994
vn 0.193408 -0.301513 0.933640
vn 0.501895 -0.494695 0.709492
vn 0.556506 -0.301503 0.774208
vn -0.203007 -0.301411 0.931633
vn 0.169899 -0.494698 0.852296
vn 0.193408 -0.301513 0.933640
vn -0.203007 -0.301411 0.931633
vn -0.516578 -0.488279 0.703371
vn -0.191404 -0.494711 0.847718
vn -0.566706 -0.305203 0.765308
vn -0.757978 -0.488286 0.432488
vn -0.516578 -0.488279 0.703371
vn -0.947927 -0.305209 0.091003
vn -0.757978 -0.488286 0.432488
vn -0.829011 -0.305204 0.468606
vn -0.905277 -0.301492 -0.299292
vn -0.865387 -0.494693 0.079899
vn -0.947927 -0.305209 0.091003
vn -0.638391 -0.494693 -0.589692
vn -0.717687 -0.654688 -0.237296
vn -0.828585 -0.488291 -0.273895
vn -0.343296 -0.494694 -0.798390
vn -0.546709 -0.663310 -0.511008
vn -0.638391 -0.494693 -0.589692
vn -0.343296 -0.494694 -0.798390
vn 0.003900 -0.654690 -0.755888
vn -0.291692 -0.663283 -0.689182
vn 0.011000 -0.494698 -0.868996
vn 0.311010 -0.654721 -0.688922
vn 0.003900 -0.654690 -0.755888
vn 0.363498 -0.494697 -0.789395
vn 0.564307 -0.654708 -0.502906
vn 0.311010 -0.654721 -0.688922
vn 0.653177 -0.494682 -0.573280
vn 0.720089 -0.654690 -0.229897
vn 0.564307 -0.654708 -0.502906
vn 0.829889 -0.494694 -0.257997
vn 0.751360 -0.654665 0.082896
vn 0.720089 -0.654690 -0.229897
vn 0.863086 -0.494692 0.101798
vn 0.652687 -0.654687 0.381293
vn 0.751360 -0.654665 0.082896
vn 0.747058 -0.494673 0.444075
vn 0.441191 -0.654687 0.613788
vn 0.652687 -0.654687 0.381293
vn 0.169899 -0.494698 0.852296
vn 0.441191 -0.654687 0.613788
vn 0.501895 -0.494695 0.709492
vn 0.169899 -0.494698 0.852296
vn -0.160993 -0.654673 0.738569
vn 0.142006 -0.663328 0.734731
vn -0.516578 -0.488279 0.703371
vn -0.160993 -0.654673 0.738569
vn -0.191404 -0.494711 0.847718
vn -0.757978 -0.488286 0.432488
vn -0.451023 -0.663334 0.597131
vn -0.516578 -0.488279 0.703371
vn -0.757978 -0.488286 0.432488
vn -0.752165 -0.654670 0.075197
vn -0.654907 -0.663308 0.362104
vn -0.828585 -0.488291 -0.273895
vn -0.752165 -0.654670 0.075197
vn -0.865387 -0.494693 0.079899
vn -0.546709 -0.663310 -0.511008
vn -0.578087 -0.793283 -0.191096
vn -0.717687 -0.654688 -0.237296
vn -0.291692 -0.663283 -0.689182
vn -0.429785 -0.803872 -0.411186
vn -0.546709 -0.663310 -0.511008
vn -0.291692 -0.663283 -0.689182
vn 0.003100 -0.793311 -0.608809
vn -0.225400 -0.803900 -0.550400
vn 0.003900 -0.654690 -0.755888
vn 0.250487 -0.793260 -0.554972
vn 0.003100 -0.793311 -0.608809
vn 0.564307 -0.654708 -0.502906
vn 0.250487 -0.793260 -0.554972
vn 0.311010 -0.654721 -0.688922
vn 0.720089 -0.654690 -0.229897
vn 0.453873 -0.803851 -0.384477
vn 0.564307 -0.654708 -0.502906
vn 0.751360 -0.654665 0.082896
vn 0.570985 -0.803879 -0.166596
vn 0.720089 -0.654690 -0.229897
vn 0.751360 -0.654665 0.082896
vn 0.525701 -0.793302 0.307101
vn 0.589386 -0.803881 0.079998
vn 0.652687 -0.654687 0.381293
vn 0.355388 -0.793274 0.494384
vn 0.525701 -0.793302 0.307101
vn 0.142006 -0.663328 0.734731
vn 0.355388 -0.793274 0.494384
vn 0.441191 -0.654687 0.613788
vn -0.160993 -0.654673 0.738569
vn 0.105996 -0.803873 0.585280
vn 0.142006 -0.663328 0.734731
vn -0.451023 -0.663334 0.597131
vn -0.141197 -0.803882 0.577787
vn -0.160993 -0.654673 0.738569
vn -0.451023 -0.663334 0.597131
vn -0.528806 -0.793309 0.301703
vn -0.363978 -0.803851 0.470471
vn -0.654907 -0.663308 0.362104
vn -0.605806 -0.793308 0.060501
vn -0.528806 -0.793309 0.301703
vn -0.752165 -0.654670 0.075197
vn -0.578087 -0.793283 -0.191096
vn -0.605806 -0.793308 0.060501
vn -0.578087 -0.793283 -0.191096
vn -0.325495 -0.897987 -0.296096
vn -0.417711 -0.898023 -0.138104
vn -0.429785 -0.803872 -0.411186
vn -0.176898 -0.897988 -0.402895
vn -0.325495 -0.897987 -0.296096
vn -0.225400 -0.803900 -0.550400
vn 0.002300 -0.897996 -0.439998
vn -0.176898 -0.897988 -0.402895
vn 0.250487 -0.793260 -0.554972
vn 0.002300 -0.897996 -0.439998
vn 0.003100 -0.793311 -0.608809
vn 0.453873 -0.803851 -0.384477
vn 0.191902 -0.910008 -0.367503
vn 0.250487 -0.793260 -0.554972
vn 0.570985 -0.803879 -0.166596
vn 0.324701 -0.910004 -0.257801
vn 0.453873 -0.803851 -0.384477
vn 0.589386 -0.803881 0.079998
vn 0.401501 -0.910003 -0.103400
vn 0.570985 -0.803879 -0.166596
vn 0.589386 -0.803881 0.079998
vn 0.379898 -0.897995 0.221999
vn 0.408893 -0.909985 0.068799
vn 0.355388 -0.793274 0.494384
vn 0.379898 -0.897995 0.221999
vn 0.525701 -0.793302 0.307101
vn 0.355388 -0.793274 0.494384
vn 0.089301 -0.898015 0.430807
vn 0.222401 -0.910004 0.349901
vn 0.105996 -0.803873 0.585280
vn -0.093700 -0.898001 0.429900
vn 0.089301 -0.898015 0.430807
vn -0.141197 -0.803882 0.577787
vn -0.260406 -0.898021 0.354608
vn -0.093700 -0.898001 0.429900
vn -0.363978 -0.803851 0.470471
vn -0.382191 -0.897978 0.218095
vn -0.260406 -0.898021 0.354608
vn -0.605806 -0.793308 0.060501
vn -0.382191 -0.897978 0.218095
vn -0.528806 -0.793309 0.301703
vn -0.578087 -0.793283 -0.191096
vn -0.414288 -0.909974 0.017699
vn -0.605806 -0.793308 0.060501
vn -0.325495 -0.897987 -0.296096
vn -0.254409 -0.963433 -0.084103
vn -0.417711 -0.898023 -0.138104
vn -0.325495 -0.897987 -0.296096
vn -0.107705 -0.963443 -0.245311
vn -0.124697 -0.976280 -0.176996
vn -0.176898 -0.897988 -0.402895
vn 0.001400 -0.963391 -0.268097
vn -0.107705 -0.963443 -0.245311
vn 0.191902 -0.910008 -0.367503
vn 0.001400 -0.963391 -0.268097
vn 0.002300 -0.897996 -0.439998
vn 0.191902 -0.910008 -0.367503
vn 0.200103 -0.963414 -0.178303
vn 0.129797 -0.976279 -0.173296
vn 0.401501 -0.910003 -0.103400
vn 0.200103 -0.963414 -0.178303
vn 0.324701 -0.910004 -0.257801
vn 0.408893 -0.909985 0.068799
vn 0.215693 -0.976270 -0.019299
vn 0.401501 -0.910003 -0.103400
vn 0.379898 -0.897995 0.221999
vn 0.204894 -0.976271 0.070098
vn 0.408893 -0.909985 0.068799
vn 0.222401 -0.910004 0.349901
vn 0.158694 -0.976264 0.147395
vn 0.379898 -0.897995 0.221999
vn 0.222401 -0.910004 0.349901
vn 0.054400 -0.963398 0.262499
vn 0.085197 -0.976270 0.199094
vn -0.093700 -0.898001 0.429900
vn 0.054400 -0.963398 0.262499
vn 0.089301 -0.898015 0.430807
vn -0.093700 -0.898001 0.429900
vn -0.158698 -0.963388 0.216097
vn -0.090996 -0.976254 0.196591
vn -0.382191 -0.897978 0.218095
vn -0.158698 -0.963388 0.216097
vn -0.260406 -0.898021 0.354608
vn -0.382191 -0.897978 0.218095
vn -0.266703 -0.963412 0.026600
vn -0.206895 -0.976274 0.063898
vn -0.417711 -0.898023 -0.138104
vn -0.266703 -0.963412 0.026600
vn -0.414288 -0.909974 0.017699
vn -0.254409 -0.963433 -0.084103
vn -0.124697 -0.976280 -0.176996
vn 0.000000 -1.000000 0.000000
vn -0.124697 -0.976280 -0.176996
vn -0.107705 -0.963443 -0.245311
vn 0.000000 -1.000000 0.000000
vn -0.107705 -0.963443 -0.245311
vn 0.001400 -0.963391 -0.268097
vn 0.000000 -1.000000 0.000000
vn 0.001400 -0.963391 -0.268097
vn 0.129797 -0.976279 -0.173296
vn 0.000000 -1.000000 0.000000
vn 0.129797 -0.976279 -0.173296
vn 0.200103 -0.963414 -0.178303
vn 0.000000 -1.000000 0.000000
vn 0.200103 -0.963414 -0.178303
vn 0.215693 -0.976270 -0.019299
vn 0.000000 -1.000000 0.000000
vn 0.215693 -0.976270 -0.019299
vn 0.204894 -0.976271 0.070098
vn 0.000000 -1.000000 0.000000
vn 0.204894 -0.976271 0.070098
vn 0.158694 -0.976264 0.147395
vn 0.000000 -1.000000 0.000000
vn 0.158694 -0.976264 0.147395
vn 0.085197 -0.976270 0.199094
vn 0.000000 -1.000000 0.000000
vn 0.085197 -0.976270 0.199094
vn 0.054400 -0.963398 0.262499
vn 0.000000 -1.000000 0.000000
vn 0.054400 -0.963398 0.262499
vn -0.090996 -0.976254 0.196591
vn 0.000000 -1.000000 0.000000
vn -0.090996 -0.976254 0.196591
vn -0.158698 -0.963388 0.216097
vn 0.000000 -1.000000 0.000000
vn -0.158698 -0.963388 0.216097
vn -0.206895 -0.976274 0.063898
vn 0.000000 -1.000000 0.000000
vn -0.206895 -0.976274 0.063898
vn -0.266703 -0.963412 0.026600
vn 0.000000 -1.000000 0.000000
vn -0.266703 -0.963412 0.026600
vn -0.254409 -0.963433 -0.084103
vn 0.000000 -1.000000 0.000000
vn -0.032701 -0.998429 -0.045501
vn -0.032701 -0.998429 -0.045501
vn -0.032701 -0.998429 -0.045501
vn -0.010400 -0.998680 -0.050299
vn -0.010400 -0.998680 -0.050299
vn -0.010400 -0.998680 -0.050299
vn 0.011400 -0.998567 -0.052298
vn 0.011400 -0.998567 -0.052298
vn 0.011400 -0.998567 -0.052298
vn 0.037599 -0.997975 -0.051299
vn 0.037599 -0.997975 -0.051299
vn 0.037599 -0.997975 -0.051299
vn 0.078699 -0.995887 -0.044899
vn 0.078699 -0.995887 -0.044899
vn 0.078699 -0.995887 -0.044899
vn 0.181196 -0.983280 -0.018100
vn 0.181196 -0.983280 -0.018100
vn 0.181100 -0.983298 -0.018100
vn 0.941622 0.128203 0.311307
vn 0.941664 0.127695 0.311388
vn 0.941664 0.127695 0.311388
vn 0.155904 0.977526 0.141904
vn 0.155906 0.977540 0.141806
vn 0.155906 0.977540 0.141806
vn 0.054197 0.990852 0.123594
vn 0.054297 0.990846 0.123593
vn 0.054297 0.990846 0.123593
vn -0.000700 0.991838 0.127505
vn -0.000700 0.991838 0.127505
vn -0.000700 0.991838 0.127505
vn -0.069100 0.985807 0.153001
vn -0.069100 0.985807 0.153001
vn -0.069100 0.985807 0.153001
vn -0.340918 0.889647 0.303816
vn -0.340887 0.889667 0.303789
vn -0.340918 0.889647 0.303816
vn -0.275401 -0.957303 0.087900
vn -0.275401 -0.957303 0.087900
vn -0.275401 -0.957303 0.087900
vn -0.109798 -0.993880 -0.012100
vn -0.109798 -0.993880 -0.012100
vn -0.109798 -0.993880 -0.012100
vn -0.061000 -0.997503 -0.035600
vn -0.061000 -0.997503 -0.035600
vn -0.061000 -0.997503 -0.035600
vn -0.001300 0.975387 0.220497
vn -0.001700 0.942109 0.335303
vn -0.001100 0.975339 0.220709
vn -0.999976 0.000000 -0.007000
vn -0.999976 0.000000 -0.007000
vn -0.999976 0.000000 -0.007000
vn -0.001100 -0.975387 0.220497
vn -0.001700 -0.942109 0.335303
vn -0.001700 -0.942109 0.335303
vn 0.999976 -0.000000 0.007000
vn 0.999976 -0.000000 0.007000
vn 0.999976 -0.000000 0.007000
vn 0.002300 -0.999997 0.000000
vn 0.002300 -0.999997 0.000000
vn 0.002300 -0.999997 0.000000
vn 0.000000 0.000000 -1.000000
vn 0.000000 0.000000 -1.000000
vn 0.000000 0.000000 -1.000000
vn -0.000000 1.000000 -0.000000
vn -0.000000 1.000000 -0.000000
vn -0.000000 1.000000 -0.000000
vn 0.000000 0.000000 1.000000
vn 0.000000 0.000000 1.000000
vn 0.000000 0.000000 1.000000
vn 0.900444 -0.434973 0.000000
vn 0.900444 -0.434973 0.000000
vn 0.988087 -0.153898 0.000000
vn 0.000000 0.000000 -1.000000
vn 0.000000 0.000000 -1.000000
vn 0.000000 0.000000 -1.000000
vn 0.000000 0.000000 1.000000
vn 0.000000 0.000000 1.000000
vn 0.000000 0.000000 1.000000
vn 0.988087 -0.153898 0.000000
vn 0.994557 0.104195 0.000000
vn 0.995304 0.096800 0.000000
vn -0.999995 -0.003300 0.000000
vn -0.999995 -0.003300 0.000000
vn -0.999995 -0.003300 0.000000
vn 0.000000 -1.000000 0.000000
vn 0.000000 -1.000000 0.000000
vn 0.000000 -1.000000 0.000000
vn 0.000000 0.000000 1.000000
vn 0.000000 0.000000 1.000000
vn 0.000000 0.000000 1.000000
vn -0.000000 1.000000 -0.000000
vn -0.000000 1.000000 -0.000000
vn -0.000000 1.000000 -0.000000
vn 0.000000 0.000000 -1.000000
vn 0.000000 0.000000 -1.000000
vn 0.000000 0.000000 -1.000000
vn 0.000000 0.000000 -1.000000
vn 0.000000 0.000000 -1.000000
vn 0.000000 0.000000 -1.000000
vn 0.000000 0.000000 1.000000
vn 0.000000 0.000000 1.000000
vn 0.000000 0.000000 1.000000
vn 0.994557 0.104195 0.000000
vn 0.729540 0.683938 0.000000
vn 0.729540 0.683938 0.000000
vn 0.000000 0.000000 -1.000000
vn 0.000000 0.000000 -1.000000
vn 0.000000 0.000000 -1.000000
vn 1.000000 0.000000 0.000000
vn 1.000000 0.000000 0.000000
vn 1.000000 0.000000 0.000000
vn 0.000000 0.000000 -1.000000
vn 0.000000 0.000000 -1.000000
vn 0.000000 0.000000 -1.000000
vn 0.000000 0.000000 1.000000
vn 0.000000 0.000000 1.000000
vn 0.000000 0.000000 1.000000
vn 0.000000 0.000000 1.000000
vn 0.000000 0.000000 1.000000
vn 0.000000 0.000000 1.000000
vn -0.002300 -0.999997 0.000000
vn -0.002300 -0.999997 0.000000
vn -0.002300 -0.999997 0.000000
vn 0.000000 0.000000 -1.000000
vn 0.000000 0.000000 -1.000000
vn 0.000000 0.000000 -1.000000
vn -0.000000 1.000000 -0.000000
vn -0.000000 1.000000 -0.000000
vn -0.000000 1.000000 -0.000000
vn 0.000000 0.000000 1.000000
vn 0.000000 0.000000 1.000000
vn 0.000000 0.000000 1.000000
vn -0.988087 -0.153898 0.000000
vn -0.900444 -0.434973 0.000000
vn -0.900444 -0.434973 0.000000
vn 0.000000 0.000000 -1.000000
vn 0.000000 0.000000 -1.000000
vn 0.000000 0.000000 -1.000000
vn 0.000000 0.000000 1.000000
vn 0.000000 0.000000 1.000000
vn 0.000000 0.000000 1.000000
vn -0.995304 0.096800 -0.000000
vn -0.994557 0.104195 -0.000000
vn -0.988087 -0.153898 0.000000
vn 0.999995 -0.003300 0.000000
vn 0.999995 -0.003300 0.000000
vn 0.999995 -0.003300 0.000000
vn 0.000000 -1.000000 0.000000
vn 0.000000 -1.000000 0.000000
vn 0.000000 -1.000000 0.000000
vn 0.000000 0.000000 1.000000
vn 0.000000 0.000000 1.000000
vn 0.000000 0.000000 1.000000
vn -0.000000 1.000000 -0.000000
vn -0.000000 1.000000 -0.000000
vn -0.000000 1.000000 -0.000000
vn 0.000000 0.000000 -1.000000
vn 0.000000 0.000000 -1.000000
vn 0.000000 0.000000 -1.000000
vn 0.000000 0.000000 -1.000000
vn 0.000000 0.000000 -1.000000
vn 0.000000 0.000000 -1.000000
vn 0.000000 0.000000 1.000000
vn 0.000000 0.000000 1.000000
vn 0.000000 0.000000 1.000000
vn -0.729540 0.683938 -0.000000
vn -0.729540 0.683938 -0.000000
vn -0.994557 0.104195 -0.000000
vn 0.000000 0.000000 -1.000000
vn 0.000000 0.000000 -1.000000
vn 0.000000 0.000000 -1.000000
vn -1.000000 0.000000 0.000000
vn -1.000000 0.000000 0.000000
vn -1.000000 0.000000 0.000000
vn 0.000000 0.000000 -1.000000
vn 0.000000 0.000000 -1.000000
vn 0.000000 0.000000 -1.000000
vn 0.000000 0.000000 1.000000
vn 0.000000 0.000000 1.000000
vn 0.000000 0.000000 1.000000
vn 0.000000 0.000000 1.000000
vn 0.000000 0.000000 1.000000
vn 0.000000 0.000000 1.000000
vn 0.000000 -1.000000 0.000000
vn 0.000000 -1.000000 0.000000
vn 0.000000 -1.000000 0.000000
vn 0.000000 -0.892519 -0.451010
vn 0.000000 -0.892519 -0.451010
vn 0.000000 -0.892519 -0.451010
vn -0.000000 1.000000 -0.000100
vn -0.000000 1.000000 -0.000100
vn -0.000000 1.000000 -0.000100
vn 0.000000 -0.914186 0.405294
vn 0.000000 -0.914186 0.405294
vn 0.000000 -0.914186 0.405294
vn -1.000000 0.000000 0.000000
vn -1.000000 0.000000 0.000000
vn -1.000000 0.000000 0.000000
vn 1.000000 0.000000 0.000000
vn 1.000000 0.000000 0.000000
vn 1.000000 0.000000 0.000000
vn 0.000000 -0.748611 -0.663010
vn 0.000000 -0.748611 -0.663010
vn 0.000000 -0.748611 -0.663010
vn -1.000000 0.000000 0.000000
vn -1.000000 0.000000 0.000000
vn -1.000000 0.000000 0.000000
vn 0.000000 -0.458618 0.888634
vn 0.000000 -0.231508 0.972833
vn 0.000000 -0.231508 0.972833
vn 1.000000 0.000000 0.000000
vn 1.000000 0.000000 0.000000
vn 1.000000 0.000000 0.000000
vn 0.000000 -0.542525 -0.840039
vn 0.000000 -0.542525 -0.840039
vn 0.000000 -0.542525 -0.840039
vn -1.000000 0.000000 0.000000
vn -1.000000 0.000000 0.000000
vn -1.000000 0.000000 0.000000
vn 0.000000 -0.231508 0.972833
vn 0.000000 0.000000 1.000000
vn 0.000000 0.000000 1.000000
vn 1.000000 0.000000 0.000000
vn 1.000000 0.000000 0.000000
vn 1.000000 0.000000 0.000000
vn 0.000000 -0.381404 -0.924409
vn 0.000000 -0.373218 -0.927744
vn 0.000000 -0.373218 -0.927744
vn -1.000000 0.000000 0.000000
vn -1.000000 0.000000 0.000000
vn -1.000000 0.000000 0.000000
vn 0.000000 0.000000 1.000000
vn 0.000000 0.000000 1.000000
vn 0.000000 0.000000 1.000000
vn 1.000000 0.000000 0.000000
vn 1.000000 0.000000 0.000000
vn 1.000000 0.000000 0.000000
vn 1.000000 0.000000 0.000000
vn 1.000000 0.000000 0.000000
vn 1.000000 0.000000 0.000000
vn 1.000000 0.000000 0.000000
vn 1.000000 0.000000 0.000000
vn 1.000000 0.000000 0.000000
vn 1.000000 0.000000 0.000000
vn 1.000000 0.000000 0.000000
vn 1.000000 0.000000 0.000000
vn 1.000000 0.000000 0.000000
vn 1.000000 0.000000 0.000000
vn 1.000000 0.000000 0.000000
vn 0.000000 1.000000 0.000100
vn 0.000000 1.000000 0.000100
vn 0.000000 1.000000 0.000100
vn -1.000000 0.000000 0.000000
vn -1.000000 0.000000 0.000000
vn -1.000000 0.000000 0.000000
vn -1.000000 0.000000 0.000000
vn -1.000000 0.000000 0.000000
vn -1.000000 0.000000 0.000000
vn -1.000000 0.000000 0.000000
vn -1.000000 0.000000 0.000000
vn -1.000000 0.000000 0.000000
vn -1.000000 0.000000 0.000000
vn -1.000000 0.000000 0.000000
vn -1.000000 0.000000 0.000000
vn 0.000000 -1.000000 0.000000
vn 0.000000 -1.000000 0.000000
vn 0.000000 -1.000000 0.000000
vn 1.000000 0.000000 0.000000
vn 1.000000 0.000000 0.000000
vn 1.000000 0.000000 0.000000
vn 0.000000 -1.000000 0.000000
vn 0.000000 -1.000000 0.000000
vn 0.000000 -1.000000 0.000000
vn -1.000000 0.000000 0.000000
vn -1.000000 0.000000 0.000000
vn -1.000000 0.000000 0.000000
vn -1.000000 0.000000 0.000000
vn -1.000000 0.000000 0.000000
vn -1.000000 0.000000 0.000000
vn -1.000000 0.000000 0.000000
vn -1.000000 0.000000 0.000000
vn -1.000000 0.000000 0.000000
vn -1.000000 0.000000 0.000000
vn -1.000000 0.000000 0.000000
vn -1.000000 0.000000 0.000000
vn 0.000000 0.999961 0.008800
vn 0.000000 0.999961 0.008800
vn 0.000000 0.999961 0.008800
vn 1.000000 0.000000 0.000000
vn 1.000000 0.000000 0.000000
vn 1.000000 0.000000 0.000000
vn 1.000000 0.000000 0.000000
vn 1.000000 0.000000 0.000000
vn 1.000000 0.000000 0.000000
vn 1.000000 0.000000 0.000000
vn 1.000000 0.000000 0.000000
vn 1.000000 0.000000 0.000000
vn -0.000000 0.569200 -0.822199
vn -0.000000 0.569200 -0.822199
vn -0.000000 0.569200 -0.822199
vn -1.000000 0.000000 0.000000
vn -1.000000 0.000000 0.000000
vn -1.000000 0.000000 0.000000
vn 0.000000 0.000000 1.000000
vn 0.000000 0.000000 1.000000
vn 0.000000 0.000000 1.000000
vn 1.000000 0.000000 0.000000
vn 1.000000 0.000000 0.000000
vn 1.000000 0.000000 0.000000
vn 0.000000 -0.373218 -0.927744
vn 0.000000 -0.320604 -0.947213
vn 0.000000 -0.320604 -0.947213
vn -1.000000 0.000000 0.000000
vn -1.000000 0.000000 0.000000
vn -1.000000 0.000000 0.000000
vn 0.000000 0.595237 0.803550
vn 0.000000 0.595237 0.803550
vn 0.000000 0.595237 0.803550
vn 1.000000 0.000000 0.000000
vn 1.000000 0.000000 0.000000
vn 1.000000 0.000000 0.000000
vn 0.000000 0.000000 -1.000000
vn 0.000000 -0.075702 -0.997130
vn 0.000000 -0.078203 -0.996938
vn -1.000000 0.000000 0.000000
vn -1.000000 0.000000 0.000000
vn -1.000000 0.000000 0.000000
vn 0.000000 0.000000 1.000000
vn 0.000000 0.000000 1.000000
vn 0.000000 0.000000 1.000000
vn 1.000000 0.000000 0.000000
vn 1.000000 0.000000 0.000000
vn 1.000000 0.000000 0.000000
vn 0.000000 -0.320604 -0.947213
vn 0.000000 -0.238793 -0.971071
vn 0.000000 -0.238793 -0.971071
vn -1.000000 0.000000 0.000000
vn -1.000000 0.000000 0.000000
vn -1.000000 0.000000 0.000000
vn 0.000000 0.278602 0.960407
vn 0.000000 0.275685 0.961248
vn 0.000000 0.275685 0.961248
vn 1.000000 0.000000 0.000000
vn 1.000000 0.000000 0.000000
vn 1.000000 0.000000 0.000000
vn 0.000000 -0.238793 -0.971071
vn 0.000000 -0.120699 -0.992689
vn 0.000000 -0.120699 -0.992689
vn -1.000000 0.000000 0.000000
vn -1.000000 0.000000 0.000000
vn -1.000000 0.000000 0.000000
vn 0.000000 0.275685 0.961248
vn 0.000000 0.248602 0.968606
vn 0.000000 0.248602 0.968606
vn 1.000000 0.000000 0.000000
vn 1.000000 0.000000 0.000000
vn 1.000000 0.000000 0.000000
vn 0.000000 -0.120699 -0.992689
vn 0.000000 -0.016399 -0.999866
vn 0.000000 -0.016399 -0.999866
vn -1.000000 0.000000 0.000000
vn -1.000000 0.000000 0.000000
vn -1.000000 0.000000 0.000000
vn 0.000000 0.248602 0.968606
vn 0.000000 0.033098 0.999452
vn 0.000000 0.032899 0.999459
vn 1.000000 0.000000 0.000000
vn 1.000000 0.000000 0.000000
vn 1.000000 0.000000 0.000000
vn 0.000000 -0.016399 -0.999866
vn -0.000000 0.035199 -0.999380
vn -0.000000 0.035199 -0.999380
vn -1.000000 0.000000 0.000000
vn -1.000000 0.000000 0.000000
vn -1.000000 0.000000 0.000000
vn 0.000000 0.033098 0.999452
vn 0.000000 -0.058200 0.998305
vn 0.000000 -0.058200 0.998305
vn 1.000000 0.000000 0.000000
vn 1.000000 0.000000 0.000000
vn 1.000000 0.000000 0.000000
vn -0.000000 0.035199 -0.999380
vn -0.000000 0.075901 -0.997115
vn -0.000000 0.075901 -0.997115
vn -1.000000 0.000000 0.000000
vn -1.000000 0.000000 0.000000
vn -1.000000 0.000000 0.000000
vn 0.000000 -0.058200 0.998305
vn 0.000000 -0.209597 0.977788
vn 0.000000 -0.209693 0.977767
vn 1.000000 0.000000 0.000000
vn 1.000000 0.000000 0.000000
vn 1.000000 0.000000 0.000000
vn 0.000000 -0.075702 -0.997130
vn 0.000000 -0.581002 -0.813902
vn 0.000000 -0.581002 -0.813902
vn -1.000000 0.000000 0.000000
vn -1.000000 0.000000 0.000000
vn -1.000000 0.000000 0.000000
vn 0.000000 0.000000 1.000000
vn 0.000000 0.000000 1.000000
vn 0.000000 0.000000 1.000000
vn 1.000000 0.000000 0.000000
vn 1.000000 0.000000 0.000000
vn 1.000000 0.000000 0.000000
vn -0.000000 0.075901 -0.997115
vn -0.000000 0.080604 -0.996746
vn -0.000000 0.080604 -0.996746
vn -1.000000 0.000000 0.000000
vn -1.000000 0.000000 0.000000
vn -1.000000 0.000000 0.000000
vn 0.000000 -0.209597 0.977788
vn 0.000000 -0.689902 0.723903
vn 0.000000 -0.690005 0.723805
vn 1.000000 0.000000 0.000000
vn 1.000000 0.000000 0.000000
vn 1.000000 0.000000 0.000000
vn 0.000000 -0.935777 -0.352591
vn 0.000000 -0.935777 -0.352591
vn 0.000000 -0.935777 -0.352591
vn -1.000000 0.000000 0.000000
vn -1.000000 0.000000 0.000000
vn -1.000000 0.000000 0.000000
vn 0.000000 0.000000 1.000000
vn 0.000000 0.000000 1.000000
vn 0.000000 0.000000 1.000000
vn 1.000000 0.000000 0.000000
vn 1.000000 0.000000 0.000000
vn 1.000000 0.000000 0.000000
vn -0.000000 0.080604 -0.996746
vn -0.000000 0.114799 -0.993389
vn -0.000000 0.114799 -0.993389
vn -1.000000 0.000000 0.000000
vn -1.000000 0.000000 0.000000
vn -1.000000 0.000000 0.000000
vn 0.000000 -0.689902 0.723903
vn 0.000000 -0.912765 0.408484
vn 0.000000 -0.912765 0.408484
vn 1.000000 0.000000 0.000000
vn 1.000000 0.000000 0.000000
vn 1.000000 0.000000 0.000000
vn -1.000000 0.000000 0.000000
vn -1.000000 0.000000 0.000000
vn -1.000000 0.000000 0.000000
vn 0.000000 0.000000 1.000000
vn 0.000000 0.000000 1.000000
vn 0.000000 0.000000 1.000000
vn 1.000000 0.000000 0.000000
vn 1.000000 0.000000 0.000000
vn 1.000000 0.000000 0.000000
vn -0.000000 0.114799 -0.993389
vn -0.000000 0.159695 -0.987166
vn -0.000000 0.159500 -0.987198
vn -1.000000 0.000000 0.000000
vn -1.000000 0.000000 0.000000
vn -1.000000 0.000000 0.000000
vn 1.000000 0.000000 0.000000
vn 1.000000 0.000000 0.000000
vn 1.000000 0.000000 0.000000
vn -1.000000 0.000000 0.000000
vn -1.000000 0.000000 0.000000
vn -1.000000 0.000000 0.000000
vn 0.000000 0.999946 0.010400
vn 0.000000 0.999946 0.010400
vn 0.000000 0.999946 0.010400
vn 1.000000 0.000000 0.000000
vn 1.000000 0.000000 0.000000
vn 1.000000 0.000000 0.000000
vn 0.000000 -0.999944 -0.010600
vn 0.000000 -0.999944 -0.010600
vn 0.000000 -0.999944 -0.010600
vn -1.000000 0.000000 0.000000
vn -1.000000 0.000000 0.000000
vn -1.000000 0.000000 0.000000
vn 0.000000 0.000000 1.000000
vn 0.000000 0.000000 1.000000
vn 0.000000 0.000000 1.000000
vn 1.000000 0.000000 0.000000
vn 1.000000 0.000000 0.000000
vn 1.000000 0.000000 0.000000
vn -0.000000 0.159695 -0.987166
vn -0.000000 0.290402 -0.956905
vn -0.000000 0.290402 -0.956905
vn -1.000000 0.000000 0.000000
vn -1.000000 0.000000 0.000000
vn -1.000000 0.000000 0.000000
vn 1.000000 0.000000 0.000000
vn 1.000000 0.000000 0.000000
vn 1.000000 0.000000 0.000000
vn 1.000000 0.000000 0.000000
vn 1.000000 0.000000 0.000000
vn 1.000000 0.000000 0.000000
vn -1.000000 0.000000 0.000000
vn -1.000000 0.000000 0.000000
vn -1.000000 0.000000 0.000000
vn -0.000000 0.784030 -0.620723
vn -0.000000 0.784030 -0.620723
vn -0.000000 0.784030 -0.620723
vn -1.000000 0.000000 0.000000
vn -1.000000 0.000000 0.000000
vn -1.000000 0.000000 0.000000
vn 0.000000 0.000000 1.000000
vn 0.000000 0.000000 1.000000
vn 0.000000 0.000000 1.000000
vn 1.000000 0.000000 0.000000
vn 1.000000 0.000000 0.000000
vn 1.000000 0.000000 0.000000
vn -0.000000 0.290402 -0.956905
vn -0.000000 0.269500 -0.963000
vn -0.000000 0.269500 -0.963000
vn -1.000000 0.000000 0.000000
vn -1.000000 0.000000 0.000000
vn -1.000000 0.000000 0.000000
vn 0.000000 0.726533 0.687131
vn 0.000000 0.726533 0.687131
vn 0.000000 0.726533 0.687131
vn 1.000000 0.000000 0.000000
vn 1.000000 0.000000 0.000000
vn 1.000000 0.000000 0.000000
vn -0.000000 0.463102 -0.886305
vn 0.000100 0.038498 -0.999259
vn -0.000000 0.035299 -0.999377
vn -1.000000 0.000000 0.000000
vn -1.000000 0.000000 0.000000
vn -1.000000 0.000000 0.000000
vn 0.000000 0.000000 1.000000
vn 0.000000 0.000000 1.000000
vn 0.000000 0.000000 1.000000
vn 1.000000 0.000000 0.000000
vn 1.000000 0.000000 0.000000
vn 1.000000 0.000000 0.000000
vn -0.000000 0.240606 -0.970623
vn -0.000000 0.195905 -0.980623
vn -0.000000 0.195808 -0.980642
vn -1.000000 0.000000 0.000000
vn -1.000000 0.000000 0.000000
vn -1.000000 0.000000 0.000000
vn 0.000000 0.421511 0.906823
vn 0.000000 0.041601 0.999134
vn 0.000000 0.039800 0.999208
vn 1.000000 0.000000 0.000000
vn 1.000000 0.000000 0.000000
vn 1.000000 0.000000 0.000000
vn 0.000100 0.038498 -0.999259
vn 0.000000 -0.051299 -0.998683
vn 0.000000 -0.053803 -0.998552
vn -1.000000 0.000000 0.000000
vn -1.000000 0.000000 0.000000
vn -1.000000 0.000000 0.000000
vn 0.000000 0.000000 1.000000
vn 0.000000 0.000000 1.000000
vn 0.000000 0.000000 1.000000
vn 1.000000 0.000000 0.000000
vn 1.000000 0.000000 0.000000
vn 1.000000 0.000000 0.000000
vn -0.000000 0.195905 -0.980623
vn -0.000000 0.211093 -0.977466
vn -0.000000 0.211188 -0.977445
vn -1.000000 0.000000 0.000000
vn -1.000000 0.000000 0.000000
vn -1.000000 0.000000 0.000000
vn 0.000000 0.041601 0.999134
vn 0.000000 -0.130899 0.991396
vn 0.000000 -0.130899 0.991396
vn 1.000000 0.000000 0.000000
vn 1.000000 0.000000 0.000000
vn 1.000000 0.000000 0.000000
vn -0.000000 0.211093 -0.977466
vn -0.000000 0.244794 -0.969575
vn -0.000000 0.244794 -0.969575
vn -1.000000 0.000000 0.000000
vn -1.000000 0.000000 0.000000
vn -1.000000 0.000000 0.000000
vn 0.000000 -0.130899 0.991396
vn 0.000000 -0.184005 0.982925
vn 0.000000 -0.184005 0.982925
vn 1.000000 0.000000 0.000000
vn 1.000000 0.000000 0.000000
vn 1.000000 0.000000 0.000000
vn -0.000000 0.244794 -0.969575
vn -0.000000 0.268309 -0.963333
vn -0.000000 0.268309 -0.963333
vn -1.000000 0.000000 0.000000
vn -1.000000 0.000000 0.000000
vn -1.000000 0.000000 0.000000
vn 0.000000 -0.184005 0.982925
vn 0.000000 -0.246792 0.969068
vn 0.000000 -0.246792 0.969068
vn 1.000000 0.000000 0.000000
vn 1.000000 0.000000 0.000000
vn 1.000000 0.000000 0.000000
vn -0.000000 0.268309 -0.963333
vn -0.000000 0.309109 -0.951027
vn -0.000000 0.309109 -0.951027
vn -1.000000 0.000000 0.000000
vn -1.000000 0.000000 0.000000
vn -1.000000 0.000000 0.000000
vn 0.000000 -0.246792 0.969068
vn 0.000000 -0.316198 0.948693
vn 0.000000 -0.316198 0.948693
vn 1.000000 0.000000 0.000000
vn 1.000000 0.000000 0.000000
vn 1.000000 0.000000 0.000000
vn -0.000000 0.309109 -0.951027
vn -0.000000 0.304504 -0.952511
vn -0.000000 0.304504 -0.952511
vn -1.000000 0.000000 0.000000
vn -1.000000 0.000000 0.000000
vn -1.000000 0.000000 0.000000
vn 0.000000 -0.316198 0.948693
vn 0.000000 -0.304594 0.952482
vn 0.000000 -0.304594 0.952482
vn 1.000000 0.000000 0.000000
vn 1.000000 0.000000 0.000000
vn 1.000000 0.000000 0.000000
vn -0.000000 0.304504 -0.952511
vn -0.000000 0.342979 -0.939343
vn -0.000000 0.342979 -0.939343
vn -1.000000 0.000000 0.000000
vn -1.000000 0.000000 0.000000
vn -1.000000 0.000000 0.000000
vn 0.000000 -0.304594 0.952482
vn 0.000000 -0.343011 0.939331
vn 0.000000 -0.343011 0.939331
vn 1.000000 0.000000 0.000000
vn 1.000000 0.000000 0.000000
vn 1.000000 0.000000 0.000000
vn -0.000000 0.342979 -0.939343
vn -0.000000 0.403901 -0.914803
vn -0.000000 0.403901 -0.914803
vn -1.000000 0.000000 0.000000
vn -1.000000 0.000000 0.000000
vn -1.000000 0.000000 0.000000
vn 0.000000 -0.343011 0.939331
vn 0.000000 -0.601487 0.798883
vn 0.000000 -0.602110 0.798413
vn 1.000000 0.000000 0.000000
vn 1.000000 0.000000 0.000000
vn 1.000000 0.000000 0.000000
vn -0.000000 0.403901 -0.914803
vn -0.000000 0.390997 -0.920392
vn -0.000000 0.390912 -0.920428
vn -1.000000 0.000000 0.000000
vn -1.000000 0.000000 0.000000
vn -1.000000 0.000000 0.000000
vn 0.000000 -0.601487 0.798883
vn 0.000000 -0.866602 0.499001
vn 0.000000 -0.866602 0.499001
vn 1.000000 0.000000 0.000000
vn 1.000000 0.000000 0.000000
vn 1.000000 0.000000 0.000000
vn 0.000000 -0.051299 -0.998683
vn 0.000000 -0.667925 -0.744228
vn 0.000000 -0.667981 -0.744179
vn -1.000000 0.000000 0.000000
vn -1.000000 0.000000 0.000000
vn -1.000000 0.000000 0.000000
vn 0.000000 0.000000 1.000000
vn 0.000000 0.000000 1.000000
vn 0.000000 0.000000 1.000000
vn 1.000000 0.000000 0.000000
vn 1.000000 0.000000 0.000000
vn 1.000000 0.000000 0.000000
vn 0.000000 -0.667925 -0.744228
vn 0.000000 -0.838425 -0.545016
vn 0.000000 -0.838425 -0.545016
vn -1.000000 0.000000 0.000000
vn -1.000000 0.000000 0.000000
vn -1.000000 0.000000 0.000000
vn 0.000000 0.000000 1.000000
vn 0.000000 0.000000 1.000000
vn 0.000000 0.000000 1.000000
vn 1.000000 0.000000 0.000000
vn 1.000000 0.000000 0.000000
vn 1.000000 0.000000 0.000000
vn -1.000000 0.000000 0.000000
vn -1.000000 0.000000 0.000000
vn -1.000000 0.000000 0.000000
vn 0.000000 0.000000 1.000000
vn 0.000000 0.000000 1.000000
vn 0.000000 0.000000 1.000000
vn 1.000000 0.000000 0.000000
vn 1.000000 0.000000 0.000000
vn 1.000000 0.000000 0.000000
vn -0.000000 0.390997 -0.920392
vn -0.000000 0.415580 -0.909557
vn -0.000000 0.415580 -0.909557
vn -1.000000 0.000000 0.000000
vn -1.000000 0.000000 0.000000
vn -1.000000 0.000000 0.000000
vn 1.000000 0.000000 0.000000
vn 1.000000 0.000000 0.000000
vn 1.000000 0.000000 0.000000
vn 1.000000 0.000000 0.000000
vn 1.000000 0.000000 0.000000
vn 1.000000 0.000000 0.000000
vn 0.000000 0.999862 0.016599
vn 0.000000 0.999862 0.016599
vn 0.000000 0.999862 0.016599
vn -1.000000 0.000000 0.000000
vn -1.000000 0.000000 0.000000
vn -1.000000 0.000000 0.000000
vn 0.000000 -0.999975 -0.007100
vn 0.000000 -0.999975 -0.007100
vn 0.000000 -0.999975 -0.007100
vn -1.000000 0.000000 0.000000
vn -1.000000 0.000000 0.000000
vn -1.000000 0.000000 0.000000
vn 0.000000 0.000000 1.000000
vn 0.000000 0.279117 0.960257
vn 0.000000 0.279090 0.960265
vn 1.000000 0.000000 0.000000
vn 1.000000 0.000000 0.000000
vn 1.000000 0.000000 0.000000
vn -0.000000 0.415580 -0.909557
vn -0.000000 0.491609 -0.870816
vn -0.000000 0.491609 -0.870816
vn -1.000000 0.000000 0.000000
vn -1.000000 0.000000 0.000000
vn -1.000000 0.000000 0.000000
vn 1.000000 0.000000 0.000000
vn 1.000000 0.000000 0.000000
vn 1.000000 0.000000 0.000000
vn -1.000000 0.000000 0.000000
vn -1.000000 0.000000 0.000000
vn -1.000000 0.000000 0.000000
vn 1.000000 0.000000 0.000000
vn 1.000000 0.000000 0.000000
vn 1.000000 0.000000 0.000000
vn -1.000000 0.000000 0.000000
vn -1.000000 0.000000 0.000000
vn -1.000000 0.000000 0.000000
vn 0.000000 0.279117 0.960257
vn 0.000000 0.571568 0.820554
vn 0.000000 0.571568 0.820554
vn 1.000000 0.000000 0.000000
vn 1.000000 0.000000 0.000000
vn 1.000000 0.000000 0.000000
vn -0.000000 0.491609 -0.870816
vn -0.000000 0.525497 -0.850795
vn -0.000000 0.525497 -0.850795
vn -1.000000 0.000000 0.000000
vn -1.000000 0.000000 0.000000
vn -1.000000 0.000000 0.000000
vn 1.000000 0.000000 0.000000
vn 1.000000 0.000000 0.000000
vn 1.000000 0.000000 0.000000
vn -1.000000 0.000000 0.000000
vn -1.000000 0.000000 0.000000
vn -1.000000 0.000000 0.000000
vn 1.000000 0.000000 0.000000
vn 1.000000 0.000000 0.000000
vn 1.000000 0.000000 0.000000
vn -1.000000 0.000000 0.000000
vn -1.000000 0.000000 0.000000
vn -1.000000 0.000000 0.000000
vn 0.000000 0.571568 0.820554
vn 0.000000 0.686362 0.727260
vn 0.000000 0.686362 0.727260
vn 1.000000 0.000000 0.000000
vn 1.000000 0.000000 0.000000
vn 1.000000 0.000000 0.000000
vn -0.000000 0.587690 -0.809086
vn -0.000000 0.587690 -0.809086
vn -0.000000 0.587690 -0.809086
vn -1.000000 0.000000 0.000000
vn -1.000000 0.000000 0.000000
vn -1.000000 0.000000 0.000000
vn 1.000000 0.000000 0.000000
vn 1.000000 0.000000 0.000000
vn 1.000000 0.000000 0.000000
vn -1.000000 0.000000 0.000000
vn -1.000000 0.000000 0.000000
vn -1.000000 0.000000 0.000000
vn 1.000000 0.000000 0.000000
vn 1.000000 0.000000 0.000000
vn 1.000000 0.000000 0.000000
vn -1.000000 0.000000 0.000000
vn -1.000000 0.000000 0.000000
vn -1.000000 0.000000 0.000000
vn 0.000000 0.836089 0.548593
vn 0.000000 0.836089 0.548593
vn 0.000000 0.836089 0.548593
vn 1.000000 0.000000 0.000000
vn 1.000000 0.000000 0.000000
vn 1.000000 0.000000 0.000000
vn -0.000000 0.752589 -0.658490
vn -0.000000 0.752589 -0.658490
vn -0.000000 0.752589 -0.658490
vn -1.000000 0.000000 0.000000
vn -1.000000 0.000000 0.000000
vn -1.000000 0.000000 0.000000
vn 1.000000 0.000000 0.000000
vn 1.000000 0.000000 0.000000
vn 1.000000 0.000000 0.000000
vn -1.000000 0.000000 0.000000
vn -1.000000 0.000000 0.000000
vn -1.000000 0.000000 0.000000
vn 1.000000 0.000000 0.000000
vn 1.000000 0.000000 0.000000
vn 1.000000 0.000000 0.000000
vn -1.000000 0.000000 0.000000
vn -1.000000 0.000000 0.000000
vn -1.000000 0.000000 0.000000
vn 0.000000 0.910411 0.413705
vn 0.000000 0.910411 0.413705
vn 0.000000 0.910411 0.413705
vn 1.000000 0.000000 0.000000
vn 1.000000 0.000000 0.000000
vn 1.000000 0.000000 0.000000
vn -0.000000 0.776508 -0.630107
vn -0.000000 0.776508 -0.630107
vn -0.000000 0.776508 -0.630107
vn -1.000000 0.000000 0.000000
vn -1.000000 0.000000 0.000000
vn -1.000000 0.000000 0.000000
vn 1.000000 0.000000 0.000000
vn 1.000000 0.000000 0.000000
vn 1.000000 0.000000 0.000000
vn -1.000000 0.000000 0.000000
vn -1.000000 0.000000 0.000000
vn -1.000000 0.000000 0.000000
vn 1.000000 0.000000 0.000000
vn 1.000000 0.000000 0.000000
vn 1.000000 0.000000 0.000000
vn -0.000000 0.587803 -0.809004
vn -0.000000 0.587803 -0.809004
vn -0.000000 0.587803 -0.809004
vn -0.000000 0.951066 -0.308989
vn -0.000000 0.951066 -0.308989
vn -0.000000 0.743185 -0.669086
vn 0.000000 0.994525 0.104503
vn 0.000000 0.994525 0.104503
vn -0.000000 0.951066 -0.308989
vn 0.000000 0.866019 0.500011
vn 0.000000 0.866019 0.500011
vn 0.000000 0.994525 0.104503
vn 0.000000 0.587803 0.809004
vn 0.000000 0.587803 0.809004
vn 0.000000 0.866019 0.500011
vn 0.000000 0.207910 0.978148
vn 0.000000 0.207910 0.978148
vn 0.000000 0.587803 0.809004
vn 0.000000 -0.207910 0.978148
vn 0.000000 -0.207910 0.978148
vn 0.000000 0.207910 0.978148
vn 0.000000 -0.587803 0.809004
vn 0.000000 -0.587803 0.809004
vn 0.000000 -0.207910 0.978148
vn 0.000000 -0.866019 0.500011
vn 0.000000 -0.866019 0.500011
vn 0.000000 -0.587803 0.809004
vn 0.000000 -0.994525 0.104503
vn 0.000000 -0.994525 0.104503
vn 0.000000 -0.866019 0.500011
vn 0.000000 -0.951066 -0.308989
vn 0.000000 -0.951066 -0.308989
vn 0.000000 -0.994525 0.104503
vn 0.000000 -0.743140 -0.669136
vn 0.000000 -0.743140 -0.669136
vn 0.000000 -0.951066 -0.308989
vn 0.000000 -0.406723 -0.913552
vn 0.000000 -0.406723 -0.913552
vn 0.000000 -0.743140 -0.669136
vn 0.000000 0.000000 -1.000000
vn 0.000000 0.000000 -1.000000
vn 0.000000 -0.406723 -0.913552
vn -0.000000 0.406686 -0.913568
vn -0.000000 0.406686 -0.913568
vn 0.000000 0.000000 -1.000000
vn -0.000000 0.406723 -0.913552
vn -0.000000 0.406723 -0.913552
vn 0.000000 0.000000 -1.000000
vn 0.000000 0.000000 -1.000000
vn 0.000000 0.000000 -1.000000
vn 0.000000 -0.406723 -0.913552
vn 0.000000 -0.406723 -0.913552
vn 0.000000 -0.406723 -0.913552
vn 0.000000 -0.743140 -0.669136
vn 0.000000 -0.743140 -0.669136
vn 0.000000 -0.743140 -0.669136
vn 0.000000 -0.951066 -0.308989
vn 0.000000 -0.951066 -0.308989
vn 0.000000 -0.951066 -0.308989
vn 0.000000 -0.994525 0.104503
vn 0.000000 -0.994525 0.104503
vn 0.000000 -0.994525 0.104503
vn 0.000000 -0.866019 0.500011
vn 0.000000 -0.866019 0.500011
vn 0.000000 -0.866019 0.500011
vn 0.000000 -0.587803 0.809004
vn 0.000000 -0.587803 0.809004
vn 0.000000 -0.587803 0.809004
vn 0.000000 -0.207910 0.978148
vn 0.000000 -0.207910 0.978148
vn 0.000000 -0.207910 0.978148
vn 0.000000 0.207910 0.978148
vn 0.000000 0.207910 0.978148
vn 0.000000 0.207910 0.978148
vn 0.000000 0.587803 0.809004
vn 0.000000 0.587803 0.809004
vn 0.000000 0.587803 0.809004
vn 0.000000 0.866019 0.500011
vn 0.000000 0.866019 0.500011
vn 0.000000 0.866019 0.500011
vn 0.000000 0.994525 0.104503
vn 0.000000 0.994525 0.104503
vn 0.000000 0.994525 0.104503
vn -0.000000 0.951066 -0.308989
vn -0.000000 0.951066 -0.308989
vn -0.000000 0.951066 -0.308989
vn -0.000000 0.743140 -0.669136
vn -0.000000 0.743140 -0.669136
vn -0.000000 0.743140 -0.669136
vn -0.000000 0.406723 -0.913552
vn -1.000000 0.000000 0.000000
vn -1.000000 0.000000 0.000000
vn -1.000000 0.000000 0.000000
vn -1.000000 0.000000 0.000000
vn -1.000000 0.000000 0.000000
vn -1.000000 0.000000 0.000000
vn -1.000000 0.000000 0.000000
vn -1.000000 0.000000 0.000000
vn -1.000000 0.000000 0.000000
vn -1.000000 0.000000 0.000000
vn -1.000000 0.000000 0.000000
vn -1.000000 0.000000 0.000000
vn -1.000000 0.000000 0.000000
vn -1.000000 0.000000 0.000000
vn -1.000000 0.000000 0.000000
vn -1.000000 0.000000 0.000000
vn -1.000000 0.000000 0.000000
vn -1.000000 0.000000 0.000000
vn -1.000000 0.000000 0.000000
vn -1.000000 0.000000 0.000000
vn -1.000000 0.000000 0.000000
vn -1.000000 0.000000 0.000000
vn -1.000000 0.000000 0.000000
vn -1.000000 0.000000 0.000000
vn -1.000000 0.000000 0.000000
vn -1.000000 0.000000 0.000000
vn -1.000000 0.000000 0.000000
vn -1.000000 0.000000 0.000000
vn -1.000000 0.000000 0.000000
vn -1.000000 0.000000 0.000000
vn -1.000000 0.000000 0.000000
vn -1.000000 0.000000 0.000000
vn -1.000000 0.000000 0.000000
vn -1.000000 0.000000 0.000000
vn -1.000000 0.000000 0.000000
vn -1.000000 0.000000 0.000000
vn -1.000000 0.000000 0.000000
vn -1.000000 0.000000 0.000000
vn -1.000000 0.000000 0.000000
vn -1.000000 0.000000 0.000000
vn -1.000000 0.000000 0.000000
vn -1.000000 0.000000 0.000000
vn -1.000000 0.000000 0.000000
vn -1.000000 0.000000 0.000000
vn -1.000000 0.000000 0.000000
vn -0.000000 0.406723 -0.913552
vn -0.000000 0.406723 -0.913552
vn -0.000000 0.743140 -0.669136
vn -0.000000 0.743140 -0.669136
vn -0.000000 0.743140 -0.669136
vn -0.000000 0.951066 -0.308989
vn -0.000000 0.951066 -0.308989
vn -0.000000 0.951066 -0.308989
vn 0.000000 0.994525 0.104503
vn 0.000000 0.994525 0.104503
vn 0.000000 0.994525 0.104503
vn 0.000000 0.866019 0.500011
vn 0.000000 0.866019 0.500011
vn 0.000000 0.866019 0.500011
vn 0.000000 0.587803 0.809004
vn 0.000000 0.587803 0.809004
vn 0.000000 0.587803 0.809004
vn 0.000000 0.207910 0.978148
vn 0.000000 0.207910 0.978148
vn 0.000000 0.207910 0.978148
vn 0.000000 -0.207910 0.978148
vn 0.000000 -0.207910 0.978148
vn 0.000000 -0.207910 0.978148
vn 0.000000 -0.587803 0.809004
vn 0.000000 -0.587803 0.809004
vn 0.000000 -0.587803 0.809004
vn 0.000000 -0.866019 0.500011
vn 0.000000 -0.866019 0.500011
vn 0.000000 -0.866019 0.500011
vn 0.000000 -0.994525 0.104503
vn 0.000000 -0.994525 0.104503
vn 0.000000 -0.994525 0.104503
vn 0.000000 -0.951066 -0.308989
vn 0.000000 -0.951066 -0.308989
vn 0.000000 -0.951066 -0.308989
vn 0.000000 -0.743140 -0.669136
vn 0.000000 -0.743140 -0.669136
vn 0.000000 -0.743140 -0.669136
vn 0.000000 -0.406723 -0.913552
vn 0.000000 -0.406723 -0.913552
vn 0.000000 -0.406723 -0.913552
vn 0.000000 0.000000 -1.000000
vn 0.000000 0.000000 -1.000000
vn 0.000000 0.000000 -1.000000
vn -0.000000 0.406723 -0.913552
vn 1.000000 0.000000 0.000000
vn 1.000000 0.000000 0.000000
vn 1.000000 0.000000 0.000000
vn -1.000000 0.000000 0.000000
vn -1.000000 0.000000 0.000000
vn -1.000000 0.000000 0.000000
vn 1.000000 0.000000 0.000000
vn 1.000000 0.000000 0.000000
vn 1.000000 0.000000 0.000000
vn -1.000000 0.000000 0.000000
vn -1.000000 0.000000 0.000000
vn -1.000000 0.000000 0.000000
vn 1.000000 0.000000 0.000000
vn 1.000000 0.000000 0.000000
vn 1.000000 0.000000 0.000000
vn -1.000000 0.000000 0.000000
vn -1.000000 0.000000 0.000000
vn -1.000000 0.000000 0.000000
vn 1.000000 0.000000 0.000000
vn 1.000000 0.000000 0.000000
vn 1.000000 0.000000 0.000000
vn -1.000000 0.000000 0.000000
vn -1.000000 0.000000 0.000000
vn -1.000000 0.000000 0.000000
vn 1.000000 0.000000 0.000000
vn 1.000000 0.000000 0.000000
vn 1.000000 0.000000 0.000000
vn -1.000000 0.000000 0.000000
vn -1.000000 0.000000 0.000000
vn -1.000000 0.000000 0.000000
vn 1.000000 0.000000 0.000000
vn 1.000000 0.000000 0.000000
vn 1.000000 0.000000 0.000000
vn -1.000000 0.000000 0.000000
vn -1.000000 0.000000 0.000000
vn -1.000000 0.000000 0.000000
vn 1.000000 0.000000 0.000000
vn 1.000000 0.000000 0.000000
vn 1.000000 0.000000 0.000000
vn -1.000000 0.000000 0.000000
vn -1.000000 0.000000 0.000000
vn -1.000000 0.000000 0.000000
vn 1.000000 0.000000 0.000000
vn 1.000000 0.000000 0.000000
vn 1.000000 0.000000 0.000000
vn -1.000000 0.000000 0.000000
vn -1.000000 0.000000 0.000000
vn -1.000000 0.000000 0.000000
vn 1.000000 0.000000 0.000000
vn 1.000000 0.000000 0.000000
vn 1.000000 0.000000 0.000000
vn -1.000000 0.000000 0.000000
vn -1.000000 0.000000 0.000000
vn -1.000000 0.000000 0.000000
vn 1.000000 0.000000 0.000000
vn 1.000000 0.000000 0.000000
vn 1.000000 0.000000 0.000000
vn -1.000000 0.000000 0.000000
vn -1.000000 0.000000 0.000000
vn -1.000000 0.000000 0.000000
vn 1.000000 0.000000 0.000000
vn 1.000000 0.000000 0.000000
vn 1.000000 0.000000 0.000000
vn -1.000000 0.000000 0.000000
vn -1.000000 0.000000 0.000000
vn -1.000000 0.000000 0.000000
vn 1.000000 0.000000 0.000000
vn 1.000000 0.000000 0.000000
vn 1.000000 0.000000 0.000000
vn -1.000000 0.000000 0.000000
vn -1.000000 0.000000 0.000000
vn -1.000000 0.000000 0.000000
vn 1.000000 0.000000 0.000000
vn 1.000000 0.000000 0.000000
vn 1.000000 0.000000 0.000000
vn -1.000000 0.000000 0.000000
vn -1.000000 0.000000 0.000000
vn -1.000000 0.000000 0.000000
vn 1.000000 0.000000 0.000000
vn 1.000000 0.000000 0.000000
vn 1.000000 0.000000 0.000000
vn -1.000000 0.000000 0.000000
vn -1.000000 0.000000 0.000000
vn -1.000000 0.000000 0.000000
vn 1.000000 0.000000 0.000000
vn 1.000000 0.000000 0.000000
vn 1.000000 0.000000 0.000000
vn -1.000000 0.000000 0.000000
vn -1.000000 0.000000 0.000000
vn -1.000000 0.000000 0.000000
vn -0.000000 0.406723 -0.913552
vn -0.000000 0.743140 -0.669136
vn -0.000000 0.743140 -0.669136
vn -0.000000 0.743140 -0.669136
vn -0.000000 0.951066 -0.308989
vn -0.000000 0.951066 -0.308989
vn -0.000000 0.951066 -0.308989
vn 0.000000 0.994525 0.104503
vn 0.000000 0.994525 0.104503
vn 0.000000 0.994525 0.104503
vn 0.000000 0.866019 0.500011
vn 0.000000 0.866019 0.500011
vn 0.000000 0.866019 0.500011
vn 0.000000 0.587803 0.809004
vn 0.000000 0.587803 0.809004
vn 0.000000 0.587803 0.809004
vn 0.000000 0.207910 0.978148
vn 0.000000 0.207910 0.978148
vn 0.000000 0.207910 0.978148
vn 0.000000 -0.207910 0.978148
vn 0.000000 -0.207910 0.978148
vn 0.000000 -0.207910 0.978148
vn 0.000000 -0.587803 0.809004
vn 0.000000 -0.587803 0.809004
vn 0.000000 -0.587803 0.809004
vn 0.000000 -0.866019 0.500011
vn 0.000000 -0.866019 0.500011
vn 0.000000 -0.866019 0.500011
vn 0.000000 -0.994525 0.104503
vn 0.000000 -0.994525 0.104503
vn 0.000000 -0.994525 0.104503
vn 0.000000 -0.951066 -0.308989
vn 0.000000 -0.951066 -0.308989
vn 0.000000 -0.951066 -0.308989
vn 0.000000 -0.743140 -0.669136
vn 0.000000 -0.743140 -0.669136
vn 0.000000 -0.743140 -0.669136
vn 0.000000 -0.406723 -0.913552
vn 0.000000 -0.406723 -0.913552
vn 0.000000 -0.406723 -0.913552
vn 0.000000 0.000000 -1.000000
vn 0.000000 0.000000 -1.000000
vn 0.000000 0.000000 -1.000000
vn -0.000000 0.406723 -0.913552
vn -0.000000 0.406723 -0.913552
vn 0.000000 0.000000 -1.000000
vn -0.000000 0.406723 -0.913552
vn -0.000000 0.406723 -0.913552
vn 0.000000 -0.406723 -0.913552
vn 0.000000 0.000000 -1.000000
vn 0.000000 0.000000 -1.000000
vn 0.000000 -0.743140 -0.669136
vn 0.000000 -0.406723 -0.913552
vn 0.000000 -0.406723 -0.913552
vn 0.000000 -0.951066 -0.308989
vn 0.000000 -0.743140 -0.669136
vn 0.000000 -0.743140 -0.669136
vn 0.000000 -0.994525 0.104503
vn 0.000000 -0.951066 -0.308989
vn 0.000000 -0.951066 -0.308989
vn 0.000000 -0.866019 0.500011
vn 0.000000 -0.994525 0.104503
vn 0.000000 -0.994525 0.104503
vn 0.000000 -0.587803 0.809004
vn 0.000000 -0.866019 0.500011
vn 0.000000 -0.866019 0.500011
vn 0.000000 -0.207910 0.978148
vn 0.000000 -0.587803 0.809004
vn 0.000000 -0.587803 0.809004
vn 0.000000 0.207910 0.978148
vn 0.000000 -0.207910 0.978148
vn 0.000000 -0.207910 0.978148
vn 0.000000 0.587803 0.809004
vn 0.000000 0.207910 0.978148
vn 0.000000 0.207910 0.978148
vn 0.000000 0.866019 0.500011
vn 0.000000 0.587803 0.809004
vn 0.000000 0.587803 0.809004
vn 0.000000 0.994525 0.104503
vn 0.000000 0.866019 0.500011
vn 0.000000 0.866019 0.500011
vn -0.000000 0.951066 -0.308989
vn 0.000000 0.994525 0.104503
vn 0.000000 0.994525 0.104503
vn -0.000000 0.743140 -0.669136
vn -0.000000 0.951066 -0.308989
vn -0.000000 0.951066 -0.308989
vn -0.000000 0.406723 -0.913552
vn -0.000000 0.743140 -0.669136
vn -0.000000 0.743140 -0.669136
vn 1.000000 0.000000 0.000000
vn 1.000000 0.000000 0.000000
vn 1.000000 0.000000 0.000000
vn 1.000000 0.000000 0.000000
vn 1.000000 0.000000 0.000000
vn 1.000000 0.000000 0.000000
vn 1.000000 0.000000 0.000000
vn 1.000000 0.000000 0.000000
vn 1.000000 0.000000 0.000000
vn 1.000000 0.000000 0.000000
vn 1.000000 0.000000 0.000000
vn 1.000000 0.000000 0.000000
vn 1.000000 0.000000 0.000000
vn 1.000000 0.000000 0.000000
vn 1.000000 0.000000 0.000000
vn 1.000000 0.000000 0.000000
vn 1.000000 0.000000 0.000000
vn 1.000000 0.000000 0.000000
vn 1.000000 0.000000 0.000000
vn 1.000000 0.000000 0.000000
vn 1.000000 0.000000 0.000000
vn 1.000000 0.000000 0.000000
vn 1.000000 0.000000 0.000000
vn 1.000000 0.000000 0.000000
vn 1.000000 0.000000 0.000000
vn 1.000000 0.000000 0.000000
vn 1.000000 0.000000 0.000000
vn 1.000000 0.000000 0.000000
vn 1.000000 0.000000 0.000000
vn 1.000000 0.000000 0.000000
vn 1.000000 0.000000 0.000000
vn 1.000000 0.000000 0.000000
vn 1.000000 0.000000 0.000000
vn 1.000000 0.000000 0.000000
vn 1.000000 0.000000 0.000000
vn 1.000000 0.000000 0.000000
vn 1.000000 0.000000 0.000000
vn 1.000000 0.000000 0.000000
vn 1.000000 0.000000 0.000000
vn 1.000000 0.000000 0.000000
vn 1.000000 0.000000 0.000000
vn 1.000000 0.000000 0.000000
vn 1.000000 0.000000 0.000000
vn 1.000000 0.000000 0.000000
vn 1.000000 0.000000 0.000000
vn -0.000000 0.743140 -0.669136
vn -0.000000 0.406723 -0.913552
vn -0.000000 0.406723 -0.913552
vn -0.000000 0.951066 -0.308989
vn -0.000000 0.743140 -0.669136
vn -0.000000 0.743140 -0.669136
vn 0.000000 0.994525 0.104503
vn -0.000000 0.951066 -0.308989
vn -0.000000 0.951066 -0.308989
vn 0.000000 0.866019 0.500011
vn 0.000000 0.994525 0.104503
vn 0.000000 0.994525 0.104503
vn 0.000000 0.587803 0.809004
vn 0.000000 0.866019 0.500011
vn 0.000000 0.866019 0.500011
vn 0.000000 0.207910 0.978148
vn 0.000000 0.587803 0.809004
vn 0.000000 0.587803 0.809004
vn 0.000000 -0.207910 0.978148
vn 0.000000 0.207910 0.978148
vn 0.000000 0.207910 0.978148
vn 0.000000 -0.587803 0.809004
vn 0.000000 -0.207910 0.978148
vn 0.000000 -0.207910 0.978148
vn 0.000000 -0.866019 0.500011
vn 0.000000 -0.587803 0.809004
vn 0.000000 -0.587803 0.809004
vn 0.000000 -0.994525 0.104503
vn 0.000000 -0.866019 0.500011
vn 0.000000 -0.866019 0.500011
vn 0.000000 -0.951066 -0.308989
vn 0.000000 -0.994525 0.104503
vn 0.000000 -0.994525 0.104503
vn 0.000000 -0.743140 -0.669136
vn 0.000000 -0.951066 -0.308989
vn 0.000000 -0.951066 -0.308989
vn 0.000000 -0.406723 -0.913552
vn 0.000000 -0.743140 -0.669136
vn 0.000000 -0.743140 -0.669136
vn 0.000000 0.000000 -1.000000
vn 0.000000 -0.406723 -0.913552
vn 0.000000 -0.406723 -0.913552
vn -0.000000 0.406723 -0.913552
vn 0.000000 0.000000 -1.000000
vn 0.000000 0.000000 -1.000000
vn -1.000000 0.000000 0.000000
vn -1.000000 0.000000 0.000000
vn -1.000000 0.000000 0.000000
vn 1.000000 0.000000 0.000000
vn 1.000000 0.000000 0.000000
vn 1.000000 0.000000 0.000000
vn -1.000000 0.000000 0.000000
vn -1.000000 0.000000 0.000000
vn -1.000000 0.000000 0.000000
vn 1.000000 0.000000 0.000000
vn 1.000000 0.000000 0.000000
vn 1.000000 0.000000 0.000000
vn -1.000000 0.000000 0.000000
vn -1.000000 0.000000 0.000000
vn -1.000000 0.000000 0.000000
vn 1.000000 0.000000 0.000000
vn 1.000000 0.000000 0.000000
vn 1.000000 0.000000 0.000000
vn -1.000000 0.000000 0.000000
vn -1.000000 0.000000 0.000000
vn -1.000000 0.000000 0.000000
vn 1.000000 0.000000 0.000000
vn 1.000000 0.000000 0.000000
vn 1.000000 0.000000 0.000000
vn -1.000000 0.000000 0.000000
vn -1.000000 0.000000 0.000000
vn -1.000000 0.000000 0.000000
vn 1.000000 0.000000 0.000000
vn 1.000000 0.000000 0.000000
vn 1.000000 0.000000 0.000000
vn -1.000000 0.000000 0.000000
vn -1.000000 0.000000 0.000000
vn -1.000000 0.000000 0.000000
vn 1.000000 0.000000 0.000000
vn 1.000000 0.000000 0.000000
vn 1.000000 0.000000 0.000000
vn -1.000000 0.000000 0.000000
vn -1.000000 0.000000 0.000000
vn -1.000000 0.000000 0.000000
vn 1.000000 0.000000 0.000000
vn 1.000000 0.000000 0.000000
vn 1.000000 0.000000 0.000000
vn -1.000000 0.000000 0.000000
vn -1.000000 0.000000 0.000000
vn -1.000000 0.000000 0.000000
vn 1.000000 0.000000 0.000000
vn 1.000000 0.000000 0.000000
vn 1.000000 0.000000 0.000000
vn -1.000000 0.000000 0.000000
vn -1.000000 0.000000 0.000000
vn -1.000000 0.000000 0.000000
vn 1.000000 0.000000 0.000000
vn 1.000000 0.000000 0.000000
vn 1.000000 0.000000 0.000000
vn -1.000000 0.000000 0.000000
vn -1.000000 0.000000 0.000000
vn -1.000000 0.000000 0.000000
vn 1.000000 0.000000 0.000000
vn 1.000000 0.000000 0.000000
vn 1.000000 0.000000 0.000000
vn -1.000000 0.000000 0.000000
vn -1.000000 0.000000 0.000000
vn -1.000000 0.000000 0.000000
vn 1.000000 0.000000 0.000000
vn 1.000000 0.000000 0.000000
vn 1.000000 0.000000 0.000000
vn -1.000000 0.000000 0.000000
vn -1.000000 0.000000 0.000000
vn -1.000000 0.000000 0.000000
vn 1.000000 0.000000 0.000000
vn 1.000000 0.000000 0.000000
vn 1.000000 0.000000 0.000000
vn -1.000000 0.000000 0.000000
vn -1.000000 0.000000 0.000000
vn -1.000000 0.000000 0.000000
vn 1.000000 0.000000 0.000000
vn 1.000000 0.000000 0.000000
vn 1.000000 0.000000 0.000000
vn -1.000000 0.000000 0.000000
vn -1.000000 0.000000 0.000000
vn -1.000000 0.000000 0.000000
vn 1.000000 0.000000 0.000000
vn 1.000000 0.000000 0.000000
vn 1.000000 0.000000 0.000000
vn -1.000000 0.000000 0.000000
vn -1.000000 0.000000 0.000000
vn -1.000000 0.000000 0.000000
vn 1.000000 0.000000 0.000000
vn 1.000000 0.000000 0.000000
vn 1.000000 0.000000 0.000000
vn -0.000000 0.587803 -0.809004
vn -0.000000 0.587803 -0.809004
vn -0.000000 0.587803 -0.809004
vn -0.000000 0.951066 -0.308989
vn -0.000000 0.951066 -0.308989
vn -0.000000 0.743185 -0.669086
vn 0.000000 0.994525 0.104503
vn 0.000000 0.994525 0.104503
vn -0.000000 0.951066 -0.308989
vn 0.000000 0.866019 0.500011
vn 0.000000 0.866019 0.500011
vn 0.000000 0.994525 0.104503
vn 0.000000 0.587803 0.809004
vn 0.000000 0.587803 0.809004
vn 0.000000 0.866019 0.500011
vn 0.000000 0.207910 0.978148
vn 0.000000 0.207910 0.978148
vn 0.000000 0.587803 0.809004
vn 0.000000 -0.207910 0.978148
vn 0.000000 -0.207910 0.978148
vn 0.000000 0.207910 0.978148
vn 0.000000 -0.587803 0.809004
vn 0.000000 -0.587803 0.809004
vn 0.000000 -0.207910 0.978148
vn 0.000000 -0.866019 0.500011
vn 0.000000 -0.866019 0.500011
vn 0.000000 -0.587803 0.809004
vn 0.000000 -0.994525 0.104503
vn 0.000000 -0.994525 0.104503
vn 0.000000 -0.866019 0.500011
vn 0.000000 -0.951066 -0.308989
vn 0.000000 -0.951066 -0.308989
vn 0.000000 -0.994525 0.104503
vn 0.000000 -0.743140 -0.669136
vn 0.000000 -0.743140 -0.669136
vn 0.000000 -0.951066 -0.308989
vn 0.000000 -0.406723 -0.913552
vn 0.000000 -0.406723 -0.913552
vn 0.000000 -0.743140 -0.669136
vn 0.000000 0.000000 -1.000000
vn 0.000000 0.000000 -1.000000
vn 0.000000 -0.406723 -0.913552
vn -0.000000 0.406686 -0.913568
vn -0.000000 0.406686 -0.913568
vn 0.000000 0.000000 -1.000000
vn -0.000000 0.406723 -0.913552
vn -0.000000 0.406723 -0.913552
vn 0.000000 0.000000 -1.000000
vn 0.000000 0.000000 -1.000000
vn 0.000000 0.000000 -1.000000
vn 0.000000 -0.406723 -0.913552
vn 0.000000 -0.406723 -0.913552
vn 0.000000 -0.406723 -0.913552
vn 0.000000 -0.743140 -0.669136
vn 0.000000 -0.743140 -0.669136
vn 0.000000 -0.743140 -0.669136
vn 0.000000 -0.951066 -0.308989
vn 0.000000 -0.951066 -0.308989
vn 0.000000 -0.951066 -0.308989
vn 0.000000 -0.994525 0.104503
vn 0.000000 -0.994525 0.104503
vn 0.000000 -0.994525 0.104503
vn 0.000000 -0.866019 0.500011
vn 0.000000 -0.866019 0.500011
vn 0.000000 -0.866019 0.500011
vn 0.000000 -0.587803 0.809004
vn 0.000000 -0.587803 0.809004
vn 0.000000 -0.587803 0.809004
vn 0.000000 -0.207910 0.978148
vn 0.000000 -0.207910 0.978148
vn 0.000000 -0.207910 0.978148
vn 0.000000 0.207910 0.978148
vn 0.000000 0.207910 0.978148
vn 0.000000 0.207910 0.978148
vn 0.000000 0.587803 0.809004
vn 0.000000 0.587803 0.809004
vn 0.000000 0.587803 0.809004
vn 0.000000 0.866019 0.500011
vn 0.000000 0.866019 0.500011
vn 0.000000 0.866019 0.500011
vn 0.000000 0.994525 0.104503
vn 0.000000 0.994525 0.104503
vn 0.000000 0.994525 0.104503
vn -0.000000 0.951066 -0.308989
vn -0.000000 0.951066 -0.308989
vn -0.000000 0.951066 -0.308989
vn -0.000000 0.743140 -0.669136
vn -0.000000 0.743140 -0.669136
vn -0.000000 0.743140 -0.669136
vn -0.000000 0.406723 -0.913552
vn -1.000000 0.000000 0.000000
vn -1.000000 0.000000 0.000000
vn -1.000000 0.000000 0.000000
vn -1.000000 0.000000 0.000000
vn -1.000000 0.000000 0.000000
vn -1.000000 0.000000 0.000000
vn -1.000000 0.000000 0.000000
vn -1.000000 0.000000 0.000000
vn -1.000000 0.000000 0.000000
vn -1.000000 0.000000 0.000000
vn -1.000000 0.000000 0.000000
vn -1.000000 0.000000 0.000000
vn -1.000000 0.000000 0.000000
vn -1.000000 0.000000 0.000000
vn -1.000000 0.000000 0.000000
vn -1.000000 0.000000 0.000000
vn -1.000000 0.000000 0.000000
vn -1.000000 0.000000 0.000000
vn -1.000000 0.000000 0.000000
vn -1.000000 0.000000 0.000000
vn -1.000000 0.000000 0.000000
vn -1.000000 0.000000 0.000000
vn -1.000000 0.000000 0.000000
vn -1.000000 0.000000 0.000000
vn -1.000000 0.000000 0.000000
vn -1.000000 0.000000 0.000000
vn -1.000000 0.000000 0.000000
vn -1.000000 0.000000 0.000000
vn -1.000000 0.000000 0.000000
vn -1.000000 0.000000 0.000000
vn -1.000000 0.000000 0.000000
vn -1.000000 0.000000 0.000000
vn -1.000000 0.000000 0.000000
vn -1.000000 0.000000 0.000000
vn -1.000000 0.000000 0.000000
vn -1.000000 0.000000 0.000000
vn -1.000000 0.000000 0.000000
vn -1.000000 0.000000 0.000000
vn -1.000000 0.000000 0.000000
vn -1.000000 0.000000 0.000000
vn -1.000000 0.000000 0.000000
vn -1.000000 0.000000 0.000000
vn -1.000000 0.000000 0.000000
vn -1.000000 0.000000 0.000000
vn -1.000000 0.000000 0.000000
vn -0.000000 0.406723 -0.913552
vn -0.000000 0.406723 -0.913552
vn -0.000000 0.743140 -0.669136
vn -0.000000 0.743140 -0.669136
vn -0.000000 0.743140 -0.669136
vn -0.000000 0.951066 -0.308989
vn -0.000000 0.951066 -0.308989
vn -0.000000 0.951066 -0.308989
vn 0.000000 0.994525 0.104503
vn 0.000000 0.994525 0.104503
vn 0.000000 0.994525 0.104503
vn 0.000000 0.866019 0.500011
vn 0.000000 0.866019 0.500011
vn 0.000000 0.866019 0.500011
vn 0.000000 0.587803 0.809004
vn 0.000000 0.587803 0.809004
vn 0.000000 0.587803 0.809004
vn 0.000000 0.207910 0.978148
vn 0.000000 0.207910 0.978148
vn 0.000000 0.207910 0.978148
vn 0.000000 -0.207910 0.978148
vn 0.000000 -0.207910 0.978148
vn 0.000000 -0.207910 0.978148
vn 0.000000 -0.587803 0.809004
vn 0.000000 -0.587803 0.809004
vn 0.000000 -0.587803 0.809004
vn 0.000000 -0.866019 0.500011
vn 0.000000 -0.866019 0.500011
vn 0.000000 -0.866019 0.500011
vn 0.000000 -0.994525 0.104503
vn 0.000000 -0.994525 0.104503
vn 0.000000 -0.994525 0.104503
vn 0.000000 -0.951066 -0.308989
vn 0.000000 -0.951066 -0.308989
vn 0.000000 -0.951066 -0.308989
vn 0.000000 -0.743140 -0.669136
vn 0.000000 -0.743140 -0.669136
vn 0.000000 -0.743140 -0.669136
vn 0.000000 -0.406723 -0.913552
vn 0.000000 -0.406723 -0.913552
vn 0.000000 -0.406723 -0.913552
vn 0.000000 0.000000 -1.000000
vn 0.000000 0.000000 -1.000000
vn 0.000000 0.000000 -1.000000
vn -0.000000 0.406723 -0.913552
vn 1.000000 0.000000 0.000000
vn 1.000000 0.000000 0.000000
vn 1.000000 0.000000 0.000000
vn -1.000000 0.000000 0.000000
vn -1.000000 0.000000 0.000000
vn -1.000000 0.000000 0.000000
vn 1.000000 0.000000 0.000000
vn 1.000000 0.000000 0.000000
vn 1.000000 0.000000 0.000000
vn -1.000000 0.000000 0.000000
vn -1.000000 0.000000 0.000000
vn -1.000000 0.000000 0.000000
vn 1.000000 0.000000 0.000000
vn 1.000000 0.000000 0.000000
vn 1.000000 0.000000 0.000000
vn -1.000000 0.000000 0.000000
vn -1.000000 0.000000 0.000000
vn -1.000000 0.000000 0.000000
vn 1.000000 0.000000 0.000000
vn 1.000000 0.000000 0.000000
vn 1.000000 0.000000 0.000000
vn -1.000000 0.000000 0.000000
vn -1.000000 0.000000 0.000000
vn -1.000000 0.000000 0.000000
vn 1.000000 0.000000 0.000000
vn 1.000000 0.000000 0.000000
vn 1.000000 0.000000 0.000000
vn -1.000000 0.000000 0.000000
vn -1.000000 0.000000 0.000000
vn -1.000000 0.000000 0.000000
vn 1.000000 0.000000 0.000000
vn 1.000000 0.000000 0.000000
vn 1.000000 0.000000 0.000000
vn -1.000000 0.000000 0.000000
vn -1.000000 0.000000 0.000000
vn -1.000000 0.000000 0.000000
vn 1.000000 0.000000 0.000000
vn 1.000000 0.000000 0.000000
vn 1.000000 0.000000 0.000000
vn -1.000000 0.000000 0.000000
vn -1.000000 0.000000 0.000000
vn -1.000000 0.000000 0.000000
vn 1.000000 0.000000 0.000000
vn 1.000000 0.000000 0.000000
vn 1.000000 0.000000 0.000000
vn -1.000000 0.000000 0.000000
vn -1.000000 0.000000 0.000000
vn -1.000000 0.000000 0.000000
vn 1.000000 0.000000 0.000000
vn 1.000000 0.000000 0.000000
vn 1.000000 0.000000 0.000000
vn -1.000000 0.000000 0.000000
vn -1.000000 0.000000 0.000000
vn -1.000000 0.000000 0.000000
vn 1.000000 0.000000 0.000000
vn 1.000000 0.000000 0.000000
vn 1.000000 0.000000 0.000000
vn -1.000000 0.000000 0.000000
vn -1.000000 0.000000 0.000000
vn -1.000000 0.000000 0.000000
vn 1.000000 0.000000 0.000000
vn 1.000000 0.000000 0.000000
vn 1.000000 0.000000 0.000000
vn -1.000000 0.000000 0.000000
vn -1.000000 0.000000 0.000000
vn -1.000000 0.000000 0.000000
vn 1.000000 0.000000 0.000000
vn 1.000000 0.000000 0.000000
vn 1.000000 0.000000 0.000000
vn -1.000000 0.000000 0.000000
vn -1.000000 0.000000 0.000000
vn -1.000000 0.000000 0.000000
vn 1.000000 0.000000 0.000000
vn 1.000000 0.000000 0.000000
vn 1.000000 0.000000 0.000000
vn -1.000000 0.000000 0.000000
vn -1.000000 0.000000 0.000000
vn -1.000000 0.000000 0.000000
vn 1.000000 0.000000 0.000000
vn 1.000000 0.000000 0.000000
vn 1.000000 0.000000 0.000000
vn -1.000000 0.000000 0.000000
vn -1.000000 0.000000 0.000000
vn -1.000000 0.000000 0.000000
vn 1.000000 0.000000 0.000000
vn 1.000000 0.000000 0.000000
vn 1.000000 0.000000 0.000000
vn -1.000000 0.000000 0.000000
vn -1.000000 0.000000 0.000000
vn -1.000000 0.000000 0.000000
vn -0.000000 0.406723 -0.913552
vn -0.000000 0.743140 -0.669136
vn -0.000000 0.743140 -0.669136
vn -0.000000 0.743140 -0.669136
vn -0.000000 0.951066 -0.308989
vn -0.000000 0.951066 -0.308989
vn -0.000000 0.951066 -0.308989
vn 0.000000 0.994525 0.104503
vn 0.000000 0.994525 0.104503
vn 0.000000 0.994525 0.104503
vn 0.000000 0.866019 0.500011
vn 0.000000 0.866019 0.500011
vn 0.000000 0.866019 0.500011
vn 0.000000 0.587803 0.809004
vn 0.000000 0.587803 0.809004
vn 0.000000 0.587803 0.809004
vn 0.000000 0.207910 0.978148
vn 0.000000 0.207910 0.978148
vn 0.000000 0.207910 0.978148
vn 0.000000 -0.207910 0.978148
vn 0.000000 -0.207910 0.978148
vn 0.000000 -0.207910 0.978148
vn 0.000000 -0.587803 0.809004
vn 0.000000 -0.587803 0.809004
vn 0.000000 -0.587803 0.809004
vn 0.000000 -0.866019 0.500011
vn 0.000000 -0.866019 0.500011
vn 0.000000 -0.866019 0.500011
vn 0.000000 -0.994525 0.104503
vn 0.000000 -0.994525 0.104503
vn 0.000000 -0.994525 0.104503
vn 0.000000 -0.951066 -0.308989
vn 0.000000 -0.951066 -0.308989
vn 0.000000 -0.951066 -0.308989
vn 0.000000 -0.743140 -0.669136
vn 0.000000 -0.743140 -0.669136
vn 0.000000 -0.743140 -0.669136
vn 0.000000 -0.406723 -0.913552
vn 0.000000 -0.406723 -0.913552
vn 0.000000 -0.406723 -0.913552
vn 0.000000 0.000000 -1.000000
vn 0.000000 0.000000 -1.000000
vn 0.000000 0.000000 -1.000000
vn -0.000000 0.406723 -0.913552
vn -0.000000 0.406723 -0.913552
vn 0.000000 0.000000 -1.000000
vn -0.000000 0.406723 -0.913552
vn -0.000000 0.406723 -0.913552
vn 0.000000 -0.406723 -0.913552
vn 0.000000 0.000000 -1.000000
vn 0.000000 0.000000 -1.000000
vn 0.000000 -0.743140 -0.669136
vn 0.000000 -0.406723 -0.913552
vn 0.000000 -0.406723 -0.913552
vn 0.000000 -0.951066 -0.308989
vn 0.000000 -0.743140 -0.669136
vn 0.000000 -0.743140 -0.669136
vn 0.000000 -0.994525 0.104503
vn 0.000000 -0.951066 -0.308989
vn 0.000000 -0.951066 -0.308989
vn 0.000000 -0.866019 0.500011
vn 0.000000 -0.994525 0.104503
vn 0.000000 -0.994525 0.104503
vn 0.000000 -0.587803 0.809004
vn 0.000000 -0.866019 0.500011
vn 0.000000 -0.866019 0.500011
vn 0.000000 -0.207910 0.978148
vn 0.000000 -0.587803 0.809004
vn 0.000000 -0.587803 0.809004
vn 0.000000 0.207910 0.978148
vn 0.000000 -0.207910 0.978148
vn 0.000000 -0.207910 0.978148
vn 0.000000 0.587803 0.809004
vn 0.000000 0.207910 0.978148
vn 0.000000 0.207910 0.978148
vn 0.000000 0.866019 0.500011
vn 0.000000 0.587803 0.809004
vn 0.000000 0.587803 0.809004
vn 0.000000 0.994525 0.104503
vn 0.000000 0.866019 0.500011
vn 0.000000 0.866019 0.500011
vn -0.000000 0.951066 -0.308989
vn 0.000000 0.994525 0.104503
vn 0.000000 0.994525 0.104503
vn -0.000000 0.743140 -0.669136
vn -0.000000 0.951066 -0.308989
vn -0.000000 0.951066 -0.308989
vn -0.000000 0.406723 -0.913552
vn -0.000000 0.743140 -0.669136
vn -0.000000 0.743140 -0.669136
vn 1.000000 0.000000 0.000000
vn 1.000000 0.000000 0.000000
vn 1.000000 0.000000 0.000000
vn 1.000000 0.000000 0.000000
vn 1.000000 0.000000 0.000000
vn 1.000000 0.000000 0.000000
vn 1.000000 0.000000 0.000000
vn 1.000000 0.000000 0.000000
vn 1.000000 0.000000 0.000000
vn 1.000000 0.000000 0.000000
vn 1.000000 0.000000 0.000000
vn 1.000000 0.000000 0.000000
vn 1.000000 0.000000 0.000000
vn 1.000000 0.000000 0.000000
vn 1.000000 0.000000 0.000000
vn 1.000000 0.000000 0.000000
vn 1.000000 0.000000 0.000000
vn 1.000000 0.000000 0.000000
vn 1.000000 0.000000 0.000000
vn 1.000000 0.000000 0.000000
vn 1.000000 0.000000 0.000000
vn 1.000000 0.000000 0.000000
vn 1.000000 0.000000 0.000000
vn 1.000000 0.000000 0.000000
vn 1.000000 0.000000 0.000000
vn 1.000000 0.000000 0.000000
vn 1.000000 0.000000 0.000000
vn 1.000000 0.000000 0.000000
vn 1.000000 0.000000 0.000000
vn 1.000000 0.000000 0.000000
vn 1.000000 0.000000 0.000000
vn 1.000000 0.000000 0.000000
vn 1.000000 0.000000 0.000000
vn 1.000000 0.000000 0.000000
vn 1.000000 0.000000 0.000000
vn 1.000000 0.000000 0.000000
vn 1.000000 0.000000 0.000000
vn 1.000000 0.000000 0.000000
vn 1.000000 0.000000 0.000000
vn 1.000000 0.000000 0.000000
vn 1.000000 0.000000 0.000000
vn 1.000000 0.000000 0.000000
vn 1.000000 0.000000 0.000000
vn 1.000000 0.000000 0.000000
vn 1.000000 0.000000 0.000000
vn -0.000000 0.743140 -0.669136
vn -0.000000 0.406723 -0.913552
vn -0.000000 0.406723 -0.913552
vn -0.000000 0.951066 -0.308989
vn -0.000000 0.743140 -0.669136
vn -0.000000 0.743140 -0.669136
vn 0.000000 0.994525 0.104503
vn -0.000000 0.951066 -0.308989
vn -0.000000 0.951066 -0.308989
vn 0.000000 0.866019 0.500011
vn 0.000000 0.994525 0.104503
vn 0.000000 0.994525 0.104503
vn 0.000000 0.587803 0.809004
vn 0.000000 0.866019 0.500011
vn 0.000000 0.866019 0.500011
vn 0.000000 0.207910 0.978148
vn 0.000000 0.587803 0.809004
vn 0.000000 0.587803 0.809004
vn 0.000000 -0.207910 0.978148
vn 0.000000 0.207910 0.978148
vn 0.000000 0.207910 0.978148
vn 0.000000 -0.587803 0.809004
vn 0.000000 -0.207910 0.978148
vn 0.000000 -0.207910 0.978148
vn 0.000000 -0.866019 0.500011
vn 0.000000 -0.587803 0.809004
vn 0.000000 -0.587803 0.809004
vn 0.000000 -0.994525 0.104503
vn 0.000000 -0.866019 0.500011
vn 0.000000 -0.866019 0.500011
vn 0.000000 -0.951066 -0.308989
vn 0.000000 -0.994525 0.104503
vn 0.000000 -0.994525 0.104503
vn 0.000000 -0.743140 -0.669136
vn 0.000000 -0.951066 -0.308989
vn 0.000000 -0.951066 -0.308989
vn 0.000000 -0.406723 -0.913552
vn 0.000000 -0.743140 -0.669136
vn 0.000000 -0.743140 -0.669136
vn 0.000000 0.000000 -1.000000
vn 0.000000 -0.406723 -0.913552
vn 0.000000 -0.406723 -0.913552
vn -0.000000 0.406723 -0.913552
vn 0.000000 0.000000 -1.000000
vn 0.000000 0.000000 -1.000000
vn -1.000000 0.000000 0.000000
vn -1.000000 0.000000 0.000000
vn -1.000000 0.000000 0.000000
vn 1.000000 0.000000 0.000000
vn 1.000000 0.000000 0.000000
vn 1.000000 0.000000 0.000000
vn -1.000000 0.000000 0.000000
vn -1.000000 0.000000 0.000000
vn -1.000000 0.000000 0.000000
vn 1.000000 0.000000 0.000000
vn 1.000000 0.000000 0.000000
vn 1.000000 0.000000 0.000000
vn -1.000000 0.000000 0.000000
vn -1.000000 0.000000 0.000000
vn -1.000000 0.000000 0.000000
vn 1.000000 0.000000 0.000000
vn 1.000000 0.000000 0.000000
vn 1.000000 0.000000 0.000000
vn -1.000000 0.000000 0.000000
vn -1.000000 0.000000 0.000000
vn -1.000000 0.000000 0.000000
vn 1.000000 0.000000 0.000000
vn 1.000000 0.000000 0.000000
vn 1.000000 0.000000 0.000000
vn -1.000000 0.000000 0.000000
vn -1.000000 0.000000 0.000000
vn -1.000000 0.000000 0.000000
vn 1.000000 0.000000 0.000000
vn 1.000000 0.000000 0.000000
vn 1.000000 0.000000 0.000000
vn -1.000000 0.000000 0.000000
vn -1.000000 0.000000 0.000000
vn -1.000000 0.000000 0.000000
vn 1.000000 0.000000 0.000000
vn 1.000000 0.000000 0.000000
vn 1.000000 0.000000 0.000000
vn -1.000000 0.000000 0.000000
vn -1.000000 0.000000 0.000000
vn -1.000000 0.000000 0.000000
vn 1.000000 0.000000 0.000000
vn 1.000000 0.000000 0.000000
vn 1.000000 0.000000 0.000000
vn -1.000000 0.000000 0.000000
vn -1.000000 0.000000 0.000000
vn -1.000000 0.000000 0.000000
vn 1.000000 0.000000 0.000000
vn 1.000000 0.000000 0.000000
vn 1.000000 0.000000 0.000000
vn -1.000000 0.000000 0.000000
vn -1.000000 0.000000 0.000000
vn -1.000000 0.000000 0.000000
vn 1.000000 0.000000 0.000000
vn 1.000000 0.000000 0.000000
vn 1.000000 0.000000 0.000000
vn -1.000000 0.000000 0.000000
vn -1.000000 0.000000 0.000000
vn -1.000000 0.000000 0.000000
vn 1.000000 0.000000 0.000000
vn 1.000000 0.000000 0.000000
vn 1.000000 0.000000 0.000000
vn -1.000000 0.000000 0.000000
vn -1.000000 0.000000 0.000000
vn -1.000000 0.000000 0.000000
vn 1.000000 0.000000 0.000000
vn 1.000000 0.000000 0.000000
vn 1.000000 0.000000 0.000000
vn -1.000000 0.000000 0.000000
vn -1.000000 0.000000 0.000000
vn -1.000000 0.000000 0.000000
vn 1.000000 0.000000 0.000000
vn 1.000000 0.000000 0.000000
vn 1.000000 0.000000 0.000000
vn -1.000000 0.000000 0.000000
vn -1.000000 0.000000 0.000000
vn -1.000000 0.000000 0.000000
vn 1.000000 0.000000 0.000000
vn 1.000000 0.000000 0.000000
vn 1.000000 0.000000 0.000000
vn -1.000000 0.000000 0.000000
vn -1.000000 0.000000 0.000000
vn -1.000000 0.000000 0.000000
vn 1.000000 0.000000 0.000000
vn 1.000000 0.000000 0.000000
vn 1.000000 0.000000 0.000000
vn -1.000000 0.000000 0.000000
vn -1.000000 0.000000 0.000000
vn -1.000000 0.000000 0.000000
vn 1.000000 0.000000 0.000000
vn 1.000000 0.000000 0.000000
vn 1.000000 0.000000 0.000000
vn 0.000000 -1.000000 0.000000
vn 0.000000 -1.000000 0.000000
vn 0.000000 -1.000000 0.000000
vn 0.000000 -0.892519 -0.451010
vn 0.000000 -0.892519 -0.451010
vn 0.000000 -0.892519 -0.451010
vn -0.000000 1.000000 -0.000100
vn -0.000000 1.000000 -0.000100
vn -0.000000 1.000000 -0.000100
vn 0.000000 -0.914186 0.405294
vn 0.000000 -0.914186 0.405294
vn 0.000000 -0.914186 0.405294
vn -1.000000 0.000000 0.000000
vn -1.000000 0.000000 0.000000
vn -1.000000 0.000000 0.000000
vn 1.000000 0.000000 0.000000
vn 1.000000 0.000000 0.000000
vn 1.000000 0.000000 0.000000
vn 0.000000 -0.748611 -0.663010
vn 0.000000 -0.748611 -0.663010
vn 0.000000 -0.748611 -0.663010
vn -1.000000 0.000000 0.000000
vn -1.000000 0.000000 0.000000
vn -1.000000 0.000000 0.000000
vn 0.000000 -0.458618 0.888634
vn 0.000000 -0.231508 0.972833
vn 0.000000 -0.231508 0.972833
vn 1.000000 0.000000 0.000000
vn 1.000000 0.000000 0.000000
vn 1.000000 0.000000 0.000000
vn 0.000000 -0.542525 -0.840039
vn 0.000000 -0.542525 -0.840039
vn 0.000000 -0.542525 -0.840039
vn -1.000000 0.000000 0.000000
vn -1.000000 0.000000 0.000000
vn -1.000000 0.000000 0.000000
vn 0.000000 -0.231508 0.972833
vn 0.000000 0.000000 1.000000
vn 0.000000 0.000000 1.000000
vn 1.000000 0.000000 0.000000
vn 1.000000 0.000000 0.000000
vn 1.000000 0.000000 0.000000
vn 0.000000 -0.381404 -0.924409
vn 0.000000 -0.373218 -0.927744
vn 0.000000 -0.373218 -0.927744
vn -1.000000 0.000000 0.000000
vn -1.000000 0.000000 0.000000
vn -1.000000 0.000000 0.000000
vn 0.000000 0.000000 1.000000
vn 0.000000 0.000000 1.000000
vn 0.000000 0.000000 1.000000
vn 1.000000 0.000000 0.000000
vn 1.000000 0.000000 0.000000
vn 1.000000 0.000000 0.000000
vn 1.000000 0.000000 0.000000
vn 1.000000 0.000000 0.000000
vn 1.000000 0.000000 0.000000
vn 1.000000 0.000000 0.000000
vn 1.000000 0.000000 0.000000
vn 1.000000 0.000000 0.000000
vn 1.000000 0.000000 0.000000
vn 1.000000 0.000000 0.000000
vn 1.000000 0.000000 0.000000
vn 1.000000 0.000000 0.000000
vn 1.000000 0.000000 0.000000
vn 1.000000 0.000000 0.000000
vn 0.000000 1.000000 0.000100
vn 0.000000 1.000000 0.000100
vn 0.000000 1.000000 0.000100
vn -1.000000 0.000000 0.000000
vn -1.000000 0.000000 0.000000
vn -1.000000 0.000000 0.000000
vn -1.000000 0.000000 0.000000
vn -1.000000 0.000000 0.000000
vn -1.000000 0.000000 0.000000
vn -1.000000 0.000000 0.000000
vn -1.000000 0.000000 0.000000
vn -1.000000 0.000000 0.000000
vn -1.000000 0.000000 0.000000
vn -1.000000 0.000000 0.000000
vn -1.000000 0.000000 0.000000
vn 0.000000 -1.000000 0.000000
vn 0.000000 -1.000000 0.000000
vn 0.000000 -1.000000 0.000000
vn 1.000000 0.000000 0.000000
vn 1.000000 0.000000 0.000000
vn 1.000000 0.000000 0.000000
vn 0.000000 -1.000000 0.000000
vn 0.000000 -1.000000 0.000000
vn 0.000000 -1.000000 0.000000
vn -1.000000 0.000000 0.000000
vn -1.000000 0.000000 0.000000
vn -1.000000 0.000000 0.000000
vn -1.000000 0.000000 0.000000
vn -1.000000 0.000000 0.000000
vn -1.000000 0.000000 0.000000
vn -1.000000 0.000000 0.000000
vn -1.000000 0.000000 0.000000
vn -1.000000 0.000000 0.000000
vn -1.000000 0.000000 0.000000
vn -1.000000 0.000000 0.000000
vn -1.000000 0.000000 0.000000
vn 0.000000 0.999961 0.008800
vn 0.000000 0.999961 0.008800
vn 0.000000 0.999961 0.008800
vn 1.000000 0.000000 0.000000
vn 1.000000 0.000000 0.000000
vn 1.000000 0.000000 0.000000
vn 1.000000 0.000000 0.000000
vn 1.000000 0.000000 0.000000
vn 1.000000 0.000000 0.000000
vn 1.000000 0.000000 0.000000
vn 1.000000 0.000000 0.000000
vn 1.000000 0.000000 0.000000
vn -0.000000 0.569200 -0.822199
vn -0.000000 0.569200 -0.822199
vn -0.000000 0.569200 -0.822199
vn -1.000000 0.000000 0.000000
vn -1.000000 0.000000 0.000000
vn -1.000000 0.000000 0.000000
vn 0.000000 0.000000 1.000000
vn 0.000000 0.000000 1.000000
vn 0.000000 0.000000 1.000000
vn 1.000000 0.000000 0.000000
vn 1.000000 0.000000 0.000000
vn 1.000000 0.000000 0.000000
vn 0.000000 -0.373218 -0.927744
vn 0.000000 -0.320604 -0.947213
vn 0.000000 -0.320604 -0.947213
vn -1.000000 0.000000 0.000000
vn -1.000000 0.000000 0.000000
vn -1.000000 0.000000 0.000000
vn 0.000000 0.595237 0.803550
vn 0.000000 0.595237 0.803550
vn 0.000000 0.595237 0.803550
vn 1.000000 0.000000 0.000000
vn 1.000000 0.000000 0.000000
vn 1.000000 0.000000 0.000000
vn 0.000000 0.000000 -1.000000
vn 0.000000 -0.075702 -0.997130
vn 0.000000 -0.078203 -0.996938
vn -1.000000 0.000000 0.000000
vn -1.000000 0.000000 0.000000
vn -1.000000 0.000000 0.000000
vn 0.000000 0.000000 1.000000
vn 0.000000 0.000000 1.000000
vn 0.000000 0.000000 1.000000
vn 1.000000 0.000000 0.000000
vn 1.000000 0.000000 0.000000
vn 1.000000 0.000000 0.000000
vn 0.000000 -0.320604 -0.947213
vn 0.000000 -0.238793 -0.971071
vn 0.000000 -0.238793 -0.971071
vn -1.000000 0.000000 0.000000
vn -1.000000 0.000000 0.000000
vn -1.000000 0.000000 0.000000
vn 0.000000 0.278602 0.960407
vn 0.000000 0.275804 0.961214
vn 0.000000 0.275804 0.961214
vn 1.000000 0.000000 0.000000
vn 1.000000 0.000000 0.000000
vn 1.000000 0.000000 0.000000
vn 0.000000 -0.238793 -0.971071
vn 0.000000 -0.120699 -0.992689
vn 0.000000 -0.120699 -0.992689
vn -1.000000 0.000000 0.000000
vn -1.000000 0.000000 0.000000
vn -1.000000 0.000000 0.000000
vn 0.000000 0.275804 0.961214
vn 0.000000 0.248602 0.968606
vn 0.000000 0.248602 0.968606
vn 1.000000 0.000000 0.000000
vn 1.000000 0.000000 0.000000
vn 1.000000 0.000000 0.000000
vn 0.000000 -0.120699 -0.992689
vn 0.000000 -0.016399 -0.999866
vn 0.000000 -0.016399 -0.999866
vn -1.000000 0.000000 0.000000
vn -1.000000 0.000000 0.000000
vn -1.000000 0.000000 0.000000
vn 0.000000 0.248602 0.968606
vn 0.000000 0.033098 0.999452
vn 0.000000 0.032899 0.999459
vn 1.000000 0.000000 0.000000
vn 1.000000 0.000000 0.000000
vn 1.000000 0.000000 0.000000
vn 0.000000 -0.016399 -0.999866
vn -0.000000 0.035199 -0.999380
vn -0.000000 0.035199 -0.999380
vn -1.000000 0.000000 0.000000
vn -1.000000 0.000000 0.000000
vn -1.000000 0.000000 0.000000
vn 0.000000 0.033098 0.999452
vn 0.000000 -0.058200 0.998305
vn 0.000000 -0.058200 0.998305
vn 1.000000 0.000000 0.000000
vn 1.000000 0.000000 0.000000
vn 1.000000 0.000000 0.000000
vn -0.000000 0.035199 -0.999380
vn -0.000000 0.075901 -0.997115
vn -0.000000 0.075901 -0.997115
vn -1.000000 0.000000 0.000000
vn -1.000000 0.000000 0.000000
vn -1.000000 0.000000 0.000000
vn 0.000000 -0.058200 0.998305
vn 0.000000 -0.209597 0.977788
vn 0.000000 -0.209693 0.977767
vn 1.000000 0.000000 0.000000
vn 1.000000 0.000000 0.000000
vn 1.000000 0.000000 0.000000
vn 0.000000 -0.075702 -0.997130
vn 0.000000 -0.581002 -0.813902
vn 0.000000 -0.581002 -0.813902
vn -1.000000 0.000000 0.000000
vn -1.000000 0.000000 0.000000
vn -1.000000 0.000000 0.000000
vn 0.000000 0.000000 1.000000
vn 0.000000 0.000000 1.000000
vn 0.000000 0.000000 1.000000
vn 1.000000 0.000000 0.000000
vn 1.000000 0.000000 0.000000
vn 1.000000 0.000000 0.000000
vn -0.000000 0.075901 -0.997115
vn -0.000000 0.080604 -0.996746
vn -0.000000 0.080604 -0.996746
vn -1.000000 0.000000 0.000000
vn -1.000000 0.000000 0.000000
vn -1.000000 0.000000 0.000000
vn 0.000000 -0.209597 0.977788
vn 0.000000 -0.689902 0.723903
vn 0.000000 -0.690005 0.723805
vn 1.000000 0.000000 0.000000
vn 1.000000 0.000000 0.000000
vn 1.000000 0.000000 0.000000
vn 0.000000 -0.935777 -0.352591
vn 0.000000 -0.935777 -0.352591
vn 0.000000 -0.935777 -0.352591
vn -1.000000 0.000000 0.000000
vn -1.000000 0.000000 0.000000
vn -1.000000 0.000000 0.000000
vn 0.000000 0.000000 1.000000
vn 0.000000 0.000000 1.000000
vn 0.000000 0.000000 1.000000
vn 1.000000 0.000000 0.000000
vn 1.000000 0.000000 0.000000
vn 1.000000 0.000000 0.000000
vn -0.000000 0.080604 -0.996746
vn -0.000000 0.114799 -0.993389
vn -0.000000 0.114799 -0.993389
vn -1.000000 0.000000 0.000000
vn -1.000000 0.000000 0.000000
vn -1.000000 0.000000 0.000000
vn 0.000000 -0.689902 0.723903
vn 0.000000 -0.912765 0.408484
vn 0.000000 -0.912765 0.408484
vn 1.000000 0.000000 0.000000
vn 1.000000 0.000000 0.000000
vn 1.000000 0.000000 0.000000
vn -1.000000 0.000000 0.000000
vn -1.000000 0.000000 0.000000
vn -1.000000 0.000000 0.000000
vn 0.000000 0.000000 1.000000
vn 0.000000 0.000000 1.000000
vn 0.000000 0.000000 1.000000
vn 1.000000 0.000000 0.000000
vn 1.000000 0.000000 0.000000
vn 1.000000 0.000000 0.000000
vn -0.000000 0.114799 -0.993389
vn -0.000000 0.159695 -0.987166
vn -0.000000 0.159500 -0.987198
vn -1.000000 0.000000 0.000000
vn -1.000000 0.000000 0.000000
vn -1.000000 0.000000 0.000000
vn 1.000000 0.000000 0.000000
vn 1.000000 0.000000 0.000000
vn 1.000000 0.000000 0.000000
vn -1.000000 0.000000 0.000000
vn -1.000000 0.000000 0.000000
vn -1.000000 0.000000 0.000000
vn 0.000000 0.999946 0.010400
vn 0.000000 0.999946 0.010400
vn 0.000000 0.999946 0.010400
vn 1.000000 0.000000 0.000000
vn 1.000000 0.000000 0.000000
vn 1.000000 0.000000 0.000000
vn 0.000000 -0.999944 -0.010600
vn 0.000000 -0.999944 -0.010600
vn 0.000000 -0.999944 -0.010600
vn -1.000000 0.000000 0.000000
vn -1.000000 0.000000 0.000000
vn -1.000000 0.000000 0.000000
vn 0.000000 0.000000 1.000000
vn 0.000000 0.000000 1.000000
vn 0.000000 0.000000 1.000000
vn 1.000000 0.000000 0.000000
vn 1.000000 0.000000 0.000000
vn 1.000000 0.000000 0.000000
vn -0.000000 0.159695 -0.987166
vn -0.000000 0.290402 -0.956905
vn -0.000000 0.290402 -0.956905
vn -1.000000 0.000000 0.000000
vn -1.000000 0.000000 0.000000
vn -1.000000 0.000000 0.000000
vn 1.000000 0.000000 0.000000
vn 1.000000 0.000000 0.000000
vn 1.000000 0.000000 0.000000
vn 1.000000 0.000000 0.000000
vn 1.000000 0.000000 0.000000
vn 1.000000 0.000000 0.000000
vn -1.000000 0.000000 0.000000
vn -1.000000 0.000000 0.000000
vn -1.000000 0.000000 0.000000
vn -0.000000 0.784030 -0.620723
vn -0.000000 0.784030 -0.620723
vn -0.000000 0.784030 -0.620723
vn -1.000000 0.000000 0.000000
vn -1.000000 0.000000 0.000000
vn -1.000000 0.000000 0.000000
vn 0.000000 0.000000 1.000000
vn 0.000000 0.000000 1.000000
vn 0.000000 0.000000 1.000000
vn 1.000000 0.000000 0.000000
vn 1.000000 0.000000 0.000000
vn 1.000000 0.000000 0.000000
vn -0.000000 0.290402 -0.956905
vn -0.000000 0.269500 -0.963000
vn -0.000000 0.269500 -0.963000
vn -1.000000 0.000000 0.000000
vn -1.000000 0.000000 0.000000
vn -1.000000 0.000000 0.000000
vn 0.000000 0.726533 0.687131
vn 0.000000 0.726533 0.687131
vn 0.000000 0.726533 0.687131
vn 1.000000 0.000000 0.000000
vn 1.000000 0.000000 0.000000
vn 1.000000 0.000000 0.000000
vn -0.000000 0.463102 -0.886305
vn -0.000000 0.038498 -0.999259
vn -0.000000 0.035299 -0.999377
vn -1.000000 0.000000 0.000000
vn -1.000000 0.000000 0.000000
vn -1.000000 0.000000 0.000000
vn 0.000000 0.000000 1.000000
vn 0.000000 0.000000 1.000000
vn 0.000000 0.000000 1.000000
vn 1.000000 0.000000 0.000000
vn 1.000000 0.000000 0.000000
vn 1.000000 0.000000 0.000000
vn -0.000000 0.240606 -0.970623
vn -0.000000 0.195905 -0.980623
vn -0.000000 0.195808 -0.980642
vn -1.000000 0.000000 0.000000
vn -1.000000 0.000000 0.000000
vn -1.000000 0.000000 0.000000
vn 0.000000 0.421511 0.906823
vn 0.000000 0.041601 0.999134
vn 0.000000 0.039800 0.999208
vn 1.000000 0.000000 0.000000
vn 1.000000 0.000000 0.000000
vn 1.000000 0.000000 0.000000
vn -0.000000 0.038498 -0.999259
vn 0.000000 -0.051299 -0.998683
vn -0.000200 -0.053803 -0.998552
vn -1.000000 0.000000 0.000000
vn -1.000000 0.000000 0.000000
vn -1.000000 0.000000 0.000000
vn 0.000000 0.000000 1.000000
vn 0.000000 0.000000 1.000000
vn 0.000000 0.000000 1.000000
vn 1.000000 0.000000 0.000000
vn 1.000000 0.000000 0.000000
vn 1.000000 0.000000 0.000000
vn -0.000000 0.195905 -0.980623
vn -0.000000 0.211093 -0.977466
vn -0.000000 0.211188 -0.977445
vn -1.000000 0.000000 0.000000
vn -1.000000 0.000000 0.000000
vn -1.000000 0.000000 0.000000
vn 0.000000 0.041601 0.999134
vn 0.000000 -0.130899 0.991396
vn 0.000000 -0.130899 0.991396
vn 1.000000 0.000000 0.000000
vn 1.000000 0.000000 0.000000
vn 1.000000 0.000000 0.000000
vn -0.000000 0.211093 -0.977466
vn -0.000000 0.244794 -0.969575
vn -0.000000 0.244794 -0.969575
vn -1.000000 0.000000 0.000000
vn -1.000000 0.000000 0.000000
vn -1.000000 0.000000 0.000000
vn 0.000000 -0.130899 0.991396
vn 0.000000 -0.184005 0.982925
vn 0.000000 -0.184005 0.982925
vn 1.000000 0.000000 0.000000
vn 1.000000 0.000000 0.000000
vn 1.000000 0.000000 0.000000
vn -0.000000 0.244794 -0.969575
vn -0.000000 0.268309 -0.963333
vn -0.000000 0.268309 -0.963333
vn -1.000000 0.000000 0.000000
vn -1.000000 0.000000 0.000000
vn -1.000000 0.000000 0.000000
vn 0.000000 -0.184005 0.982925
vn 0.000000 -0.246792 0.969068
vn 0.000000 -0.246792 0.969068
vn 1.000000 0.000000 0.000000
vn 1.000000 0.000000 0.000000
vn 1.000000 0.000000 0.000000
vn -0.000000 0.268309 -0.963333
vn -0.000000 0.309199 -0.950997
vn -0.000000 0.309199 -0.950997
vn -1.000000 0.000000 0.000000
vn -1.000000 0.000000 0.000000
vn -1.000000 0.000000 0.000000
vn 0.000000 -0.246792 0.969068
vn 0.000000 -0.316198 0.948693
vn 0.000000 -0.316198 0.948693
vn 1.000000 0.000000 0.000000
vn 1.000000 0.000000 0.000000
vn 1.000000 0.000000 0.000000
vn -0.000000 0.309199 -0.950997
vn -0.000000 0.304504 -0.952511
vn -0.000000 0.304504 -0.952511
vn -1.000000 0.000000 0.000000
vn -1.000000 0.000000 0.000000
vn -1.000000 0.000000 0.000000
vn 0.000000 -0.316198 0.948693
vn 0.000000 -0.304594 0.952482
vn 0.000000 -0.304594 0.952482
vn 1.000000 0.000000 0.000000
vn 1.000000 0.000000 0.000000
vn 1.000000 0.000000 0.000000
vn -0.000000 0.304504 -0.952511
vn -0.000000 0.342979 -0.939343
vn -0.000000 0.342979 -0.939343
vn -1.000000 0.000000 0.000000
vn -1.000000 0.000000 0.000000
vn -1.000000 0.000000 0.000000
vn 0.000000 -0.304594 0.952482
vn 0.000000 -0.343011 0.939331
vn 0.000000 -0.343011 0.939331
vn 1.000000 0.000000 0.000000
vn 1.000000 0.000000 0.000000
vn 1.000000 0.000000 0.000000
vn -0.000000 0.342979 -0.939343
vn -0.000000 0.403901 -0.914803
vn -0.000000 0.403901 -0.914803
vn -1.000000 0.000000 0.000000
vn -1.000000 0.000000 0.000000
vn -1.000000 0.000000 0.000000
vn 0.000000 -0.343011 0.939331
vn 0.000000 -0.601487 0.798883
vn 0.000000 -0.602110 0.798413
vn 1.000000 0.000000 0.000000
vn 1.000000 0.000000 0.000000
vn 1.000000 0.000000 0.000000
vn -0.000000 0.403901 -0.914803
vn -0.000000 0.390997 -0.920392
vn -0.000000 0.390912 -0.920428
vn -1.000000 0.000000 0.000000
vn -1.000000 0.000000 0.000000
vn -1.000000 0.000000 0.000000
vn 0.000000 -0.601487 0.798883
vn 0.000000 -0.866602 0.499001
vn 0.000000 -0.866602 0.499001
vn 1.000000 0.000000 0.000000
vn 1.000000 0.000000 0.000000
vn 1.000000 0.000000 0.000000
vn 0.000000 -0.051299 -0.998683
vn 0.000000 -0.667925 -0.744228
vn 0.000000 -0.667981 -0.744179
vn -1.000000 0.000000 0.000000
vn -1.000000 0.000000 0.000000
vn -1.000000 0.000000 0.000000
vn 0.000000 0.000000 1.000000
vn 0.000000 0.000000 1.000000
vn 0.000000 0.000000 1.000000
vn 1.000000 0.000000 0.000000
vn 1.000000 0.000000 0.000000
vn 1.000000 0.000000 0.000000
vn 0.000000 -0.667925 -0.744228
vn 0.000000 -0.838425 -0.545016
vn 0.000000 -0.838425 -0.545016
vn -1.000000 0.000000 0.000000
vn -1.000000 0.000000 0.000000
vn -1.000000 0.000000 0.000000
vn 0.000000 0.000000 1.000000
vn 0.000000 0.000000 1.000000
vn 0.000000 0.000000 1.000000
vn 1.000000 0.000000 0.000000
vn 1.000000 0.000000 0.000000
vn 1.000000 0.000000 0.000000
vn -1.000000 0.000000 0.000000
vn -1.000000 0.000000 0.000000
vn -1.000000 0.000000 0.000000
vn 0.000000 0.000000 1.000000
vn 0.000000 0.000000 1.000000
vn 0.000000 0.000000 1.000000
vn 1.000000 0.000000 0.000000
vn 1.000000 0.000000 0.000000
vn 1.000000 0.000000 0.000000
vn -0.000000 0.390997 -0.920392
vn -0.000000 0.415904 -0.909409
vn -0.000000 0.415904 -0.909409
vn -1.000000 0.000000 0.000000
vn -1.000000 0.000000 0.000000
vn -1.000000 0.000000 0.000000
vn 1.000000 0.000000 0.000000
vn 1.000000 0.000000 0.000000
vn 1.000000 0.000000 0.000000
vn 1.000000 0.000000 0.000000
vn 1.000000 0.000000 0.000000
vn 1.000000 0.000000 0.000000
vn 0.000000 0.999862 0.016599
vn 0.000000 0.999862 0.016599
vn 0.000000 0.999862 0.016599
vn -1.000000 0.000000 0.000000
vn -1.000000 0.000000 0.000000
vn -1.000000 0.000000 0.000000
vn 0.000000 -0.999975 -0.007100
vn 0.000000 -0.999975 -0.007100
vn 0.000000 -0.999975 -0.007100
vn -1.000000 0.000000 0.000000
vn -1.000000 0.000000 0.000000
vn -1.000000 0.000000 0.000000
vn 0.000000 0.000000 1.000000
vn 0.000000 0.279117 0.960257
vn 0.000000 0.279090 0.960265
vn 1.000000 0.000000 0.000000
vn 1.000000 0.000000 0.000000
vn 1.000000 0.000000 0.000000
vn -0.000000 0.415904 -0.909409
vn -0.000000 0.491609 -0.870816
vn -0.000000 0.491609 -0.870816
vn -1.000000 0.000000 0.000000
vn -1.000000 0.000000 0.000000
vn -1.000000 0.000000 0.000000
vn 1.000000 0.000000 0.000000
vn 1.000000 0.000000 0.000000
vn 1.000000 0.000000 0.000000
vn -1.000000 0.000000 0.000000
vn -1.000000 0.000000 0.000000
vn -1.000000 0.000000 0.000000
vn 1.000000 0.000000 0.000000
vn 1.000000 0.000000 0.000000
vn 1.000000 0.000000 0.000000
vn -1.000000 0.000000 0.000000
vn -1.000000 0.000000 0.000000
vn -1.000000 0.000000 0.000000
vn 0.000000 0.279117 0.960257
vn 0.000000 0.571568 0.820554
vn 0.000000 0.571568 0.820554
vn 1.000000 0.000000 0.000000
vn 1.000000 0.000000 0.000000
vn 1.000000 0.000000 0.000000
vn -0.000000 0.491609 -0.870816
vn -0.000000 0.525497 -0.850795
vn -0.000000 0.525497 -0.850795
vn -1.000000 0.000000 0.000000
vn -1.000000 0.000000 0.000000
vn -1.000000 0.000000 0.000000
vn 1.000000 0.000000 0.000000
vn 1.000000 0.000000 0.000000
vn 1.000000 0.000000 0.000000
vn -1.000000 0.000000 0.000000
vn -1.000000 0.000000 0.000000
vn -1.000000 0.000000 0.000000
vn 1.000000 0.000000 0.000000
vn 1.000000 0.000000 0.000000
vn 1.000000 0.000000 0.000000
vn -1.000000 0.000000 0.000000
vn -1.000000 0.000000 0.000000
vn -1.000000 0.000000 0.000000
vn 0.000000 0.571568 0.820554
vn 0.000000 0.686362 0.727260
vn 0.000000 0.686362 0.727260
vn 1.000000 0.000000 0.000000
vn 1.000000 0.000000 0.000000
vn 1.000000 0.000000 0.000000
vn -0.000000 0.587690 -0.809086
vn -0.000000 0.587690 -0.809086
vn -0.000000 0.587690 -0.809086
vn -1.000000 0.000000 0.000000
vn -1.000000 0.000000 0.000000
vn -1.000000 0.000000 0.000000
vn 1.000000 0.000000 0.000000
vn 1.000000 0.000000 0.000000
vn 1.000000 0.000000 0.000000
vn -1.000000 0.000000 0.000000
vn -1.000000 0.000000 0.000000
vn -1.000000 0.000000 0.000000
vn 1.000000 0.000000 0.000000
vn 1.000000 0.000000 0.000000
vn 1.000000 0.000000 0.000000
vn -1.000000 0.000000 0.000000
vn -1.000000 0.000000 0.000000
vn -1.000000 0.000000 0.000000
vn 0.000000 0.836089 0.548593
vn 0.000000 0.836089 0.548593
vn 0.000000 0.836089 0.548593
vn 1.000000 0.000000 0.000000
vn 1.000000 0.000000 0.000000
vn 1.000000 0.000000 0.000000
vn -0.000000 0.752589 -0.658490
vn -0.000000 0.752589 -0.658490
vn -0.000000 0.752589 -0.658490
vn -1.000000 0.000000 0.000000
vn -1.000000 0.000000 0.000000
vn -1.000000 0.000000 0.000000
vn 1.000000 0.000000 0.000000
vn 1.000000 0.000000 0.000000
vn 1.000000 0.000000 0.000000
vn -1.000000 0.000000 0.000000
vn -1.000000 0.000000 0.000000
vn -1.000000 0.000000 0.000000
vn 1.000000 0.000000 0.000000
vn 1.000000 0.000000 0.000000
vn 1.000000 0.000000 0.000000
vn -1.000000 0.000000 0.000000
vn -1.000000 0.000000 0.000000
vn -1.000000 0.000000 0.000000
vn 0.000000 0.910411 0.413705
vn 0.000000 0.910411 0.413705
vn 0.000000 0.910411 0.413705
vn 1.000000 0.000000 0.000000
vn 1.000000 0.000000 0.000000
vn 1.000000 0.000000 0.000000
vn -0.000000 0.776508 -0.630107
vn -0.000000 0.776508 -0.630107
vn -0.000000 0.776508 -0.630107
vn -1.000000 0.000000 0.000000
vn -1.000000 0.000000 0.000000
vn -1.000000 0.000000 0.000000
vn 1.000000 0.000000 0.000000
vn 1.000000 0.000000 0.000000
vn 1.000000 0.000000 0.000000
vn -1.000000 0.000000 0.000000
vn -1.000000 0.000000 0.000000
vn -1.000000 0.000000 0.000000
vn 1.000000 0.000000 0.000000
vn 1.000000 0.000000 0.000000
vn 1.000000 0.000000 0.000000
vn 0.004800 -0.999989 0.000000
vn 0.004800 -0.999989 0.000000
vn 0.004800 -0.999989 0.000000
vn 0.000000 0.000000 -1.000000
vn 0.000000 0.000000 -1.000000
vn 0.000000 0.000000 -1.000000
vn -0.000000 1.000000 -0.000000
vn -0.000000 1.000000 -0.000000
vn -0.000000 1.000000 -0.000000
vn 0.000000 0.000000 1.000000
vn 0.000000 0.000000 1.000000
vn 0.000000 0.000000 1.000000
vn 0.947658 -0.319286 0.000000
vn 0.947658 -0.319286 0.000000
vn 0.995068 -0.099197 0.000000
vn 0.000000 0.000000 -1.000000
vn 0.000000 0.000000 -1.000000
vn 0.000000 0.000000 -1.000000
vn 0.000000 0.000000 1.000000
vn 0.000000 0.000000 1.000000
vn 0.000000 0.000000 1.000000
vn 0.995068 -0.099197 0.000000
vn 0.992443 0.122705 0.000000
vn 0.992481 0.122398 0.000000
vn -0.999991 -0.004200 0.000000
vn -0.999991 -0.004200 0.000000
vn -0.999991 -0.004200 0.000000
vn 0.000000 -1.000000 0.000000
vn 0.000000 -1.000000 0.000000
vn 0.000000 -1.000000 0.000000
vn 0.000000 0.000000 1.000000
vn 0.000000 0.000000 1.000000
vn 0.000000 0.000000 1.000000
vn -0.000000 1.000000 -0.000000
vn -0.000000 1.000000 -0.000000
vn -0.000000 1.000000 -0.000000
vn 0.000000 0.000000 -1.000000
vn 0.000000 0.000000 -1.000000
vn 0.000000 0.000000 -1.000000
vn 0.000000 0.000000 -1.000000
vn 0.000000 0.000000 -1.000000
vn 0.000000 0.000000 -1.000000
vn 0.000000 0.000000 1.000000
vn 0.000000 0.000000 1.000000
vn 0.000000 0.000000 1.000000
vn 0.992443 0.122705 0.000000
vn 0.729540 0.683938 0.000000
vn 0.729540 0.683938 0.000000
vn 0.000000 0.000000 -1.000000
vn 0.000000 0.000000 -1.000000
vn 0.000000 0.000000 -1.000000
vn 1.000000 0.000000 0.000000
vn 1.000000 0.000000 0.000000
vn 1.000000 0.000000 0.000000
vn 0.000000 0.000000 -1.000000
vn 0.000000 0.000000 -1.000000
vn 0.000000 0.000000 -1.000000
vn 0.000000 0.000000 1.000000
vn 0.000000 0.000000 1.000000
vn 0.000000 0.000000 1.000000
vn 0.000000 0.000000 1.000000
vn 0.000000 0.000000 1.000000
vn 0.000000 0.000000 1.000000
vn -0.004800 -0.999989 0.000000
vn -0.004800 -0.999989 0.000000
vn -0.004800 -0.999989 0.000000
vn 0.000000 0.000000 -1.000000
vn 0.000000 0.000000 -1.000000
vn 0.000000 0.000000 -1.000000
vn -0.000000 1.000000 -0.000000
vn -0.000000 1.000000 -0.000000
vn -0.000000 1.000000 -0.000000
vn 0.000000 0.000000 1.000000
vn 0.000000 0.000000 1.000000
vn 0.000000 0.000000 1.000000
vn -0.995068 -0.099197 0.000000
vn -0.947658 -0.319286 0.000000
vn -0.947658 -0.319286 0.000000
vn 0.000000 0.000000 -1.000000
vn 0.000000 0.000000 -1.000000
vn 0.000000 0.000000 -1.000000
vn 0.000000 0.000000 1.000000
vn 0.000000 0.000000 1.000000
vn 0.000000 0.000000 1.000000
vn -0.992481 0.122398 0.000100
vn -0.992443 0.122705 -0.000000
vn -0.995068 -0.099197 0.000000
vn 0.999991 -0.004200 0.000000
vn 0.999991 -0.004200 0.000000
vn 0.999991 -0.004200 0.000000
vn 0.000000 -1.000000 0.000000
vn 0.000000 -1.000000 0.000000
vn 0.000000 -1.000000 0.000000
vn 0.000000 0.000000 1.000000
vn 0.000000 0.000000 1.000000
vn 0.000000 0.000000 1.000000
vn -0.000000 1.000000 -0.000000
vn -0.000000 1.000000 -0.000000
vn -0.000000 1.000000 -0.000000
vn 0.000000 0.000000 -1.000000
vn 0.000000 0.000000 -1.000000
vn 0.000000 0.000000 -1.000000
vn 0.000000 0.000000 -1.000000
vn 0.000000 0.000000 -1.000000
vn 0.000000 0.000000 -1.000000
vn 0.000000 0.000000 1.000000
vn 0.000000 0.000000 1.000000
vn 0.000000 0.000000 1.000000
vn -0.729540 0.683938 -0.000000
vn -0.729540 0.683938 -0.000000
vn -0.992443 0.122705 -0.000000
vn 0.000000 0.000000 -1.000000
vn 0.000000 0.000000 -1.000000
vn 0.000000 0.000000 -1.000000
vn -1.000000 0.000000 0.000000
vn -1.000000 0.000000 0.000000
vn -1.000000 0.000000 0.000000
vn 0.000000 0.000000 -1.000000
vn 0.000000 0.000000 -1.000000
vn 0.000000 0.000000 -1.000000
vn 0.000000 0.000000 1.000000
vn 0.000000 0.000000 1.000000
vn 0.000000 0.000000 1.000000
vn 0.000000 0.000000 1.000000
vn 0.000000 0.000000 1.000000
vn 0.000000 0.000000 1.000000
vn 0.000000 -1.000000 0.000000
vn 0.000000 -1.000000 0.000000
vn 0.000000 -1.000000 0.000000
vn 0.000000 0.000000 -1.000000
vn 0.000000 0.000000 -1.000000
vn 0.000000 0.000000 -1.000000
vn 0.000000 0.000000 1.000000
vn 0.000000 0.000000 1.000000
vn 0.000000 0.000000 1.000000
vn -1.000000 0.000000 0.000000
vn -1.000000 0.000000 0.000000
vn -1.000000 0.000000 0.000000
vn 1.000000 0.000000 0.000000
vn 1.000000 0.000000 0.000000
vn 1.000000 0.000000 0.000000
vn 0.000000 -1.000000 0.000000
vn 0.000000 -1.000000 0.000000
vn 0.000000 -1.000000 0.000000
vn 0.000000 0.000000 -1.000000
vn 0.000000 0.000000 -1.000000
vn 0.000000 0.000000 -1.000000
vn 0.000000 0.000000 1.000000
vn 0.000000 0.000000 1.000000
vn 0.000000 0.000000 1.000000
vn 0.000000 -1.000000 0.000000
vn 0.000000 -1.000000 0.000000
vn 0.000000 -1.000000 0.000000
vn 0.000000 0.000000 -1.000000
vn 0.000000 0.000000 -1.000000
vn 0.000000 0.000000 -1.000000
vn 0.000000 0.000000 1.000000
vn 0.000000 0.000000 1.000000
vn 0.000000 0.000000 1.000000
vn 0.000000 -1.000000 0.000000
vn 0.000000 -1.000000 0.000000
vn 0.000000 -1.000000 0.000000
vn 0.000000 0.000000 -1.000000
vn 0.000000 0.000000 -1.000000
vn 0.000000 0.000000 -1.000000
vn 0.000000 0.000000 1.000000
vn 0.000000 0.000000 1.000000
vn 0.000000 0.000000 1.000000
vn 0.000000 -1.000000 0.000000
vn 0.000000 -1.000000 0.000000
vn 0.000000 -1.000000 0.000000
vn 0.000000 0.000000 -1.000000
vn 0.000000 0.000000 -1.000000
vn 0.000000 0.000000 -1.000000
vn 0.000000 0.000000 1.000000
vn 0.000000 0.000000 1.000000
vn 0.000000 0.000000 1.000000
vn 1.000000 0.000000 0.000000
vn 1.000000 0.000000 0.000000
vn 1.000000 0.000000 0.000000
vn 0.000000 -1.000000 0.000000
vn 0.000000 -1.000000 0.000000
vn 0.000000 -1.000000 0.000000
vn -1.000000 0.000000 0.000000
vn -1.000000 0.000000 0.000000
vn -1.000000 0.000000 0.000000
vn -0.000000 1.000000 -0.000000
vn -0.000000 1.000000 -0.000000
vn -0.000000 1.000000 -0.000000
vn 1.000000 0.000000 0.000000
vn 1.000000 0.000000 0.000000
vn 1.000000 0.000000 0.000000
vn 0.000000 -1.000000 0.000000
vn 0.000000 -1.000000 0.000000
vn 0.000000 -1.000000 0.000000
vn -1.000000 0.000000 0.000000
vn -1.000000 0.000000 0.000000
vn -1.000000 0.000000 0.000000
vn -0.000000 1.000000 -0.000000
vn -0.000000 1.000000 -0.000000
vn -0.000000 1.000000 -0.000000
vn -0.000000 1.000000 -0.000000
vn -0.000000 1.000000 -0.000000
vn -0.000000 1.000000 -0.000000
vn -0.000000 1.000000 -0.000000
vn -0.000000 1.000000 -0.000000
vn -0.000000 1.000000 -0.000000
vn -0.000000 0.092600 -0.995703
vn -0.000000 0.092600 -0.995703
vn -0.000000 0.092600 -0.995703
vn -0.000000 1.000000 -0.000000
vn -0.000000 1.000000 -0.000000
vn -0.000000 1.000000 -0.000000
vn -0.000000 0.092600 -0.995703
vn -0.000000 0.092600 -0.995703
vn -0.000000 0.092600 -0.995703
vn 1.000000 0.000000 0.000000
vn 1.000000 0.000000 0.000000
vn 1.000000 0.000000 0.000000
vn -0.000000 1.000000 -0.000000
vn -0.000000 1.000000 -0.000000
vn -0.000000 1.000000 -0.000000
vn -0.000000 1.000000 -0.000000
vn -0.000000 1.000000 -0.000000
vn -0.000000 1.000000 -0.000000
vn -0.000000 1.000000 -0.000000
vn -0.000000 1.000000 -0.000000
vn -0.000000 1.000000 -0.000000
vn -0.000000 1.000000 -0.000000
vn -0.000000 1.000000 -0.000000
vn -0.000000 1.000000 -0.000000
vn -0.000000 1.000000 -0.000000
vn -0.000000 1.000000 -0.000000
vn -0.000000 1.000000 -0.000000
vn -1.000000 0.000000 0.000000
vn -1.000000 0.000000 0.000000
vn -1.000000 0.000000 0.000000
vn 0.000000 -1.000000 0.000000
vn 0.000000 -1.000000 0.000000
vn 0.000000 -1.000000 0.000000
vn 0.000000 -1.000000 0.000000
vn 0.000000 -1.000000 0.000000
vn 0.000000 -1.000000 0.000000
vn 0.000000 -1.000000 0.000000
vn 0.000000 -1.000000 0.000000
vn 0.000000 -1.000000 0.000000
vn 0.000000 -1.000000 0.000000
vn 0.000000 -1.000000 0.000000
vn 0.000000 -1.000000 0.000000
vn 0.000000 -1.000000 0.000000
vn 0.000000 -1.000000 0.000000
vn 0.000000 -1.000000 0.000000
vn 1.000000 0.000000 0.000000
vn 1.000000 0.000000 0.000000
vn 1.000000 0.000000 0.000000
vn 1.000000 0.000000 0.000000
vn 1.000000 0.000000 0.000000
vn 1.000000 0.000000 0.000000
vn 1.000000 0.000000 0.000000
vn 1.000000 0.000000 0.000000
vn 1.000000 0.000000 0.000000
vn -0.000000 1.000000 -0.000000
vn -0.000000 1.000000 -0.000000
vn -0.000000 1.000000 -0.000000
vn -0.000000 1.000000 -0.000000
vn -0.000000 1.000000 -0.000000
vn -0.000000 1.000000 -0.000000
vn -0.000000 1.000000 -0.000000
vn -0.000000 1.000000 -0.000000
vn -0.000000 1.000000 -0.000000
vn -0.000000 1.000000 -0.000000
vn -0.000000 1.000000 -0.000000
vn -0.000000 1.000000 -0.000000
vn -0.000000 1.000000 -0.000000
vn -0.000000 1.000000 -0.000000
vn -0.000000 1.000000 -0.000000
vn -0.000000 1.000000 -0.000000
vn -0.000000 1.000000 -0.000000
vn -0.000000 1.000000 -0.000000
vn -0.000000 1.000000 -0.000000
vn -0.000000 1.000000 -0.000000
vn -0.000000 1.000000 -0.000000
vn -0.000000 1.000000 -0.000000
vn -0.000000 1.000000 -0.000000
vn -0.000000 1.000000 -0.000000
vn -0.000000 1.000000 -0.000000
vn -0.000000 1.000000 -0.000000
vn -0.000000 1.000000 -0.000000
vn -0.000000 1.000000 -0.000000
vn -0.000000 1.000000 -0.000000
vn -0.000000 1.000000 -0.000000
vn -0.000000 1.000000 -0.000000
vn -0.000000 1.000000 -0.000000
vn -0.000000 1.000000 -0.000000
vn -0.000000 1.000000 -0.000000
vn -0.000000 1.000000 -0.000000
vn -0.000000 1.000000 -0.000000
vn -0.000000 1.000000 -0.000000
vn -0.000000 1.000000 -0.000000
vn -0.000000 1.000000 -0.000000
vn -0.000000 1.000000 -0.000000
vn -0.000000 1.000000 -0.000000
vn -0.000000 1.000000 -0.000000
vn -0.000000 1.000000 -0.000000
vn -0.000000 1.000000 -0.000000
vn -0.000000 1.000000 -0.000000
vn -0.000000 1.000000 -0.000000
vn -0.000000 1.000000 -0.000000
vn -0.000000 1.000000 -0.000000
vn -0.000000 1.000000 -0.000000
vn -0.000000 1.000000 -0.000000
vn -0.000000 1.000000 -0.000000
vn -0.000000 1.000000 -0.000000
vn -0.000000 1.000000 -0.000000
vn -0.000000 1.000000 -0.000000
vn -0.000000 1.000000 -0.000000
vn -0.000000 1.000000 -0.000000
vn -0.000000 1.000000 -0.000000
vn -1.000000 0.000000 0.000000
vn -1.000000 0.000000 0.000000
vn -1.000000 0.000000 0.000000
vn -1.000000 0.000000 0.000000
vn -1.000000 0.000000 0.000000
vn -1.000000 0.000000 0.000000
vn -1.000000 0.000000 0.000000
vn -1.000000 0.000000 0.000000
vn -1.000000 0.000000 0.000000
vn 0.000000 -1.000000 0.000000
vn 0.000000 -1.000000 0.000000
vn 0.000000 -1.000000 0.000000
vn 0.000000 -1.000000 0.000000
vn 0.000000 -1.000000 0.000000
vn 0.000000 -1.000000 0.000000
vn 0.000000 -1.000000 0.000000
vn 0.000000 -1.000000 0.000000
vn 0.000000 -1.000000 0.000000
vn 0.000000 -1.000000 0.000000
vn 0.000000 -1.000000 0.000000
vn 0.000000 -1.000000 0.000000
vn 0.000000 -1.000000 0.000000
vn 0.000000 -1.000000 0.000000
vn 0.000000 -1.000000 0.000000
vn 0.000000 -1.000000 0.000000
vn 0.000000 -1.000000 0.000000
vn 0.000000 -1.000000 0.000000
vn 0.000000 -1.000000 0.000000
vn 0.000000 -1.000000 0.000000
vn 0.000000 -1.000000 0.000000
vn 0.000000 -1.000000 0.000000
vn 0.000000 -1.000000 0.000000
vn 0.000000 -1.000000 0.000000
vn 0.000000 -1.000000 0.000000
vn 0.000000 -1.000000 0.000000
vn 0.000000 -1.000000 0.000000
vn 0.000000 -1.000000 0.000000
vn 0.000000 -1.000000 0.000000
vn 0.000000 -1.000000 0.000000
vn 0.000000 -1.000000 0.000000
vn 0.000000 -1.000000 0.000000
vn 0.000000 -1.000000 0.000000
vn 0.000000 -1.000000 0.000000
vn 0.000000 -1.000000 0.000000
vn 0.000000 -1.000000 0.000000
vn 0.000000 -1.000000 0.000000
vn 0.000000 -1.000000 0.000000
vn 0.000000 -1.000000 0.000000
vn 0.000000 -1.000000 0.000000
vn 0.000000 -1.000000 0.000000
vn 0.000000 -1.000000 0.000000
vn 0.000000 -1.000000 0.000000
vn 0.000000 -1.000000 0.000000
vn 0.000000 -1.000000 0.000000
vn 0.000000 -1.000000 0.000000
vn 0.000000 -1.000000 0.000000
vn 0.000000 -1.000000 0.000000
vn 0.000000 -1.000000 0.000000
vn 0.000000 -1.000000 0.000000
vn 0.000000 -1.000000 0.000000
vn 0.000000 -1.000000 0.000000
vn 0.000000 -1.000000 0.000000
vn 0.000000 -1.000000 0.000000
vn 0.000000 -1.000000 0.000000
vn 0.000000 -1.000000 0.000000
vn 0.000000 -1.000000 0.000000
vn 1.000000 0.000000 0.000000
vn 1.000000 0.000000 0.000000
vn 1.000000 0.000000 0.000000
vn 0.000000 0.000000 -1.000000
vn 0.000000 0.000000 -1.000000
vn 0.000000 0.000000 -1.000000
vn -1.000000 0.000000 0.000000
vn -1.000000 0.000000 0.000000
vn -1.000000 0.000000 0.000000
vn 0.000000 0.000000 1.000000
vn 0.000000 0.000000 1.000000
vn 0.000000 0.000000 1.000000
vn 0.000000 0.000000 -1.000000
vn 0.000000 0.000000 -1.000000
vn 0.000000 0.000000 -1.000000
vn -1.000000 0.000000 0.000000
vn -1.000000 0.000000 0.000000
vn -1.000000 0.000000 0.000000
vn 0.000000 0.000000 1.000000
vn 0.000000 0.000000 1.000000
vn 0.000000 0.000000 1.000000
vn 1.000000 0.000000 0.000000
vn 1.000000 0.000000 0.000000
vn 1.000000 0.000000 0.000000
vn 1.000000 0.000000 0.000000
vn 1.000000 0.000000 0.000000
vn 1.000000 0.000000 0.000000
vn -0.000000 0.747294 -0.664494
vn -0.000000 0.731906 -0.681406
vn -0.000000 0.731906 -0.681406
vn -1.000000 0.000000 0.000000
vn -1.000000 0.000000 0.000000
vn -1.000000 0.000000 0.000000
vn 0.000000 -0.747294 0.664494
vn 0.000000 -0.731906 0.681406
vn 0.000000 -0.731906 0.681406
vn -0.000000 0.747294 -0.664494
vn -0.000000 0.731906 -0.681406
vn -0.000000 0.731906 -0.681406
vn -1.000000 0.000000 0.000000
vn -1.000000 0.000000 0.000000
vn -1.000000 0.000000 0.000000
vn 0.000000 -0.747294 0.664494
vn 0.000000 -0.731906 0.681406
vn 0.000000 -0.731906 0.681406
vn 1.000000 0.000000 0.000000
vn 1.000000 0.000000 0.000000
vn 1.000000 0.000000 0.000000
vn 1.000000 0.000000 0.000000
vn 1.000000 0.000000 0.000000
vn 1.000000 0.000000 0.000000
vn -0.000000 0.731906 -0.681406
vn -0.000000 0.564630 -0.825344
vn -0.000000 0.564515 -0.825423
vn -1.000000 0.000000 0.000000
vn -1.000000 0.000000 0.000000
vn -1.000000 0.000000 0.000000
vn 0.000000 -0.731906 0.681406
vn 0.000000 -0.564401 0.825501
vn 0.000000 -0.564515 0.825423
vn -0.000000 0.731906 -0.681406
vn -0.000000 0.564584 -0.825376
vn -0.000000 0.564515 -0.825423
vn -1.000000 0.000000 0.000000
vn -1.000000 0.000000 0.000000
vn -1.000000 0.000000 0.000000
vn 0.000000 -0.731906 0.681406
vn 0.000000 -0.564401 0.825501
vn 0.000000 -0.564515 0.825423
vn 1.000000 0.000000 0.000000
vn 1.000000 0.000000 0.000000
vn 1.000000 0.000000 0.000000
vn 1.000000 0.000000 0.000000
vn 1.000000 0.000000 0.000000
vn 1.000000 0.000000 0.000000
vn -0.000000 0.564630 -0.825344
vn -0.000000 0.236908 -0.971532
vn -0.000000 0.236908 -0.971532
vn -1.000000 0.000000 0.000000
vn -1.000000 0.000000 0.000000
vn -1.000000 0.000000 0.000000
vn 0.000000 -0.564401 0.825501
vn 0.000000 -0.237002 0.971509
vn 0.000000 -0.237002 0.971509
vn -0.000000 0.564584 -0.825376
vn -0.000000 0.236908 -0.971532
vn -0.000000 0.236908 -0.971532
vn -1.000000 0.000000 0.000000
vn -1.000000 0.000000 0.000000
vn -1.000000 0.000000 0.000000
vn 0.000000 -0.564401 0.825501
vn 0.000000 -0.237002 0.971509
vn 0.000000 -0.237002 0.971509
vn 1.000000 0.000000 0.000000
vn 1.000000 0.000000 0.000000
vn 1.000000 0.000000 0.000000
vn 1.000000 0.000000 0.000000
vn 1.000000 0.000000 0.000000
vn 1.000000 0.000000 0.000000
vn -0.000000 0.236908 -0.971532
vn 0.000000 -0.232193 -0.972670
vn 0.000000 -0.232193 -0.972670
vn -1.000000 0.000000 0.000000
vn -1.000000 0.000000 0.000000
vn -1.000000 0.000000 0.000000
vn 0.000000 -0.237002 0.971509
vn 0.000000 0.232098 0.972692
vn 0.000000 0.232004 0.972715
vn -0.000000 0.236908 -0.971532
vn 0.000000 -0.231391 -0.972861
vn 0.000000 -0.231508 -0.972833
vn -1.000000 0.000000 0.000000
vn -1.000000 0.000000 0.000000
vn -1.000000 0.000000 0.000000
vn 0.000000 -0.237002 0.971509
vn 0.000000 0.232806 0.972523
vn 0.000000 0.232806 0.972523
vn 1.000000 0.000000 0.000000
vn 1.000000 0.000000 0.000000
vn 1.000000 0.000000 0.000000
vn 1.000000 0.000000 0.000000
vn 1.000000 0.000000 0.000000
vn 1.000000 0.000000 0.000000
vn 0.000000 -0.232193 -0.972670
vn 0.000000 -0.597196 -0.802095
vn 0.000000 -0.597196 -0.802095
vn -1.000000 0.000000 0.000000
vn -1.000000 0.000000 0.000000
vn -1.000000 0.000000 0.000000
vn 0.000000 0.232098 0.972692
vn 0.000000 0.597196 0.802095
vn 0.000000 0.597196 0.802095
vn 0.000000 -0.231391 -0.972861
vn 0.000000 -0.599824 -0.800132
vn 0.000000 -0.599824 -0.800132
vn -1.000000 0.000000 0.000000
vn -1.000000 0.000000 0.000000
vn -1.000000 0.000000 0.000000
vn 0.000000 0.232806 0.972523
vn 0.000000 0.594787 0.803883
vn 0.000000 0.594787 0.803883
vn 1.000000 0.000000 0.000000
vn 1.000000 0.000000 0.000000
vn 1.000000 0.000000 0.000000
vn 1.000000 0.000000 0.000000
vn 1.000000 0.000000 0.000000
vn 1.000000 0.000000 0.000000
vn 0.000000 -0.597196 -0.802095
vn 0.000000 -0.789304 -0.614003
vn 0.000000 -0.789390 -0.613892
vn -1.000000 0.000000 0.000000
vn -1.000000 0.000000 0.000000
vn -1.000000 0.000000 0.000000
vn 0.000000 0.597196 0.802095
vn 0.000000 0.789390 0.613892
vn 0.000000 0.789304 0.614003
vn 0.000000 -0.599824 -0.800132
vn 0.000000 -0.790836 -0.612028
vn 0.000000 -0.790874 -0.611980
vn -1.000000 0.000000 0.000000
vn -1.000000 0.000000 0.000000
vn -1.000000 0.000000 0.000000
vn 0.000000 0.594787 0.803883
vn 0.000000 0.787988 0.615691
vn 0.000000 0.787902 0.615801
vn 1.000000 0.000000 0.000000
vn 1.000000 0.000000 0.000000
vn 1.000000 0.000000 0.000000
vn 1.000000 0.000000 0.000000
vn 1.000000 0.000000 0.000000
vn 1.000000 0.000000 0.000000
vn 0.000000 -0.789304 -0.614003
vn 0.000000 -0.950182 -0.311694
vn 0.000000 -0.950212 -0.311604
vn -1.000000 0.000000 0.000000
vn -1.000000 0.000000 0.000000
vn -1.000000 0.000000 0.000000
vn 0.000000 0.789390 0.613892
vn 0.000000 0.920443 0.390876
vn 0.000000 0.920443 0.390876
vn 0.000000 -0.790836 -0.612028
vn 0.000000 -0.934024 -0.357209
vn 0.000000 -0.934024 -0.357209
vn -1.000000 0.000000 0.000000
vn -1.000000 0.000000 0.000000
vn -1.000000 0.000000 0.000000
vn 0.000000 0.787988 0.615691
vn 0.000000 0.935777 0.352591
vn 0.000000 0.935777 0.352591
vn 1.000000 0.000000 0.000000
vn 1.000000 0.000000 0.000000
vn 1.000000 0.000000 0.000000
vn 1.000000 0.000000 0.000000
vn 1.000000 0.000000 0.000000
vn 1.000000 0.000000 0.000000
vn 0.000000 -0.950182 -0.311694
vn 0.000000 -0.999972 -0.007500
vn 0.000000 -0.999974 -0.007200
vn -1.000000 0.000000 0.000000
vn -1.000000 0.000000 0.000000
vn -1.000000 0.000000 0.000000
vn 0.000000 0.920443 0.390876
vn 0.000000 0.998276 0.058699
vn 0.000000 0.998216 0.059701
vn 0.000000 -0.934024 -0.357209
vn 0.000000 -0.999469 -0.032599
vn 0.000000 -0.999497 -0.031700
vn -1.000000 0.000000 0.000000
vn -1.000000 0.000000 0.000000
vn -1.000000 0.000000 0.000000
vn 0.000000 0.935777 0.352591
vn 0.000000 0.999363 0.035699
vn 0.000000 0.999337 0.036401
vn 1.000000 0.000000 0.000000
vn 1.000000 0.000000 0.000000
vn 1.000000 0.000000 0.000000
vn 1.000000 0.000000 0.000000
vn 1.000000 0.000000 0.000000
vn 1.000000 0.000000 0.000000
vn 0.000000 -0.999972 -0.007500
vn 0.000000 -0.999850 0.017299
vn 0.000000 -0.999850 0.017299
vn -1.000000 0.000000 0.000000
vn -1.000000 0.000000 0.000000
vn -1.000000 0.000000 0.000000
vn 0.000000 0.998276 0.058699
vn -0.000000 0.999850 -0.017299
vn -0.000000 0.999850 -0.017299
vn 0.000000 -0.999469 -0.032599
vn 0.000000 -0.999850 0.017299
vn 0.000000 -0.999850 0.017299
vn -1.000000 0.000000 0.000000
vn -1.000000 0.000000 0.000000
vn -1.000000 0.000000 0.000000
vn 0.000000 0.999363 0.035699
vn -0.000000 0.999850 -0.017299
vn -0.000000 0.999850 -0.017299
vn 1.000000 0.000000 0.000000
vn 1.000000 0.000000 0.000000
vn 1.000000 0.000000 0.000000
vn 0.000000 -1.000000 0.000000
vn 0.000000 -1.000000 0.000000
vn 0.000000 -1.000000 0.000000
vn 0.000000 0.000000 -1.000000
vn 0.000000 0.000000 -1.000000
vn 0.000000 0.000000 -1.000000
vn -0.000000 1.000000 -0.000000
vn -0.000000 1.000000 -0.000000
vn -0.000000 1.000000 -0.000000
vn 0.000000 -1.000000 0.000000
vn 0.000000 -1.000000 0.000000
vn 0.000000 -1.000000 0.000000
vn 0.000000 0.000000 -1.000000
vn 0.000000 0.000000 -1.000000
vn 0.000000 0.000000 -1.000000
vn -0.000000 1.000000 -0.000000
vn -0.000000 1.000000 -0.000000
vn -0.000000 1.000000 -0.000000
vn -0.000000 1.000000 -0.000000
vn -0.000000 1.000000 -0.000000
vn -0.000000 1.000000 -0.000000
vn 0.000000 0.000000 -1.000000
vn 0.000000 0.000000 -1.000000
vn 0.000000 0.000000 -1.000000
vn 0.000000 -1.000000 0.000000
vn 0.000000 -1.000000 0.000000
vn 0.000000 -1.000000 0.000000
vn -0.000000 1.000000 -0.000000
vn -0.000000 1.000000 -0.000000
vn -0.000000 1.000000 -0.000000
vn 0.000000 0.000000 -1.000000
vn 0.000000 0.000000 -1.000000
vn 0.000000 0.000000 -1.000000
vn 0.000000 -1.000000 0.000000
vn 0.000000 -1.000000 0.000000
vn 0.000000 -1.000000 0.000000
vn 0.994162 -0.000000 0.107896
vn 0.994162 -0.000000 0.107896
vn 0.994162 -0.000000 0.107896
vn 0.000000 -1.000000 0.000000
vn 0.000000 -1.000000 0.000000
vn 0.000000 -1.000000 0.000000
vn -0.994723 0.000000 -0.102602
vn -0.995275 0.000000 -0.097098
vn -0.995294 0.000000 -0.096899
vn -0.000000 1.000000 -0.000000
vn -0.000000 1.000000 -0.000000
vn -0.000000 1.000000 -0.000000
vn 0.994723 0.000000 -0.102602
vn 0.995245 0.000000 -0.097404
vn 0.995265 0.000000 -0.097197
vn 0.000000 -1.000000 0.000000
vn 0.000000 -1.000000 0.000000
vn 0.000000 -1.000000 0.000000
vn -0.994162 0.000000 0.107896
vn -0.994162 0.000000 0.107896
vn -0.994162 0.000000 0.107896
vn -0.000000 1.000000 -0.000000
vn -0.000000 1.000000 -0.000000
vn -0.000000 1.000000 -0.000000
vn 0.999965 -0.000000 0.008400
vn 0.999965 -0.000000 0.008400
vn 0.999965 -0.000000 0.008400
vn -0.000000 1.000000 -0.000000
vn -0.000000 1.000000 -0.000000
vn -0.000000 1.000000 -0.000000
vn -0.995275 0.000000 -0.097098
vn -0.999968 0.000000 -0.008000
vn -0.999968 0.000000 -0.008000
vn 0.000000 -1.000000 0.000000
vn 0.000000 -1.000000 0.000000
vn 0.000000 -1.000000 0.000000
vn -0.000000 1.000000 -0.000000
vn -0.000000 1.000000 -0.000000
vn -0.000000 1.000000 -0.000000
vn -0.999965 0.000000 0.008400
vn -0.999965 0.000000 0.008400
vn -0.999965 0.000000 0.008400
vn 0.000000 -1.000000 0.000000
vn 0.000000 -1.000000 0.000000
vn 0.000000 -1.000000 0.000000
vn 0.995245 0.000000 -0.097404
vn 0.999968 0.000000 -0.008000
vn 0.999968 0.000000 -0.008000
vn -0.000000 1.000000 -0.000000
vn -0.000000 1.000000 -0.000000
vn -0.000000 1.000000 -0.000000
vn -0.992295 0.000000 -0.123899
vn -0.971899 0.000000 -0.235400
vn -0.971899 0.000000 -0.235400
vn 0.000000 -1.000000 0.000000
vn 0.000000 -1.000000 0.000000
vn 0.000000 -1.000000 0.000000
vn 0.993037 -0.000000 0.117804
vn 0.974519 -0.000000 0.224304
vn 0.974519 -0.000000 0.224304
vn 0.992232 0.000000 -0.124404
vn 0.971899 0.000000 -0.235400
vn 0.971899 0.000000 -0.235400
vn -0.000000 1.000000 -0.000000
vn -0.000000 1.000000 -0.000000
vn -0.000000 1.000000 -0.000000
vn -0.992990 0.000000 0.118199
vn -0.974519 0.000000 0.224304
vn -0.974519 0.000000 0.224304
vn 0.000000 -1.000000 0.000000
vn 0.000000 -1.000000 0.000000
vn 0.000000 -1.000000 0.000000
vn 0.999965 -0.000000 0.008400
vn 0.992232 0.000000 -0.124404
vn 0.992232 0.000000 -0.124404
vn -0.000000 1.000000 -0.000000
vn -0.000000 1.000000 -0.000000
vn -0.000000 1.000000 -0.000000
vn -0.999968 0.000000 -0.008000
vn -0.992990 0.000000 0.118199
vn -0.992990 0.000000 0.118199
vn 0.000000 -1.000000 0.000000
vn 0.000000 -1.000000 0.000000
vn 0.000000 -1.000000 0.000000
vn -0.000000 1.000000 -0.000000
vn -0.000000 1.000000 -0.000000
vn -0.000000 1.000000 -0.000000
vn -0.999965 0.000000 0.008400
vn -0.992295 0.000000 -0.123899
vn -0.992295 0.000000 -0.123899
vn 0.000000 -1.000000 0.000000
vn 0.000000 -1.000000 0.000000
vn 0.000000 -1.000000 0.000000
vn 0.999968 0.000000 -0.008000
vn 0.993037 -0.000000 0.117804
vn 0.993037 -0.000000 0.117804
vn -0.008400 0.000000 0.999965
vn -0.008400 0.000000 0.999965
vn -0.008400 0.000000 0.999965
vn 0.000000 -1.000000 0.000000
vn 0.000000 -1.000000 0.000000
vn 0.000000 -1.000000 0.000000
vn 0.008400 0.000000 -0.999965
vn 0.008400 0.000000 -0.999965
vn 0.008400 0.000000 -0.999965
vn -0.000000 1.000000 -0.000000
vn -0.000000 1.000000 -0.000000
vn -0.000000 1.000000 -0.000000
vn 0.008400 -0.000000 0.999965
vn 0.008400 -0.000000 0.999965
vn 0.008400 -0.000000 0.999965
vn -0.000000 1.000000 -0.000000
vn -0.000000 1.000000 -0.000000
vn -0.000000 1.000000 -0.000000
vn -0.008400 0.000000 -0.999965
vn -0.008400 0.000000 -0.999965
vn -0.008400 0.000000 -0.999965
vn 0.000000 -1.000000 0.000000
vn 0.000000 -1.000000 0.000000
vn 0.000000 -1.000000 0.000000
vn 0.000000 -1.000000 0.000000
vn 0.000000 -1.000000 0.000000
vn 0.000000 -1.000000 0.000000
vn 0.000000 0.000000 -1.000000
vn 0.000000 0.000000 -1.000000
vn 0.000000 0.000000 -1.000000
vn 0.000000 0.000000 1.000000
vn 0.000000 0.000000 1.000000
vn 0.000000 0.000000 1.000000
vn 1.000000 0.000000 0.000000
vn 1.000000 0.000000 0.000000
vn 1.000000 0.000000 0.000000
vn 0.000000 -1.000000 0.000000
vn 0.000000 -1.000000 0.000000
vn 0.000000 -1.000000 0.000000
vn -1.000000 0.000000 0.000000
vn -1.000000 0.000000 0.000000
vn -1.000000 0.000000 0.000000
vn -0.000000 1.000000 -0.000000
vn -0.000000 1.000000 -0.000000
vn -0.000000 1.000000 -0.000000
vn -0.000000 0.092600 -0.995703
vn -0.000000 0.092600 -0.995703
vn -0.000000 0.092600 -0.995703
vn -0.000000 1.000000 -0.000000
vn -0.000000 1.000000 -0.000000
vn -0.000000 1.000000 -0.000000
vn 0.000000 -1.000000 0.000000
vn 0.000000 -1.000000 0.000000
vn 0.000000 -1.000000 0.000000
vn -0.000000 1.000000 -0.000000
vn -0.000000 1.000000 -0.000000
vn -0.000000 1.000000 -0.000000
vn -0.000000 1.000000 -0.000000
vn -0.000000 1.000000 -0.000000
vn -0.000000 1.000000 -0.000000
vn -0.000000 1.000000 -0.000000
vn -0.000000 1.000000 -0.000000
vn -0.000000 1.000000 -0.000000
vn 0.000000 -1.000000 0.000000
vn 0.000000 -1.000000 0.000000
vn 0.000000 -1.000000 0.000000
vn 0.000000 -1.000000 0.000000
vn 0.000000 -1.000000 0.000000
vn 0.000000 -1.000000 0.000000
vn 0.000000 -1.000000 0.000000
vn 0.000000 -1.000000 0.000000
vn 0.000000 -1.000000 0.000000
vn 1.000000 0.000000 0.000000
vn 1.000000 0.000000 0.000000
vn 1.000000 0.000000 0.000000
vn 0.000000 0.000000 -1.000000
vn 0.000000 0.000000 -1.000000
vn 0.000000 0.000000 -1.000000
vn -1.000000 0.000000 0.000000
vn -1.000000 0.000000 0.000000
vn -1.000000 0.000000 0.000000
vn 0.000000 0.000000 1.000000
vn 0.000000 0.000000 1.000000
vn 0.000000 0.000000 1.000000
vn 1.000000 0.000000 0.000000
vn 1.000000 0.000000 0.000000
vn 1.000000 0.000000 0.000000
vn -0.000000 0.747294 -0.664494
vn -0.000000 0.731906 -0.681406
vn -0.000000 0.731906 -0.681406
vn -1.000000 0.000000 0.000000
vn -1.000000 0.000000 0.000000
vn -1.000000 0.000000 0.000000
vn 0.000000 -0.747294 0.664494
vn 0.000000 -0.731906 0.681406
vn 0.000000 -0.731906 0.681406
vn 1.000000 0.000000 0.000000
vn 1.000000 0.000000 0.000000
vn 1.000000 0.000000 0.000000
vn -0.000000 0.731906 -0.681406
vn -0.000000 0.564630 -0.825344
vn -0.000000 0.564515 -0.825423
vn -1.000000 0.000000 0.000000
vn -1.000000 0.000000 0.000000
vn -1.000000 0.000000 0.000000
vn 0.000000 -0.731906 0.681406
vn 0.000000 -0.564401 0.825501
vn 0.000000 -0.564469 0.825454
vn 1.000000 0.000000 0.000000
vn 1.000000 0.000000 0.000000
vn 1.000000 0.000000 0.000000
vn -0.000000 0.564630 -0.825344
vn -0.000000 0.236908 -0.971532
vn -0.000000 0.236908 -0.971532
vn -1.000000 0.000000 0.000000
vn -1.000000 0.000000 0.000000
vn -1.000000 0.000000 0.000000
vn 0.000000 -0.564401 0.825501
vn 0.000000 -0.237002 0.971509
vn 0.000000 -0.237002 0.971509
vn 1.000000 0.000000 0.000000
vn 1.000000 0.000000 0.000000
vn 1.000000 0.000000 0.000000
vn -0.000000 0.236908 -0.971532
vn 0.000000 -0.232193 -0.972670
vn 0.000000 -0.232287 -0.972647
vn -1.000000 0.000000 0.000000
vn -1.000000 0.000000 0.000000
vn -1.000000 0.000000 0.000000
vn 0.000000 -0.237002 0.971509
vn 0.000000 0.232098 0.972692
vn 0.000000 0.232004 0.972715
vn 1.000000 0.000000 0.000000
vn 1.000000 0.000000 0.000000
vn 1.000000 0.000000 0.000000
vn 0.000000 -0.232193 -0.972670
vn 0.000000 -0.597196 -0.802095
vn 0.000000 -0.597196 -0.802095
vn -1.000000 0.000000 0.000000
vn -1.000000 0.000000 0.000000
vn -1.000000 0.000000 0.000000
vn 0.000000 0.232098 0.972692
vn 0.000000 0.597196 0.802095
vn 0.000000 0.597196 0.802095
vn 1.000000 0.000000 0.000000
vn 1.000000 0.000000 0.000000
vn 1.000000 0.000000 0.000000
vn 0.000000 -0.597196 -0.802095
vn 0.000000 -0.789304 -0.614003
vn 0.000000 -0.789390 -0.613892
vn -1.000000 0.000000 0.000000
vn -1.000000 0.000000 0.000000
vn -1.000000 0.000000 0.000000
vn 0.000000 0.597196 0.802095
vn 0.000000 0.789390 0.613892
vn 0.000000 0.789304 0.614003
vn 1.000000 0.000000 0.000000
vn 1.000000 0.000000 0.000000
vn 1.000000 0.000000 0.000000
vn 0.000000 -0.789304 -0.614003
vn 0.000000 -0.950182 -0.311694
vn 0.000000 -0.950212 -0.311604
vn -1.000000 0.000000 0.000000
vn -1.000000 0.000000 0.000000
vn -1.000000 0.000000 0.000000
vn 0.000000 0.789390 0.613892
vn 0.000000 0.920479 0.390791
vn 0.000000 0.920443 0.390876
vn 1.000000 0.000000 0.000000
vn 1.000000 0.000000 0.000000
vn 1.000000 0.000000 0.000000
vn 0.000000 -0.950182 -0.311694
vn 0.000000 -0.999971 -0.007600
vn 0.000000 -0.999973 -0.007300
vn -1.000000 0.000000 0.000000
vn -1.000000 0.000000 0.000000
vn -1.000000 0.000000 0.000000
vn 0.000000 0.920479 0.390791
vn 0.000000 0.998276 0.058699
vn 0.000000 0.998222 0.059601
vn 1.000000 0.000000 0.000000
vn 1.000000 0.000000 0.000000
vn 1.000000 0.000000 0.000000
vn 0.000000 -0.999971 -0.007600
vn 0.000000 -0.999850 0.017299
vn 0.000000 -0.999850 0.017299
vn -1.000000 0.000000 0.000000
vn -1.000000 0.000000 0.000000
vn -1.000000 0.000000 0.000000
vn 0.000000 0.998276 0.058699
vn -0.000000 0.999850 -0.017299
vn -0.000000 0.999850 -0.017299
vn -1.000000 0.000000 0.000000
vn -1.000000 0.000000 0.000000
vn -1.000000 0.000000 0.000000
vn -1.000000 0.000000 0.000000
vn -1.000000 0.000000 0.000000
vn -1.000000 0.000000 0.000000
vn -1.000000 0.000000 0.000000
vn -1.000000 0.000000 0.000000
vn -1.000000 0.000000 0.000000
vn -1.000000 0.000000 0.000000
vn -1.000000 0.000000 0.000000
vn -1.000000 0.000000 0.000000
vn -1.000000 0.000000 0.000000
vn -1.000000 0.000000 0.000000
vn -1.000000 0.000000 0.000000
vn 1.000000 0.000000 0.000000
vn 1.000000 0.000000 0.000000
vn 1.000000 0.000000 0.000000
vn 1.000000 0.000000 0.000000
vn 1.000000 0.000000 0.000000
vn 1.000000 0.000000 0.000000
vn 1.000000 0.000000 0.000000
vn 1.000000 0.000000 0.000000
vn 1.000000 0.000000 0.000000
vn 1.000000 0.000000 0.000000
vn 1.000000 0.000000 0.000000
vn 1.000000 0.000000 0.000000
vn 1.000000 0.000000 0.000000
vn 1.000000 0.000000 0.000000
vn 1.000000 0.000000 0.000000
vn -0.863452 0.000000 -0.504431
vn -0.863452 0.000000 -0.504431
vn -0.863452 0.000000 -0.504431
vn -0.402015 0.000000 -0.915633
vn -0.402015 0.000000 -0.915633
vn -0.739669 0.000000 -0.672971
vn 0.005100 0.000000 -0.999987
vn 0.005100 0.000000 -0.999987
vn -0.402015 0.000000 -0.915633
vn 0.411421 0.000000 -0.911446
vn 0.411421 0.000000 -0.911446
vn 0.005100 0.000000 -0.999987
vn 0.746587 0.000000 -0.665288
vn 0.746587 0.000000 -0.665288
vn 0.411421 0.000000 -0.911446
vn 0.952636 0.000000 -0.304112
vn 0.952636 0.000000 -0.304112
vn 0.746587 0.000000 -0.665288
vn 0.993976 -0.000000 0.109597
vn 0.993976 -0.000000 0.109597
vn 0.952636 0.000000 -0.304112
vn 0.863452 -0.000000 0.504431
vn 0.863478 -0.000000 0.504387
vn 0.993976 -0.000000 0.109597
vn 0.583620 -0.000000 0.812027
vn 0.583620 -0.000000 0.812027
vn 0.863478 -0.000000 0.504387
vn 0.202900 -0.000000 0.979200
vn 0.202900 -0.000000 0.979200
vn 0.583620 -0.000000 0.812027
vn -0.212895 0.000000 0.977075
vn -0.212895 0.000000 0.977075
vn 0.202900 -0.000000 0.979200
vn -0.591905 0.000000 0.806008
vn -0.591905 0.000000 0.806008
vn -0.212895 0.000000 0.977075
vn -0.868606 0.000000 0.495503
vn -0.868606 0.000000 0.495503
vn -0.591905 0.000000 0.806008
vn -0.995047 0.000000 0.099405
vn -0.995047 0.000000 0.099405
vn -0.868606 0.000000 0.495503
vn -0.949490 0.000000 -0.313797
vn -0.949490 0.000100 -0.313797
vn -0.995047 0.000000 0.099405
vn -0.739718 0.000000 -0.672917
vn -0.739718 0.000000 -0.672917
vn -0.949460 0.000000 -0.313887
vn -0.402015 0.000000 -0.915633
vn -0.402015 0.000000 -0.915633
vn -0.739718 0.000000 -0.672917
vn 0.005100 0.000000 -0.999987
vn 0.005100 0.000000 -0.999987
vn -0.402015 0.000000 -0.915633
vn 0.411383 0.000000 -0.911463
vn 0.411421 0.000000 -0.911446
vn 0.005100 0.000000 -0.999987
vn 0.746587 0.000000 -0.665288
vn 0.746587 0.000000 -0.665288
vn 0.411421 0.000000 -0.911446
vn 0.952636 0.000000 -0.304112
vn 0.952636 0.000000 -0.304112
vn 0.746587 0.000000 -0.665288
vn 0.993976 -0.000000 0.109597
vn 0.993976 -0.000000 0.109597
vn 0.952636 0.000000 -0.304112
vn 0.863452 -0.000000 0.504431
vn 0.863452 -0.000000 0.504431
vn 0.993976 -0.000000 0.109597
vn 0.583620 -0.000000 0.812027
vn 0.583620 -0.000000 0.812027
vn 0.863452 -0.000000 0.504431
vn 0.402015 -0.000000 0.915633
vn 0.402015 -0.000000 0.915633
vn 0.583620 -0.000000 0.812027
vn -0.005100 0.000000 0.999987
vn -0.005100 0.000000 0.999987
vn -0.005100 0.000000 0.999987
vn -0.591905 0.000000 0.806008
vn -0.591905 0.000000 0.806008
vn -0.411504 0.000000 0.911408
vn -0.868563 0.000000 0.495579
vn -0.868606 0.000000 0.495503
vn -0.591905 0.000000 0.806008
vn -0.995047 0.000000 0.099405
vn -0.995047 0.000000 0.099405
vn -0.868606 0.000000 0.495503
vn -0.949460 0.000000 -0.313887
vn -0.949460 0.000000 -0.313887
vn -0.995047 0.000000 0.099405
vn -0.000000 1.000000 -0.000000
vn -0.000000 1.000000 -0.000000
vn -0.000000 1.000000 -0.000000
vn 0.000000 -1.000000 0.000000
vn 0.000000 -1.000000 0.000000
vn 0.000000 -1.000000 0.000000
vn -0.000000 1.000000 -0.000000
vn -0.000000 1.000000 -0.000000
vn -0.000000 1.000000 -0.000000
vn 0.000000 -1.000000 0.000000
vn 0.000000 -1.000000 0.000000
vn 0.000000 -1.000000 0.000000
vn -0.000000 1.000000 -0.000000
vn -0.000000 1.000000 -0.000000
vn -0.000000 1.000000 -0.000000
vn 0.000000 -1.000000 0.000000
vn 0.000000 -1.000000 0.000000
vn 0.000000 -1.000000 0.000000
vn -0.000000 1.000000 -0.000000
vn -0.000000 1.000000 -0.000000
vn -0.000000 1.000000 -0.000000
vn 0.000000 -1.000000 0.000000
vn 0.000000 -1.000000 0.000000
vn 0.000000 -1.000000 0.000000
vn -0.000000 1.000000 -0.000000
vn -0.000000 1.000000 -0.000000
vn -0.000000 1.000000 -0.000000
vn 0.000000 -1.000000 0.000000
vn 0.000000 -1.000000 0.000000
vn 0.000000 -1.000000 0.000000
vn -0.000000 1.000000 -0.000000
vn -0.000000 1.000000 -0.000000
vn -0.000000 1.000000 -0.000000
vn 0.000000 -1.000000 0.000000
vn 0.000000 -1.000000 0.000000
vn 0.000000 -1.000000 0.000000
vn -0.000000 1.000000 -0.000000
vn -0.000000 1.000000 -0.000000
vn -0.000000 1.000000 -0.000000
vn 0.000000 -1.000000 0.000000
vn 0.000000 -1.000000 0.000000
vn 0.000000 -1.000000 0.000000
vn -0.000000 1.000000 -0.000000
vn -0.000000 1.000000 -0.000000
vn -0.000000 1.000000 -0.000000
vn 0.000000 -1.000000 0.000000
vn 0.000000 -1.000000 0.000000
vn 0.000000 -1.000000 0.000000
vn -0.000000 1.000000 -0.000000
vn -0.000000 1.000000 -0.000000
vn -0.000000 1.000000 -0.000000
vn 0.000000 -1.000000 0.000000
vn 0.000000 -1.000000 0.000000
vn 0.000000 -1.000000 0.000000
vn -0.000000 1.000000 -0.000000
vn -0.000000 1.000000 -0.000000
vn -0.000000 1.000000 -0.000000
vn 0.000000 -1.000000 0.000000
vn 0.000000 -1.000000 0.000000
vn -0.001300 -0.975387 0.220497
vn -0.000000 1.000000 -0.000000
vn -0.000000 1.000000 -0.000000
vn -0.000000 1.000000 -0.000000
vn 0.000000 -1.000000 0.000000
vn -0.001300 -0.975387 0.220497
vn -0.001100 -0.975387 0.220497
vn -0.000000 1.000000 -0.000000
vn -0.000000 1.000000 -0.000000
vn -0.000000 1.000000 -0.000000
vn 0.000000 -1.000000 0.000000
vn -0.001100 -0.975387 0.220497
vn 0.000000 -1.000000 0.000000
vn -0.000000 1.000000 -0.000000
vn -0.000000 1.000000 -0.000000
vn -0.000000 1.000000 -0.000000
vn 0.000000 -1.000000 0.000000
vn 0.000000 -1.000000 0.000000
vn 0.000000 -1.000000 0.000000
vn -0.000000 1.000000 -0.000000
vn -0.000000 1.000000 -0.000000
vn -0.000000 1.000000 -0.000000
vn 0.000000 -1.000000 0.000000
vn 0.000000 -1.000000 0.000000
vn 0.000000 -1.000000 0.000000
vn -0.000000 1.000000 -0.000000
vn -0.000000 1.000000 -0.000000
vn -0.000000 1.000000 -0.000000
vn 0.000000 -1.000000 0.000000
vn 0.000000 -1.000000 0.000000
vn 0.000000 -1.000000 0.000000
vn -0.739718 0.000000 -0.672917
vn -0.828181 -0.360792 -0.428890
vn -0.759572 -0.599878 -0.251391
vn -0.402015 0.000000 -0.915633
vn -0.582704 -0.361402 -0.727904
vn -0.828181 -0.360792 -0.428890
vn 0.005100 0.000000 -0.999987
vn -0.239210 -0.361815 -0.901038
vn -0.582704 -0.361402 -0.727904
vn 0.005100 0.000000 -0.999987
vn 0.411421 -0.000200 -0.911446
vn 0.327808 -0.605715 -0.725018
vn 0.411421 -0.000200 -0.911446
vn 0.746587 0.000000 -0.665288
vn 0.594191 -0.605891 -0.528992
vn 0.952636 0.000000 -0.304112
vn 0.782097 -0.363299 -0.506298
vn 0.594191 -0.605891 -0.528992
vn 0.993976 -0.000000 0.109597
vn 0.920493 -0.363297 -0.143899
vn 0.782097 -0.363299 -0.506298
vn 0.863452 -0.000000 0.504431
vn 0.899706 -0.362802 0.242702
vn 0.920493 -0.363297 -0.143899
vn 0.583620 -0.000000 0.812027
vn 0.722878 -0.362289 0.588382
vn 0.899706 -0.362802 0.242702
vn 0.202900 -0.000000 0.979200
vn 0.420190 -0.361592 0.832281
vn 0.722878 -0.362289 0.588382
vn -0.212895 0.000000 0.977075
vn 0.044198 -0.360885 0.931562
vn 0.420190 -0.361592 0.832281
vn -0.591905 0.000000 0.806008
vn -0.339607 -0.360308 0.868818
vn 0.044198 -0.360885 0.931562
vn -0.868563 0.000000 0.495579
vn -0.664259 -0.360078 0.655060
vn -0.339607 -0.360308 0.868818
vn -0.995047 0.000000 0.099405
vn -0.873317 -0.359907 0.328306
vn -0.664259 -0.360078 0.655060
vn -0.949460 0.000000 -0.313887
vn -0.759572 -0.599878 -0.251391
vn -0.873317 -0.359907 0.328306
vn -0.759572 -0.599878 -0.251391
vn -0.828181 -0.360792 -0.428890
vn -0.492090 -0.747085 -0.446891
vn -0.828181 -0.360792 -0.428890
vn -0.582704 -0.361402 -0.727904
vn -0.267413 -0.748336 -0.607029
vn -0.582704 -0.361402 -0.727904
vn -0.239210 -0.361815 -0.901038
vn 0.002600 -0.749830 -0.661626
vn -0.239210 -0.361815 -0.901038
vn 0.327808 -0.605715 -0.725018
vn 0.270900 -0.751299 -0.601800
vn 0.327808 -0.605715 -0.725018
vn 0.594191 -0.605891 -0.528992
vn 0.491488 -0.752382 -0.438589
vn 0.594191 -0.605891 -0.528992
vn 0.782097 -0.363299 -0.506298
vn 0.626798 -0.752997 -0.200299
vn 0.782097 -0.363299 -0.506298
vn 0.920493 -0.363297 -0.143899
vn 0.654073 -0.752969 0.072297
vn 0.899706 -0.362802 0.242702
vn 0.568504 -0.752405 0.332702
vn 0.654073 -0.752969 0.072297
vn 0.722878 -0.362289 0.588382
vn 0.384603 -0.751305 0.536304
vn 0.568504 -0.752405 0.332702
vn 0.420190 -0.361592 0.832281
vn 0.133397 -0.749881 0.647984
vn 0.384603 -0.751305 0.536304
vn 0.044198 -0.360885 0.931562
vn -0.141997 -0.748385 0.647887
vn 0.133397 -0.749881 0.647984
vn -0.339607 -0.360308 0.868818
vn -0.393991 -0.747082 0.535387
vn -0.141997 -0.748385 0.647887
vn -0.664259 -0.360078 0.655060
vn -0.578401 -0.746201 0.329600
vn -0.393991 -0.747082 0.535387
vn -0.873317 -0.359907 0.328306
vn -0.662782 -0.745880 0.066198
vn -0.578401 -0.746201 0.329600
vn -0.873317 -0.359907 0.328306
vn -0.759572 -0.599878 -0.251391
vn -0.632185 -0.746183 -0.208695
vn -0.704733 -0.303814 -0.641130
vn -0.668962 -0.426776 -0.608566
vn -0.858856 -0.426328 -0.283919
vn -0.382999 -0.303699 -0.872398
vn -0.363202 -0.426803 -0.828205
vn -0.668962 -0.426776 -0.608566
vn -0.382999 -0.303699 -0.872398
vn 0.004900 -0.303807 -0.952721
vn 0.004600 -0.426409 -0.904519
vn 0.004900 -0.303807 -0.952721
vn 0.391985 -0.303788 -0.868367
vn 0.372100 -0.426700 -0.824299
vn 0.391985 -0.303788 -0.868367
vn 0.711275 -0.303789 -0.633877
vn 0.675297 -0.426398 -0.601797
vn 0.711275 -0.303789 -0.633877
vn 0.907593 -0.303798 -0.289798
vn 0.861727 -0.426313 -0.275108
vn 0.907593 -0.303798 -0.289798
vn 0.946999 -0.303800 0.104400
vn 0.898938 -0.426718 0.099104
vn 0.946999 -0.303800 0.104400
vn 0.822624 -0.303809 0.480614
vn 0.781005 -0.426403 0.456303
vn 0.556005 -0.303703 0.773707
vn 0.527414 -0.426812 0.734620
vn 0.781005 -0.426403 0.456303
vn 0.193304 -0.303806 0.932918
vn 0.183103 -0.426806 0.885613
vn 0.527414 -0.426812 0.734620
vn 0.193304 -0.303806 0.932918
vn -0.202902 -0.303704 0.930911
vn -0.192599 -0.426397 0.883794
vn -0.202902 -0.303704 0.930911
vn -0.563983 -0.303791 0.767877
vn -0.535323 -0.426718 0.728931
vn -0.563983 -0.303791 0.767877
vn -0.827529 -0.303811 0.472117
vn -0.785690 -0.426395 0.448194
vn -0.948016 -0.303805 0.094702
vn -0.899911 -0.426705 0.089901
vn -0.785690 -0.426395 0.448194
vn -0.904575 -0.303791 -0.299092
vn -0.858856 -0.426328 -0.283919
vn -0.899911 -0.426705 0.089901
vn -0.668962 -0.426776 -0.608566
vn -0.564697 -0.643297 -0.516997
vn -0.728683 -0.641085 -0.240895
vn -0.668962 -0.426776 -0.608566
vn -0.363202 -0.426803 -0.828205
vn -0.308507 -0.641214 -0.702615
vn -0.363202 -0.426803 -0.828205
vn 0.004600 -0.426409 -0.904519
vn 0.003900 -0.641123 -0.767428
vn 0.004600 -0.426409 -0.904519
vn 0.372100 -0.426700 -0.824299
vn 0.315684 -0.641167 -0.699464
vn 0.372100 -0.426700 -0.824299
vn 0.675297 -0.426398 -0.601797
vn 0.572986 -0.641084 -0.510587
vn 0.675297 -0.426398 -0.601797
vn 0.861727 -0.426313 -0.275108
vn 0.731103 -0.641103 -0.233401
vn 0.898938 -0.426718 0.099104
vn 0.760762 -0.643268 0.086296
vn 0.731103 -0.641103 -0.233401
vn 0.781005 -0.426403 0.456303
vn 0.659817 -0.643317 0.388310
vn 0.760762 -0.643268 0.086296
vn 0.527414 -0.426812 0.734620
vn 0.444814 -0.643321 0.623120
vn 0.659817 -0.643317 0.388310
vn 0.183103 -0.426806 0.885613
vn 0.152997 -0.643286 0.750184
vn 0.444814 -0.643321 0.623120
vn 0.183103 -0.426806 0.885613
vn -0.192599 -0.426397 0.883794
vn -0.163407 -0.641129 0.749834
vn -0.535323 -0.426718 0.728931
vn -0.455199 -0.643298 0.615598
vn -0.163407 -0.641129 0.749834
vn -0.785690 -0.426395 0.448194
vn -0.666196 -0.643296 0.377298
vn -0.455199 -0.643298 0.615598
vn -0.899911 -0.426705 0.089901
vn -0.762076 -0.643280 0.073698
vn -0.666196 -0.643296 0.377298
vn -0.899911 -0.426705 0.089901
vn -0.858856 -0.426328 -0.283919
vn -0.728683 -0.641085 -0.240895
vn -0.564697 -0.643297 -0.516997
vn -0.444699 -0.795298 -0.411999
vn -0.580399 -0.791399 -0.191900
vn -0.308507 -0.641214 -0.702615
vn -0.238592 -0.795375 -0.557182
vn -0.444699 -0.795298 -0.411999
vn 0.003900 -0.641123 -0.767428
vn 0.008600 -0.795363 -0.606072
vn -0.238592 -0.795375 -0.557182
vn 0.315684 -0.641167 -0.699464
vn 0.254314 -0.795344 -0.550230
vn 0.008600 -0.795363 -0.606072
vn 0.315684 -0.641167 -0.699464
vn 0.572986 -0.641084 -0.510587
vn 0.456395 -0.791392 -0.406696
vn 0.572986 -0.641084 -0.510587
vn 0.731103 -0.641103 -0.233401
vn 0.582316 -0.791421 -0.185905
vn 0.760762 -0.643268 0.086296
vn 0.601913 -0.795318 0.071902
vn 0.582316 -0.791421 -0.185905
vn 0.760762 -0.643268 0.086296
vn 0.659817 -0.643317 0.388310
vn 0.527817 -0.791425 0.308310
vn 0.659817 -0.643317 0.388310
vn 0.444814 -0.643321 0.623120
vn 0.356794 -0.791387 0.496392
vn 0.444814 -0.643321 0.623120
vn 0.152997 -0.643286 0.750184
vn 0.123999 -0.791395 0.598596
vn -0.163407 -0.641129 0.749834
vn -0.134392 -0.795351 0.591063
vn 0.123999 -0.791395 0.598596
vn -0.455199 -0.643298 0.615598
vn -0.363299 -0.795298 0.485299
vn -0.134392 -0.795351 0.591063
vn -0.666196 -0.643296 0.377298
vn -0.529217 -0.795326 0.295610
vn -0.363299 -0.795298 0.485299
vn -0.762076 -0.643280 0.073698
vn -0.603664 -0.795353 0.054797
vn -0.529217 -0.795326 0.295610
vn -0.728683 -0.641085 -0.240895
vn -0.580399 -0.791399 -0.191900
vn -0.603664 -0.795353 0.054797
vn -0.580399 -0.791399 -0.191900
vn -0.444699 -0.795298 -0.411999
vn -0.337595 -0.889787 -0.307096
vn -0.238592 -0.795375 -0.557182
vn -0.170702 -0.894911 -0.412305
vn -0.337595 -0.889787 -0.307096
vn -0.238592 -0.795375 -0.557182
vn 0.008600 -0.795363 -0.606072
vn 0.002300 -0.889818 -0.456309
vn 0.008600 -0.795363 -0.606072
vn 0.254314 -0.795344 -0.550230
vn 0.187705 -0.889823 -0.415911
vn 0.456395 -0.791392 -0.406696
vn 0.339298 -0.894894 -0.289898
vn 0.187705 -0.889823 -0.415911
vn 0.456395 -0.791392 -0.406696
vn 0.582316 -0.791421 -0.185905
vn 0.434706 -0.889812 -0.138802
vn 0.601913 -0.795318 0.071902
vn 0.442408 -0.894917 0.058301
vn 0.434706 -0.889812 -0.138802
vn 0.601913 -0.795318 0.071902
vn 0.527817 -0.791425 0.308310
vn 0.394006 -0.889813 0.230203
vn 0.527817 -0.791425 0.308310
vn 0.356794 -0.791387 0.496392
vn 0.266299 -0.889798 0.370599
vn 0.356794 -0.791387 0.496392
vn 0.123999 -0.791395 0.598596
vn 0.092598 -0.889783 0.446891
vn -0.134392 -0.795351 0.591063
vn -0.104201 -0.894912 0.433906
vn 0.092598 -0.889783 0.446891
vn -0.363299 -0.795298 0.485299
vn -0.271702 -0.894908 0.354003
vn -0.104201 -0.894912 0.433906
vn -0.363299 -0.795298 0.485299
vn -0.529217 -0.795326 0.295610
vn -0.396400 -0.889801 0.226100
vn -0.603664 -0.795353 0.054797
vn -0.444898 -0.894897 0.035000
vn -0.396400 -0.889801 0.226100
vn -0.603664 -0.795353 0.054797
vn -0.580399 -0.791399 -0.191900
vn -0.433300 -0.889800 -0.143200
vn -0.337595 -0.889787 -0.307096
vn -0.205901 -0.956103 -0.208501
vn -0.295211 -0.950434 -0.097603
vn -0.170702 -0.894911 -0.412305
vn -0.103400 -0.956098 -0.274199
vn -0.205901 -0.956103 -0.208501
vn -0.170702 -0.894911 -0.412305
vn 0.002300 -0.889818 -0.456309
vn 0.001600 -0.950437 -0.310912
vn 0.002300 -0.889818 -0.456309
vn 0.187705 -0.889823 -0.415911
vn 0.127896 -0.950468 -0.283290
vn 0.187705 -0.889823 -0.415911
vn 0.339298 -0.894894 -0.289898
vn 0.232107 -0.950429 -0.206906
vn 0.434706 -0.889812 -0.138802
vn 0.283501 -0.956105 -0.074100
vn 0.232107 -0.950429 -0.206906
vn 0.442408 -0.894917 0.058301
vn 0.289104 -0.956114 0.047601
vn 0.283501 -0.956105 -0.074100
vn 0.442408 -0.894917 0.058301
vn 0.394006 -0.889813 0.230203
vn 0.268508 -0.950429 0.156805
vn 0.266299 -0.889798 0.370599
vn 0.158101 -0.956108 0.246702
vn 0.268508 -0.950429 0.156805
vn 0.092598 -0.889783 0.446891
vn 0.044100 -0.956101 0.289700
vn 0.158101 -0.956108 0.246702
vn -0.104201 -0.894912 0.433906
vn -0.077600 -0.956095 0.282598
vn 0.044100 -0.956101 0.289700
vn -0.271702 -0.894908 0.354003
vn -0.185800 -0.956102 0.226600
vn -0.077600 -0.956095 0.282598
vn -0.271702 -0.894908 0.354003
vn -0.396400 -0.889801 0.226100
vn -0.270013 -0.950444 0.154107
vn -0.396400 -0.889801 0.226100
vn -0.444898 -0.894897 0.035000
vn -0.309289 -0.950466 0.030899
vn -0.444898 -0.894897 0.035000
vn -0.433300 -0.889800 -0.143200
vn -0.295211 -0.950434 -0.097603
vn -0.295211 -0.950434 -0.097603
vn -0.205901 -0.956103 -0.208501
vn -0.134904 -0.983232 -0.122704
vn -0.205901 -0.956103 -0.208501
vn -0.103400 -0.956098 -0.274199
vn -0.073302 -0.983228 -0.167005
vn 0.001600 -0.950437 -0.310912
vn 0.032200 -0.989097 -0.143700
vn -0.073302 -0.983228 -0.167005
vn 0.001600 -0.950437 -0.310912
vn 0.127896 -0.950468 -0.283290
vn 0.075003 -0.983235 -0.166206
vn 0.232107 -0.950429 -0.206906
vn 0.128399 -0.989091 -0.072199
vn 0.075003 -0.983235 -0.166206
vn 0.232107 -0.950429 -0.206906
vn 0.283501 -0.956105 -0.074100
vn 0.173803 -0.983215 -0.055501
vn 0.289104 -0.956114 0.047601
vn 0.139500 -0.989097 0.047200
vn 0.173803 -0.983215 -0.055501
vn 0.268508 -0.950429 0.156805
vn 0.108300 -0.989096 0.099800
vn 0.139500 -0.989097 0.047200
vn 0.268508 -0.950429 0.156805
vn 0.158101 -0.956108 0.246702
vn 0.106405 -0.983246 0.148007
vn 0.158101 -0.956108 0.246702
vn 0.044100 -0.956101 0.289700
vn 0.037001 -0.983225 0.178605
vn -0.077600 -0.956095 0.282598
vn -0.061500 -0.989098 0.133800
vn 0.037001 -0.983225 0.178605
vn -0.185800 -0.956102 0.226600
vn -0.110599 -0.989091 0.097299
vn -0.061500 -0.989098 0.133800
vn -0.270013 -0.950444 0.154107
vn -0.140598 -0.989089 0.043999
vn -0.110599 -0.989091 0.097299
vn -0.270013 -0.950444 0.154107
vn -0.309289 -0.950466 0.030899
vn -0.181504 -0.983224 0.018100
vn -0.295211 -0.950434 -0.097603
vn -0.172993 -0.983261 -0.057198
vn -0.181504 -0.983224 0.018100
vn -0.021900 -0.999298 -0.030400
vn -0.021800 -0.999300 -0.030400
vn -0.021800 -0.999300 -0.030400
vn -0.007000 -0.999411 -0.033600
vn -0.007000 -0.999411 -0.033600
vn -0.007000 -0.999411 -0.033600
vn 0.007600 -0.999362 -0.034899
vn 0.007600 -0.999362 -0.034899
vn 0.007600 -0.999362 -0.034899
vn 0.025200 -0.999094 -0.034300
vn 0.025100 -0.999096 -0.034300
vn 0.025200 -0.999094 -0.034300
vn 0.052598 -0.998165 -0.029999
vn 0.052598 -0.998165 -0.029999
vn 0.052598 -0.998165 -0.029999
vn 0.121995 -0.992456 -0.012199
vn 0.121995 -0.992456 -0.012199
vn 0.122105 -0.992442 -0.012201
vn 0.932174 0.189595 0.308391
vn 0.932174 0.189595 0.308391
vn 0.932225 0.189805 0.308108
vn 0.105399 0.989795 0.095900
vn 0.105399 0.989795 0.095900
vn 0.105301 0.989806 0.095901
vn 0.036400 0.995893 0.082899
vn 0.036400 0.995893 0.082899
vn 0.036400 0.995893 0.082899
vn -0.000400 0.996338 0.085503
vn -0.000400 0.996338 0.085503
vn -0.000400 0.996338 0.085503
vn -0.046500 0.993594 0.102999
vn -0.046500 0.993594 0.102999
vn -0.046500 0.993594 0.102999
vn -0.242010 0.946038 0.215509
vn -0.241504 0.946214 0.215303
vn -0.241504 0.946214 0.215303
vn -0.188295 -0.980272 0.060098
vn -0.188391 -0.980254 0.060097
vn -0.188391 -0.980254 0.060097
vn -0.073497 -0.997263 -0.008100
vn -0.073597 -0.997255 -0.008100
vn -0.073597 -0.997255 -0.008100
vn -0.040799 -0.998884 -0.023800
vn -0.040799 -0.998884 -0.023800
vn -0.040799 -0.998884 -0.023800
vn -0.002200 0.942108 0.335303
vn -0.002200 0.942108 0.335303
vn -0.001700 0.942109 0.335303
vn -0.999976 0.000000 -0.007000
vn -0.999976 0.000000 -0.007000
vn -0.999976 0.000000 -0.007000
vn -0.001100 -0.975387 0.220497
vn -0.001300 -0.975387 0.220497
vn -0.001700 -0.942109 0.335303
vn 0.999976 -0.000000 0.007000
vn 0.999976 -0.000000 0.007000
vn 0.999976 -0.000000 0.007000
vn 0.005100 0.000000 -0.999987
vn 0.005600 0.003500 -0.999978
vn 0.005100 0.000700 -0.999987
vn -0.999976 0.000000 -0.007000
vn -0.999976 0.000000 -0.007000
vn -0.999976 0.000000 -0.007000
vn -0.005100 0.000000 0.999987
vn -0.005100 -0.000800 0.999987
vn -0.005600 -0.003600 0.999978
vn 0.999976 -0.000000 0.007000
vn 0.918709 0.370003 0.138101
vn 0.969278 0.229495 0.088498
vn 0.918709 0.370003 0.138101
vn 0.582197 0.764696 0.276199
vn 0.582197 0.764696 0.276199
vn -0.005600 -0.003600 0.999978
vn -0.005100 -0.000800 0.999987
vn -0.005100 -0.006700 0.999965
vn 0.005600 0.003500 -0.999978
vn 0.007600 0.010000 -0.999921
vn 0.005100 0.006700 -0.999965
vn 0.002800 -0.942106 -0.335302
vn 0.002800 -0.942106 -0.335302
vn 0.002800 -0.942106 -0.335302
vn 0.002800 -0.942106 -0.335302
vn 0.002700 -0.942604 -0.333901
vn 0.002700 -0.942393 -0.334497
vn -0.013100 -0.004400 0.999905
vn -0.005600 -0.003600 0.999978
vn -0.007900 -0.010400 0.999915
vn -0.007900 -0.010400 0.999915
vn -0.006700 -0.011700 0.999909
vn -0.001400 -0.011800 0.999929
vn -0.002200 0.942108 0.335303
vn -0.002200 0.942108 0.335303
vn -0.002800 0.942106 0.335302
vn 0.007600 0.010000 -0.999921
vn 0.005600 0.003500 -0.999978
vn 0.006700 0.011800 -0.999908
vn 0.462675 -0.828456 -0.315583
vn 0.463202 -0.829404 -0.312302
vn 0.361491 -0.647384 -0.670983
vn 0.359407 -0.643613 -0.675714
vn 0.361491 -0.647384 -0.670983
vn 0.197506 -0.353810 -0.914226
vn 0.193500 -0.346700 -0.917800
vn 0.197506 -0.353810 -0.914226
vn -0.000900 0.001600 -0.999998
vn -0.005600 0.010000 -0.999934
vn -0.000900 0.001600 -0.999998
vn -0.199203 0.357006 -0.912614
vn -0.203090 0.364082 -0.908955
vn -0.199203 0.357006 -0.912614
vn -0.363100 0.650900 -0.666700
vn -0.365092 0.654586 -0.661986
vn -0.363100 0.650900 -0.666700
vn -0.463804 0.831707 -0.305203
vn -0.464286 0.832574 -0.302091
vn -0.463804 0.831707 -0.305203
vn -0.484088 0.868078 0.109997
vn -0.484088 0.868078 0.109997
vn -0.420280 0.753564 0.505476
vn -0.421398 0.755596 0.501497
vn -0.420280 0.753564 0.505476
vn -0.283409 0.508116 0.813325
vn -0.286396 0.513493 0.808889
vn -0.283409 0.508116 0.813325
vn -0.097305 0.174410 0.979854
vn -0.101802 0.182504 0.977921
vn -0.097305 0.174410 0.979854
vn 0.105402 -0.188904 0.976322
vn 0.100903 -0.180805 0.978329
vn 0.105402 -0.188904 0.976322
vn 0.289711 -0.518921 0.804232
vn 0.286618 -0.513432 0.808850
vn 0.289711 -0.518921 0.804232
vn 0.424021 -0.759238 0.493725
vn 0.422879 -0.757162 0.497875
vn 0.424021 -0.759238 0.493725
vn 0.485197 -0.868794 0.098899
vn 0.485119 -0.868734 0.099804
vn 0.485119 -0.868734 0.099804
vn 0.485197 -0.868794 0.098899
vn 0.463202 -0.829404 -0.312302
vn 0.478409 -0.820115 -0.313906
vn 0.478409 -0.820115 -0.313906
vn 0.372696 -0.638993 -0.672893
vn 0.372696 -0.638993 -0.672893
vn 0.372696 -0.638993 -0.672893
vn 0.202601 -0.347302 -0.915606
vn 0.202601 -0.347302 -0.915606
vn 0.202601 -0.347302 -0.915606
vn -0.002600 0.004400 -0.999987
vn -0.002600 0.004400 -0.999987
vn -0.002600 0.004400 -0.999987
vn -0.207307 0.355412 -0.911431
vn -0.207307 0.355412 -0.911431
vn -0.376105 0.644909 -0.665310
vn -0.376105 0.644909 -0.665310
vn -0.376105 0.644909 -0.665310
vn -0.376105 0.644909 -0.665310
vn -0.479990 0.822883 -0.304094
vn -0.479990 0.822883 -0.304094
vn -0.479990 0.822883 -0.304094
vn -0.500798 0.858597 0.109600
vn -0.500798 0.858597 0.109600
vn -0.500798 0.858597 0.109600
vn -0.435030 0.745852 0.504435
vn -0.435030 0.745852 0.504435
vn -0.435030 0.745852 0.504435
vn -0.294107 0.504111 0.812018
vn -0.294107 0.504111 0.812018
vn -0.294107 0.504111 0.812018
vn -0.202601 0.347302 0.915606
vn 0.002600 -0.004400 0.999987
vn 0.002600 -0.004400 0.999987
vn 0.002600 -0.004400 0.999987
vn 0.207307 -0.355412 0.911431
vn 0.298202 -0.511303 0.806005
vn 0.298202 -0.511303 0.806005
vn 0.298202 -0.511303 0.806005
vn 0.437608 -0.750314 0.495509
vn 0.437608 -0.750314 0.495509
vn 0.437608 -0.750314 0.495509
vn 0.501394 -0.859490 0.099399
vn 0.501394 -0.859490 0.099399
vn 0.501394 -0.859490 0.099399
vn 0.478409 -0.820115 -0.313906
vn 0.478409 -0.820115 -0.313906
vn 0.863772 0.503883 0.000000
vn 0.863772 0.503883 0.000000
vn 0.863772 0.503883 0.000000
vn -0.863772 -0.503883 0.000000
vn -0.863815 -0.503809 0.000000
vn -0.863815 -0.503809 0.000000
vn 0.863772 0.503883 0.000000
vn 0.863772 0.503883 0.000000
vn 0.863772 0.503883 0.000000
vn -0.863815 -0.503809 0.000000
vn -0.863815 -0.503809 0.000000
vn -0.863772 -0.503883 0.000000
vn 0.863772 0.503883 0.000000
vn 0.863815 0.503809 0.000000
vn 0.863815 0.503809 0.000000
vn -0.863815 -0.503809 0.000100
vn -0.863815 -0.503809 0.000100
vn -0.863815 -0.503809 0.000000
vn 0.863815 0.503809 0.000000
vn 0.863815 0.503809 0.000000
vn 0.863815 0.503809 0.000000
vn -0.863815 -0.503809 0.000000
vn -0.863815 -0.503809 0.000000
vn -0.863815 -0.503809 0.000100
vn 0.863815 0.503809 0.000000
vn 0.863815 0.503809 0.000000
vn 0.863815 0.503809 0.000000
vn -0.863815 -0.503809 0.000000
vn -0.863815 -0.503809 0.000000
vn -0.863815 -0.503809 0.000000
vn 0.863815 0.503809 0.000000
vn 0.863815 0.503809 0.000000
vn 0.863815 0.503809 0.000000
vn -0.863815 -0.503809 0.000000
vn -0.863815 -0.503809 0.000000
vn -0.863815 -0.503809 0.000000
vn 0.863815 0.503809 0.000000
vn 0.863815 0.503809 0.000000
vn 0.863815 0.503809 0.000000
vn -0.863815 -0.503809 0.000000
vn -0.863815 -0.503809 0.000000
vn -0.863815 -0.503809 0.000000
vn 0.863815 0.503809 0.000000
vn 0.863815 0.503809 0.000000
vn 0.863815 0.503809 0.000000
vn -0.863815 -0.503809 0.000000
vn -0.863815 -0.503809 0.000000
vn -0.863815 -0.503809 0.000000
vn 0.863815 0.503809 0.000000
vn 0.863815 0.503809 0.000000
vn 0.863815 0.503809 0.000000
vn -0.863815 -0.503809 0.000100
vn -0.863815 -0.503809 0.000100
vn -0.863815 -0.503809 0.000000
vn 0.863815 0.503809 0.000000
vn 0.863815 0.503809 -0.000100
vn 0.863815 0.503809 -0.000100
vn -0.863815 -0.503809 0.000000
vn -0.842081 -0.492489 0.219895
vn -0.863815 -0.503809 0.000100
vn 0.863815 0.503809 -0.000100
vn 0.863815 0.503809 0.000000
vn 0.863815 0.503809 0.000000
vn -0.863815 -0.503809 0.000000
vn -0.841790 -0.492494 0.220997
vn -0.842081 -0.492489 0.219895
vn 0.863815 0.503809 0.000000
vn 0.863815 0.503809 0.000000
vn 0.863815 0.503809 0.000000
vn -0.863772 -0.503883 0.000000
vn -0.863772 -0.503883 0.000000
vn -0.841790 -0.492494 0.220997
vn 0.863815 0.503809 0.000000
vn 0.863815 0.503809 0.000000
vn 0.863815 0.503809 0.000000
vn -0.863772 -0.503883 0.000000
vn -0.863772 -0.503883 0.000000
vn -0.863772 -0.503883 0.000000
vn 0.863815 0.503809 0.000000
vn 0.863815 0.503809 0.000000
vn 0.863815 0.503809 0.000000
vn -0.863815 -0.503809 0.000000
vn -0.863772 -0.503883 0.000000
vn -0.863772 -0.503883 0.000000
vn 0.863815 0.503809 0.000000
vn 0.863815 0.503809 0.000000
vn 0.863772 0.503883 0.000000
vn -0.863815 -0.503809 0.000000
vn -0.863815 -0.503809 0.000000
vn -0.863815 -0.503809 0.000000
vn -0.137899 -0.952394 -0.271898
vn 0.085605 -0.902253 -0.422625
vn 0.372610 -0.639017 -0.672918
vn 0.085605 -0.902253 -0.422625
vn -0.037100 -0.693195 -0.719795
vn 0.202505 -0.347309 -0.915624
vn -0.037100 -0.693195 -0.719795
vn -0.209990 -0.398381 -0.892859
vn -0.002600 0.004400 -0.999987
vn -0.209990 -0.398381 -0.892859
vn -0.403389 -0.068298 -0.912476
vn -0.207307 0.355412 -0.911431
vn -0.403389 -0.068298 -0.912476
vn -0.583990 0.240596 -0.775287
vn -0.376105 0.644909 -0.665310
vn -0.583990 0.240596 -0.775287
vn -0.782565 0.621372 -0.038598
vn -0.480107 0.822811 -0.304104
vn -0.480107 0.822811 -0.304104
vn -0.782565 0.621372 -0.038598
vn -0.921819 0.377708 0.087102
vn -0.921819 0.377708 0.087102
vn -0.780501 0.578201 0.237700
vn -0.435111 0.745819 0.504413
vn -0.780501 0.578201 0.237700
vn -0.692180 0.428188 0.580983
vn -0.294198 0.504096 0.811994
vn -0.692180 0.428188 0.580983
vn -0.540717 0.170105 0.823826
vn -0.102200 0.175299 0.979196
vn -0.540717 0.170105 0.823826
vn -0.352407 -0.151403 0.923518
vn 0.107297 -0.183895 0.977072
vn -0.352407 -0.151403 0.923518
vn 0.055399 -0.810588 0.582991
vn 0.298293 -0.511288 0.805981
vn 0.298293 -0.511288 0.805981
vn 0.055399 -0.810588 0.582991
vn -0.168104 -0.902421 0.396709
vn 0.437527 -0.750346 0.495531
vn -0.168104 -0.902421 0.396709
vn -0.115896 -0.990067 0.079597
vn -0.115896 -0.990067 0.079597
vn -0.137899 -0.952394 -0.271898
vn 0.478409 -0.820115 -0.313906
vn -0.137899 -0.952394 -0.271898
vn -0.325894 -0.922084 -0.208696
vn -0.397306 -0.801512 -0.446907
vn 0.085605 -0.902253 -0.422625
vn -0.397306 -0.801512 -0.446907
vn -0.511608 -0.608009 -0.607109
vn -0.037100 -0.693195 -0.719795
vn -0.511608 -0.608009 -0.607109
vn -0.649003 -0.375602 -0.661603
vn -0.209990 -0.398381 -0.892859
vn -0.649003 -0.375602 -0.661603
vn -0.785393 -0.144499 -0.601895
vn -0.403389 -0.068298 -0.912476
vn -0.785393 -0.144499 -0.601895
vn -0.897485 0.045499 -0.438693
vn -0.583990 0.240596 -0.775287
vn -0.897485 0.045499 -0.438693
vn -0.966229 0.162105 -0.200306
vn -0.782565 0.621372 -0.038598
vn -0.966229 0.162105 -0.200306
vn -0.979941 0.185708 0.072303
vn -0.979941 0.185708 0.072303
vn -0.936351 0.112006 0.332718
vn -0.780501 0.578201 0.237700
vn -0.936351 0.112006 0.332718
vn -0.842695 -0.046300 0.536397
vn -0.692180 0.428188 0.580983
vn -0.842695 -0.046300 0.536397
vn -0.714920 -0.262607 0.648018
vn -0.540717 0.170105 0.823826
vn -0.714920 -0.262607 0.648018
vn -0.574904 -0.499704 0.647905
vn -0.352407 -0.151403 0.923518
vn -0.574904 -0.499704 0.647905
vn -0.446789 -0.716682 0.535487
vn 0.055399 -0.810588 0.582991
vn -0.446789 -0.716682 0.535487
vn -0.353014 -0.875635 0.329613
vn -0.168104 -0.902421 0.396709
vn -0.353014 -0.875635 0.329613
vn -0.310309 -0.948328 0.066202
vn -0.115896 -0.990067 0.079597
vn -0.115896 -0.990067 0.079597
vn -0.310309 -0.948328 0.066202
vn -0.325894 -0.922084 -0.208696
vn 0.064401 -0.956717 -0.283805
vn -0.031599 -0.792563 -0.608971
vn 0.092703 -0.761822 -0.641119
vn -0.031599 -0.792563 -0.608971
vn -0.185394 -0.529082 -0.828071
vn -0.069398 -0.483886 -0.872375
vn -0.069398 -0.483886 -0.872375
vn -0.185394 -0.529082 -0.828071
vn -0.370705 -0.210803 -0.904511
vn -0.370705 -0.210803 -0.904511
vn -0.556186 0.106697 -0.824180
vn -0.459892 0.185497 -0.868384
vn -0.556186 0.106697 -0.824180
vn -0.708869 0.368584 -0.601374
vn -0.620765 0.461374 -0.633865
vn -0.708869 0.368584 -0.601374
vn -0.802701 0.529401 -0.274600
vn -0.719705 0.630904 -0.289802
vn -0.802701 0.529401 -0.274600
vn -0.821585 0.561390 0.099198
vn -0.739592 0.664893 0.104499
vn -0.821585 0.561390 0.099198
vn -0.762079 0.459487 0.456187
vn -0.676870 0.557576 0.480579
vn -0.676870 0.557576 0.480579
vn -0.762079 0.459487 0.456187
vn -0.634299 0.241200 0.734499
vn -0.542488 0.327293 0.773683
vn -0.634299 0.241200 0.734499
vn -0.460807 -0.056301 0.885713
vn -0.359809 0.013900 0.932923
vn -0.460807 -0.056301 0.885713
vn -0.271603 -0.381404 0.883608
vn -0.160101 -0.328302 0.930906
vn -0.271603 -0.381404 0.883608
vn -0.098903 -0.677418 0.728919
vn -0.098903 -0.677418 0.728919
vn 0.027400 -0.893711 0.447806
vn 0.154598 -0.867887 0.472093
vn 0.027400 -0.893711 0.447806
vn 0.084803 -0.992334 0.089903
vn 0.215289 -0.971948 0.094695
vn 0.215289 -0.971948 0.094695
vn 0.084803 -0.992334 0.089903
vn 0.064401 -0.956717 -0.283805
vn 0.064401 -0.956717 -0.283805
vn -0.189000 -0.952699 -0.238000
vn -0.267799 -0.813398 -0.516399
vn -0.031599 -0.792563 -0.608971
vn -0.267799 -0.813398 -0.516399
vn -0.398312 -0.589518 -0.702721
vn -0.185394 -0.529082 -0.828071
vn -0.398312 -0.589518 -0.702721
vn -0.555862 -0.319678 -0.767348
vn -0.370705 -0.210803 -0.904511
vn -0.555862 -0.319678 -0.767348
vn -0.712880 -0.050299 -0.699480
vn -0.556186 0.106697 -0.824180
vn -0.712880 -0.050299 -0.699480
vn -0.842471 0.171894 -0.510583
vn -0.708869 0.368584 -0.601374
vn -0.842471 0.171894 -0.510583
vn -0.922139 0.308513 -0.233410
vn -0.922139 0.308513 -0.233410
vn -0.938636 0.333913 0.086403
vn -0.821585 0.561390 0.099198
vn -0.938636 0.333913 0.086403
vn -0.889369 0.247991 0.384087
vn -0.762079 0.459487 0.456187
vn -0.762079 0.459487 0.456187
vn -0.889369 0.247991 0.384087
vn -0.779473 0.063798 0.623179
vn -0.634299 0.241200 0.734499
vn -0.779473 0.063798 0.623179
vn -0.632212 -0.188504 0.751515
vn -0.632212 -0.188504 0.751515
vn -0.471709 -0.466709 0.748114
vn -0.271603 -0.381404 0.883608
vn -0.471709 -0.466709 0.748114
vn -0.328304 -0.713908 0.618507
vn -0.098903 -0.677418 0.728919
vn -0.098903 -0.677418 0.728919
vn -0.328304 -0.713908 0.618507
vn -0.217905 -0.898822 0.380309
vn -0.217905 -0.898822 0.380309
vn -0.171897 -0.981982 0.078499
vn 0.084803 -0.992334 0.089903
vn 0.084803 -0.992334 0.089903
vn -0.171897 -0.981982 0.078499
vn -0.189000 -0.952699 -0.238000
vn -0.391287 -0.900569 -0.189394
vn -0.460818 -0.785430 -0.413216
vn -0.267799 -0.813398 -0.516399
vn -0.460818 -0.785430 -0.413216
vn -0.564922 -0.606924 -0.559022
vn -0.398312 -0.589518 -0.702721
vn -0.564922 -0.606924 -0.559022
vn -0.689914 -0.392708 -0.608112
vn -0.555862 -0.319678 -0.767348
vn -0.689914 -0.392708 -0.608112
vn -0.810124 -0.189706 -0.554717
vn -0.712880 -0.050299 -0.699480
vn -0.712880 -0.050299 -0.699480
vn -0.810124 -0.189706 -0.554717
vn -0.913542 -0.004500 -0.406719
vn -0.842471 0.171894 -0.510583
vn -0.913542 -0.004500 -0.406719
vn -0.977006 0.104401 -0.185901
vn -0.977006 0.104401 -0.185901
vn -0.989951 0.121706 0.072004
vn -0.938636 0.333913 0.086403
vn -0.989951 0.121706 0.072004
vn -0.952110 0.053701 0.301003
vn -0.889369 0.247991 0.384087
vn -0.889369 0.247991 0.384087
vn -0.952110 0.053701 0.301003
vn -0.863373 -0.090497 0.496384
vn -0.863373 -0.090497 0.496384
vn -0.751644 -0.289917 0.592435
vn -0.632212 -0.188504 0.751515
vn -0.632212 -0.188504 0.751515
vn -0.751644 -0.289917 0.592435
vn -0.617995 -0.511196 0.597295
vn -0.617995 -0.511196 0.597295
vn -0.502118 -0.714626 0.487018
vn -0.328304 -0.713908 0.618507
vn -0.502118 -0.714626 0.487018
vn -0.423089 -0.853179 0.305092
vn -0.217905 -0.898822 0.380309
vn -0.217905 -0.898822 0.380309
vn -0.423089 -0.853179 0.305092
vn -0.377091 -0.924179 0.060799
vn -0.377091 -0.924179 0.060799
vn -0.391287 -0.900569 -0.189394
vn -0.189000 -0.952699 -0.238000
vn -0.550715 -0.823223 -0.137904
vn -0.605798 -0.732698 -0.310099
vn -0.460818 -0.785430 -0.413216
vn -0.605798 -0.732698 -0.310099
vn -0.683714 -0.599212 -0.416509
vn -0.564922 -0.606924 -0.559022
vn -0.683714 -0.599212 -0.416509
vn -0.776593 -0.439996 -0.450896
vn -0.689914 -0.392708 -0.608112
vn -0.776593 -0.439996 -0.450896
vn -0.861202 -0.299701 -0.410501
vn -0.810124 -0.189706 -0.554717
vn -0.810124 -0.189706 -0.554717
vn -0.861202 -0.299701 -0.410501
vn -0.940261 -0.154094 -0.303587
vn -0.940261 -0.154094 -0.303587
vn -0.985728 -0.086202 -0.144604
vn -0.977006 0.104401 -0.185901
vn -0.977006 0.104401 -0.185901
vn -0.985728 -0.086202 -0.144604
vn -0.997150 -0.056503 0.050002
vn -0.989951 0.121706 0.072004
vn -0.997150 -0.056503 0.050002
vn -0.967130 -0.108003 0.230207
vn -0.952110 0.053701 0.301003
vn -0.967130 -0.108003 0.230207
vn -0.902812 -0.218303 0.370505
vn -0.863373 -0.090497 0.496384
vn -0.902812 -0.218303 0.370505
vn -0.815304 -0.368302 0.446802
vn -0.815304 -0.368302 0.446802
vn -0.718128 -0.540121 0.438817
vn -0.617995 -0.511196 0.597295
vn -0.718128 -0.540121 0.438817
vn -0.643766 -0.672464 0.365181
vn -0.502118 -0.714626 0.487018
vn -0.502118 -0.714626 0.487018
vn -0.643766 -0.672464 0.365181
vn -0.568907 -0.790710 0.226103
vn -0.568907 -0.790710 0.226103
vn -0.544379 -0.838067 0.035999
vn -0.377091 -0.924179 0.060799
vn -0.544379 -0.838067 0.035999
vn -0.550715 -0.823223 -0.137904
vn -0.391287 -0.900569 -0.189394
vn -0.673588 -0.734087 -0.085998
vn -0.711591 -0.677692 -0.185398
vn -0.605798 -0.732698 -0.310099
vn -0.605798 -0.732698 -0.310099
vn -0.711591 -0.677692 -0.185398
vn -0.758040 -0.586831 -0.284615
vn -0.683714 -0.599212 -0.416509
vn -0.758040 -0.586831 -0.284615
vn -0.821792 -0.477495 -0.310897
vn -0.821792 -0.477495 -0.310897
vn -0.879388 -0.389995 -0.273096
vn -0.861202 -0.299701 -0.410501
vn -0.861202 -0.299701 -0.410501
vn -0.879388 -0.389995 -0.273096
vn -0.937933 -0.278410 -0.206807
vn -0.937933 -0.278410 -0.206807
vn -0.963947 -0.245012 -0.103805
vn -0.985728 -0.086202 -0.144604
vn -0.985728 -0.086202 -0.144604
vn -0.963947 -0.245012 -0.103805
vn -0.976696 -0.211899 0.034100
vn -0.976696 -0.211899 0.034100
vn -0.951530 -0.259608 0.164905
vn -0.967130 -0.108003 0.230207
vn -0.951530 -0.259608 0.164905
vn -0.906603 -0.336601 0.254501
vn -0.902812 -0.218303 0.370505
vn -0.906603 -0.336601 0.254501
vn -0.847290 -0.438295 0.299996
vn -0.815304 -0.368302 0.446802
vn -0.847290 -0.438295 0.299996
vn -0.802139 -0.522425 0.289214
vn -0.718128 -0.540121 0.438817
vn -0.718128 -0.540121 0.438817
vn -0.802139 -0.522425 0.289214
vn -0.728315 -0.637813 0.250505
vn -0.643766 -0.672464 0.365181
vn -0.728315 -0.637813 0.250505
vn -0.684991 -0.712090 0.153998
vn -0.568907 -0.790710 0.226103
vn -0.684991 -0.712090 0.153998
vn -0.665163 -0.746059 0.030898
vn -0.544379 -0.838067 0.035999
vn -0.665163 -0.746059 0.030898
vn -0.673588 -0.734087 -0.085998
vn -0.673588 -0.734087 -0.085998
vn -0.780575 -0.624880 -0.015100
vn -0.781376 -0.611881 -0.122696
vn -0.711591 -0.677692 -0.185398
vn -0.781376 -0.611881 -0.122696
vn -0.812309 -0.558806 -0.167002
vn -0.812309 -0.558806 -0.167002
vn -0.838896 -0.524898 -0.143999
vn -0.821792 -0.477495 -0.310897
vn -0.821792 -0.477495 -0.310897
vn -0.838896 -0.524898 -0.143999
vn -0.887107 -0.430603 -0.166201
vn -0.879388 -0.389995 -0.273096
vn -0.887107 -0.430603 -0.166201
vn -0.917906 -0.377802 -0.121301
vn -0.937933 -0.278410 -0.206807
vn -0.917906 -0.377802 -0.121301
vn -0.936844 -0.345316 -0.055503
vn -0.936844 -0.345316 -0.055503
vn -0.935982 -0.349593 0.041499
vn -0.976696 -0.211899 0.034100
vn -0.935982 -0.349593 0.041499
vn -0.920105 -0.376802 0.106901
vn -0.951530 -0.259608 0.164905
vn -0.920105 -0.376802 0.106901
vn -0.892180 -0.424690 0.153797
vn -0.906603 -0.336601 0.254501
vn -0.892180 -0.424690 0.153797
vn -0.857060 -0.484877 0.174192
vn -0.847290 -0.438295 0.299996
vn -0.857060 -0.484877 0.174192
vn -0.820821 -0.547014 0.164404
vn -0.802139 -0.522425 0.289214
vn -0.820821 -0.547014 0.164404
vn -0.789687 -0.600390 0.126198
vn -0.728315 -0.637813 0.250505
vn -0.789687 -0.600390 0.126198
vn -0.769101 -0.635700 0.066100
vn -0.684991 -0.712090 0.153998
vn -0.769101 -0.635700 0.066100
vn -0.783818 -0.619314 0.045601
vn -0.665163 -0.746059 0.030898
vn -0.665163 -0.746059 0.030898
vn -0.783818 -0.619314 0.045601
vn -0.780575 -0.624880 -0.015100
vn -0.852170 -0.522382 -0.030399
vn -0.852170 -0.522382 -0.030399
vn -0.852217 -0.522310 -0.030301
vn -0.859814 -0.509508 -0.033501
vn -0.859814 -0.509508 -0.033501
vn -0.859814 -0.509508 -0.033501
vn -0.867104 -0.496902 -0.034900
vn -0.867061 -0.496978 -0.034898
vn -0.867061 -0.496978 -0.034898
vn -0.875673 -0.481685 -0.034299
vn -0.875676 -0.481687 -0.034199
vn -0.875676 -0.481687 -0.034199
vn -0.888703 -0.457501 -0.030000
vn -0.888700 -0.457500 -0.030100
vn -0.888703 -0.457501 -0.030000
vn -0.918813 -0.394505 -0.012200
vn -0.918776 -0.394590 -0.012200
vn -0.918776 -0.394590 -0.012200
vn -0.306988 0.900364 0.308388
vn -0.303395 0.901784 0.307795
vn -0.303395 0.901784 0.307795
vn 0.801921 0.589715 0.095702
vn 0.801807 0.589805 0.096101
vn 0.801807 0.589805 0.096101
vn 0.842014 0.533109 0.082501
vn 0.842000 0.533100 0.082700
vn 0.842000 0.533100 0.082700
vn 0.860848 0.501628 0.085505
vn 0.860848 0.501628 0.085505
vn 0.860840 0.501623 0.085604
vn 0.881681 0.460490 0.102898
vn 0.881681 0.460490 0.102898
vn 0.881632 0.460716 0.102304
vn 0.939042 0.268112 0.215210
vn 0.939042 0.268112 0.215210
vn 0.939099 0.267600 0.215600
vn -0.752106 -0.656305 0.060000
vn -0.752106 -0.656305 0.060000
vn -0.751726 -0.656722 0.060202
vn -0.824502 -0.565801 -0.008100
vn -0.824502 -0.565801 -0.008100
vn -0.824580 -0.565687 -0.008100
vn -0.842369 -0.538380 -0.023699
vn -0.842369 -0.538380 -0.023699
vn -0.842338 -0.538424 -0.023801
vn 0.845038 0.443420 0.298813
vn 0.822601 0.502300 0.266500
vn 0.821196 0.505698 0.264399
vn 0.503797 -0.863794 -0.007000
vn 0.503797 -0.863794 -0.007000
vn 0.503797 -0.863794 -0.007000
vn -0.841790 -0.492494 0.220997
vn -0.812900 -0.476200 0.335300
vn -0.812900 -0.476200 0.335300
vn -0.503797 0.863794 0.007000
vn -0.510225 0.860041 -0.000200
vn -0.511109 0.859515 -0.000900
vn -0.002400 0.005300 -0.999983
vn 0.000900 0.012500 -0.999921
vn -0.002600 0.004400 -0.999987
vn 0.503797 -0.863794 -0.007000
vn 0.503797 -0.863794 -0.007000
vn 0.503797 -0.863794 -0.007000
vn 0.002600 -0.004400 0.999987
vn -0.000900 -0.012300 0.999924
vn 0.002400 -0.005100 0.999984
vn -0.292198 0.953894 0.068600
vn -0.161999 0.980195 0.113899
vn -0.511109 0.859515 -0.000900
vn 0.117097 0.970077 0.212695
vn 0.116294 0.969646 0.215088
vn -0.161999 0.980195 0.113899
vn -0.000900 -0.012300 0.999924
vn -0.004700 -0.011500 0.999923
vn -0.003100 -0.008800 0.999956
vn 0.003100 0.008400 -0.999960
vn 0.005300 0.011900 -0.999915
vn 0.000900 0.012500 -0.999921
vn -0.815209 -0.472305 -0.335204
vn -0.815209 -0.472305 -0.335204
vn -0.815182 -0.472290 -0.335293
vn -0.815182 -0.472290 -0.335293
vn -0.826034 -0.457119 -0.329713
vn -0.816500 -0.470500 -0.334600
vn -0.004700 -0.011500 0.999923
vn -0.000900 -0.012300 0.999924
vn 0.001100 -0.015800 0.999875
vn 0.001100 -0.015800 0.999875
vn -0.001400 -0.011800 0.999929
vn -0.006700 -0.011700 0.999909
vn 0.822601 0.502300 0.266500
vn 0.815182 0.472290 0.335293
vn 0.808118 0.507012 0.299807
vn 0.005300 0.011900 -0.999915
vn 0.006300 0.011800 -0.999911
vn 0.006700 0.011800 -0.999908
vn 0.359407 -0.643613 -0.675714
vn 0.359901 -0.644502 -0.674602
vn 0.194508 -0.348414 -0.916937
vn 0.193590 -0.346781 -0.917750
vn 0.194508 -0.348414 -0.916937
vn -0.004300 0.007700 -0.999961
vn -0.005500 0.009800 -0.999937
vn -0.004300 0.007700 -0.999961
vn -0.202005 0.362009 -0.910024
vn -0.202902 0.363803 -0.909108
vn -0.202005 0.362009 -0.910024
vn -0.364496 0.653493 -0.663393
vn -0.365005 0.654509 -0.662109
vn -0.364496 0.653493 -0.663393
vn -0.464186 0.832375 -0.302791
vn -0.464310 0.832519 -0.302207
vn -0.464186 0.832375 -0.302791
vn -0.484125 0.868145 0.109306
vn -0.421223 0.755341 0.502027
vn -0.484099 0.868198 0.109000
vn -0.484125 0.868145 0.109306
vn -0.286411 0.513420 0.808931
vn -0.421223 0.755341 0.502027
vn -0.421016 0.754929 0.502819
vn -0.101695 0.182391 0.977953
vn -0.286411 0.513420 0.808931
vn -0.285495 0.511791 0.810286
vn 0.101095 -0.181092 0.978256
vn -0.101695 0.182391 0.977953
vn -0.100605 0.180309 0.978451
vn 0.286803 -0.513706 0.808610
vn 0.101095 -0.181092 0.978256
vn 0.102102 -0.182903 0.977815
vn 0.422776 -0.757156 0.497971
vn 0.286803 -0.513706 0.808610
vn 0.287501 -0.514901 0.807602
vn 0.485119 -0.868734 0.099804
vn 0.422776 -0.757156 0.497971
vn 0.423125 -0.757645 0.496930
vn 0.485119 -0.868734 0.099804
vn 0.485205 -0.868709 0.099601
vn 0.462785 -0.828772 -0.314590
vn 0.462690 -0.828482 -0.315493
vn 0.462785 -0.828772 -0.314590
vn 0.359901 -0.644502 -0.674602
vn -0.949460 0.000000 -0.313887
vn -0.949460 0.000000 -0.313887
vn -0.995047 0.000000 0.099405
vn -0.995047 0.000000 0.099405
vn -0.995047 0.000000 0.099405
vn -0.868563 0.000000 0.495579
vn -0.868606 0.000000 0.495503
vn -0.868563 0.000000 0.495579
vn -0.591905 0.000000 0.806008
vn -0.591905 0.000000 0.806008
vn -0.591905 0.000000 0.806008
vn -0.212895 0.000000 0.977075
vn -0.212895 0.000000 0.977075
vn -0.212895 0.000000 0.977075
vn 0.202900 -0.000000 0.979200
vn 0.202900 -0.000000 0.979200
vn 0.202900 -0.000000 0.979200
vn 0.583620 -0.000000 0.812027
vn 0.583620 -0.000000 0.812027
vn 0.583620 -0.000000 0.812027
vn 0.863452 -0.000000 0.504431
vn 0.863452 -0.000000 0.504431
vn 0.863452 -0.000000 0.504431
vn 0.993976 -0.000000 0.109597
vn 0.993976 -0.000000 0.109597
vn 0.993976 -0.000000 0.109597
vn 0.952636 0.000000 -0.304112
vn 0.952636 0.000000 -0.304112
vn 0.952636 0.000000 -0.304112
vn 0.746587 0.000000 -0.665288
vn 0.746587 0.000000 -0.665288
vn 0.746587 0.000000 -0.665288
vn 0.411383 0.000000 -0.911463
vn 0.411421 0.000000 -0.911446
vn 0.411383 0.000000 -0.911463
vn 0.005100 0.000000 -0.999987
vn 0.005100 0.000000 -0.999987
vn 0.005100 0.000000 -0.999987
vn -0.402015 0.000000 -0.915633
vn -0.402015 0.000000 -0.915633
vn -0.402015 0.000000 -0.915633
vn -0.739718 0.000000 -0.672917
vn -0.739718 0.000000 -0.672917
vn -0.739718 0.000000 -0.672917
vn -0.949460 0.000000 -0.313887
vn -0.000000 1.000000 -0.000000
vn -0.000000 1.000000 -0.000000
vn -0.000000 1.000000 -0.000000
vn 0.000000 -1.000000 0.000000
vn 0.000000 -1.000000 0.000000
vn 0.000000 -1.000000 0.000000
vn -0.000000 1.000000 -0.000000
vn -0.000000 1.000000 -0.000000
vn -0.000000 1.000000 -0.000000
vn 0.000000 -1.000000 0.000000
vn 0.000000 -1.000000 0.000000
vn 0.000000 -1.000000 0.000000
vn -0.000000 1.000000 -0.000000
vn -0.000000 1.000000 -0.000000
vn -0.000000 1.000000 -0.000000
vn 0.000000 -1.000000 0.000000
vn 0.000000 -1.000000 0.000000
vn 0.000000 -1.000000 0.000000
vn -0.000000 1.000000 -0.000000
vn -0.000000 1.000000 -0.000000
vn -0.000000 1.000000 -0.000000
vn 0.000000 -1.000000 0.000000
vn 0.000000 -1.000000 0.000000
vn 0.000000 -1.000000 0.000000
vn -0.000000 1.000000 -0.000000
vn -0.000000 1.000000 -0.000000
vn -0.000000 1.000000 -0.000000
vn 0.000000 -1.000000 0.000000
vn 0.000000 -1.000000 0.000000
vn 0.000000 -1.000000 0.000000
vn -0.000000 1.000000 -0.000000
vn -0.000000 1.000000 -0.000000
vn -0.000000 1.000000 -0.000000
vn 0.000000 -1.000000 0.000000
vn 0.000000 -1.000000 0.000000
vn 0.000000 -1.000000 0.000000
vn -0.000000 1.000000 -0.000000
vn -0.000000 1.000000 -0.000000
vn -0.000000 1.000000 -0.000000
vn 0.000000 -1.000000 0.000000
vn 0.000000 -1.000000 0.000000
vn 0.000000 -1.000000 0.000000
vn -0.000000 1.000000 -0.000000
vn -0.000000 1.000000 -0.000000
vn -0.000000 1.000000 -0.000000
vn 0.000000 -1.000000 0.000000
vn 0.000000 -1.000000 0.000000
vn 0.000000 -1.000000 0.000000
vn -0.000000 1.000000 -0.000000
vn -0.000000 1.000000 -0.000000
vn -0.000000 1.000000 -0.000000
vn 0.000000 -1.000000 0.000000
vn 0.000000 -1.000000 0.000000
vn 0.000000 -1.000000 0.000000
vn -0.000000 1.000000 -0.000000
vn -0.000000 1.000000 -0.000000
vn -0.000000 1.000000 -0.000000
vn 0.000000 -1.000000 0.000000
vn 0.000000 -1.000000 0.000000
vn 0.000000 -1.000000 0.000000
vn -0.000000 1.000000 -0.000000
vn -0.000000 1.000000 -0.000000
vn -0.000000 1.000000 -0.000000
vn 0.000000 -1.000000 0.000000
vn 0.000000 -1.000000 0.000000
vn 0.000000 -1.000000 0.000000
vn -0.000000 1.000000 -0.000000
vn -0.000000 1.000000 -0.000000
vn -0.000000 1.000000 -0.000000
vn 0.000000 -1.000000 0.000000
vn 0.000000 -1.000000 0.000000
vn 0.000000 -1.000000 0.000000
vn -0.000000 1.000000 -0.000000
vn -0.000000 1.000000 -0.000000
vn -0.000000 1.000000 -0.000000
vn 0.000000 -1.000000 0.000000
vn 0.000000 -1.000000 0.000000
vn 0.000000 -1.000000 0.000000
vn -0.000000 1.000000 -0.000000
vn -0.000000 1.000000 -0.000000
vn -0.000000 1.000000 -0.000000
vn 0.000000 -1.000000 0.000000
vn 0.000000 -1.000000 0.000000
vn 0.000000 -1.000000 0.000000
vn -0.000000 1.000000 -0.000000
vn -0.000000 1.000000 -0.000000
vn -0.000000 1.000000 -0.000000
vn 0.000000 -1.000000 0.000000
vn 0.000000 -1.000000 0.000000
vn 0.000000 -1.000000 0.000000
vn -0.880645 -0.473424 -0.018301
vn -0.881003 -0.472802 -0.017100
vn -0.875004 -0.484002 -0.010500
vn 0.890726 0.454513 0.005000
vn 0.889265 0.457382 0.003000
vn 0.875271 0.483484 0.012000
vn -0.886691 -0.462196 -0.012400
vn -0.886690 -0.462195 -0.012500
vn -0.881003 -0.472802 -0.017100
vn 0.892371 0.451285 0.003900
vn 0.890726 0.454513 0.005000
vn 0.882019 0.470810 0.019500
vn -0.886691 -0.462196 -0.012400
vn -0.889943 -0.456071 0.001000
vn -0.889780 -0.456390 -0.000900
vn 0.892681 0.450690 0.000000
vn 0.892371 0.451285 0.003900
vn 0.889165 0.457382 0.013699
vn -0.889943 -0.456071 0.001000
vn -0.887087 -0.461393 0.013900
vn -0.887210 -0.461205 0.012200
vn 0.892681 0.450690 0.000000
vn 0.891367 0.453283 -0.000100
vn 0.889060 0.457579 -0.013899
vn -0.887087 -0.461393 0.013900
vn -0.880608 -0.473504 0.018000
vn -0.880942 -0.472923 0.016901
vn 0.892310 0.451405 -0.003900
vn 0.889060 0.457579 -0.013899
vn 0.881919 0.471010 -0.019200
vn -0.880608 -0.473504 0.018000
vn -0.874896 -0.484198 0.010500
vn -0.875158 -0.483732 0.010101
vn 0.890686 0.454593 -0.004900
vn 0.881919 0.471010 -0.019200
vn 0.875384 0.483291 -0.011500
vn -0.874896 -0.484198 0.010500
vn -0.873680 -0.486489 -0.003500
vn -0.873614 -0.486608 -0.003500
vn 0.889306 0.457303 -0.002900
vn 0.875384 0.483291 -0.011500
vn 0.873612 0.486607 0.004000
vn -0.873680 -0.486489 -0.003500
vn -0.877718 -0.478910 -0.016000
vn -0.877790 -0.478795 -0.015500
vn 0.889003 0.457901 0.000600
vn 0.873612 0.486607 0.004000
vn 0.878401 0.477600 0.017600
vn -0.884195 -0.466797 -0.017300
vn -0.884489 -0.466294 -0.015800
vn -0.877790 -0.478795 -0.015500
vn 0.891599 0.452800 0.004800
vn 0.890077 0.455788 0.004500
vn 0.878401 0.477600 0.017600
vn -0.888614 -0.458607 -0.006600
vn -0.888614 -0.458607 -0.006700
vn -0.884489 -0.466294 -0.015800
vn 0.892478 0.451089 0.001600
vn 0.891599 0.452800 0.004800
vn 0.885911 0.463506 0.018000
vn -0.888614 -0.458607 -0.006600
vn -0.889117 -0.457609 0.008100
vn -0.889129 -0.457615 0.006200
vn 0.892478 0.451089 0.001600
vn 0.890610 0.454705 0.007600
vn 0.891222 0.453511 -0.007200
vn -0.889117 -0.457609 0.008100
vn -0.883917 -0.467309 0.017700
vn -0.884211 -0.466806 0.016200
vn 0.892879 0.450289 -0.002500
vn 0.891222 0.453511 -0.007200
vn 0.885699 0.463899 -0.018300
vn -0.883917 -0.467309 0.017700
vn -0.877185 -0.479892 0.015800
vn -0.877518 -0.479310 0.015000
vn 0.891559 0.452879 -0.004800
vn 0.885699 0.463899 -0.018300
vn 0.878088 0.478193 -0.017100
vn -0.877185 -0.479892 0.015800
vn -0.873221 -0.487311 0.003700
vn -0.873438 -0.486921 0.003600
vn 0.889874 0.456187 -0.004300
vn 0.878088 0.478193 -0.017100
vn 0.873503 0.486802 -0.004000
vn -0.874783 -0.484390 -0.011000
vn -0.875004 -0.484002 -0.010500
vn -0.873438 -0.486921 0.003600
vn 0.889265 0.457382 0.003000
vn 0.888900 0.458100 -0.001000
vn 0.873503 0.486802 -0.004000
vn 0.863452 0.000000 -0.504431
vn 0.863452 0.000000 -0.504431
vn 0.863452 0.000000 -0.504431
vn 0.739669 0.000000 -0.672971
vn 0.402015 0.000000 -0.915633
vn 0.402015 0.000000 -0.915633
vn 0.402015 0.000000 -0.915633
vn -0.005100 0.000000 -0.999987
vn -0.005100 0.000000 -0.999987
vn -0.005100 0.000000 -0.999987
vn -0.411421 0.000000 -0.911446
vn -0.411421 0.000000 -0.911446
vn -0.411421 0.000000 -0.911446
vn -0.746587 0.000000 -0.665288
vn -0.746587 0.000000 -0.665288
vn -0.746587 0.000000 -0.665288
vn -0.952636 0.000000 -0.304112
vn -0.952636 0.000000 -0.304112
vn -0.952636 0.000000 -0.304112
vn -0.993976 0.000000 0.109597
vn -0.993976 0.000000 0.109597
vn -0.993976 0.000000 0.109597
vn -0.863478 0.000000 0.504387
vn -0.863452 0.000000 0.504431
vn -0.863478 0.000000 0.504387
vn -0.583620 0.000000 0.812027
vn -0.583620 0.000000 0.812027
vn -0.583620 0.000000 0.812027
vn -0.202900 0.000000 0.979200
vn -0.202900 0.000000 0.979200
vn -0.202900 0.000000 0.979200
vn 0.212895 -0.000000 0.977075
vn 0.212895 -0.000000 0.977075
vn 0.212895 -0.000000 0.977075
vn 0.591905 -0.000000 0.806008
vn 0.591905 -0.000000 0.806008
vn 0.591905 -0.000000 0.806008
vn 0.868606 -0.000000 0.495503
vn 0.868606 -0.000000 0.495503
vn 0.868606 -0.000000 0.495503
vn 0.995047 -0.000000 0.099405
vn 0.995047 -0.000000 0.099405
vn 0.995047 -0.000000 0.099405
vn 0.949490 0.000000 -0.313797
vn 0.949490 -0.000100 -0.313797
vn 0.949460 0.000000 -0.313887
vn 0.739718 0.000000 -0.672917
vn 0.739718 0.000000 -0.672917
vn 0.739718 0.000000 -0.672917
vn 0.402015 0.000000 -0.915633
vn 0.402015 0.000000 -0.915633
vn 0.402015 0.000000 -0.915633
vn -0.005100 0.000000 -0.999987
vn -0.005100 0.000000 -0.999987
vn -0.005100 0.000000 -0.999987
vn -0.411421 0.000000 -0.911446
vn -0.411383 0.000000 -0.911463
vn -0.411421 0.000000 -0.911446
vn -0.746587 0.000000 -0.665288
vn -0.746587 0.000000 -0.665288
vn -0.746587 0.000000 -0.665288
vn -0.952636 0.000000 -0.304112
vn -0.952636 0.000000 -0.304112
vn -0.952636 0.000000 -0.304112
vn -0.993976 0.000000 0.109597
vn -0.993976 0.000000 0.109597
vn -0.993976 0.000000 0.109597
vn -0.863452 0.000000 0.504431
vn -0.863452 0.000000 0.504431
vn -0.863452 0.000000 0.504431
vn -0.583620 0.000000 0.812027
vn -0.583620 0.000000 0.812027
vn -0.583620 0.000000 0.812027
vn -0.402015 0.000000 0.915633
vn -0.402015 0.000000 0.915633
vn 0.005100 -0.000000 0.999987
vn 0.005100 -0.000000 0.999987
vn 0.005100 -0.000000 0.999987
vn 0.411504 -0.000000 0.911408
vn 0.591905 -0.000000 0.806008
vn 0.591905 -0.000000 0.806008
vn 0.591905 -0.000000 0.806008
vn 0.868606 -0.000000 0.495503
vn 0.868563 -0.000000 0.495579
vn 0.868606 -0.000000 0.495503
vn 0.995047 -0.000000 0.099405
vn 0.995047 -0.000000 0.099405
vn 0.995047 -0.000000 0.099405
vn 0.949460 0.000000 -0.313887
vn 0.949460 0.000000 -0.313887
vn -0.000000 1.000000 -0.000000
vn -0.000000 1.000000 -0.000000
vn -0.000000 1.000000 -0.000000
vn 0.000000 -1.000000 0.000000
vn 0.000000 -1.000000 0.000000
vn 0.000000 -1.000000 0.000000
vn -0.000000 1.000000 -0.000000
vn -0.000000 1.000000 -0.000000
vn -0.000000 1.000000 -0.000000
vn 0.000000 -1.000000 0.000000
vn 0.000000 -1.000000 0.000000
vn 0.000000 -1.000000 0.000000
vn -0.000000 1.000000 -0.000000
vn -0.000000 1.000000 -0.000000
vn -0.000000 1.000000 -0.000000
vn 0.000000 -1.000000 0.000000
vn 0.000000 -1.000000 0.000000
vn 0.000000 -1.000000 0.000000
vn -0.000000 1.000000 -0.000000
vn -0.000000 1.000000 -0.000000
vn -0.000000 1.000000 -0.000000
vn 0.000000 -1.000000 0.000000
vn 0.000000 -1.000000 0.000000
vn 0.000000 -1.000000 0.000000
vn -0.000000 1.000000 -0.000000
vn -0.000000 1.000000 -0.000000
vn -0.000000 1.000000 -0.000000
vn 0.000000 -1.000000 0.000000
vn 0.000000 -1.000000 0.000000
vn 0.000000 -1.000000 0.000000
vn -0.000000 1.000000 -0.000000
vn -0.000000 1.000000 -0.000000
vn -0.000000 1.000000 -0.000000
vn 0.000000 -1.000000 0.000000
vn 0.000000 -1.000000 0.000000
vn 0.000000 -1.000000 0.000000
vn -0.000000 1.000000 -0.000000
vn -0.000000 1.000000 -0.000000
vn -0.000000 1.000000 -0.000000
vn 0.000000 -1.000000 0.000000
vn 0.000000 -1.000000 0.000000
vn 0.000000 -1.000000 0.000000
vn -0.000000 1.000000 -0.000000
vn -0.000000 1.000000 -0.000000
vn -0.000000 1.000000 -0.000000
vn 0.000000 -1.000000 0.000000
vn 0.000000 -1.000000 0.000000
vn 0.000000 -1.000000 0.000000
vn -0.000000 1.000000 -0.000000
vn -0.000000 1.000000 -0.000000
vn -0.000000 1.000000 -0.000000
vn 0.000000 -1.000000 0.000000
vn 0.000000 -1.000000 0.000000
vn 0.000000 -1.000000 0.000000
vn -0.000000 1.000000 -0.000000
vn -0.000000 1.000000 -0.000000
vn -0.000000 1.000000 -0.000000
vn 0.001100 -0.975387 0.220497
vn 0.000000 -1.000000 0.000000
vn 0.000000 -1.000000 0.000000
vn -0.000000 1.000000 -0.000000
vn -0.000000 1.000000 -0.000000
vn -0.000000 1.000000 -0.000000
vn 0.001300 -0.975387 0.220497
vn 0.001100 -0.975387 0.220497
vn 0.000000 -1.000000 0.000000
vn -0.000000 1.000000 -0.000000
vn -0.000000 1.000000 -0.000000
vn -0.000000 1.000000 -0.000000
vn 0.000000 -1.000000 0.000000
vn 0.001300 -0.975387 0.220497
vn 0.000000 -1.000000 0.000000
vn -0.000000 1.000000 -0.000000
vn -0.000000 1.000000 -0.000000
vn -0.000000 1.000000 -0.000000
vn 0.000000 -1.000000 0.000000
vn 0.000000 -1.000000 0.000000
vn 0.000000 -1.000000 0.000000
vn -0.000000 1.000000 -0.000000
vn -0.000000 1.000000 -0.000000
vn -0.000000 1.000000 -0.000000
vn 0.000000 -1.000000 0.000000
vn 0.000000 -1.000000 0.000000
vn 0.000000 -1.000000 0.000000
vn -0.000000 1.000000 -0.000000
vn -0.000000 1.000000 -0.000000
vn -0.000000 1.000000 -0.000000
vn 0.000000 -1.000000 0.000000
vn 0.000000 -1.000000 0.000000
vn 0.000000 -1.000000 0.000000
vn 0.753185 -0.598988 -0.271894
vn 0.822519 -0.380609 -0.422610
vn 0.739718 0.000000 -0.672917
vn 0.822519 -0.380609 -0.422610
vn 0.580073 -0.381382 -0.719766
vn 0.402015 0.000000 -0.915633
vn 0.580073 -0.381382 -0.719766
vn -0.249006 -0.361209 -0.898623
vn -0.005100 0.000000 -0.999987
vn -0.005100 0.000000 -0.999987
vn -0.249006 -0.361209 -0.898623
vn -0.327897 -0.605695 -0.724994
vn -0.411504 -0.000300 -0.911408
vn -0.327897 -0.605695 -0.724994
vn -0.594191 -0.605891 -0.528992
vn -0.594191 -0.605891 -0.528992
vn -0.773610 -0.383405 -0.504507
vn -0.952636 0.000000 -0.304112
vn -0.773610 -0.383405 -0.504507
vn -0.911980 -0.383491 -0.145697
vn -0.993976 0.000000 0.109597
vn -0.911980 -0.383491 -0.145697
vn -0.892709 -0.382904 0.237602
vn -0.863452 0.000000 0.504431
vn -0.892709 -0.382904 0.237602
vn -0.718592 -0.382196 0.580993
vn -0.583620 0.000000 0.812027
vn -0.718592 -0.382196 0.580993
vn -0.419382 -0.381484 0.823765
vn -0.202900 0.000000 0.979200
vn -0.419382 -0.381484 0.823765
vn -0.046801 -0.380705 0.923512
vn 0.212895 -0.000000 0.977075
vn -0.046801 -0.380705 0.923512
vn 0.334010 -0.380112 0.862527
vn 0.591905 -0.000000 0.806008
vn 0.334010 -0.380112 0.862527
vn 0.656615 -0.379809 0.651615
vn 0.868563 -0.000000 0.495579
vn 0.656615 -0.379809 0.651615
vn 0.864898 -0.379699 0.328299
vn 0.995047 -0.000000 0.099405
vn 0.864898 -0.379699 0.328299
vn 0.753185 -0.598988 -0.271894
vn 0.949460 0.000000 -0.313887
vn 0.753185 -0.598988 -0.271894
vn 0.632185 -0.746183 -0.208695
vn 0.491909 -0.747014 -0.447208
vn 0.822519 -0.380609 -0.422610
vn 0.491909 -0.747014 -0.447208
vn 0.267413 -0.748336 -0.607029
vn 0.580073 -0.381382 -0.719766
vn 0.267413 -0.748336 -0.607029
vn -0.002600 -0.749830 -0.661626
vn -0.249006 -0.361209 -0.898623
vn -0.002600 -0.749830 -0.661626
vn -0.270900 -0.751299 -0.601800
vn -0.327897 -0.605695 -0.724994
vn -0.270900 -0.751299 -0.601800
vn -0.491488 -0.752382 -0.438589
vn -0.594191 -0.605891 -0.528992
vn -0.491488 -0.752382 -0.438589
vn -0.626798 -0.752997 -0.200299
vn -0.773610 -0.383405 -0.504507
vn -0.626798 -0.752997 -0.200299
vn -0.654073 -0.752969 0.072297
vn -0.654073 -0.752969 0.072297
vn -0.568504 -0.752405 0.332702
vn -0.892709 -0.382904 0.237602
vn -0.568504 -0.752405 0.332702
vn -0.384603 -0.751305 0.536304
vn -0.718592 -0.382196 0.580993
vn -0.384603 -0.751305 0.536304
vn -0.133397 -0.749881 0.647984
vn -0.419382 -0.381484 0.823765
vn -0.133397 -0.749881 0.647984
vn 0.141997 -0.748385 0.647887
vn -0.046801 -0.380705 0.923512
vn 0.141997 -0.748385 0.647887
vn 0.393991 -0.747082 0.535387
vn 0.334010 -0.380112 0.862527
vn 0.393991 -0.747082 0.535387
vn 0.578401 -0.746201 0.329600
vn 0.656615 -0.379809 0.651615
vn 0.578401 -0.746201 0.329600
vn 0.662782 -0.745880 0.066198
vn 0.864898 -0.379699 0.328299
vn 0.864898 -0.379699 0.328299
vn 0.662782 -0.745880 0.066198
vn 0.632185 -0.746183 -0.208695
vn 0.858647 -0.426774 -0.283883
vn 0.668691 -0.426594 -0.608991
vn 0.704733 -0.303814 -0.641130
vn 0.668691 -0.426594 -0.608991
vn 0.363900 -0.426800 -0.827900
vn 0.382999 -0.303699 -0.872398
vn 0.382999 -0.303699 -0.872398
vn 0.363900 -0.426800 -0.827900
vn -0.004700 -0.426409 -0.904518
vn -0.004900 -0.303807 -0.952721
vn -0.004700 -0.426409 -0.904518
vn -0.372100 -0.426700 -0.824299
vn -0.391985 -0.303788 -0.868367
vn -0.372100 -0.426700 -0.824299
vn -0.675297 -0.426398 -0.601797
vn -0.711275 -0.303789 -0.633877
vn -0.675297 -0.426398 -0.601797
vn -0.861552 -0.426726 -0.275016
vn -0.907593 -0.303798 -0.289798
vn -0.861552 -0.426726 -0.275016
vn -0.898938 -0.426718 0.099104
vn -0.946999 -0.303800 0.104400
vn -0.898938 -0.426718 0.099104
vn -0.781005 -0.426403 0.456303
vn -0.781005 -0.426403 0.456303
vn -0.527509 -0.426707 0.734612
vn -0.556005 -0.303703 0.773707
vn -0.527509 -0.426707 0.734612
vn -0.184005 -0.426811 0.885423
vn -0.193304 -0.303806 0.932918
vn -0.193304 -0.303806 0.932918
vn -0.184005 -0.426811 0.885423
vn 0.192607 -0.426315 0.883831
vn 0.202902 -0.303704 0.930911
vn 0.192607 -0.426315 0.883831
vn 0.535323 -0.426718 0.728931
vn 0.563983 -0.303791 0.767877
vn 0.535323 -0.426718 0.728931
vn 0.785480 -0.426789 0.448188
vn 0.785480 -0.426789 0.448188
vn 0.899911 -0.426705 0.089901
vn 0.948016 -0.303805 0.094702
vn 0.899911 -0.426705 0.089901
vn 0.858647 -0.426774 -0.283883
vn 0.904575 -0.303791 -0.299092
vn 0.728795 -0.641295 -0.239998
vn 0.567989 -0.643288 -0.513390
vn 0.668691 -0.426594 -0.608991
vn 0.668691 -0.426594 -0.608991
vn 0.567989 -0.643288 -0.513390
vn 0.308507 -0.641214 -0.702615
vn 0.363900 -0.426800 -0.827900
vn 0.308507 -0.641214 -0.702615
vn -0.003900 -0.641123 -0.767428
vn -0.004700 -0.426409 -0.904518
vn -0.003900 -0.641123 -0.767428
vn -0.315684 -0.641167 -0.699464
vn -0.372100 -0.426700 -0.824299
vn -0.315684 -0.641167 -0.699464
vn -0.572918 -0.641121 -0.510616
vn -0.675297 -0.426398 -0.601797
vn -0.572918 -0.641121 -0.510616
vn -0.731103 -0.641103 -0.233401
vn -0.731103 -0.641103 -0.233401
vn -0.761400 -0.642500 0.086400
vn -0.898938 -0.426718 0.099104
vn -0.761400 -0.642500 0.086400
vn -0.660418 -0.642518 0.388611
vn -0.781005 -0.426403 0.456303
vn -0.660418 -0.642518 0.388611
vn -0.445225 -0.642537 0.623636
vn -0.527509 -0.426707 0.734612
vn -0.445225 -0.642537 0.623636
vn -0.157700 -0.643298 0.749198
vn -0.184005 -0.426811 0.885423
vn -0.184005 -0.426811 0.885423
vn -0.157700 -0.643298 0.749198
vn 0.163407 -0.641129 0.749834
vn 0.163407 -0.641129 0.749834
vn 0.455473 -0.642562 0.616164
vn 0.535323 -0.426718 0.728931
vn 0.455473 -0.642562 0.616164
vn 0.666698 -0.642598 0.377599
vn 0.785480 -0.426789 0.448188
vn 0.666698 -0.642598 0.377599
vn 0.761582 -0.643285 0.078598
vn 0.899911 -0.426705 0.089901
vn 0.899911 -0.426705 0.089901
vn 0.761582 -0.643285 0.078598
vn 0.728795 -0.641295 -0.239998
vn 0.580803 -0.791704 -0.189401
vn 0.446292 -0.793786 -0.413193
vn 0.567989 -0.643288 -0.513390
vn 0.446292 -0.793786 -0.413193
vn 0.239599 -0.793797 -0.558998
vn 0.308507 -0.641214 -0.702615
vn 0.239599 -0.793797 -0.558998
vn -0.008400 -0.793810 -0.608108
vn -0.003900 -0.641123 -0.767428
vn -0.008400 -0.793810 -0.608108
vn -0.244409 -0.795330 -0.554721
vn -0.315684 -0.641167 -0.699464
vn -0.315684 -0.641167 -0.699464
vn -0.244409 -0.795330 -0.554721
vn -0.456395 -0.791392 -0.406696
vn -0.572918 -0.641121 -0.510616
vn -0.456395 -0.791392 -0.406696
vn -0.582316 -0.791421 -0.185905
vn -0.582316 -0.791421 -0.185905
vn -0.603114 -0.795319 0.061001
vn -0.761400 -0.642500 0.086400
vn -0.761400 -0.642500 0.086400
vn -0.603114 -0.795319 0.061001
vn -0.527817 -0.791425 0.308310
vn -0.660418 -0.642518 0.388611
vn -0.527817 -0.791425 0.308310
vn -0.356794 -0.791387 0.496392
vn -0.445225 -0.642537 0.623636
vn -0.356794 -0.791387 0.496392
vn -0.123999 -0.791395 0.598596
vn -0.123999 -0.791395 0.598596
vn 0.134698 -0.793788 0.593091
vn 0.163407 -0.641129 0.749834
vn 0.134698 -0.793788 0.593091
vn 0.364300 -0.793799 0.487000
vn 0.455473 -0.642562 0.616164
vn 0.364300 -0.793799 0.487000
vn 0.530811 -0.793817 0.296806
vn 0.666698 -0.642598 0.377599
vn 0.530811 -0.793817 0.296806
vn 0.605689 -0.793785 0.055199
vn 0.761582 -0.643285 0.078598
vn 0.605689 -0.793785 0.055199
vn 0.580803 -0.791704 -0.189401
vn 0.728795 -0.641295 -0.239998
vn 0.580803 -0.791704 -0.189401
vn 0.426596 -0.894891 -0.131099
vn 0.337595 -0.889787 -0.307096
vn 0.337595 -0.889787 -0.307096
vn 0.188003 -0.894913 -0.404706
vn 0.239599 -0.793797 -0.558998
vn 0.239599 -0.793797 -0.558998
vn 0.188003 -0.894913 -0.404706
vn -0.002300 -0.889818 -0.456309
vn -0.008400 -0.793810 -0.608108
vn -0.002300 -0.889818 -0.456309
vn -0.187705 -0.889823 -0.415911
vn -0.187705 -0.889823 -0.415911
vn -0.326899 -0.894898 -0.303799
vn -0.456395 -0.791392 -0.406696
vn -0.456395 -0.791392 -0.406696
vn -0.326899 -0.894898 -0.303799
vn -0.434706 -0.889812 -0.138802
vn -0.434706 -0.889812 -0.138802
vn -0.444501 -0.894902 0.039600
vn -0.603114 -0.795319 0.061001
vn -0.603114 -0.795319 0.061001
vn -0.444501 -0.894902 0.039600
vn -0.394006 -0.889813 0.230203
vn -0.527817 -0.791425 0.308310
vn -0.394006 -0.889813 0.230203
vn -0.266299 -0.889798 0.370599
vn -0.356794 -0.791387 0.496392
vn -0.266299 -0.889798 0.370599
vn -0.092598 -0.889783 0.446891
vn -0.092598 -0.889783 0.446891
vn 0.104697 -0.892472 0.438786
vn 0.134698 -0.793788 0.593091
vn 0.104697 -0.892472 0.438786
vn 0.256499 -0.894896 0.365198
vn 0.364300 -0.793799 0.487000
vn 0.364300 -0.793799 0.487000
vn 0.256499 -0.894896 0.365198
vn 0.396400 -0.889801 0.226100
vn 0.396400 -0.889801 0.226100
vn 0.443005 -0.894910 0.053701
vn 0.605689 -0.793785 0.055199
vn 0.605689 -0.793785 0.055199
vn 0.443005 -0.894910 0.053701
vn 0.426596 -0.894891 -0.131099
vn 0.294795 -0.951683 -0.085998
vn 0.215304 -0.952720 -0.214404
vn 0.337595 -0.889787 -0.307096
vn 0.215304 -0.952720 -0.214404
vn 0.131899 -0.956095 -0.261699
vn 0.188003 -0.894913 -0.404706
vn 0.188003 -0.894913 -0.404706
vn 0.131899 -0.956095 -0.261699
vn -0.001600 -0.950437 -0.310912
vn -0.002300 -0.889818 -0.456309
vn -0.001600 -0.950437 -0.310912
vn -0.127896 -0.950468 -0.283290
vn -0.187705 -0.889823 -0.415911
vn -0.127896 -0.950468 -0.283290
vn -0.232107 -0.950429 -0.206906
vn -0.232107 -0.950429 -0.206906
vn -0.293307 -0.952724 -0.079302
vn -0.434706 -0.889812 -0.138802
vn -0.293307 -0.952724 -0.079302
vn -0.292597 -0.956092 0.016600
vn -0.444501 -0.894902 0.039600
vn -0.444501 -0.894902 0.039600
vn -0.292597 -0.956092 0.016600
vn -0.268508 -0.950429 0.156805
vn -0.268508 -0.950429 0.156805
vn -0.166104 -0.952726 0.254407
vn -0.266299 -0.889798 0.370599
vn -0.166104 -0.952726 0.254407
vn -0.048201 -0.952719 0.300006
vn -0.092598 -0.889783 0.446891
vn -0.048201 -0.952719 0.300006
vn 0.078001 -0.952709 0.293703
vn 0.104697 -0.892472 0.438786
vn 0.078001 -0.952709 0.293703
vn 0.160698 -0.956088 0.245097
vn 0.256499 -0.894896 0.365198
vn 0.256499 -0.894896 0.365198
vn 0.160698 -0.956088 0.245097
vn 0.270013 -0.950444 0.154107
vn 0.396400 -0.889801 0.226100
vn 0.270013 -0.950444 0.154107
vn 0.309289 -0.950466 0.030899
vn 0.443005 -0.894910 0.053701
vn 0.309289 -0.950466 0.030899
vn 0.294795 -0.951683 -0.085998
vn 0.294795 -0.951683 -0.085998
vn 0.139101 -0.987106 -0.079200
vn 0.134904 -0.983232 -0.122704
vn 0.215304 -0.952720 -0.214404
vn 0.134904 -0.983232 -0.122704
vn 0.073302 -0.983228 -0.167005
vn 0.073302 -0.983228 -0.167005
vn 0.030700 -0.989101 -0.144000
vn -0.001600 -0.950437 -0.310912
vn -0.001600 -0.950437 -0.310912
vn 0.030700 -0.989101 -0.144000
vn -0.075003 -0.983235 -0.166206
vn -0.075003 -0.983235 -0.166206
vn -0.086500 -0.989095 -0.119199
vn -0.232107 -0.950429 -0.206906
vn -0.232107 -0.950429 -0.206906
vn -0.086500 -0.989095 -0.119199
vn -0.173803 -0.983215 -0.055501
vn -0.173803 -0.983215 -0.055501
vn -0.169606 -0.984638 0.041502
vn -0.292597 -0.956092 0.016600
vn -0.169606 -0.984638 0.041502
vn -0.140099 -0.989096 0.045400
vn -0.268508 -0.950429 0.156805
vn -0.268508 -0.950429 0.156805
vn -0.140099 -0.989096 0.045400
vn -0.106405 -0.983246 0.148007
vn -0.166104 -0.952726 0.254407
vn -0.106405 -0.983246 0.148007
vn -0.037001 -0.983225 0.178605
vn -0.037001 -0.983225 0.178605
vn 0.059002 -0.984627 0.164404
vn 0.078001 -0.952709 0.293703
vn 0.059002 -0.984627 0.164404
vn 0.120704 -0.984633 0.126204
vn 0.160698 -0.956088 0.245097
vn 0.120704 -0.984633 0.126204
vn 0.109398 -0.989086 0.098699
vn 0.270013 -0.950444 0.154107
vn 0.270013 -0.950444 0.154107
vn 0.109398 -0.989086 0.098699
vn 0.181504 -0.983224 0.018100
vn 0.181504 -0.983224 0.018100
vn 0.139101 -0.987106 -0.079200
vn 0.294795 -0.951683 -0.085998
vn 0.021900 -0.999298 -0.030400
vn 0.021900 -0.999298 -0.030400
vn 0.021800 -0.999300 -0.030400
vn 0.007000 -0.999411 -0.033600
vn 0.007000 -0.999411 -0.033600
vn 0.007000 -0.999411 -0.033600
vn -0.007600 -0.999362 -0.034899
vn -0.007600 -0.999362 -0.034899
vn -0.007600 -0.999362 -0.034899
vn -0.025200 -0.999094 -0.034300
vn -0.025200 -0.999094 -0.034300
vn -0.025200 -0.999094 -0.034300
vn -0.052598 -0.998165 -0.029999
vn -0.052698 -0.998160 -0.029999
vn -0.052698 -0.998160 -0.029999
vn -0.122105 -0.992442 -0.012201
vn -0.121995 -0.992456 -0.012199
vn -0.121995 -0.992456 -0.012199
vn -0.932207 0.189901 0.308102
vn -0.932167 0.189793 0.308289
vn -0.932167 0.189793 0.308289
vn -0.105399 0.989795 0.095900
vn -0.105399 0.989795 0.095900
vn -0.105399 0.989795 0.095900
vn -0.036400 0.995893 0.082899
vn -0.036400 0.995893 0.082899
vn -0.036400 0.995893 0.082899
vn 0.000400 0.996338 0.085503
vn 0.000400 0.996338 0.085503
vn 0.000400 0.996338 0.085503
vn 0.046500 0.993594 0.102999
vn 0.046500 0.993594 0.102999
vn 0.046500 0.993594 0.102999
vn 0.242004 0.946017 0.215604
vn 0.242004 0.946017 0.215604
vn 0.241504 0.946214 0.215303
vn 0.188295 -0.980272 0.060098
vn 0.188295 -0.980272 0.060098
vn 0.188391 -0.980254 0.060097
vn 0.073497 -0.997263 -0.008100
vn 0.073497 -0.997263 -0.008100
vn 0.073597 -0.997255 -0.008100
vn 0.040799 -0.998884 -0.023800
vn 0.040799 -0.998884 -0.023800
vn 0.040799 -0.998884 -0.023800
vn 0.001700 0.942109 0.335303
vn 0.002200 0.942108 0.335303
vn 0.002200 0.942108 0.335303
vn 0.999976 0.000000 -0.007000
vn 0.999976 0.000000 -0.007000
vn 0.999976 0.000000 -0.007000
vn 0.001300 -0.975387 0.220497
vn 0.001700 -0.942109 0.335303
vn 0.001700 -0.942109 0.335303
vn -0.999976 0.000000 0.007000
vn -0.999976 0.000000 0.007000
vn -0.999976 0.000000 0.007000
vn -0.005100 0.000700 -0.999987
vn -0.005600 0.003500 -0.999978
vn -0.005100 0.000000 -0.999987
vn 0.999976 0.000000 -0.007000
vn 0.999976 0.000000 -0.007000
vn 0.999976 0.000000 -0.007000
vn 0.005600 -0.003600 0.999978
vn 0.005100 -0.000800 0.999987
vn 0.005100 -0.000000 0.999987
vn -0.969278 0.229495 0.088498
vn -0.918709 0.370003 0.138101
vn -0.999976 0.000000 0.007000
vn -0.582197 0.764696 0.276199
vn -0.582197 0.764696 0.276199
vn -0.918709 0.370003 0.138101
vn 0.005600 -0.003600 0.999978
vn 0.007900 -0.010400 0.999915
vn 0.005100 -0.006700 0.999965
vn -0.005100 0.006700 -0.999965
vn -0.007600 0.010000 -0.999921
vn -0.005600 0.003500 -0.999978
vn -0.002800 -0.942106 -0.335302
vn -0.002800 -0.942106 -0.335302
vn -0.002800 -0.942106 -0.335302
vn -0.002800 -0.942106 -0.335302
vn -0.026201 -0.942840 -0.332214
vn -0.005600 -0.942233 -0.334912
vn 0.007900 -0.010400 0.999915
vn 0.005600 -0.003600 0.999978
vn 0.014600 -0.007400 0.999866
vn 0.014600 -0.007400 0.999866
vn 0.011400 -0.006700 0.999913
vn 0.006700 -0.011700 0.999909
vn 0.002200 0.942108 0.335303
vn 0.002800 0.942106 0.335302
vn 0.002800 0.942106 0.335302
vn -0.007600 0.010000 -0.999921
vn -0.006300 0.011800 -0.999911
vn -0.006700 0.011800 -0.999908
vn -0.462675 -0.828456 -0.315583
vn -0.359407 -0.643613 -0.675714
vn -0.361491 -0.647384 -0.670983
vn -0.359407 -0.643613 -0.675714
vn -0.193596 -0.346693 -0.917782
vn -0.197506 -0.353810 -0.914226
vn -0.193596 -0.346693 -0.917782
vn 0.005600 0.010000 -0.999934
vn 0.000900 0.001700 -0.999998
vn 0.005600 0.010000 -0.999934
vn 0.203097 0.363995 -0.908988
vn 0.199207 0.357213 -0.912533
vn 0.203097 0.363995 -0.908988
vn 0.365092 0.654586 -0.661986
vn 0.363100 0.650900 -0.666700
vn 0.365092 0.654586 -0.661986
vn 0.464282 0.832468 -0.302388
vn 0.463804 0.831707 -0.305203
vn 0.464282 0.832468 -0.302388
vn 0.484175 0.868156 0.108994
vn 0.484088 0.868078 0.109997
vn 0.421398 0.755596 0.501497
vn 0.420208 0.753514 0.505610
vn 0.484088 0.868078 0.109997
vn 0.286496 0.513594 0.808790
vn 0.283409 0.508116 0.813325
vn 0.420208 0.753514 0.505610
vn 0.101802 0.182504 0.977921
vn 0.097403 0.174505 0.979827
vn 0.283409 0.508116 0.813325
vn -0.101000 -0.180900 0.978302
vn -0.105404 -0.188808 0.976341
vn 0.097403 0.174505 0.979827
vn -0.286695 -0.513491 0.808785
vn -0.289796 -0.519093 0.804090
vn -0.105404 -0.188808 0.976341
vn -0.422879 -0.757162 0.497875
vn -0.424000 -0.759200 0.493800
vn -0.289796 -0.519093 0.804090
vn -0.485119 -0.868734 0.099804
vn -0.485197 -0.868794 0.098899
vn -0.424000 -0.759200 0.493800
vn -0.485119 -0.868734 0.099804
vn -0.462675 -0.828456 -0.315583
vn -0.463090 -0.829282 -0.312793
vn -0.478409 -0.820115 -0.313906
vn -0.372696 -0.638993 -0.672893
vn -0.372696 -0.638993 -0.672893
vn -0.372696 -0.638993 -0.672893
vn -0.202601 -0.347302 -0.915606
vn -0.202601 -0.347302 -0.915606
vn -0.202601 -0.347302 -0.915606
vn 0.002600 0.004400 -0.999987
vn 0.002600 0.004400 -0.999987
vn 0.002600 0.004400 -0.999987
vn 0.207307 0.355412 -0.911431
vn 0.207307 0.355412 -0.911431
vn 0.376105 0.644909 -0.665310
vn 0.376105 0.644909 -0.665310
vn 0.207307 0.355412 -0.911431
vn 0.376105 0.644909 -0.665310
vn 0.479990 0.822883 -0.304094
vn 0.479990 0.822883 -0.304094
vn 0.479990 0.822883 -0.304094
vn 0.500798 0.858597 0.109600
vn 0.500798 0.858597 0.109600
vn 0.500798 0.858597 0.109600
vn 0.435030 0.745852 0.504435
vn 0.435030 0.745852 0.504435
vn 0.435030 0.745852 0.504435
vn 0.294107 0.504111 0.812018
vn 0.294107 0.504111 0.812018
vn 0.294107 0.504111 0.812018
vn 0.202601 0.347302 0.915606
vn 0.202601 0.347302 0.915606
vn -0.002600 -0.004400 0.999987
vn -0.002600 -0.004400 0.999987
vn -0.002600 -0.004400 0.999987
vn -0.298202 -0.511303 0.806005
vn -0.298202 -0.511303 0.806005
vn -0.207307 -0.355412 0.911431
vn -0.437608 -0.750314 0.495509
vn -0.437608 -0.750314 0.495509
vn -0.298202 -0.511303 0.806005
vn -0.501394 -0.859490 0.099399
vn -0.501394 -0.859490 0.099399
vn -0.437608 -0.750314 0.495509
vn -0.478409 -0.820115 -0.313906
vn -0.478409 -0.820115 -0.313906
vn -0.501394 -0.859490 0.099399
vn -0.863772 0.503883 -0.000000
vn -0.863772 0.503883 -0.000000
vn -0.863772 0.503883 -0.000000
vn 0.863815 -0.503809 0.000000
vn 0.863815 -0.503809 0.000000
vn 0.863772 -0.503883 0.000000
vn -0.863772 0.503883 -0.000000
vn -0.863772 0.503883 -0.000000
vn -0.863772 0.503883 -0.000000
vn 0.863815 -0.503809 0.000000
vn 0.863772 -0.503883 0.000000
vn 0.863772 -0.503883 0.000000
vn -0.863815 0.503809 -0.000000
vn -0.863815 0.503809 -0.000000
vn -0.863772 0.503883 -0.000000
vn 0.863815 -0.503809 0.000100
vn 0.863815 -0.503809 0.000000
vn 0.863815 -0.503809 0.000000
vn -0.863815 0.503809 -0.000000
vn -0.863815 0.503809 -0.000000
vn -0.863815 0.503809 -0.000000
vn 0.863815 -0.503809 0.000000
vn 0.863815 -0.503809 0.000100
vn 0.863815 -0.503809 0.000100
vn -0.863815 0.503809 -0.000000
vn -0.863815 0.503809 -0.000000
vn -0.863815 0.503809 -0.000000
vn 0.863815 -0.503809 0.000000
vn 0.863815 -0.503809 0.000000
vn 0.863815 -0.503809 0.000000
vn -0.863815 0.503809 -0.000000
vn -0.863815 0.503809 -0.000000
vn -0.863815 0.503809 -0.000000
vn 0.863815 -0.503809 0.000000
vn 0.863815 -0.503809 0.000000
vn 0.863815 -0.503809 0.000000
vn -0.863815 0.503809 -0.000000
vn -0.863815 0.503809 -0.000000
vn -0.863815 0.503809 -0.000000
vn 0.863815 -0.503809 0.000000
vn 0.863815 -0.503809 0.000000
vn 0.863815 -0.503809 0.000000
vn -0.863815 0.503809 -0.000000
vn -0.863815 0.503809 -0.000000
vn -0.863815 0.503809 -0.000000
vn 0.863815 -0.503809 0.000000
vn 0.863815 -0.503809 0.000000
vn 0.863815 -0.503809 0.000000
vn -0.863815 0.503809 -0.000000
vn -0.863815 0.503809 -0.000000
vn -0.863815 0.503809 -0.000000
vn 0.863815 -0.503809 0.000100
vn 0.863815 -0.503809 0.000000
vn 0.863815 -0.503809 0.000000
vn -0.863815 0.503809 -0.000100
vn -0.863815 0.503809 -0.000100
vn -0.863815 0.503809 -0.000000
vn 0.863815 -0.503809 0.000000
vn 0.863815 -0.503809 0.000100
vn 0.863815 -0.503809 0.000100
vn -0.863815 0.503809 -0.000000
vn -0.863815 0.503809 -0.000000
vn -0.863815 0.503809 -0.000100
vn 0.863815 -0.503809 0.000000
vn 0.863815 -0.503809 0.000000
vn 0.842011 -0.492606 0.219903
vn -0.863815 0.503809 -0.000000
vn -0.863815 0.503809 -0.000000
vn -0.863815 0.503809 -0.000000
vn 0.863772 -0.503883 0.000000
vn 0.863815 -0.503809 0.000000
vn 0.841860 -0.492377 0.220990
vn -0.863815 0.503809 -0.000000
vn -0.863815 0.503809 -0.000000
vn -0.863815 0.503809 -0.000000
vn 0.863772 -0.503883 0.000000
vn 0.863772 -0.503883 0.000000
vn 0.863772 -0.503883 0.000000
vn -0.863815 0.503809 -0.000000
vn -0.863815 0.503809 -0.000000
vn -0.863815 0.503809 -0.000000
vn 0.863772 -0.503883 0.000000
vn 0.863772 -0.503883 0.000000
vn 0.863815 -0.503809 0.000000
vn -0.863815 0.503809 -0.000000
vn -0.863772 0.503883 -0.000000
vn -0.863772 0.503883 -0.000000
vn 0.863815 -0.503809 0.000000
vn 0.863815 -0.503809 0.000000
vn 0.863815 -0.503809 0.000000
vn -0.372610 -0.639017 -0.672918
vn -0.105596 -0.897167 -0.428884
vn 0.135396 -0.958369 -0.251392
vn -0.202505 -0.347309 -0.915624
vn 0.018600 -0.685517 -0.727819
vn -0.105596 -0.897167 -0.428884
vn 0.002600 0.004400 -0.999987
vn 0.192105 -0.388910 -0.901024
vn 0.018600 -0.685517 -0.727819
vn 0.002600 0.004400 -0.999987
vn 0.207307 0.355412 -0.911431
vn 0.687693 -0.021200 -0.725692
vn 0.376105 0.644909 -0.665310
vn 0.570187 0.256694 -0.780382
vn 0.687693 -0.021200 -0.725692
vn 0.480107 0.822811 -0.304104
vn 0.707214 0.491810 -0.507910
vn 0.570187 0.256694 -0.780382
vn 0.480107 0.822811 -0.304104
vn 0.500991 0.858485 0.109598
vn 0.921819 0.377708 0.087102
vn 0.435111 0.745819 0.504413
vn 0.766729 0.594322 0.242709
vn 0.921819 0.377708 0.087102
vn 0.294198 0.504096 0.811994
vn 0.677199 0.441800 0.588400
vn 0.766729 0.594322 0.242709
vn 0.102200 0.175299 0.979196
vn 0.524003 0.180801 0.832305
vn 0.677199 0.441800 0.588400
vn -0.107297 -0.183895 0.977072
vn 0.333986 -0.143694 0.931561
vn 0.524003 0.180801 0.832305
vn -0.298293 -0.511288 0.805981
vn 0.140705 -0.473416 0.869529
vn 0.333986 -0.143694 0.931561
vn -0.298293 -0.511288 0.805981
vn -0.437527 -0.750346 0.495531
vn 0.168104 -0.902421 0.396709
vn -0.437527 -0.750346 0.495531
vn -0.501276 -0.859560 0.099395
vn 0.115896 -0.990067 0.079597
vn -0.478409 -0.820115 -0.313906
vn 0.135396 -0.958369 -0.251392
vn 0.115896 -0.990067 0.079597
vn 0.135396 -0.958369 -0.251392
vn -0.105596 -0.897167 -0.428884
vn 0.397306 -0.801512 -0.446907
vn -0.105596 -0.897167 -0.428884
vn 0.018600 -0.685517 -0.727819
vn 0.511608 -0.608009 -0.607109
vn 0.018600 -0.685517 -0.727819
vn 0.192105 -0.388910 -0.901024
vn 0.649003 -0.375602 -0.661603
vn 0.192105 -0.388910 -0.901024
vn 0.687693 -0.021200 -0.725692
vn 0.785393 -0.144499 -0.601895
vn 0.687693 -0.021200 -0.725692
vn 0.570187 0.256694 -0.780382
vn 0.897485 0.045499 -0.438693
vn 0.570187 0.256694 -0.780382
vn 0.707214 0.491810 -0.507910
vn 0.966229 0.162105 -0.200306
vn 0.707214 0.491810 -0.507910
vn 0.921819 0.377708 0.087102
vn 0.979941 0.185708 0.072303
vn 0.766729 0.594322 0.242709
vn 0.936351 0.112006 0.332718
vn 0.979941 0.185708 0.072303
vn 0.677199 0.441800 0.588400
vn 0.842695 -0.046300 0.536397
vn 0.936351 0.112006 0.332718
vn 0.524003 0.180801 0.832305
vn 0.714939 -0.262514 0.648035
vn 0.842695 -0.046300 0.536397
vn 0.333986 -0.143694 0.931561
vn 0.574904 -0.499704 0.647905
vn 0.714939 -0.262514 0.648035
vn 0.140705 -0.473416 0.869529
vn 0.446789 -0.716682 0.535487
vn 0.574904 -0.499704 0.647905
vn 0.168104 -0.902421 0.396709
vn 0.353014 -0.875635 0.329613
vn 0.446789 -0.716682 0.535487
vn 0.115896 -0.990067 0.079597
vn 0.310309 -0.948328 0.066202
vn 0.353014 -0.875635 0.329613
vn 0.115896 -0.990067 0.079597
vn 0.135396 -0.958369 -0.251392
vn 0.325894 -0.922084 -0.208696
vn -0.193403 -0.934415 -0.299105
vn -0.092703 -0.761822 -0.641119
vn 0.031100 -0.792794 -0.608696
vn 0.069398 -0.483886 -0.872375
vn 0.185394 -0.529082 -0.828071
vn 0.031100 -0.792794 -0.608696
vn 0.069398 -0.483886 -0.872375
vn 0.264907 -0.148804 -0.952724
vn 0.370585 -0.210791 -0.904563
vn 0.459892 0.185497 -0.868384
vn 0.556301 0.106700 -0.824102
vn 0.370585 -0.210791 -0.904563
vn 0.620765 0.461374 -0.633865
vn 0.708796 0.368198 -0.601697
vn 0.556301 0.106700 -0.824102
vn 0.719705 0.630904 -0.289802
vn 0.802698 0.529199 -0.274999
vn 0.708796 0.368198 -0.601697
vn 0.739592 0.664893 0.104499
vn 0.821585 0.561390 0.099198
vn 0.802698 0.529199 -0.274999
vn 0.676870 0.557576 0.480579
vn 0.762079 0.459487 0.456187
vn 0.821585 0.561390 0.099198
vn 0.676870 0.557576 0.480579
vn 0.542488 0.327293 0.773683
vn 0.634299 0.241200 0.734499
vn 0.542488 0.327293 0.773683
vn 0.359809 0.013900 0.932923
vn 0.461079 -0.056497 0.885559
vn 0.359809 0.013900 0.932923
vn 0.160101 -0.328302 0.930906
vn 0.271603 -0.381404 0.883608
vn 0.160101 -0.328302 0.930906
vn -0.021700 -0.640201 0.767901
vn 0.098903 -0.677418 0.728919
vn -0.154598 -0.867887 0.472093
vn -0.027200 -0.893716 0.447808
vn 0.098903 -0.677418 0.728919
vn -0.215289 -0.971948 0.094695
vn -0.084797 -0.992371 0.089497
vn -0.027200 -0.893716 0.447808
vn -0.215289 -0.971948 0.094695
vn -0.193403 -0.934415 -0.299105
vn -0.064399 -0.956690 -0.283897
vn -0.064399 -0.956690 -0.283897
vn 0.031100 -0.792794 -0.608696
vn 0.267799 -0.813398 -0.516399
vn 0.031100 -0.792794 -0.608696
vn 0.185394 -0.529082 -0.828071
vn 0.398396 -0.589494 -0.702693
vn 0.185394 -0.529082 -0.828071
vn 0.370585 -0.210791 -0.904563
vn 0.555811 -0.319606 -0.767415
vn 0.370585 -0.210791 -0.904563
vn 0.556301 0.106700 -0.824102
vn 0.712880 -0.050299 -0.699480
vn 0.556301 0.106700 -0.824102
vn 0.708796 0.368198 -0.601697
vn 0.842471 0.171894 -0.510583
vn 0.708796 0.368198 -0.601697
vn 0.802698 0.529199 -0.274999
vn 0.922139 0.308513 -0.233410
vn 0.821585 0.561390 0.099198
vn 0.938965 0.332988 0.086397
vn 0.922139 0.308513 -0.233410
vn 0.762079 0.459487 0.456187
vn 0.888137 0.245810 0.388316
vn 0.938965 0.332988 0.086397
vn 0.762079 0.459487 0.456187
vn 0.634299 0.241200 0.734499
vn 0.779468 0.063897 0.623175
vn 0.634299 0.241200 0.734499
vn 0.461079 -0.056497 0.885559
vn 0.632212 -0.188504 0.751515
vn 0.271603 -0.381404 0.883608
vn 0.472321 -0.467020 0.747533
vn 0.632212 -0.188504 0.751515
vn 0.098903 -0.677418 0.728919
vn 0.326307 -0.717316 0.615614
vn 0.472321 -0.467020 0.747533
vn 0.098903 -0.677418 0.728919
vn -0.027200 -0.893716 0.447808
vn 0.217905 -0.898822 0.380309
vn -0.084797 -0.992371 0.089497
vn 0.171698 -0.982389 0.073699
vn 0.217905 -0.898822 0.380309
vn -0.084797 -0.992371 0.089497
vn -0.064399 -0.956690 -0.283897
vn 0.186704 -0.952421 -0.240905
vn 0.267799 -0.813398 -0.516399
vn 0.462916 -0.784827 -0.412014
vn 0.391192 -0.900081 -0.191896
vn 0.398396 -0.589494 -0.702693
vn 0.566715 -0.606916 -0.557214
vn 0.462916 -0.784827 -0.412014
vn 0.555811 -0.319606 -0.767415
vn 0.691321 -0.393312 -0.606119
vn 0.566715 -0.606916 -0.557214
vn 0.712880 -0.050299 -0.699480
vn 0.815187 -0.180997 -0.550191
vn 0.691321 -0.393312 -0.606119
vn 0.712880 -0.050299 -0.699480
vn 0.842471 0.171894 -0.510583
vn 0.913559 -0.004500 -0.406682
vn 0.842471 0.171894 -0.510583
vn 0.922139 0.308513 -0.233410
vn 0.977017 0.104302 -0.185903
vn 0.938965 0.332988 0.086397
vn 0.990257 0.119195 0.071997
vn 0.977017 0.104302 -0.185903
vn 0.888137 0.245810 0.388316
vn 0.949309 0.049000 0.310503
vn 0.990257 0.119195 0.071997
vn 0.779468 0.063897 0.623175
vn 0.863004 -0.099000 0.495402
vn 0.949309 0.049000 0.310503
vn 0.632212 -0.188504 0.751515
vn 0.746310 -0.299104 0.594608
vn 0.863004 -0.099000 0.495402
vn 0.632212 -0.188504 0.751515
vn 0.472321 -0.467020 0.747533
vn 0.617995 -0.511196 0.597295
vn 0.472321 -0.467020 0.747533
vn 0.326307 -0.717316 0.615614
vn 0.501299 -0.711299 0.492699
vn 0.217905 -0.898822 0.380309
vn 0.420413 -0.857827 0.295609
vn 0.501299 -0.711299 0.492699
vn 0.217905 -0.898822 0.380309
vn 0.171698 -0.982389 0.073699
vn 0.377177 -0.924144 0.060796
vn 0.186704 -0.952421 -0.240905
vn 0.391192 -0.900081 -0.191896
vn 0.377177 -0.924144 0.060796
vn 0.462916 -0.784827 -0.412014
vn 0.609906 -0.730507 -0.307203
vn 0.550298 -0.822597 -0.143200
vn 0.566715 -0.606916 -0.557214
vn 0.686985 -0.598387 -0.412291
vn 0.609906 -0.730507 -0.307203
vn 0.691321 -0.393312 -0.606119
vn 0.778902 -0.440801 -0.446101
vn 0.686985 -0.598387 -0.412291
vn 0.815187 -0.180997 -0.550191
vn 0.869814 -0.284905 -0.402806
vn 0.778902 -0.440801 -0.446101
vn 0.815187 -0.180997 -0.550191
vn 0.913559 -0.004500 -0.406682
vn 0.940261 -0.154094 -0.303587
vn 0.977017 0.104302 -0.185903
vn 0.988604 -0.081300 -0.126700
vn 0.940261 -0.154094 -0.303587
vn 0.977017 0.104302 -0.185903
vn 0.990257 0.119195 0.071997
vn 0.997144 -0.056602 0.050002
vn 0.990257 0.119195 0.071997
vn 0.949309 0.049000 0.310503
vn 0.967130 -0.108003 0.230207
vn 0.949309 0.049000 0.310503
vn 0.863004 -0.099000 0.495402
vn 0.902812 -0.218303 0.370505
vn 0.863004 -0.099000 0.495402
vn 0.746310 -0.299104 0.594608
vn 0.815304 -0.368302 0.446802
vn 0.617995 -0.511196 0.597295
vn 0.720514 -0.540910 0.433908
vn 0.815304 -0.368302 0.446802
vn 0.501299 -0.711299 0.492699
vn 0.636104 -0.685605 0.354002
vn 0.720514 -0.540910 0.433908
vn 0.501299 -0.711299 0.492699
vn 0.420413 -0.857827 0.295609
vn 0.568907 -0.790710 0.226103
vn 0.377177 -0.924144 0.060796
vn 0.548879 -0.835169 0.034999
vn 0.568907 -0.790710 0.226103
vn 0.391192 -0.900081 -0.191896
vn 0.550298 -0.822597 -0.143200
vn 0.548879 -0.835169 0.034999
vn 0.609906 -0.730507 -0.307203
vn 0.722125 -0.659623 -0.208407
vn 0.672308 -0.733809 -0.097601
vn 0.609906 -0.730507 -0.307203
vn 0.686985 -0.598387 -0.412291
vn 0.758040 -0.586831 -0.284615
vn 0.686985 -0.598387 -0.412291
vn 0.778902 -0.440801 -0.446101
vn 0.821792 -0.477495 -0.310897
vn 0.869814 -0.284905 -0.402806
vn 0.893679 -0.365492 -0.260294
vn 0.821792 -0.477495 -0.310897
vn 0.869814 -0.284905 -0.402806
vn 0.940261 -0.154094 -0.303587
vn 0.937933 -0.278410 -0.206807
vn 0.988604 -0.081300 -0.126700
vn 0.968720 -0.236805 -0.074202
vn 0.937933 -0.278410 -0.206807
vn 0.988604 -0.081300 -0.126700
vn 0.997144 -0.056602 0.050002
vn 0.976696 -0.211899 0.034100
vn 0.967130 -0.108003 0.230207
vn 0.949202 -0.270301 0.161100
vn 0.976696 -0.211899 0.034100
vn 0.902812 -0.218303 0.370505
vn 0.905521 -0.345208 0.246706
vn 0.949202 -0.270301 0.161100
vn 0.815304 -0.368302 0.446802
vn 0.848108 -0.443604 0.289703
vn 0.905521 -0.345208 0.246706
vn 0.815304 -0.368302 0.446802
vn 0.720514 -0.540910 0.433908
vn 0.787657 -0.536071 0.303684
vn 0.720514 -0.540910 0.433908
vn 0.636104 -0.685605 0.354002
vn 0.728315 -0.637813 0.250505
vn 0.636104 -0.685605 0.354002
vn 0.568907 -0.790710 0.226103
vn 0.684991 -0.712090 0.153998
vn 0.568907 -0.790710 0.226103
vn 0.548879 -0.835169 0.034999
vn 0.665163 -0.746059 0.030898
vn 0.548879 -0.835169 0.034999
vn 0.550298 -0.822597 -0.143200
vn 0.672308 -0.733809 -0.097601
vn 0.672308 -0.733809 -0.097601
vn 0.722125 -0.659623 -0.208407
vn 0.781376 -0.611881 -0.122696
vn 0.722125 -0.659623 -0.208407
vn 0.758040 -0.586831 -0.284615
vn 0.812388 -0.558692 -0.166998
vn 0.821792 -0.477495 -0.310897
vn 0.870616 -0.470508 -0.143703
vn 0.812388 -0.558692 -0.166998
vn 0.821792 -0.477495 -0.310897
vn 0.893679 -0.365492 -0.260294
vn 0.887107 -0.430603 -0.166201
vn 0.893679 -0.365492 -0.260294
vn 0.937933 -0.278410 -0.206807
vn 0.917906 -0.377802 -0.121301
vn 0.937933 -0.278410 -0.206807
vn 0.968720 -0.236805 -0.074202
vn 0.936849 -0.345318 -0.055403
vn 0.976696 -0.211899 0.034100
vn 0.924690 -0.377796 0.047100
vn 0.936849 -0.345318 -0.055403
vn 0.976696 -0.211899 0.034100
vn 0.949202 -0.270301 0.161100
vn 0.928680 -0.359292 0.091998
vn 0.905521 -0.345208 0.246706
vn 0.883762 -0.447981 0.135194
vn 0.928680 -0.359292 0.091998
vn 0.848108 -0.443604 0.289703
vn 0.853517 -0.499810 0.147303
vn 0.883762 -0.447981 0.135194
vn 0.787657 -0.536071 0.303684
vn 0.823428 -0.551419 0.133805
vn 0.853517 -0.499810 0.147303
vn 0.728315 -0.637813 0.250505
vn 0.798621 -0.593916 0.097303
vn 0.823428 -0.551419 0.133805
vn 0.684991 -0.712090 0.153998
vn 0.783522 -0.619818 0.043801
vn 0.798621 -0.593916 0.097303
vn 0.665163 -0.746059 0.030898
vn 0.780647 -0.624738 -0.017101
vn 0.783522 -0.619818 0.043801
vn 0.665163 -0.746059 0.030898
vn 0.672308 -0.733809 -0.097601
vn 0.762114 -0.644912 -0.057201
vn 0.852170 -0.522382 -0.030399
vn 0.852217 -0.522310 -0.030301
vn 0.852217 -0.522310 -0.030301
vn 0.859814 -0.509508 -0.033501
vn 0.859814 -0.509508 -0.033501
vn 0.859814 -0.509508 -0.033501
vn 0.867104 -0.496902 -0.034900
vn 0.867104 -0.496902 -0.034900
vn 0.867104 -0.496902 -0.034900
vn 0.875676 -0.481687 -0.034199
vn 0.875676 -0.481687 -0.034199
vn 0.875673 -0.481685 -0.034299
vn 0.888700 -0.457500 -0.030100
vn 0.888700 -0.457500 -0.030100
vn 0.888705 -0.457503 -0.029900
vn 0.918776 -0.394590 -0.012200
vn 0.918776 -0.394590 -0.012200
vn 0.918776 -0.394590 -0.012200
vn 0.303604 0.901711 0.307804
vn 0.303604 0.901711 0.307804
vn 0.306598 0.900494 0.308398
vn -0.801807 0.589805 0.096101
vn -0.801807 0.589805 0.096101
vn -0.801949 0.589662 0.095794
vn -0.841899 0.533199 0.083100
vn -0.841899 0.533199 0.083100
vn -0.841906 0.533204 0.083001
vn -0.860848 0.501628 0.085505
vn -0.860840 0.501623 0.085604
vn -0.860840 0.501623 0.085604
vn -0.881681 0.460490 0.102898
vn -0.881632 0.460716 0.102304
vn -0.881632 0.460716 0.102304
vn -0.939063 0.268118 0.215114
vn -0.939099 0.267600 0.215600
vn -0.939099 0.267600 0.215600
vn 0.752389 -0.655990 0.059899
vn 0.752009 -0.656408 0.060101
vn 0.752009 -0.656408 0.060101
vn 0.824502 -0.565801 -0.008100
vn 0.824580 -0.565687 -0.008100
vn 0.824580 -0.565687 -0.008100
vn 0.842369 -0.538380 -0.023699
vn 0.842338 -0.538424 -0.023801
vn 0.842338 -0.538424 -0.023801
vn -0.821122 0.505814 0.264407
vn -0.822674 0.502184 0.266492
vn -0.845038 0.443420 0.298813
vn -0.503797 -0.863794 -0.007000
vn -0.503797 -0.863794 -0.007000
vn -0.503797 -0.863794 -0.007000
vn 0.841860 -0.492377 0.220990
vn 0.842011 -0.492606 0.219903
vn 0.812900 -0.476200 0.335300
vn 0.511109 0.859515 -0.000900
vn 0.510225 0.860041 -0.000200
vn 0.503797 0.863794 0.007000
vn 0.002600 0.004400 -0.999987
vn -0.000900 0.012400 -0.999923
vn 0.002400 0.005300 -0.999983
vn -0.503797 -0.863794 -0.007000
vn -0.503797 -0.863794 -0.007000
vn -0.503797 -0.863794 -0.007000
vn -0.002600 -0.004400 0.999987
vn -0.002600 -0.004400 0.999987
vn -0.002400 -0.005100 0.999984
vn 0.511109 0.859515 -0.000900
vn 0.161999 0.980195 0.113899
vn 0.292198 0.953894 0.068600
vn 0.161999 0.980195 0.113899
vn -0.116294 0.969646 0.215088
vn -0.117097 0.970077 0.212695
vn 0.000900 -0.012300 0.999924
vn -0.002400 -0.005100 0.999984
vn 0.003100 -0.008800 0.999956
vn -0.000900 0.012400 -0.999923
vn -0.005300 0.011900 -0.999915
vn -0.003100 0.008400 -0.999960
vn 0.815182 -0.472290 -0.335293
vn 0.815209 -0.472305 -0.335204
vn 0.815209 -0.472305 -0.335204
vn 0.815209 -0.472305 -0.335204
vn 0.815900 -0.472600 -0.333100
vn 0.815605 -0.472403 -0.334102
vn -0.002700 -0.013300 0.999908
vn 0.000900 -0.012300 0.999924
vn 0.004700 -0.011500 0.999923
vn 0.004700 -0.011500 0.999923
vn 0.006700 -0.011700 0.999909
vn 0.011400 -0.006700 0.999913
vn -0.822674 0.502184 0.266492
vn -0.821122 0.505814 0.264407
vn -0.808118 0.507012 0.299807
vn -0.005300 0.011900 -0.999915
vn -0.000900 0.012400 -0.999923
vn -0.006700 0.011800 -0.999908
vn -0.194497 -0.348294 -0.916985
vn -0.359901 -0.644502 -0.674602
vn -0.359407 -0.643613 -0.675714
vn 0.004300 0.007700 -0.999961
vn -0.194497 -0.348294 -0.916985
vn -0.193607 -0.346813 -0.917735
vn 0.201998 0.362096 -0.909991
vn 0.004300 0.007700 -0.999961
vn 0.005400 0.009800 -0.999937
vn 0.364496 0.653493 -0.663393
vn 0.201998 0.362096 -0.909991
vn 0.202990 0.363883 -0.909057
vn 0.464211 0.832319 -0.302907
vn 0.364496 0.653493 -0.663393
vn 0.365092 0.654586 -0.661986
vn 0.484125 0.868145 0.109306
vn 0.464211 0.832319 -0.302907
vn 0.464286 0.832574 -0.302091
vn 0.421326 0.755547 0.501631
vn 0.421099 0.754897 0.502798
vn 0.484125 0.868145 0.109306
vn 0.286411 0.513420 0.808931
vn 0.285595 0.511892 0.810187
vn 0.421099 0.754897 0.502798
vn 0.101695 0.182391 0.977953
vn 0.100595 0.180292 0.978456
vn 0.285595 0.511892 0.810187
vn -0.100998 -0.180997 0.978284
vn -0.102102 -0.182903 0.977815
vn 0.100595 0.180292 0.978456
vn -0.286803 -0.513706 0.808610
vn -0.287400 -0.514801 0.807701
vn -0.102102 -0.182903 0.977815
vn -0.422797 -0.757194 0.497896
vn -0.423083 -0.757570 0.497080
vn -0.287400 -0.514801 0.807701
vn -0.485119 -0.868734 0.099804
vn -0.485205 -0.868709 0.099601
vn -0.423083 -0.757570 0.497080
vn -0.462779 -0.828663 -0.314886
vn -0.485205 -0.868709 0.099601
vn -0.485119 -0.868734 0.099804
vn -0.359901 -0.644502 -0.674602
vn -0.462779 -0.828663 -0.314886
vn -0.462690 -0.828482 -0.315493
vn 0.995047 -0.000000 0.099405
vn 0.949460 0.000000 -0.313887
vn 0.949460 0.000000 -0.313887
vn 0.868563 -0.000000 0.495579
vn 0.995047 -0.000000 0.099405
vn 0.995047 -0.000000 0.099405
vn 0.591905 -0.000000 0.806008
vn 0.868563 -0.000000 0.495579
vn 0.868606 -0.000000 0.495503
vn 0.212895 -0.000000 0.977075
vn 0.591905 -0.000000 0.806008
vn 0.591905 -0.000000 0.806008
vn -0.202900 0.000000 0.979200
vn 0.212895 -0.000000 0.977075
vn 0.212895 -0.000000 0.977075
vn -0.583620 0.000000 0.812027
vn -0.202900 0.000000 0.979200
vn -0.202900 0.000000 0.979200
vn -0.863452 0.000000 0.504431
vn -0.583620 0.000000 0.812027
vn -0.583620 0.000000 0.812027
vn -0.993976 0.000000 0.109597
vn -0.863452 0.000000 0.504431
vn -0.863452 0.000000 0.504431
vn -0.952636 0.000000 -0.304112
vn -0.993976 0.000000 0.109597
vn -0.993976 0.000000 0.109597
vn -0.746587 0.000000 -0.665288
vn -0.952636 0.000000 -0.304112
vn -0.952636 0.000000 -0.304112
vn -0.411383 0.000000 -0.911463
vn -0.746587 0.000000 -0.665288
vn -0.746587 0.000000 -0.665288
vn -0.005100 0.000000 -0.999987
vn -0.411383 0.000000 -0.911463
vn -0.411421 0.000000 -0.911446
vn 0.402015 0.000000 -0.915633
vn -0.005100 0.000000 -0.999987
vn -0.005100 0.000000 -0.999987
vn 0.739718 0.000000 -0.672917
vn 0.402015 0.000000 -0.915633
vn 0.402015 0.000000 -0.915633
vn 0.949460 0.000000 -0.313887
vn 0.739718 0.000000 -0.672917
vn 0.739718 0.000000 -0.672917
vn -0.000000 1.000000 -0.000000
vn -0.000000 1.000000 -0.000000
vn -0.000000 1.000000 -0.000000
vn 0.000000 -1.000000 0.000000
vn 0.000000 -1.000000 0.000000
vn 0.000000 -1.000000 0.000000
vn -0.000000 1.000000 -0.000000
vn -0.000000 1.000000 -0.000000
vn -0.000000 1.000000 -0.000000
vn 0.000000 -1.000000 0.000000
vn 0.000000 -1.000000 0.000000
vn 0.000000 -1.000000 0.000000
vn -0.000000 1.000000 -0.000000
vn -0.000000 1.000000 -0.000000
vn -0.000000 1.000000 -0.000000
vn 0.000000 -1.000000 0.000000
vn 0.000000 -1.000000 0.000000
vn 0.000000 -1.000000 0.000000
vn -0.000000 1.000000 -0.000000
vn -0.000000 1.000000 -0.000000
vn -0.000000 1.000000 -0.000000
vn 0.000000 -1.000000 0.000000
vn 0.000000 -1.000000 0.000000
vn 0.000000 -1.000000 0.000000
vn -0.000000 1.000000 -0.000000
vn -0.000000 1.000000 -0.000000
vn -0.000000 1.000000 -0.000000
vn 0.000000 -1.000000 0.000000
vn 0.000000 -1.000000 0.000000
vn 0.000000 -1.000000 0.000000
vn -0.000000 1.000000 -0.000000
vn -0.000000 1.000000 -0.000000
vn -0.000000 1.000000 -0.000000
vn 0.000000 -1.000000 0.000000
vn 0.000000 -1.000000 0.000000
vn 0.000000 -1.000000 0.000000
vn -0.000000 1.000000 -0.000000
vn -0.000000 1.000000 -0.000000
vn -0.000000 1.000000 -0.000000
vn 0.000000 -1.000000 0.000000
vn 0.000000 -1.000000 0.000000
vn 0.000000 -1.000000 0.000000
vn -0.000000 1.000000 -0.000000
vn -0.000000 1.000000 -0.000000
vn -0.000000 1.000000 -0.000000
vn 0.000000 -1.000000 0.000000
vn 0.000000 -1.000000 0.000000
vn 0.000000 -1.000000 0.000000
vn -0.000000 1.000000 -0.000000
vn -0.000000 1.000000 -0.000000
vn -0.000000 1.000000 -0.000000
vn 0.000000 -1.000000 0.000000
vn 0.000000 -1.000000 0.000000
vn 0.000000 -1.000000 0.000000
vn -0.000000 1.000000 -0.000000
vn -0.000000 1.000000 -0.000000
vn -0.000000 1.000000 -0.000000
vn 0.000000 -1.000000 0.000000
vn 0.000000 -1.000000 0.000000
vn 0.000000 -1.000000 0.000000
vn -0.000000 1.000000 -0.000000
vn -0.000000 1.000000 -0.000000
vn -0.000000 1.000000 -0.000000
vn 0.000000 -1.000000 0.000000
vn 0.000000 -1.000000 0.000000
vn 0.000000 -1.000000 0.000000
vn -0.000000 1.000000 -0.000000
vn -0.000000 1.000000 -0.000000
vn -0.000000 1.000000 -0.000000
vn 0.000000 -1.000000 0.000000
vn 0.000000 -1.000000 0.000000
vn 0.000000 -1.000000 0.000000
vn -0.000000 1.000000 -0.000000
vn -0.000000 1.000000 -0.000000
vn -0.000000 1.000000 -0.000000
vn 0.000000 -1.000000 0.000000
vn 0.000000 -1.000000 0.000000
vn 0.000000 -1.000000 0.000000
vn -0.000000 1.000000 -0.000000
vn -0.000000 1.000000 -0.000000
vn -0.000000 1.000000 -0.000000
vn 0.000000 -1.000000 0.000000
vn 0.000000 -1.000000 0.000000
vn 0.000000 -1.000000 0.000000
vn -0.000000 1.000000 -0.000000
vn -0.000000 1.000000 -0.000000
vn -0.000000 1.000000 -0.000000
vn 0.000000 -1.000000 0.000000
vn 0.000000 -1.000000 0.000000
vn 0.000000 -1.000000 0.000000
vn 0.875004 -0.484002 -0.010500
vn 0.881003 -0.472802 -0.017100
vn 0.880645 -0.473424 -0.018301
vn -0.890726 0.454513 0.005000
vn -0.882019 0.470810 0.019500
vn -0.875271 0.483484 0.012000
vn 0.881003 -0.472802 -0.017100
vn 0.886690 -0.462195 -0.012500
vn 0.886691 -0.462196 -0.012400
vn -0.892371 0.451285 0.003900
vn -0.889165 0.457382 0.013699
vn -0.882019 0.470810 0.019500
vn 0.886691 -0.462196 -0.012400
vn 0.886690 -0.462195 -0.012500
vn 0.889780 -0.456390 -0.000900
vn -0.892620 0.450810 -0.000000
vn -0.891367 0.453283 -0.000100
vn -0.889165 0.457382 0.013699
vn 0.889943 -0.456071 0.001000
vn 0.889780 -0.456390 -0.000900
vn 0.887210 -0.461205 0.012200
vn -0.889060 0.457579 -0.013899
vn -0.891367 0.453283 -0.000100
vn -0.892620 0.450810 -0.000000
vn 0.887087 -0.461393 0.013900
vn 0.887210 -0.461205 0.012200
vn 0.880942 -0.472923 0.016901
vn -0.881919 0.471010 -0.019200
vn -0.889060 0.457579 -0.013899
vn -0.892310 0.451405 -0.003900
vn 0.880608 -0.473504 0.018000
vn 0.880942 -0.472923 0.016901
vn 0.875158 -0.483732 0.010101
vn -0.875384 0.483291 -0.011500
vn -0.881919 0.471010 -0.019200
vn -0.890686 0.454593 -0.004900
vn 0.874896 -0.484198 0.010500
vn 0.875158 -0.483732 0.010101
vn 0.873614 -0.486608 -0.003500
vn -0.873612 0.486607 0.004000
vn -0.875384 0.483291 -0.011500
vn -0.889306 0.457303 -0.002900
vn 0.873680 -0.486489 -0.003500
vn 0.873614 -0.486608 -0.003500
vn 0.877790 -0.478795 -0.015500
vn -0.878359 0.477678 0.017599
vn -0.873612 0.486607 0.004000
vn -0.889003 0.457901 0.000800
vn 0.877790 -0.478795 -0.015500
vn 0.884489 -0.466294 -0.015800
vn 0.884195 -0.466797 -0.017300
vn -0.891599 0.452800 0.004800
vn -0.885911 0.463506 0.018000
vn -0.878359 0.477678 0.017599
vn 0.884489 -0.466294 -0.015800
vn 0.888614 -0.458607 -0.006700
vn 0.888614 -0.458607 -0.006600
vn -0.892478 0.451089 0.001600
vn -0.890610 0.454705 0.007600
vn -0.885911 0.463506 0.018000
vn 0.888614 -0.458607 -0.006600
vn 0.888614 -0.458607 -0.006700
vn 0.889129 -0.457615 0.006200
vn -0.891222 0.453511 -0.007200
vn -0.890610 0.454705 0.007600
vn -0.892478 0.451089 0.001600
vn 0.889117 -0.457609 0.008100
vn 0.889129 -0.457615 0.006200
vn 0.884211 -0.466806 0.016200
vn -0.885699 0.463899 -0.018300
vn -0.891222 0.453511 -0.007200
vn -0.892879 0.450289 -0.002500
vn 0.883917 -0.467309 0.017700
vn 0.884211 -0.466806 0.016200
vn 0.877518 -0.479310 0.015000
vn -0.878088 0.478193 -0.017100
vn -0.885699 0.463899 -0.018300
vn -0.891559 0.452879 -0.004800
vn 0.877185 -0.479892 0.015800
vn 0.877518 -0.479310 0.015000
vn 0.873438 -0.486921 0.003600
vn -0.873503 0.486802 -0.004000
vn -0.878088 0.478193 -0.017100
vn -0.889853 0.456227 -0.004300
vn 0.873438 -0.486921 0.003600
vn 0.875004 -0.484002 -0.010500
vn 0.874783 -0.484390 -0.011000
vn -0.889265 0.457382 0.003000
vn -0.875271 0.483484 0.012000
vn -0.873503 0.486802 -0.004000
vn -0.000000 1.000000 -0.000000
vn -0.000000 1.000000 -0.000000
vn -0.000000 1.000000 -0.000000
vn 0.000000 0.000000 -1.000000
vn 0.000000 0.000000 -1.000000
vn 0.000000 0.000000 -1.000000
vn 0.000000 -1.000000 0.000000
vn 0.000000 -1.000000 0.000000
vn 0.000000 -1.000000 0.000000
vn 0.000000 0.000000 1.000000
vn 0.000000 0.000000 1.000000
vn 0.000000 0.000000 1.000000
vn 1.000000 0.000000 0.000000
vn 1.000000 0.000000 0.000000
vn 1.000000 0.000000 0.000000
vn -1.000000 0.000000 0.000000
vn -1.000000 0.000000 0.000000
vn -1.000000 0.000000 0.000000
vn -1.000000 0.000000 0.000000
vn -1.000000 0.000000 0.000000
vn -1.000000 0.000000 0.000000
vn 0.000000 -1.000000 0.000000
vn 0.000000 -1.000000 0.000000
vn 0.000000 -1.000000 0.000000
vn 1.000000 0.000000 0.000000
vn 1.000000 0.000000 0.000000
vn 1.000000 0.000000 0.000000
vn -0.000000 1.000000 -0.000000
vn -0.000000 1.000000 -0.000000
vn -0.000000 1.000000 -0.000000
vn 0.000000 0.000000 1.000000
vn 0.000000 0.000000 1.000000
vn 0.000000 0.000000 1.000000
vn 0.000000 -1.000000 0.000000
vn 0.000000 -1.000000 0.000000
vn 0.000000 -1.000000 0.000000
vn 0.000000 0.000000 -1.000000
vn 0.000000 0.000000 -1.000000
vn 0.000000 0.000000 -1.000000
vn -0.000000 1.000000 -0.000000
vn -0.000000 1.000000 -0.000000
vn -0.000000 1.000000 -0.000000
vn -0.000000 1.000000 -0.000000
vn -0.000000 1.000000 -0.000000
vn -0.000000 1.000000 -0.000000
vn 0.000000 0.000000 -1.000000
vn 0.000000 0.000000 -1.000000
vn 0.000000 0.000000 -1.000000
vn 0.000000 -1.000000 0.000000
vn 0.000000 -1.000000 0.000000
vn 0.000000 -1.000000 0.000000
vn 0.000000 0.000000 1.000000
vn 0.000000 0.000000 1.000000
vn 0.000000 0.000000 1.000000
vn 1.000000 0.000000 0.000000
vn 1.000000 0.000000 0.000000
vn 1.000000 0.000000 0.000000
vn -1.000000 0.000000 0.000000
vn -1.000000 0.000000 0.000000
vn -1.000000 0.000000 0.000000
vn -1.000000 0.000000 0.000000
vn -1.000000 0.000000 0.000000
vn -1.000000 0.000000 0.000000
vn 0.000000 -1.000000 0.000000
vn 0.000000 -1.000000 0.000000
vn 0.000000 -1.000000 0.000000
vn 1.000000 0.000000 0.000000
vn 1.000000 0.000000 0.000000
vn 1.000000 0.000000 0.000000
vn -0.000000 1.000000 -0.000000
vn -0.000000 1.000000 -0.000000
vn -0.000000 1.000000 -0.000000
vn 0.000000 0.000000 1.000000
vn 0.000000 0.000000 1.000000
vn 0.000000 0.000000 1.000000
vn 0.000000 -1.000000 0.000000
vn 0.000000 -1.000000 0.000000
vn 0.000000 -1.000000 0.000000
vn 0.000000 0.000000 -1.000000
vn 0.000000 0.000000 -1.000000
vn 0.000000 0.000000 -1.000000
vn -0.000000 1.000000 -0.000000
vn -0.000000 1.000000 -0.000000
vn -0.000000 1.000000 -0.000000
vn -0.000000 1.000000 -0.000000
vn -0.000000 1.000000 -0.000000
vn -0.000000 1.000000 -0.000000
vn 0.000000 0.000000 -1.000000
vn 0.000000 0.000000 -1.000000
vn 0.000000 0.000000 -1.000000
vn 0.000000 -1.000000 0.000000
vn 0.000000 -1.000000 0.000000
vn 0.000000 -1.000000 0.000000
vn 0.000000 0.000000 1.000000
vn 0.000000 0.000000 1.000000
vn 0.000000 0.000000 1.000000
vn 1.000000 0.000000 0.000000
vn 1.000000 0.000000 0.000000
vn 1.000000 0.000000 0.000000
vn -1.000000 0.000000 0.000000
vn -1.000000 0.000000 0.000000
vn -1.000000 0.000000 0.000000
vn -1.000000 0.000000 0.000000
vn -1.000000 0.000000 0.000000
vn -1.000000 0.000000 0.000000
vn 0.000000 -1.000000 0.000000
vn 0.000000 -1.000000 0.000000
vn 0.000000 -1.000000 0.000000
vn 1.000000 0.000000 0.000000
vn 1.000000 0.000000 0.000000
vn 1.000000 0.000000 0.000000
vn -0.000000 1.000000 -0.000000
vn -0.000000 1.000000 -0.000000
vn -0.000000 1.000000 -0.000000
vn 0.000000 0.000000 1.000000
vn 0.000000 0.000000 1.000000
vn 0.000000 0.000000 1.000000
vn 0.000000 -1.000000 0.000000
vn 0.000000 -1.000000 0.000000
vn 0.000000 -1.000000 0.000000
vn 0.000000 0.000000 -1.000000
vn 0.000000 0.000000 -1.000000
vn 0.000000 0.000000 -1.000000
vn -0.000000 1.000000 -0.000000
vn -0.000000 1.000000 -0.000000
vn -0.000000 1.000000 -0.000000
vn 0.000000 -1.000000 0.000000
vn 0.000000 -1.000000 0.000000
vn 0.000000 -1.000000 0.000000
vn 0.000000 0.000000 -1.000000
vn 0.000000 0.000000 -1.000000
vn 0.000000 0.000000 -1.000000
vn -0.000000 1.000000 -0.000000
vn -0.000000 1.000000 -0.000000
vn -0.000000 1.000000 -0.000000
vn 0.000000 0.000000 1.000000
vn 0.000000 0.000000 1.000000
vn 0.000000 0.000000 1.000000
vn -1.000000 0.000000 0.000000
vn -1.000000 0.000000 0.000000
vn -1.000000 0.000000 0.000000
vn 1.000000 0.000000 0.000000
vn 1.000000 0.000000 0.000000
vn 1.000000 0.000000 0.000000
vn 1.000000 0.000000 0.000000
vn 1.000000 0.000000 0.000000
vn 1.000000 0.000000 0.000000
vn -0.000000 1.000000 -0.000000
vn -0.000000 1.000000 -0.000000
vn -0.000000 1.000000 -0.000000
vn -1.000000 0.000000 0.000000
vn -1.000000 0.000000 0.000000
vn -1.000000 0.000000 0.000000
vn 0.000000 -1.000000 0.000000
vn 0.000000 -1.000000 0.000000
vn 0.000000 -1.000000 0.000000
vn 0.000000 0.000000 1.000000
vn 0.000000 0.000000 1.000000
vn 0.000000 0.000000 1.000000
vn -0.000000 1.000000 -0.000000
vn -0.000000 1.000000 -0.000000
vn -0.000000 1.000000 -0.000000
vn 0.000000 0.000000 -1.000000
vn 0.000000 0.000000 -1.000000
vn 0.000000 0.000000 -1.000000
vn 0.000000 -1.000000 0.000000
vn 0.000000 -1.000000 0.000000
vn 0.000000 -1.000000 0.000000
vn 0.000000 -1.000000 0.000000
vn 0.000000 -1.000000 0.000000
vn 0.000000 -1.000000 0.000000
vn 0.000000 0.000000 -1.000000
vn 0.000000 0.000000 -1.000000
vn 0.000000 0.000000 -1.000000
vn -0.000000 1.000000 -0.000000
vn -0.000000 1.000000 -0.000000
vn -0.000000 1.000000 -0.000000
vn 0.000000 0.000000 1.000000
vn 0.000000 0.000000 1.000000
vn 0.000000 0.000000 1.000000
vn -1.000000 0.000000 0.000000
vn -1.000000 0.000000 0.000000
vn -1.000000 0.000000 0.000000
vn 1.000000 0.000000 0.000000
vn 1.000000 0.000000 0.000000
vn 1.000000 0.000000 0.000000
vn 1.000000 0.000000 0.000000
vn 1.000000 0.000000 0.000000
vn 1.000000 0.000000 0.000000
vn -0.000000 1.000000 -0.000000
vn -0.000000 1.000000 -0.000000
vn -0.000000 1.000000 -0.000000
vn -1.000000 0.000000 0.000000
vn -1.000000 0.000000 0.000000
vn -1.000000 0.000000 0.000000
vn 0.000000 -1.000000 0.000000
vn 0.000000 -1.000000 0.000000
vn 0.000000 -1.000000 0.000000
vn 0.000000 0.000000 1.000000
vn 0.000000 0.000000 1.000000
vn 0.000000 0.000000 1.000000
vn -0.000000 1.000000 -0.000000
vn -0.000000 1.000000 -0.000000
vn -0.000000 1.000000 -0.000000
vn 0.000000 0.000000 -1.000000
vn 0.000000 0.000000 -1.000000
vn 0.000000 0.000000 -1.000000
vn 0.000000 -1.000000 0.000000
vn 0.000000 -1.000000 0.000000
vn 0.000000 -1.000000 0.000000
vn 0.000000 -1.000000 0.000000
vn 0.000000 -1.000000 0.000000
vn 0.000000 -1.000000 0.000000
vn 0.000000 0.000000 -1.000000
vn 0.000000 0.000000 -1.000000
vn 0.000000 0.000000 -1.000000
vn -0.000000 1.000000 -0.000000
vn -0.000000 1.000000 -0.000000
vn -0.000000 1.000000 -0.000000
vn 0.000000 0.000000 1.000000
vn 0.000000 0.000000 1.000000
vn 0.000000 0.000000 1.000000
vn -1.000000 0.000000 0.000000
vn -1.000000 0.000000 0.000000
vn -1.000000 0.000000 0.000000
vn 1.000000 0.000000 0.000000
vn 1.000000 0.000000 0.000000
vn 1.000000 0.000000 0.000000
vn 1.000000 0.000000 0.000000
vn 1.000000 0.000000 0.000000
vn 1.000000 0.000000 0.000000
vn -0.000000 1.000000 -0.000000
vn -0.000000 1.000000 -0.000000
vn -0.000000 1.000000 -0.000000
vn -1.000000 0.000000 0.000000
vn -1.000000 0.000000 0.000000
vn -1.000000 0.000000 0.000000
vn 0.000000 -1.000000 0.000000
vn 0.000000 -1.000000 0.000000
vn 0.000000 -1.000000 0.000000
vn 0.000000 0.000000 1.000000
vn 0.000000 0.000000 1.000000
vn 0.000000 0.000000 1.000000
vn -0.000000 1.000000 -0.000000
vn -0.000000 1.000000 -0.000000
vn -0.000000 1.000000 -0.000000
vn 0.000000 0.000000 -1.000000
vn 0.000000 0.000000 -1.000000
vn 0.000000 0.000000 -1.000000
vn 0.000000 -1.000000 0.000000
vn 0.000000 -1.000000 0.000000
vn 0.000000 -1.000000 0.000000
vn -0.863452 0.000000 -0.504431
vn -0.863452 0.000000 -0.504431
vn -0.863452 0.000000 -0.504431
vn -0.402015 0.000000 -0.915633
vn -0.402015 0.000000 -0.915633
vn -0.739669 0.000000 -0.672971
vn 0.005100 0.000000 -0.999987
vn 0.005100 0.000000 -0.999987
vn -0.402015 0.000000 -0.915633
vn 0.411421 0.000000 -0.911446
vn 0.411421 0.000000 -0.911446
vn 0.005100 0.000000 -0.999987
vn 0.746587 0.000000 -0.665288
vn 0.746587 0.000000 -0.665288
vn 0.411421 0.000000 -0.911446
vn 0.952636 0.000000 -0.304112
vn 0.952636 0.000000 -0.304112
vn 0.746587 0.000000 -0.665288
vn 0.993976 -0.000000 0.109597
vn 0.993976 -0.000000 0.109597
vn 0.952636 0.000000 -0.304112
vn 0.863452 -0.000000 0.504431
vn 0.863452 -0.000000 0.504431
vn 0.993976 -0.000000 0.109597
vn 0.583620 -0.000000 0.812027
vn 0.583620 -0.000000 0.812027
vn 0.863452 -0.000000 0.504431
vn 0.202900 -0.000000 0.979200
vn 0.202900 -0.000000 0.979200
vn 0.583620 -0.000000 0.812027
vn -0.212895 0.000000 0.977075
vn -0.212895 0.000000 0.977075
vn 0.202900 -0.000000 0.979200
vn -0.591905 0.000000 0.806008
vn -0.591905 0.000000 0.806008
vn -0.212895 0.000000 0.977075
vn -0.868563 0.000000 0.495579
vn -0.868606 0.000000 0.495503
vn -0.591905 0.000000 0.806008
vn -0.995047 0.000000 0.099405
vn -0.995047 0.000000 0.099405
vn -0.868606 0.000000 0.495503
vn -0.949460 0.000000 -0.313887
vn -0.949460 0.000000 -0.313887
vn -0.995047 0.000000 0.099405
vn -0.739718 0.000000 -0.672917
vn -0.739718 0.000000 -0.672917
vn -0.949460 0.000000 -0.313887
vn -0.402015 0.000000 -0.915633
vn -0.402015 0.000000 -0.915633
vn -0.739718 0.000000 -0.672917
vn 0.005100 0.000000 -0.999987
vn 0.005100 0.000000 -0.999987
vn -0.402015 0.000000 -0.915633
vn 0.411421 0.000000 -0.911446
vn 0.411421 0.000000 -0.911446
vn 0.005100 0.000000 -0.999987
vn 0.746587 0.000000 -0.665288
vn 0.746587 0.000000 -0.665288
vn 0.411421 0.000000 -0.911446
vn 0.952636 0.000000 -0.304112
vn 0.952636 0.000000 -0.304112
vn 0.746587 0.000000 -0.665288
vn 0.993976 -0.000000 0.109597
vn 0.993976 -0.000000 0.109597
vn 0.952636 0.000000 -0.304112
vn 0.863452 -0.000000 0.504431
vn 0.863452 -0.000000 0.504431
vn 0.993976 -0.000000 0.109597
vn 0.583620 -0.000000 0.812027
vn 0.583620 -0.000000 0.812027
vn 0.863452 -0.000000 0.504431
vn 0.402015 -0.000000 0.915633
vn 0.402015 -0.000000 0.915633
vn 0.583620 -0.000000 0.812027
vn -0.005100 0.000000 0.999987
vn -0.005100 0.000000 0.999987
vn -0.005100 0.000000 0.999987
vn -0.591905 0.000000 0.806008
vn -0.591905 0.000000 0.806008
vn -0.411421 0.000000 0.911446
vn -0.868606 0.000000 0.495503
vn -0.868606 0.000000 0.495503
vn -0.591905 0.000000 0.806008
vn -0.995047 0.000000 0.099405
vn -0.995047 0.000000 0.099405
vn -0.868606 0.000000 0.495503
vn -0.949460 0.000000 -0.313887
vn -0.949460 0.000000 -0.313887
vn -0.995047 0.000000 0.099405
vn -0.000000 1.000000 -0.000000
vn -0.000000 1.000000 -0.000000
vn -0.000000 1.000000 -0.000000
vn 0.000000 -1.000000 0.000000
vn 0.000000 -1.000000 0.000000
vn 0.000000 -1.000000 0.000000
vn -0.000000 1.000000 -0.000000
vn -0.000000 1.000000 -0.000000
vn -0.000000 1.000000 -0.000000
vn 0.000000 -1.000000 0.000000
vn 0.000000 -1.000000 0.000000
vn 0.000000 -1.000000 0.000000
vn -0.000000 1.000000 -0.000000
vn -0.000000 1.000000 -0.000000
vn -0.000000 1.000000 -0.000000
vn 0.000000 -1.000000 0.000000
vn 0.000000 -1.000000 0.000000
vn 0.000000 -1.000000 0.000000
vn -0.000000 1.000000 -0.000000
vn -0.000000 1.000000 -0.000000
vn -0.000000 1.000000 -0.000000
vn 0.000000 -1.000000 0.000000
vn 0.000000 -1.000000 0.000000
vn 0.000000 -1.000000 0.000000
vn -0.000000 1.000000 -0.000000
vn -0.000000 1.000000 -0.000000
vn -0.000000 1.000000 -0.000000
vn 0.000000 -1.000000 0.000000
vn 0.000000 -1.000000 0.000000
vn 0.000000 -1.000000 0.000000
vn -0.000000 1.000000 -0.000000
vn -0.000000 1.000000 -0.000000
vn -0.000000 1.000000 -0.000000
vn 0.000000 -1.000000 0.000000
vn 0.000000 -1.000000 0.000000
vn 0.000000 -1.000000 0.000000
vn -0.000000 1.000000 -0.000000
vn -0.000000 1.000000 -0.000000
vn -0.000000 1.000000 -0.000000
vn 0.000000 -1.000000 0.000000
vn 0.000000 -1.000000 0.000000
vn 0.000000 -1.000000 0.000000
vn -0.000000 1.000000 -0.000000
vn -0.000000 1.000000 -0.000000
vn -0.000000 1.000000 -0.000000
vn 0.000000 -1.000000 0.000000
vn 0.000000 -1.000000 0.000000
vn 0.000000 -1.000000 0.000000
vn -0.000000 1.000000 -0.000000
vn -0.000000 1.000000 -0.000000
vn -0.000000 1.000000 -0.000000
vn 0.000000 -1.000000 0.000000
vn 0.000000 -1.000000 0.000000
vn 0.000000 -1.000000 0.000000
vn -0.000000 1.000000 -0.000000
vn -0.001100 0.975339 0.220709
vn -0.000000 1.000000 -0.000000
vn 0.000000 -1.000000 0.000000
vn 0.000000 -1.000000 0.000000
vn -0.001300 -0.975387 0.220497
vn -0.000000 1.000000 -0.000000
vn -0.000000 1.000000 -0.000000
vn -0.001300 0.975387 0.220497
vn 0.000000 -1.000000 0.000000
vn -0.001300 -0.975387 0.220497
vn -0.001100 -0.975387 0.220497
vn -0.000000 1.000000 -0.000000
vn -0.000000 1.000000 -0.000000
vn -0.000000 1.000000 -0.000000
vn 0.000000 -1.000000 0.000000
vn -0.001100 -0.975387 0.220497
vn 0.000000 -1.000000 0.000000
vn -0.000000 1.000000 -0.000000
vn -0.000000 1.000000 -0.000000
vn -0.000000 1.000000 -0.000000
vn 0.000000 -1.000000 0.000000
vn 0.000000 -1.000000 0.000000
vn 0.000000 -1.000000 0.000000
vn -0.000000 1.000000 -0.000000
vn -0.000000 1.000000 -0.000000
vn -0.000000 1.000000 -0.000000
vn 0.000000 -1.000000 0.000000
vn 0.000000 -1.000000 0.000000
vn 0.000000 -1.000000 0.000000
vn -0.000000 1.000000 -0.000000
vn -0.000000 1.000000 -0.000000
vn -0.000000 1.000000 -0.000000
vn 0.000000 -1.000000 0.000000
vn 0.000000 -1.000000 0.000000
vn 0.000000 -1.000000 0.000000
vn -0.739718 0.000000 -0.672917
vn -0.603709 -0.237803 -0.760911
vn -0.946540 -0.078003 -0.313013
vn -0.402015 0.000000 -0.915633
vn -0.241508 -0.238508 -0.940632
vn -0.603709 -0.237803 -0.760911
vn 0.005100 0.000000 -0.999987
vn 0.162601 -0.239402 -0.957208
vn -0.241508 -0.238508 -0.940632
vn 0.411421 0.000000 -0.911446
vn 0.538101 -0.240300 -0.807901
vn 0.162601 -0.239402 -0.957208
vn 0.746587 0.000000 -0.665288
vn 0.820268 -0.240891 -0.518780
vn 0.538101 -0.240300 -0.807901
vn 0.952636 0.000000 -0.304112
vn 0.960139 -0.241410 -0.140906
vn 0.820268 -0.240891 -0.518780
vn 0.993976 -0.000000 0.109597
vn 0.934279 -0.241395 0.262394
vn 0.960139 -0.241410 -0.140906
vn 0.863452 -0.000000 0.504431
vn 0.747030 -0.241110 0.619525
vn 0.934279 -0.241395 0.262394
vn 0.583620 -0.000000 0.812027
vn 0.431004 -0.240502 0.869709
vn 0.747030 -0.241110 0.619525
vn 0.202900 -0.000000 0.979200
vn 0.040500 -0.239700 0.970002
vn 0.431004 -0.240502 0.869709
vn -0.212895 0.000000 0.977075
vn -0.356989 -0.238792 0.903071
vn 0.040500 -0.239700 0.970002
vn -0.591905 0.000000 0.806008
vn -0.693307 -0.238002 0.680206
vn -0.356989 -0.238792 0.903071
vn -0.868606 0.000000 0.495503
vn -0.910062 -0.237490 0.339686
vn -0.693307 -0.238002 0.680206
vn -0.995047 0.000000 0.099405
vn -0.969588 -0.237197 -0.060299
vn -0.910062 -0.237490 0.339686
vn -0.949460 0.000000 -0.313887
vn -0.946540 -0.078003 -0.313013
vn -0.969588 -0.237197 -0.060299
vn -0.946540 -0.078003 -0.313013
vn -0.603709 -0.237803 -0.760911
vn -0.654599 -0.466599 -0.594799
vn -0.603709 -0.237803 -0.760911
vn -0.241508 -0.238508 -0.940632
vn -0.355882 -0.468076 -0.808859
vn -0.241508 -0.238508 -0.940632
vn 0.162601 -0.239402 -0.957208
vn 0.003900 -0.469707 -0.882814
vn 0.162601 -0.239402 -0.957208
vn 0.538101 -0.240300 -0.807901
vn 0.362307 -0.471309 -0.804115
vn 0.538101 -0.240300 -0.807901
vn 0.820268 -0.240891 -0.518780
vn 0.657725 -0.472518 -0.586622
vn 0.820268 -0.240891 -0.518780
vn 0.960139 -0.241410 -0.140906
vn 0.839178 -0.473188 -0.268093
vn 0.934279 -0.241395 0.262394
vn 0.875624 -0.473213 0.096703
vn 0.839178 -0.473188 -0.268093
vn 0.747030 -0.241110 0.619525
vn 0.760797 -0.472498 0.444898
vn 0.875624 -0.473213 0.096703
vn 0.431004 -0.240502 0.869709
vn 0.514300 -0.471300 0.716500
vn 0.760797 -0.472498 0.444898
vn 0.040500 -0.239700 0.970002
vn 0.178499 -0.469697 0.864594
vn 0.514300 -0.471300 0.716500
vn -0.356989 -0.238792 0.903071
vn -0.188804 -0.468010 0.863319
vn 0.178499 -0.469697 0.864594
vn -0.693307 -0.238002 0.680206
vn -0.523904 -0.466603 0.712605
vn -0.188804 -0.468010 0.863319
vn -0.910062 -0.237490 0.339686
vn -0.768822 -0.465613 0.438312
vn -0.523904 -0.466603 0.712605
vn -0.969588 -0.237197 -0.060299
vn -0.880775 -0.465287 0.087998
vn -0.768822 -0.465613 0.438312
vn -0.969588 -0.237197 -0.060299
vn -0.946540 -0.078003 -0.313013
vn -0.840345 -0.465625 -0.277515
vn -0.928721 -0.207905 -0.307007
vn -0.723535 -0.207910 -0.658232
vn -0.705321 -0.301409 -0.641619
vn -0.723535 -0.207910 -0.658232
vn -0.393299 -0.207899 -0.895597
vn -0.383310 -0.301508 -0.873022
vn 0.005000 -0.207908 -0.978136
vn 0.008700 -0.305305 -0.952215
vn -0.383310 -0.301508 -0.873022
vn 0.402416 -0.207908 -0.891536
vn 0.395192 -0.305294 -0.866383
vn 0.008700 -0.305305 -0.952215
vn 0.730263 -0.207889 -0.650767
vn 0.713425 -0.305311 -0.630722
vn 0.395192 -0.305294 -0.866383
vn 0.730263 -0.207889 -0.650767
vn 0.931809 -0.207902 -0.297503
vn 0.908295 -0.301498 -0.289998
vn 0.931809 -0.207902 -0.297503
vn 0.972260 -0.207892 0.107196
vn 0.947749 -0.301415 0.104505
vn 0.972260 -0.207892 0.107196
vn 0.844594 -0.207898 0.493396
vn 0.823289 -0.301396 0.480994
vn 0.844594 -0.207898 0.493396
vn 0.570882 -0.207894 0.794276
vn 0.556506 -0.301503 0.774208
vn 0.570882 -0.207894 0.794276
vn 0.198499 -0.207899 0.957797
vn 0.193408 -0.301513 0.933640
vn 0.198499 -0.207899 0.957797
vn -0.208303 -0.207903 0.955712
vn -0.203007 -0.301411 0.931633
vn -0.578989 -0.207896 0.788385
vn -0.566706 -0.305203 0.765308
vn -0.203007 -0.301411 0.931633
vn -0.849610 -0.207902 0.484706
vn -0.829011 -0.305204 0.468606
vn -0.566706 -0.305203 0.765308
vn -0.973308 -0.207902 0.097201
vn -0.947927 -0.305209 0.091003
vn -0.829011 -0.305204 0.468606
vn -0.928721 -0.207905 -0.307007
vn -0.905277 -0.301492 -0.299292
vn -0.947927 -0.305209 0.091003
vn -0.705321 -0.301409 -0.641619
vn -0.638391 -0.494693 -0.589692
vn -0.828585 -0.488291 -0.273895
vn -0.383310 -0.301508 -0.873022
vn -0.343296 -0.494694 -0.798390
vn -0.638391 -0.494693 -0.589692
vn 0.008700 -0.305305 -0.952215
vn 0.011000 -0.494698 -0.868996
vn -0.343296 -0.494694 -0.798390
vn 0.395192 -0.305294 -0.866383
vn 0.363498 -0.494697 -0.789395
vn 0.011000 -0.494698 -0.868996
vn 0.713425 -0.305311 -0.630722
vn 0.653177 -0.494682 -0.573280
vn 0.363498 -0.494697 -0.789395
vn 0.908295 -0.301498 -0.289998
vn 0.829889 -0.494694 -0.257997
vn 0.653177 -0.494682 -0.573280
vn 0.947749 -0.301415 0.104505
vn 0.863086 -0.494692 0.101798
vn 0.829889 -0.494694 -0.257997
vn 0.823289 -0.301396 0.480994
vn 0.747058 -0.494673 0.444075
vn 0.863086 -0.494692 0.101798
vn 0.556506 -0.301503 0.774208
vn 0.501895 -0.494695 0.709492
vn 0.747058 -0.494673 0.444075
vn 0.193408 -0.301513 0.933640
vn 0.169899 -0.494698 0.852296
vn 0.501895 -0.494695 0.709492
vn -0.203007 -0.301411 0.931633
vn -0.191404 -0.494711 0.847718
vn 0.169899 -0.494698 0.852296
vn -0.203007 -0.301411 0.931633
vn -0.566706 -0.305203 0.765308
vn -0.516578 -0.488279 0.703371
vn -0.566706 -0.305203 0.765308
vn -0.829011 -0.305204 0.468606
vn -0.757978 -0.488286 0.432488
vn -0.947927 -0.305209 0.091003
vn -0.865387 -0.494693 0.079899
vn -0.757978 -0.488286 0.432488
vn -0.905277 -0.301492 -0.299292
vn -0.828585 -0.488291 -0.273895
vn -0.865387 -0.494693 0.079899
vn -0.638391 -0.494693 -0.589692
vn -0.546709 -0.663310 -0.511008
vn -0.717687 -0.654688 -0.237296
vn -0.343296 -0.494694 -0.798390
vn -0.291692 -0.663283 -0.689182
vn -0.546709 -0.663310 -0.511008
vn -0.343296 -0.494694 -0.798390
vn 0.011000 -0.494698 -0.868996
vn 0.003900 -0.654690 -0.755888
vn 0.011000 -0.494698 -0.868996
vn 0.363498 -0.494697 -0.789395
vn 0.311010 -0.654721 -0.688922
vn 0.363498 -0.494697 -0.789395
vn 0.653177 -0.494682 -0.573280
vn 0.564307 -0.654708 -0.502906
vn 0.653177 -0.494682 -0.573280
vn 0.829889 -0.494694 -0.257997
vn 0.720089 -0.654690 -0.229897
vn 0.829889 -0.494694 -0.257997
vn 0.863086 -0.494692 0.101798
vn 0.751360 -0.654665 0.082896
vn 0.863086 -0.494692 0.101798
vn 0.747058 -0.494673 0.444075
vn 0.652687 -0.654687 0.381293
vn 0.747058 -0.494673 0.444075
vn 0.501895 -0.494695 0.709492
vn 0.441191 -0.654687 0.613788
vn 0.169899 -0.494698 0.852296
vn 0.142006 -0.663328 0.734731
vn 0.441191 -0.654687 0.613788
vn 0.169899 -0.494698 0.852296
vn -0.191404 -0.494711 0.847718
vn -0.160993 -0.654673 0.738569
vn -0.516578 -0.488279 0.703371
vn -0.451023 -0.663334 0.597131
vn -0.160993 -0.654673 0.738569
vn -0.757978 -0.488286 0.432488
vn -0.654907 -0.663308 0.362104
vn -0.451023 -0.663334 0.597131
vn -0.757978 -0.488286 0.432488
vn -0.865387 -0.494693 0.079899
vn -0.752165 -0.654670 0.075197
vn -0.828585 -0.488291 -0.273895
vn -0.717687 -0.654688 -0.237296
vn -0.752165 -0.654670 0.075197
vn -0.546709 -0.663310 -0.511008
vn -0.429785 -0.803872 -0.411186
vn -0.578087 -0.793283 -0.191096
vn -0.291692 -0.663283 -0.689182
vn -0.225400 -0.803900 -0.550400
vn -0.429785 -0.803872 -0.411186
vn -0.291692 -0.663283 -0.689182
vn 0.003900 -0.654690 -0.755888
vn 0.003100 -0.793311 -0.608809
vn 0.003900 -0.654690 -0.755888
vn 0.311010 -0.654721 -0.688922
vn 0.250487 -0.793260 -0.554972
vn 0.564307 -0.654708 -0.502906
vn 0.453873 -0.803851 -0.384477
vn 0.250487 -0.793260 -0.554972
vn 0.720089 -0.654690 -0.229897
vn 0.570985 -0.803879 -0.166596
vn 0.453873 -0.803851 -0.384477
vn 0.751360 -0.654665 0.082896
vn 0.589386 -0.803881 0.079998
vn 0.570985 -0.803879 -0.166596
vn 0.751360 -0.654665 0.082896
vn 0.652687 -0.654687 0.381293
vn 0.525701 -0.793302 0.307101
vn 0.652687 -0.654687 0.381293
vn 0.441191 -0.654687 0.613788
vn 0.355388 -0.793274 0.494384
vn 0.142006 -0.663328 0.734731
vn 0.105996 -0.803873 0.585280
vn 0.355388 -0.793274 0.494384
vn -0.160993 -0.654673 0.738569
vn -0.141197 -0.803882 0.577787
vn 0.105996 -0.803873 0.585280
vn -0.451023 -0.663334 0.597131
vn -0.363978 -0.803851 0.470471
vn -0.141197 -0.803882 0.577787
vn -0.451023 -0.663334 0.597131
vn -0.654907 -0.663308 0.362104
vn -0.528806 -0.793309 0.301703
vn -0.654907 -0.663308 0.362104
vn -0.752165 -0.654670 0.075197
vn -0.605806 -0.793308 0.060501
vn -0.752165 -0.654670 0.075197
vn -0.717687 -0.654688 -0.237296
vn -0.578087 -0.793283 -0.191096
vn -0.578087 -0.793283 -0.191096
vn -0.429785 -0.803872 -0.411186
vn -0.325495 -0.897987 -0.296096
vn -0.429785 -0.803872 -0.411186
vn -0.225400 -0.803900 -0.550400
vn -0.176898 -0.897988 -0.402895
vn -0.225400 -0.803900 -0.550400
vn 0.003100 -0.793311 -0.608809
vn 0.002300 -0.897996 -0.439998
vn 0.250487 -0.793260 -0.554972
vn 0.191902 -0.910008 -0.367503
vn 0.002300 -0.897996 -0.439998
vn 0.453873 -0.803851 -0.384477
vn 0.324701 -0.910004 -0.257801
vn 0.191902 -0.910008 -0.367503
vn 0.570985 -0.803879 -0.166596
vn 0.401501 -0.910003 -0.103400
vn 0.324701 -0.910004 -0.257801
vn 0.589386 -0.803881 0.079998
vn 0.408893 -0.909985 0.068799
vn 0.401501 -0.910003 -0.103400
vn 0.589386 -0.803881 0.079998
vn 0.525701 -0.793302 0.307101
vn 0.379898 -0.897995 0.221999
vn 0.355388 -0.793274 0.494384
vn 0.222401 -0.910004 0.349901
vn 0.379898 -0.897995 0.221999
vn 0.355388 -0.793274 0.494384
vn 0.105996 -0.803873 0.585280
vn 0.089301 -0.898015 0.430807
vn 0.105996 -0.803873 0.585280
vn -0.141197 -0.803882 0.577787
vn -0.093700 -0.898001 0.429900
vn -0.141197 -0.803882 0.577787
vn -0.363978 -0.803851 0.470471
vn -0.260406 -0.898021 0.354608
vn -0.363978 -0.803851 0.470471
vn -0.528806 -0.793309 0.301703
vn -0.382191 -0.897978 0.218095
vn -0.605806 -0.793308 0.060501
vn -0.414288 -0.909974 0.017699
vn -0.382191 -0.897978 0.218095
vn -0.578087 -0.793283 -0.191096
vn -0.417711 -0.898023 -0.138104
vn -0.414288 -0.909974 0.017699
vn -0.325495 -0.897987 -0.296096
vn -0.124697 -0.976280 -0.176996
vn -0.254409 -0.963433 -0.084103
vn -0.325495 -0.897987 -0.296096
vn -0.176898 -0.897988 -0.402895
vn -0.107705 -0.963443 -0.245311
vn -0.176898 -0.897988 -0.402895
vn 0.002300 -0.897996 -0.439998
vn 0.001400 -0.963391 -0.268097
vn 0.191902 -0.910008 -0.367503
vn 0.129797 -0.976279 -0.173296
vn 0.001400 -0.963391 -0.268097
vn 0.191902 -0.910008 -0.367503
vn 0.324701 -0.910004 -0.257801
vn 0.200103 -0.963414 -0.178303
vn 0.401501 -0.910003 -0.103400
vn 0.215693 -0.976270 -0.019299
vn 0.200103 -0.963414 -0.178303
vn 0.408893 -0.909985 0.068799
vn 0.204894 -0.976271 0.070098
vn 0.215693 -0.976270 -0.019299
vn 0.379898 -0.897995 0.221999
vn 0.158694 -0.976264 0.147395
vn 0.204894 -0.976271 0.070098
vn 0.222401 -0.910004 0.349901
vn 0.085197 -0.976270 0.199094
vn 0.158694 -0.976264 0.147395
vn 0.222401 -0.910004 0.349901
vn 0.089301 -0.898015 0.430807
vn 0.054400 -0.963398 0.262499
vn -0.093700 -0.898001 0.429900
vn -0.090996 -0.976254 0.196591
vn 0.054400 -0.963398 0.262499
vn -0.093700 -0.898001 0.429900
vn -0.260406 -0.898021 0.354608
vn -0.158698 -0.963388 0.216097
vn -0.382191 -0.897978 0.218095
vn -0.206895 -0.976274 0.063898
vn -0.158698 -0.963388 0.216097
vn -0.382191 -0.897978 0.218095
vn -0.414288 -0.909974 0.017699
vn -0.266703 -0.963412 0.026600
vn -0.417711 -0.898023 -0.138104
vn -0.254409 -0.963433 -0.084103
vn -0.266703 -0.963412 0.026600
vn -0.032701 -0.998429 -0.045501
vn -0.032701 -0.998429 -0.045501
vn -0.032701 -0.998429 -0.045501
vn -0.010400 -0.998680 -0.050299
vn -0.010400 -0.998680 -0.050299
vn -0.010400 -0.998680 -0.050299
vn 0.011400 -0.998567 -0.052298
vn 0.011400 -0.998567 -0.052298
vn 0.011400 -0.998567 -0.052298
vn 0.037599 -0.997975 -0.051299
vn 0.037599 -0.997975 -0.051299
vn 0.037599 -0.997975 -0.051299
vn 0.078699 -0.995887 -0.044899
vn 0.078699 -0.995887 -0.044899
vn 0.078699 -0.995887 -0.044899
vn 0.181196 -0.983280 -0.018100
vn 0.181196 -0.983280 -0.018100
vn 0.181196 -0.983280 -0.018100
vn 0.941622 0.128203 0.311307
vn 0.941622 0.128203 0.311307
vn 0.941664 0.127695 0.311388
vn 0.155904 0.977526 0.141904
vn 0.155904 0.977526 0.141904
vn 0.155906 0.977540 0.141806
vn 0.054197 0.990852 0.123594
vn 0.054197 0.990852 0.123594
vn 0.054297 0.990846 0.123593
vn -0.000700 0.991838 0.127505
vn -0.000700 0.991838 0.127505
vn -0.000700 0.991838 0.127505
vn -0.069100 0.985807 0.153001
vn -0.069100 0.985807 0.153001
vn -0.069100 0.985807 0.153001
vn -0.340918 0.889647 0.303816
vn -0.340887 0.889667 0.303789
vn -0.340887 0.889667 0.303789
vn -0.275401 -0.957303 0.087900
vn -0.275401 -0.957303 0.087900
vn -0.275401 -0.957303 0.087900
vn -0.109798 -0.993880 -0.012100
vn -0.109798 -0.993880 -0.012100
vn -0.109798 -0.993880 -0.012100
vn -0.061000 -0.997503 -0.035600
vn -0.061000 -0.997503 -0.035600
vn -0.061000 -0.997503 -0.035600
vn -0.001300 0.975387 0.220497
vn -0.001700 0.942109 0.335303
vn -0.001700 0.942109 0.335303
vn -0.999976 0.000000 -0.007000
vn -0.999976 0.000000 -0.007000
vn -0.999976 0.000000 -0.007000
vn -0.001100 -0.975387 0.220497
vn -0.001300 -0.975387 0.220497
vn -0.001700 -0.942109 0.335303
vn 0.999976 -0.000000 0.007000
vn 0.999976 -0.000000 0.007000
vn 0.999976 -0.000000 0.007000
s off
g Body:Mesh
usemtl Body:lambert2SG_008
f 7/1/1 2/2/2 1/3/3
f 8/4/4 3/5/5 2/2/6
f 14/6/7 16/7/8 13/902/9
f 4/903/10 7/8/11 1/9/12
f 1/3/13 3/10/14 4/11/15
f 9/904/16 5/905/17 3/5/18
f 12/12/19 6/906/20 11/907/21
f 3/5/22 6/906/23 4/903/24
f 7/8/25 9/904/26 8/4/27
f 12/12/28 19/908/29 9/904/30
f 11/907/31 20/909/32 12/12/33
f 17/910/34 26/911/35 18/912/36
f 9/904/37 22/913/38 10/914/39
f 10/914/40 13/902/41 5/905/42
f 11/907/43 16/7/44 15/915/45
f 5/905/46 16/7/47 6/906/48
f 22/913/49 14/6/50 10/914/51
f 14/6/52 18/912/53 15/915/54
f 23/916/55 17/910/56 14/6/57
f 21/917/58 15/915/59 24/918/60
f 24/918/61 18/912/62 26/911/63
f 28/919/64 33/920/65 27/921/66
f 29/922/67 34/923/68 28/919/69
f 42/924/70 40/925/71 39/926/72
f 30/927/73 33/928/74 38/929/75
f 29/930/76 27/921/77 30/931/78
f 31/932/79 35/933/80 29/922/81
f 32/934/82 38/929/83 37/935/84
f 32/934/85 29/922/86 30/927/87
f 35/933/88 33/928/89 34/923/90
f 19/908/91 38/929/92 35/933/93
f 20/909/94 37/935/95 38/929/96
f 26/911/97 43/936/98 44/937/99
f 22/913/100 35/933/101 36/938/102
f 39/926/103 36/938/104 31/932/105
f 37/935/106 42/924/107 32/934/108
f 42/924/109 31/932/110 32/934/111
f 40/925/112 22/913/113 36/938/114
f 44/937/115 40/925/116 41/939/117
f 43/936/118 23/916/119 40/925/120
f 41/939/121 21/917/122 24/918/123
f 44/937/124 24/918/125 26/911/126
f 46/13/127 65/14/128 45/15/129
f 48/16/130 49/17/131 47/18/132
f 250/19/133 252/20/134 249/21/135
f 52/22/136 45/23/137 51/940/138
f 46/13/139 73/24/140 74/25/141
f 45/15/142 66/26/143 51/27/144
f 50/28/145 53/941/146 49/17/147
f 72/942/148 52/22/149 55/943/150
f 51/940/151 55/943/152 52/22/153
f 51/940/154 67/944/155 56/945/156
f 54/946/157 57/947/158 53/941/159
f 72/942/160 59/948/161 71/949/162
f 56/945/163 59/948/164 55/943/165
f 67/944/166 60/950/167 56/945/168
f 58/951/169 61/952/170 57/947/171
f 71/949/172 63/953/173 70/954/174
f 60/950/175 63/953/176 59/948/177
f 68/955/178 64/956/179 60/950/180
f 75/29/181 47/18/182 49/30/183
f 84/31/184 49/17/185 53/941/186
f 83/957/187 53/941/188 57/947/189
f 82/958/190 57/947/191 61/952/192
f 254/959/193 256/960/194 253/961/195
f 58/951/196 81/32/197 62/962/198
f 54/946/199 80/963/200 58/951/201
f 50/28/202 79/964/203 54/946/204
f 78/33/205 48/16/206 77/34/207
f 77/34/208 47/18/209 76/35/210
f 65/14/211 75/29/212 66/26/213
f 74/25/214 76/35/215 65/14/216
f 74/25/217 78/33/218 77/34/219
f 78/965/220 72/942/221 79/964/222
f 79/964/223 71/949/224 80/963/225
f 80/963/226 70/954/227 81/32/228
f 81/32/229 69/966/230 82/958/231
f 69/966/232 83/957/233 82/958/234
f 68/955/235 84/31/236 83/957/237
f 67/944/238 75/967/239 84/31/240
f 70/954/241 85/968/242 69/966/243
f 63/953/244 86/969/245 70/954/246
f 64/956/247 87/970/248 63/953/249
f 64/956/250 85/968/251 88/971/252
f 62/962/253 89/972/254 61/952/255
f 62/962/256 91/973/257 90/974/258
f 82/958/259 91/973/260 81/32/261
f 61/952/262 92/975/263 82/958/264
f 86/969/265 93/976/266 85/968/267
f 87/970/268 94/977/269 86/969/270
f 88/971/271 95/978/272 87/970/273
f 85/968/274 96/979/275 88/971/276
f 90/974/277 97/980/278 89/972/279
f 90/974/280 99/981/281 98/982/282
f 92/975/283 99/981/284 91/973/285
f 89/972/286 100/983/287 92/975/288
f 98/982/289 101/984/290 97/980/291
f 98/982/292 103/985/293 102/986/294
f 100/983/295 103/985/296 99/981/297
f 97/980/298 104/987/299 100/983/300
f 102/986/301 105/988/302 101/984/303
f 102/986/304 107/989/305 106/990/306
f 104/987/307 107/989/308 103/985/309
f 101/984/310 108/991/311 104/987/312
f 106/990/313 109/992/314 105/988/315
f 107/989/316 110/993/317 106/990/318
f 108/991/319 111/994/320 107/989/321
f 108/991/322 109/992/323 112/995/324
f 110/993/325 113/996/326 109/992/327
f 111/994/328 114/997/329 110/993/330
f 112/995/331 115/998/332 111/994/333
f 112/995/334 113/996/335 116/999/336
f 94/977/337 117/1000/338 93/976/339
f 94/977/340 119/1001/341 118/1002/342
f 96/979/343 119/1001/344 95/978/345
f 93/976/346 120/1003/347 96/979/348
f 114/997/349 121/1004/350 113/996/351
f 115/998/352 122/1005/353 114/997/354
f 116/999/355 123/1006/356 115/998/357
f 116/999/358 121/1004/359 124/1007/360
f 118/1002/361 125/1008/362 117/1000/363
f 118/1002/364 127/1009/365 126/1010/366
f 120/1003/367 127/1009/368 119/1001/369
f 117/1000/370 128/1011/371 120/1003/372
f 122/1005/373 129/1012/374 121/1004/375
f 123/1006/376 130/1013/377 122/1005/378
f 124/1007/379 131/1014/380 123/1006/381
f 124/1007/382 129/1012/383 132/1015/384
f 127/1009/385 134/1016/386 126/1010/387
f 128/1011/388 135/1017/389 127/1009/390
f 125/1008/391 136/1018/392 128/1011/393
f 130/1013/394 137/1019/395 129/1012/396
f 131/1014/397 138/1020/398 130/1013/399
f 132/1015/400 137/1019/401 140/1021/402
f 126/1010/403 139/1022/404 131/1014/405
f 141/1023/406 147/1024/407 142/1025/408
f 125/1008/409 140/1021/410 133/1026/411
f 126/1010/412 132/1015/413 125/1008/414
f 135/1017/415 142/1025/416 134/1016/417
f 136/1018/418 143/1027/419 135/1017/420
f 136/1018/421 141/1023/422 144/1028/423
f 138/1020/424 145/1029/425 137/1019/426
f 139/1022/427 146/1030/428 138/1020/429
f 140/1021/430 145/1029/431 148/1031/432
f 133/1026/433 148/1031/434 141/1023/435
f 134/1016/436 147/1024/437 139/1022/438
f 142/1025/439 149/1032/440 141/1023/441
f 143/1027/442 150/1033/443 142/1025/444
f 144/1028/445 151/1034/446 143/1027/447
f 144/1028/448 149/1032/449 152/1035/450
f 146/1030/451 153/1036/452 145/1029/453
f 146/1030/454 155/1037/455 154/1038/456
f 148/1031/457 155/1037/458 147/1024/459
f 145/1029/460 156/1039/461 148/1031/462
f 150/1033/463 157/1040/464 149/1032/465
f 151/1034/466 158/1041/467 150/1033/468
f 152/1035/469 159/1042/470 151/1034/471
f 152/1035/472 157/1040/473 160/1043/474
f 154/1038/475 161/1044/476 153/1036/477
f 154/1038/478 163/1045/479 162/1046/480
f 156/1039/481 163/1045/482 155/1037/483
f 153/1036/484 164/1047/485 156/1039/486
f 158/1041/487 165/1048/488 157/1040/489
f 159/1042/490 166/1049/491 158/1041/492
f 160/1043/493 167/1050/494 159/1042/495
f 160/1043/496 165/1048/497 168/1051/498
f 162/1046/499 169/1052/500 161/1044/501
f 163/1045/502 170/1053/503 162/1046/504
f 164/1047/505 171/1054/506 163/1045/507
f 164/1047/508 169/1052/509 172/1055/510
f 170/1053/511 173/1056/512 169/1052/513
f 171/1054/514 174/1057/515 170/1053/516
f 172/1055/517 175/1058/518 171/1054/519
f 172/1055/520 173/1056/521 176/1059/522
f 174/1057/523 177/1060/524 173/1056/525
f 175/1058/526 178/1061/527 174/1057/528
f 176/1059/529 179/1062/530 175/1058/531
f 176/1059/532 177/1060/533 180/1063/534
f 178/1061/535 181/1064/536 177/1060/537
f 179/1062/538 182/1065/539 178/1061/540
f 180/1063/541 183/1066/542 179/1062/543
f 180/1063/544 181/1064/545 184/1067/546
f 182/1065/547 185/1068/548 181/1064/549
f 183/1066/550 186/1069/551 182/1065/552
f 184/1067/553 187/1070/554 183/1066/555
f 184/1067/556 185/1068/557 188/1071/558
f 186/1069/559 189/1072/560 185/1068/561
f 187/1070/562 190/1073/563 186/1069/564
f 188/1071/565 191/1074/566 187/1070/567
f 188/1071/568 189/1072/569 192/1075/570
f 190/1073/571 193/1076/572 189/1072/573
f 191/1074/574 194/1077/575 190/1073/576
f 192/1075/577 195/1078/578 191/1074/579
f 192/1075/580 193/1076/581 196/1079/582
f 194/1077/583 197/1080/584 193/1076/585
f 195/1078/586 198/1081/587 194/1077/588
f 196/1079/589 199/1082/590 195/1078/591
f 196/1079/592 197/1080/593 200/1083/594
f 166/1049/595 201/1084/596 165/1048/597
f 166/1049/598 203/1085/599 202/1086/600
f 168/1051/601 203/1085/602 167/1050/603
f 165/1048/604 204/1087/605 168/1051/606
f 202/1086/607 205/1088/608 201/1084/609
f 202/1086/610 207/1089/611 206/1090/612
f 204/1087/613 207/1089/614 203/1085/615
f 201/1084/616 208/1091/617 204/1087/618
f 207/1089/619 210/1092/620 206/1090/621
f 208/1091/622 211/1093/623 207/1089/624
f 208/1091/625 209/1094/626 212/1095/627
f 198/1081/628 213/1096/629 197/1080/630
f 199/1082/631 214/1097/632 198/1081/633
f 200/1083/634 213/1096/635 216/1098/636
f 200/1083/637 209/1094/638 205/1088/639
f 255/1099/640 249/21/641 256/960/642
f 199/1082/643 210/1092/644 215/1100/645
f 200/1083/646 206/1090/647 199/1082/648
f 211/1093/649 218/1101/650 210/1092/651
f 212/1095/652 219/1102/653 211/1093/654
f 212/1095/655 217/1103/656 220/1104/657
f 214/1097/658 221/1105/659 213/1096/660
f 215/1100/661 222/1106/662 214/1097/663
f 216/1098/664 221/1105/665 224/1107/666
f 215/1100/667 218/1101/668 223/1108/669
f 216/1098/670 217/1103/671 209/1094/672
f 218/1101/673 227/1109/674 226/1110/675
f 220/1104/676 227/1109/677 219/1102/678
f 217/1103/679 228/1111/680 220/1104/681
f 222/1106/682 229/1112/683 221/1105/684
f 223/1108/685 230/1113/686 222/1106/687
f 224/1107/688 229/1112/689 232/1114/690
f 223/1108/691 226/1110/692 231/1115/693
f 224/1107/694 225/1116/695 217/1103/696
f 226/1110/697 235/1117/698 234/1118/699
f 228/1111/700 235/1117/701 227/1109/702
f 225/1116/703 236/1119/704 228/1111/705
f 230/1113/706 237/1120/707 229/1112/708
f 231/1115/709 238/1121/710 230/1113/711
f 232/1114/712 237/1120/713 240/1122/714
f 231/1115/715 234/1118/716 239/1123/717
f 232/1114/718 233/1124/719 225/1116/720
f 234/1118/721 243/1125/722 242/1126/723
f 236/1119/724 243/1125/725 235/1117/726
f 233/1124/727 244/1127/728 236/1119/729
f 238/1121/730 245/1128/731 237/1120/732
f 239/1123/733 246/1129/734 238/1121/735
f 240/1122/736 245/1128/737 248/1130/738
f 239/1123/739 242/1126/740 247/1131/741
f 240/1122/742 241/1132/743 233/1124/744
f 242/1126/745 251/1133/746 250/19/747
f 244/1127/748 251/1133/749 243/1125/750
f 241/1132/751 252/20/752 244/1127/753
f 246/1129/754 253/961/755 245/1128/756
f 247/1131/757 254/959/758 246/1129/759
f 248/1130/760 253/961/761 256/960/762
f 242/1126/763 255/1099/764 247/1131/765
f 241/1132/766 256/960/767 249/21/768
f 258/36/769 272/37/770 257/38/771
f 259/39/772 286/40/773 258/36/774
f 260/41/775 285/42/776 259/39/777
f 261/43/778 284/44/779 260/41/780
f 262/45/781 283/46/782 261/43/783
f 263/47/784 282/48/785 262/45/786
f 264/49/787 281/50/788 263/47/789
f 265/51/790 280/52/791 264/49/792
f 266/53/793 279/54/794 265/51/795
f 267/55/796 278/56/797 266/53/798
f 268/57/799 277/58/800 267/55/801
f 269/59/802 276/60/803 268/57/804
f 270/61/805 275/62/806 269/59/807
f 271/63/808 274/64/809 270/61/810
f 257/65/811 273/66/812 271/63/813
f 303/67/814 302/68/815 304/69/816
f 305/70/817 303/67/818 304/69/819
f 306/71/820 305/70/821 304/69/822
f 307/72/823 306/71/824 304/69/825
f 308/73/826 307/72/827 304/69/828
f 309/74/829 308/73/830 304/69/831
f 310/75/832 309/74/833 304/69/834
f 311/76/835 310/75/836 304/69/837
f 312/77/838 311/76/839 304/69/840
f 313/78/841 312/77/842 304/69/843
f 314/79/844 313/78/845 304/69/846
f 315/80/847 314/79/848 304/69/849
f 316/81/850 315/80/851 304/69/852
f 317/82/853 316/81/854 304/69/855
f 302/68/856 317/82/857 304/69/858
f 287/83/859 349/84/860 288/1134/861
f 288/1134/862 350/85/863 289/1135/864
f 289/1135/865 351/86/866 290/1136/867
f 290/1136/868 352/87/869 291/1137/870
f 291/1137/871 353/88/872 292/1138/873
f 292/1138/874 354/89/875 293/1139/876
f 293/1139/877 355/90/878 294/1140/879
f 294/1140/880 356/91/881 295/1141/882
f 295/1141/883 357/92/884 296/1142/885
f 296/1142/886 358/93/887 297/1143/888
f 297/1143/889 359/94/890 298/1144/891
f 298/1144/892 360/95/893 299/1145/894
f 299/1145/895 361/96/896 300/1146/897
f 300/1146/898 362/97/899 301/1147/900
f 301/1147/901 348/98/902 287/1148/903
f 273/66/904 287/83/905 288/1134/906
f 273/66/907 289/1135/908 274/64/909
f 274/64/910 290/1136/911 275/62/912
f 275/62/913 291/1137/914 276/60/915
f 277/58/916 291/1137/917 292/1138/918
f 278/56/919 292/1138/920 293/1139/921
f 279/54/922 293/1139/923 294/1140/924
f 279/54/925 295/1141/926 280/52/927
f 280/52/928 296/1142/929 281/50/930
f 281/50/931 297/1143/932 282/48/933
f 282/48/934 298/1144/935 283/46/936
f 283/46/937 299/1145/938 284/44/939
f 285/42/940 299/1145/941 300/1146/942
f 286/40/943 300/1146/944 301/1147/945
f 272/37/946 301/1147/947 287/1148/948
f 318/1149/949 321/1150/950 319/1151/951
f 319/1151/952 323/1152/953 322/1153/954
f 322/1153/955 325/1154/956 324/1155/957
f 324/1155/958 327/1156/959 326/1157/960
f 326/1157/961 329/1158/962 328/1159/963
f 328/1159/964 331/1160/965 330/1161/966
f 330/1161/967 333/1162/968 332/1163/969
f 332/1163/970 335/1164/971 334/1165/972
f 334/1165/973 337/1166/974 336/1167/975
f 336/1167/976 339/1168/977 338/1169/978
f 338/1169/979 341/1170/980 340/1171/981
f 340/1171/982 343/1172/983 342/1173/984
f 342/1173/985 345/1174/986 344/1175/987
f 344/1175/988 347/1176/989 346/1177/990
f 346/1177/991 320/1178/992 318/1149/993
f 258/1179/994 318/1149/995 319/1151/996
f 303/67/997 320/1178/998 302/68/999
f 258/1179/1000 322/1153/1001 259/1180/1002
f 303/67/1003 323/1152/1004 321/1150/1005
f 259/1180/1006 324/1155/1007 260/1181/1008
f 305/70/1009 325/1154/1010 323/1152/1011
f 261/1182/1012 324/1155/1013 326/1157/1014
f 307/72/1015 325/1154/1016 306/71/1017
f 262/1183/1018 326/1157/1019 328/1159/1020
f 308/73/1021 327/1156/1022 307/72/1023
f 263/1184/1024 328/1159/1025 330/1161/1026
f 309/74/1027 329/1158/1028 308/73/1029
f 264/1185/1030 330/1161/1031 332/1163/1032
f 310/75/1033 331/1160/1034 309/74/1035
f 265/1186/1036 332/1163/1037 334/1165/1038
f 311/76/1039 333/1162/1040 310/75/1041
f 265/1186/1042 336/1167/1043 266/1187/1044
f 311/76/1045 337/1166/1046 335/1164/1047
f 266/1187/1048 338/1169/1049 267/1188/1050
f 312/77/1051 339/1168/1052 337/1166/1053
f 267/1188/1054 340/1171/1055 268/1189/1056
f 313/78/1057 341/1170/1058 339/1168/1059
f 268/1189/1060 342/1173/1061 269/1190/1062
f 314/79/1063 343/1172/1064 341/1170/1065
f 269/1190/1066 344/1175/1067 270/1191/1068
f 315/80/1069 345/1174/1070 343/1172/1071
f 270/1191/1072 346/1177/1073 271/1192/1074
f 316/81/1075 347/1176/1076 345/1174/1077
f 257/1193/1078 346/1177/1079 318/1149/1080
f 302/68/1081 347/1176/1082 317/82/1083
f 378/1194/1084 364/1195/1085 363/1196/1086
f 392/1197/1087 365/1198/1088 364/1195/1089
f 391/1199/1090 366/1200/1091 365/1198/1092
f 390/1201/1093 367/1202/1094 366/1200/1095
f 389/1203/1096 368/1204/1097 367/1202/1098
f 388/1205/1099 369/1206/1100 368/1204/1101
f 387/1207/1102 370/1208/1103 369/1206/1104
f 386/1209/1105 371/1210/1106 370/1208/1107
f 385/1211/1108 372/1212/1109 371/1210/1110
f 384/1213/1111 373/1214/1112 372/1212/1113
f 383/1215/1114 374/1216/1115 373/1214/1116
f 382/1217/1117 375/1218/1118 374/1216/1119
f 381/1219/1120 376/1220/1121 375/1218/1122
f 380/1221/1123 377/1222/1124 376/1220/1125
f 379/1223/1126 363/1224/1127 377/1222/1128
f 409/1225/1129 410/1226/1130 408/1227/1131
f 411/1228/1132 410/1226/1133 409/1225/1134
f 412/1229/1135 410/1226/1136 411/1228/1137
f 413/1230/1138 410/1226/1139 412/1229/1140
f 414/1231/1141 410/1226/1142 413/1230/1143
f 415/1232/1144 410/1226/1145 414/1231/1146
f 416/1233/1147 410/1226/1148 415/1232/1149
f 417/1234/1150 410/1226/1151 416/1233/1152
f 418/1235/1153 410/1226/1154 417/1234/1155
f 419/1236/1156 410/1226/1157 418/1235/1158
f 420/1237/1159 410/1226/1160 419/1236/1161
f 421/1238/1162 410/1226/1163 420/1237/1164
f 422/1239/1165 410/1226/1166 421/1238/1167
f 423/1240/1168 410/1226/1169 422/1239/1170
f 408/1227/1171 410/1226/1172 423/1240/1173
f 349/84/1174 393/1241/1175 394/1242/1176
f 350/85/1177 394/1242/1178 395/1243/1179
f 351/86/1180 395/1243/1181 396/1244/1182
f 352/87/1183 396/1244/1184 397/1245/1185
f 353/88/1186 397/1245/1187 398/1246/1188
f 354/89/1189 398/1246/1190 399/1247/1191
f 355/90/1192 399/1247/1193 400/1248/1194
f 356/91/1195 400/1248/1196 401/1249/1197
f 357/92/1198 401/1249/1199 402/1250/1200
f 358/93/1201 402/1250/1202 403/1251/1203
f 359/94/1204 403/1251/1205 404/1252/1206
f 360/95/1207 404/1252/1208 405/1253/1209
f 361/96/1210 405/1253/1211 406/1254/1212
f 362/97/1213 406/1254/1214 407/1255/1215
f 348/98/1216 407/1255/1217 393/1256/1218
f 379/1223/1219 393/1241/1220 378/1257/1221
f 395/1243/1222 379/1223/1223 380/1221/1224
f 396/1244/1225 380/1221/1226 381/1219/1227
f 397/1245/1228 381/1219/1229 382/1217/1230
f 383/1215/1231 397/1245/1232 382/1217/1233
f 384/1213/1234 398/1246/1235 383/1215/1236
f 385/1211/1237 399/1247/1238 384/1213/1239
f 401/1249/1240 385/1211/1241 386/1209/1242
f 402/1250/1243 386/1209/1244 387/1207/1245
f 403/1251/1246 387/1207/1247 388/1205/1248
f 404/1252/1249 388/1205/1250 389/1203/1251
f 405/1253/1252 389/1203/1253 390/1201/1254
f 391/1199/1255 405/1253/1256 390/1201/1257
f 392/1197/1258 406/1254/1259 391/1199/1260
f 378/1194/1261 407/1255/1262 392/1197/1263
f 427/1258/1264 424/1259/1265 425/1260/1266
f 429/1261/1267 425/1260/1268 428/1262/1269
f 431/1263/1270 428/1262/1271 430/1264/1272
f 433/1265/1273 430/1264/1274 432/1266/1275
f 435/1267/1276 432/1266/1277 434/1268/1278
f 437/1269/1279 434/1268/1280 436/1270/1281
f 439/1271/1282 436/1270/1283 438/1272/1284
f 441/1273/1285 438/1272/1286 440/1274/1287
f 443/1275/1288 440/1274/1289 442/1276/1290
f 445/1277/1291 442/1276/1292 444/1278/1293
f 447/1279/1294 444/1278/1295 446/1280/1296
f 449/1281/1297 446/1280/1298 448/1282/1299
f 451/1283/1300 448/1282/1301 450/1284/1302
f 453/1285/1303 450/1284/1304 452/1286/1305
f 426/1287/1306 452/1286/1307 424/1259/1308
f 364/1288/1309 424/1259/1310 363/1289/1311
f 426/1287/1312 409/1225/1313 408/1227/1314
f 428/1262/1315 364/1288/1316 365/1290/1317
f 409/1225/1318 429/1261/1319 411/1228/1320
f 430/1264/1321 365/1290/1322 366/1291/1323
f 411/1228/1324 431/1263/1325 412/1229/1326
f 367/1292/1327 430/1264/1328 366/1291/1329
f 431/1263/1330 413/1230/1331 412/1229/1332
f 368/1293/1333 432/1266/1334 367/1292/1335
f 433/1265/1336 414/1231/1337 413/1230/1338
f 369/1294/1339 434/1268/1340 368/1293/1341
f 435/1267/1342 415/1232/1343 414/1231/1344
f 370/1295/1345 436/1270/1346 369/1294/1347
f 437/1269/1348 416/1233/1349 415/1232/1350
f 371/1296/1351 438/1272/1352 370/1295/1353
f 439/1271/1354 417/1234/1355 416/1233/1356
f 442/1276/1357 371/1296/1358 372/1297/1359
f 417/1234/1360 443/1275/1361 418/1235/1362
f 444/1278/1363 372/1297/1364 373/1298/1365
f 418/1235/1366 445/1277/1367 419/1236/1368
f 446/1280/1369 373/1298/1370 374/1299/1371
f 419/1236/1372 447/1279/1373 420/1237/1374
f 448/1282/1375 374/1299/1376 375/1300/1377
f 420/1237/1378 449/1281/1379 421/1238/1380
f 450/1284/1381 375/1300/1382 376/1301/1383
f 421/1238/1384 451/1283/1385 422/1239/1386
f 452/1286/1387 376/1301/1388 377/1302/1389
f 422/1239/1390 453/1285/1391 423/1240/1392
f 363/1289/1393 452/1286/1394 377/1302/1395
f 453/1285/1396 408/1227/1397 423/1240/1398
f 455/1303/1399 469/1304/1400 454/1305/1401
f 456/1306/1402 483/1307/1403 455/1303/1404
f 457/1308/1405 482/1309/1406 456/1306/1407
f 458/1310/1408 481/1311/1409 457/1308/1410
f 459/1312/1411 480/1313/1412 458/1310/1413
f 460/1314/1414 479/1315/1415 459/1312/1416
f 461/1316/1417 478/1317/1418 460/1314/1419
f 462/1318/1420 477/1319/1421 461/1316/1422
f 463/1320/1423 476/1321/1424 462/1318/1425
f 464/1322/1426 475/1323/1427 463/1320/1428
f 465/1324/1429 474/1325/1430 464/1322/1431
f 466/1326/1432 473/1327/1433 465/1324/1434
f 467/1328/1435 472/1329/1436 466/1326/1437
f 468/1330/1438 471/1331/1439 467/1328/1440
f 454/1332/1441 470/1333/1442 468/1330/1443
f 500/1334/1444 499/1335/1445 501/1336/1446
f 502/1337/1447 500/1334/1448 501/1336/1449
f 503/1338/1450 502/1337/1451 501/1336/1452
f 504/1339/1453 503/1338/1454 501/1336/1455
f 505/1340/1456 504/1339/1457 501/1336/1458
f 506/1341/1459 505/1340/1460 501/1336/1461
f 507/1342/1462 506/1341/1463 501/1336/1464
f 508/1343/1465 507/1342/1466 501/1336/1467
f 509/1344/1468 508/1343/1469 501/1336/1470
f 510/1345/1471 509/1344/1472 501/1336/1473
f 511/1346/1474 510/1345/1475 501/1336/1476
f 512/1347/1477 511/1346/1478 501/1336/1479
f 513/1348/1480 512/1347/1481 501/1336/1482
f 514/1349/1483 513/1348/1484 501/1336/1485
f 499/1335/1486 514/1349/1487 501/1336/1488
f 484/1350/1489 546/1351/1490 485/1352/1491
f 485/1352/1492 547/1353/1493 486/1354/1494
f 486/1354/1495 548/1355/1496 487/1356/1497
f 487/1356/1498 549/1357/1499 488/1358/1500
f 488/1358/1501 550/1359/1502 489/1360/1503
f 489/1360/1504 551/1361/1505 490/1362/1506
f 490/1362/1507 552/1363/1508 491/1364/1509
f 491/1364/1510 553/1365/1511 492/1366/1512
f 492/1366/1513 554/1367/1514 493/1368/1515
f 493/1368/1516 555/1369/1517 494/1370/1518
f 494/1370/1519 556/1371/1520 495/1372/1521
f 495/1372/1522 557/1373/1523 496/1374/1524
f 496/1374/1525 558/1375/1526 497/1376/1527
f 497/1376/1528 559/1377/1529 498/1378/1530
f 498/1378/1531 545/1379/1532 484/1380/1533
f 470/1333/1534 484/1350/1535 485/1352/1536
f 470/1333/1537 486/1354/1538 471/1331/1539
f 471/1331/1540 487/1356/1541 472/1329/1542
f 472/1329/1543 488/1358/1544 473/1327/1545
f 474/1325/1546 488/1358/1547 489/1360/1548
f 475/1323/1549 489/1360/1550 490/1362/1551
f 476/1321/1552 490/1362/1553 491/1364/1554
f 477/1319/1555 491/1364/1556 492/1366/1557
f 478/1317/1558 492/1366/1559 493/1368/1560
f 479/1315/1561 493/1368/1562 494/1370/1563
f 479/1315/1564 495/1372/1565 480/1313/1566
f 480/1313/1567 496/1374/1568 481/1311/1569
f 482/1309/1570 496/1374/1571 497/1376/1572
f 483/1307/1573 497/1376/1574 498/1378/1575
f 469/1304/1576 498/1378/1577 484/1380/1578
f 515/1381/1579 518/1382/1580 516/1383/1581
f 516/1383/1582 520/1384/1583 519/1385/1584
f 519/1385/1585 522/1386/1586 521/1387/1587
f 521/1387/1588 524/1388/1589 523/1389/1590
f 523/1389/1591 526/1390/1592 525/1391/1593
f 525/1391/1594 528/1392/1595 527/1393/1596
f 527/1393/1597 530/1394/1598 529/1395/1599
f 529/1395/1600 532/1396/1601 531/1397/1602
f 531/1397/1603 534/1398/1604 533/1399/1605
f 533/1399/1606 536/1400/1607 535/1401/1608
f 535/1401/1609 538/1402/1610 537/1403/1611
f 537/1403/1612 540/1404/1613 539/1405/1614
f 539/1405/1615 542/1406/1616 541/1407/1617
f 541/1407/1618 544/1408/1619 543/1409/1620
f 543/1409/1621 517/1410/1622 515/1381/1623
f 454/1411/1624 516/1383/1625 455/1412/1626
f 499/1335/1627 518/1382/1628 517/1410/1629
f 455/1412/1630 519/1385/1631 456/1413/1632
f 500/1334/1633 520/1384/1634 518/1382/1635
f 456/1413/1636 521/1387/1637 457/1414/1638
f 502/1337/1639 522/1386/1640 520/1384/1641
f 458/1415/1642 521/1387/1643 523/1389/1644
f 504/1339/1645 522/1386/1646 503/1338/1647
f 459/1416/1648 523/1389/1649 525/1391/1650
f 505/1340/1651 524/1388/1652 504/1339/1653
f 459/1416/1654 527/1393/1655 460/1417/1656
f 505/1340/1657 528/1392/1658 526/1390/1659
f 460/1417/1660 529/1395/1661 461/1418/1662
f 506/1341/1663 530/1394/1664 528/1392/1665
f 461/1418/1666 531/1397/1667 462/1419/1668
f 507/1342/1669 532/1396/1670 530/1394/1671
f 462/1419/1672 533/1399/1673 463/1420/1674
f 508/1343/1675 534/1398/1676 532/1396/1677
f 463/1420/1678 535/1401/1679 464/1421/1680
f 509/1344/1681 536/1400/1682 534/1398/1683
f 464/1421/1684 537/1403/1685 465/1422/1686
f 510/1345/1687 538/1402/1688 536/1400/1689
f 466/1423/1690 537/1403/1691 539/1405/1692
f 512/1347/1693 538/1402/1694 511/1346/1695
f 467/1424/1696 539/1405/1697 541/1407/1698
f 513/1348/1699 540/1404/1700 512/1347/1701
f 467/1424/1702 543/1409/1703 468/1425/1704
f 513/1348/1705 544/1408/1706 542/1406/1707
f 468/1425/1708 515/1381/1709 454/1411/1710
f 514/1349/1711 517/1410/1712 544/1408/1713
f 575/1426/1714 561/1427/1715 560/1428/1716
f 589/1429/1717 562/1430/1718 561/1427/1719
f 588/1431/1720 563/1432/1721 562/1430/1722
f 587/1433/1723 564/1434/1724 563/1432/1725
f 586/1435/1726 565/1436/1727 564/1434/1728
f 585/1437/1729 566/1438/1730 565/1436/1731
f 584/1439/1732 567/1440/1733 566/1438/1734
f 583/1441/1735 568/1442/1736 567/1440/1737
f 582/1443/1738 569/1444/1739 568/1442/1740
f 581/1445/1741 570/1446/1742 569/1444/1743
f 580/1447/1744 571/1448/1745 570/1446/1746
f 579/1449/1747 572/1450/1748 571/1448/1749
f 578/1451/1750 573/1452/1751 572/1450/1752
f 577/1453/1753 574/1454/1754 573/1452/1755
f 576/1455/1756 560/1456/1757 574/1454/1758
f 606/1457/1759 607/1458/1760 605/1459/1761
f 608/1460/1762 607/1458/1763 606/1457/1764
f 609/1461/1765 607/1458/1766 608/1460/1767
f 610/1462/1768 607/1458/1769 609/1461/1770
f 611/1463/1771 607/1458/1772 610/1462/1773
f 612/1464/1774 607/1458/1775 611/1463/1776
f 613/1465/1777 607/1458/1778 612/1464/1779
f 614/1466/1780 607/1458/1781 613/1465/1782
f 615/1467/1783 607/1458/1784 614/1466/1785
f 616/1468/1786 607/1458/1787 615/1467/1788
f 617/1469/1789 607/1458/1790 616/1468/1791
f 618/1470/1792 607/1458/1793 617/1469/1794
f 619/1471/1795 607/1458/1796 618/1470/1797
f 620/1472/1798 607/1458/1799 619/1471/1800
f 605/1459/1801 607/1458/1802 620/1472/1803
f 546/1351/1804 590/1473/1805 591/1474/1806
f 547/1353/1807 591/1474/1808 592/1475/1809
f 548/1355/1810 592/1475/1811 593/1476/1812
f 549/1357/1813 593/1476/1814 594/1477/1815
f 550/1359/1816 594/1477/1817 595/1478/1818
f 551/1361/1819 595/1478/1820 596/1479/1821
f 552/1363/1822 596/1479/1823 597/1480/1824
f 553/1365/1825 597/1480/1826 598/1481/1827
f 554/1367/1828 598/1481/1829 599/1482/1830
f 555/1369/1831 599/1482/1832 600/1483/1833
f 556/1371/1834 600/1483/1835 601/1484/1836
f 557/1373/1837 601/1484/1838 602/1485/1839
f 558/1375/1840 602/1485/1841 603/1486/1842
f 559/1377/1843 603/1486/1844 604/1487/1845
f 545/1379/1846 604/1487/1847 590/1488/1848
f 576/1455/1849 590/1473/1850 575/1489/1851
f 592/1475/1852 576/1455/1853 577/1453/1854
f 593/1476/1855 577/1453/1856 578/1451/1857
f 594/1477/1858 578/1451/1859 579/1449/1860
f 580/1447/1861 594/1477/1862 579/1449/1863
f 581/1445/1864 595/1478/1865 580/1447/1866
f 582/1443/1867 596/1479/1868 581/1445/1869
f 583/1441/1870 597/1480/1871 582/1443/1872
f 584/1439/1873 598/1481/1874 583/1441/1875
f 585/1437/1876 599/1482/1877 584/1439/1878
f 601/1484/1879 585/1437/1880 586/1435/1881
f 602/1485/1882 586/1435/1883 587/1433/1884
f 588/1431/1885 602/1485/1886 587/1433/1887
f 589/1429/1888 603/1486/1889 588/1431/1890
f 575/1426/1891 604/1487/1892 589/1429/1893
f 624/1490/1894 621/1491/1895 622/1492/1896
f 626/1493/1897 622/1492/1898 625/1494/1899
f 628/1495/1900 625/1494/1901 627/1496/1902
f 630/1497/1903 627/1496/1904 629/1498/1905
f 632/1499/1906 629/1498/1907 631/1500/1908
f 634/1501/1909 631/1500/1910 633/1502/1911
f 636/1503/1912 633/1502/1913 635/1504/1914
f 638/1505/1915 635/1504/1916 637/1506/1917
f 640/1507/1918 637/1506/1919 639/1508/1920
f 642/1509/1921 639/1508/1922 641/1510/1923
f 644/1511/1924 641/1510/1925 643/1512/1926
f 646/1513/1927 643/1512/1928 645/1514/1929
f 648/1515/1930 645/1514/1931 647/1516/1932
f 650/1517/1933 647/1516/1934 649/1518/1935
f 623/1519/1936 649/1518/1937 621/1491/1938
f 622/1492/1939 560/1520/1940 561/1521/1941
f 605/1459/1942 624/1490/1943 606/1457/1944
f 625/1494/1945 561/1521/1946 562/1522/1947
f 624/1490/1948 608/1460/1949 606/1457/1950
f 627/1496/1951 562/1522/1952 563/1523/1953
f 608/1460/1954 628/1495/1955 609/1461/1956
f 564/1524/1957 627/1496/1958 563/1523/1959
f 628/1495/1960 610/1462/1961 609/1461/1962
f 565/1525/1963 629/1498/1964 564/1524/1965
f 630/1497/1966 611/1463/1967 610/1462/1968
f 633/1502/1969 565/1525/1970 566/1526/1971
f 611/1463/1972 634/1501/1973 612/1464/1974
f 635/1504/1975 566/1526/1976 567/1527/1977
f 612/1464/1978 636/1503/1979 613/1465/1980
f 637/1506/1981 567/1527/1982 568/1528/1983
f 613/1465/1984 638/1505/1985 614/1466/1986
f 639/1508/1987 568/1528/1988 569/1529/1989
f 614/1466/1990 640/1507/1991 615/1467/1992
f 641/1510/1993 569/1529/1994 570/1530/1995
f 615/1467/1996 642/1509/1997 616/1468/1998
f 643/1512/1999 570/1530/2000 571/1531/2001
f 616/1468/2002 644/1511/2003 617/1469/2004
f 572/1532/2005 643/1512/2006 571/1531/2007
f 644/1511/2008 618/1470/2009 617/1469/2010
f 573/1533/2011 645/1514/2012 572/1532/2013
f 646/1513/2014 619/1471/2015 618/1470/2016
f 649/1518/2017 573/1533/2018 574/1534/2019
f 619/1471/2020 650/1517/2021 620/1472/2022
f 621/1491/2023 574/1534/2024 560/1520/2025
f 620/1472/2026 623/1519/2027 605/1459/2028
f 652/1535/2029 671/1536/2030 651/1537/2031
f 654/1538/2032 655/1539/2033 653/1540/2034
f 856/1541/2035 858/1542/2036 855/1543/2037
f 658/1544/2038 651/1545/2039 657/1546/2040
f 652/1535/2041 679/1547/2042 680/1548/2043
f 651/1537/2044 672/1549/2045 657/1550/2046
f 656/1551/2047 659/1552/2048 655/1539/2049
f 678/1553/2050 658/1544/2051 661/1554/2052
f 657/1546/2053 661/1554/2054 658/1544/2055
f 657/1546/2056 673/1555/2057 662/1556/2058
f 660/1557/2059 663/1558/2060 659/1552/2061
f 678/1553/2062 665/1559/2063 677/1560/2064
f 662/1556/2065 665/1559/2066 661/1554/2067
f 673/1555/2068 666/1561/2069 662/1556/2070
f 664/1562/2071 667/1563/2072 663/1558/2073
f 677/1560/2074 669/1564/2075 676/1565/2076
f 666/1561/2077 669/1564/2078 665/1559/2079
f 674/1566/2080 670/1567/2081 666/1561/2082
f 681/1568/2083 653/1540/2084 655/1569/2085
f 690/1570/2086 655/1539/2087 659/1552/2088
f 689/1571/2089 659/1552/2090 663/1558/2091
f 688/1572/2092 663/1558/2093 667/1563/2094
f 860/1573/2095 862/1574/2096 859/1575/2097
f 664/1562/2098 687/1576/2099 668/1577/2100
f 660/1557/2101 686/1578/2102 664/1562/2103
f 656/1551/2104 685/1579/2105 660/1557/2106
f 684/1580/2107 654/1538/2108 683/1581/2109
f 683/1581/2110 653/1540/2111 682/1582/2112
f 671/1536/2113 681/1568/2114 672/1549/2115
f 680/1548/2116 682/1582/2117 671/1536/2118
f 680/1548/2119 684/1580/2120 683/1581/2121
f 684/1583/2122 678/1553/2123 685/1579/2124
f 685/1579/2125 677/1560/2126 686/1578/2127
f 686/1578/2128 676/1565/2129 687/1576/2130
f 687/1576/2131 675/1584/2132 688/1572/2133
f 675/1584/2134 689/1571/2135 688/1572/2136
f 674/1566/2137 690/1570/2138 689/1571/2139
f 673/1555/2140 681/1585/2141 690/1570/2142
f 676/1565/2143 691/1586/2144 675/1584/2145
f 669/1564/2146 692/1587/2147 676/1565/2148
f 670/1567/2149 693/1588/2150 669/1564/2151
f 670/1567/2152 691/1586/2153 694/1589/2154
f 668/1577/2155 695/1590/2156 667/1563/2157
f 668/1577/2158 697/1591/2159 696/1592/2160
f 688/1572/2161 697/1591/2162 687/1576/2163
f 667/1563/2164 698/1593/2165 688/1572/2166
f 692/1587/2167 699/1594/2168 691/1586/2169
f 693/1588/2170 700/1595/2171 692/1587/2172
f 694/1589/2173 701/1596/2174 693/1588/2175
f 691/1586/2176 702/1597/2177 694/1589/2178
f 696/1592/2179 703/1598/2180 695/1590/2181
f 696/1592/2182 705/1599/2183 704/1600/2184
f 698/1593/2185 705/1599/2186 697/1591/2187
f 695/1590/2188 706/1601/2189 698/1593/2190
f 704/1600/2191 707/1602/2192 703/1598/2193
f 704/1600/2194 709/1603/2195 708/1604/2196
f 706/1601/2197 709/1603/2198 705/1599/2199
f 703/1598/2200 710/1605/2201 706/1601/2202
f 708/1604/2203 711/1606/2204 707/1602/2205
f 708/1604/2206 713/1607/2207 712/1608/2208
f 710/1605/2209 713/1607/2210 709/1603/2211
f 707/1602/2212 714/1609/2213 710/1605/2214
f 712/1608/2215 715/1610/2216 711/1606/2217
f 713/1607/2218 716/1611/2219 712/1608/2220
f 714/1609/2221 717/1612/2222 713/1607/2223
f 714/1609/2224 715/1610/2225 718/1613/2226
f 716/1611/2227 719/1614/2228 715/1610/2229
f 717/1612/2230 720/1615/2231 716/1611/2232
f 718/1613/2233 721/1616/2234 717/1612/2235
f 718/1613/2236 719/1614/2237 722/1617/2238
f 700/1595/2239 723/1618/2240 699/1594/2241
f 700/1595/2242 725/1619/2243 724/1620/2244
f 702/1597/2245 725/1619/2246 701/1596/2247
f 699/1594/2248 726/1621/2249 702/1597/2250
f 720/1615/2251 727/1622/2252 719/1614/2253
f 721/1616/2254 728/1623/2255 720/1615/2256
f 722/1617/2257 729/1624/2258 721/1616/2259
f 722/1617/2260 727/1622/2261 730/1625/2262
f 724/1620/2263 731/1626/2264 723/1618/2265
f 724/1620/2266 733/1627/2267 732/1628/2268
f 726/1621/2269 733/1627/2270 725/1619/2271
f 723/1618/2272 734/1629/2273 726/1621/2274
f 728/1623/2275 735/1630/2276 727/1622/2277
f 729/1624/2278 736/1631/2279 728/1623/2280
f 730/1625/2281 737/1632/2282 729/1624/2283
f 730/1625/2284 735/1630/2285 738/1633/2286
f 733/1627/2287 740/1634/2288 732/1628/2289
f 734/1629/2290 741/1635/2291 733/1627/2292
f 731/1626/2293 742/1636/2294 734/1629/2295
f 736/1631/2296 743/1637/2297 735/1630/2298
f 737/1632/2299 744/1638/2300 736/1631/2301
f 738/1633/2302 743/1637/2303 746/1639/2304
f 732/1628/2305 745/1640/2306 737/1632/2307
f 747/1641/2308 753/1642/2309 748/1643/2310
f 731/1626/2311 746/1639/2312 739/1644/2313
f 732/1628/2314 738/1633/2315 731/1626/2316
f 741/1635/2317 748/1643/2318 740/1634/2319
f 742/1636/2320 749/1645/2321 741/1635/2322
f 742/1636/2323 747/1641/2324 750/1646/2325
f 744/1638/2326 751/1647/2327 743/1637/2328
f 745/1640/2329 752/1648/2330 744/1638/2331
f 746/1639/2332 751/1647/2333 754/1649/2334
f 739/1644/2335 754/1649/2336 747/1641/2337
f 740/1634/2338 753/1642/2339 745/1640/2340
f 748/1643/2341 755/1650/2342 747/1641/2343
f 749/1645/2344 756/1651/2345 748/1643/2346
f 750/1646/2347 757/1652/2348 749/1645/2349
f 750/1646/2350 755/1650/2351 758/1653/2352
f 752/1648/2353 759/1654/2354 751/1647/2355
f 752/1648/2356 761/1655/2357 760/1656/2358
f 754/1649/2359 761/1655/2360 753/1642/2361
f 751/1647/2362 762/1657/2363 754/1649/2364
f 756/1651/2365 763/1658/2366 755/1650/2367
f 757/1652/2368 764/1659/2369 756/1651/2370
f 758/1653/2371 765/1660/2372 757/1652/2373
f 758/1653/2374 763/1658/2375 766/1661/2376
f 760/1656/2377 767/1662/2378 759/1654/2379
f 760/1656/2380 769/1663/2381 768/1664/2382
f 762/1657/2383 769/1663/2384 761/1655/2385
f 759/1654/2386 770/1665/2387 762/1657/2388
f 764/1659/2389 771/1666/2390 763/1658/2391
f 765/1660/2392 772/1667/2393 764/1659/2394
f 766/1661/2395 773/1668/2396 765/1660/2397
f 766/1661/2398 771/1666/2399 774/1669/2400
f 768/1664/2401 775/1670/2402 767/1662/2403
f 769/1663/2404 776/1671/2405 768/1664/2406
f 770/1665/2407 777/1672/2408 769/1663/2409
f 770/1665/2410 775/1670/2411 778/1673/2412
f 776/1671/2413 779/1674/2414 775/1670/2415
f 777/1672/2416 780/1675/2417 776/1671/2418
f 778/1673/2419 781/1676/2420 777/1672/2421
f 778/1673/2422 779/1674/2423 782/1677/2424
f 780/1675/2425 783/1678/2426 779/1674/2427
f 781/1676/2428 784/1679/2429 780/1675/2430
f 782/1677/2431 785/1680/2432 781/1676/2433
f 782/1677/2434 783/1678/2435 786/1681/2436
f 784/1679/2437 787/1682/2438 783/1678/2439
f 785/1680/2440 788/1683/2441 784/1679/2442
f 786/1681/2443 789/1684/2444 785/1680/2445
f 786/1681/2446 787/1682/2447 790/1685/2448
f 788/1683/2449 791/1686/2450 787/1682/2451
f 789/1684/2452 792/1687/2453 788/1683/2454
f 790/1685/2455 793/1688/2456 789/1684/2457
f 790/1685/2458 791/1686/2459 794/1689/2460
f 792/1687/2461 795/1690/2462 791/1686/2463
f 793/1688/2464 796/1691/2465 792/1687/2466
f 794/1689/2467 797/1692/2468 793/1688/2469
f 794/1689/2470 795/1690/2471 798/1693/2472
f 796/1691/2473 799/1694/2474 795/1690/2475
f 797/1692/2476 800/1695/2477 796/1691/2478
f 798/1693/2479 801/1696/2480 797/1692/2481
f 798/1693/2482 799/1694/2483 802/1697/2484
f 800/1695/2485 803/1698/2486 799/1694/2487
f 801/1696/2488 804/1699/2489 800/1695/2490
f 802/1697/2491 805/1700/2492 801/1696/2493
f 802/1697/2494 803/1698/2495 806/1701/2496
f 772/1667/2497 807/1702/2498 771/1666/2499
f 772/1667/2500 809/1703/2501 808/1704/2502
f 774/1669/2503 809/1703/2504 773/1668/2505
f 771/1666/2506 810/1705/2507 774/1669/2508
f 808/1704/2509 811/1706/2510 807/1702/2511
f 808/1704/2512 813/1707/2513 812/1708/2514
f 810/1705/2515 813/1707/2516 809/1703/2517
f 807/1702/2518 814/1709/2519 810/1705/2520
f 813/1707/2521 816/1710/2522 812/1708/2523
f 814/1709/2524 817/1711/2525 813/1707/2526
f 814/1709/2527 815/1712/2528 818/1713/2529
f 804/1699/2530 819/1714/2531 803/1698/2532
f 805/1700/2533 820/1715/2534 804/1699/2535
f 806/1701/2536 819/1714/2537 822/1716/2538
f 806/1701/2539 815/1712/2540 811/1706/2541
f 861/1717/2542 855/1543/2543 862/1574/2544
f 805/1700/2545 816/1710/2546 821/1718/2547
f 806/1701/2548 812/1708/2549 805/1700/2550
f 817/1711/2551 824/1719/2552 816/1710/2553
f 818/1713/2554 825/1720/2555 817/1711/2556
f 818/1713/2557 823/1721/2558 826/1722/2559
f 820/1715/2560 827/1723/2561 819/1714/2562
f 821/1718/2563 828/1724/2564 820/1715/2565
f 822/1716/2566 827/1723/2567 830/1725/2568
f 821/1718/2569 824/1719/2570 829/1726/2571
f 822/1716/2572 823/1721/2573 815/1712/2574
f 824/1719/2575 833/1727/2576 832/1728/2577
f 826/1722/2578 833/1727/2579 825/1720/2580
f 823/1721/2581 834/1729/2582 826/1722/2583
f 828/1724/2584 835/1730/2585 827/1723/2586
f 829/1726/2587 836/1731/2588 828/1724/2589
f 830/1725/2590 835/1730/2591 838/1732/2592
f 829/1726/2593 832/1728/2594 837/1733/2595
f 830/1725/2596 831/1734/2597 823/1721/2598
f 832/1728/2599 841/1735/2600 840/1736/2601
f 834/1729/2602 841/1735/2603 833/1727/2604
f 831/1734/2605 842/1737/2606 834/1729/2607
f 836/1731/2608 843/1738/2609 835/1730/2610
f 837/1733/2611 844/1739/2612 836/1731/2613
f 838/1732/2614 843/1738/2615 846/1740/2616
f 837/1733/2617 840/1736/2618 845/1741/2619
f 838/1732/2620 839/1742/2621 831/1734/2622
f 840/1736/2623 849/1743/2624 848/1744/2625
f 842/1737/2626 849/1743/2627 841/1735/2628
f 839/1742/2629 850/1745/2630 842/1737/2631
f 844/1739/2632 851/1746/2633 843/1738/2634
f 845/1741/2635 852/1747/2636 844/1739/2637
f 846/1740/2638 851/1746/2639 854/1748/2640
f 845/1741/2641 848/1744/2642 853/1749/2643
f 846/1740/2644 847/1750/2645 839/1742/2646
f 848/1744/2647 857/1751/2648 856/1541/2649
f 850/1745/2650 857/1751/2651 849/1743/2652
f 847/1750/2653 858/1542/2654 850/1745/2655
f 852/1747/2656 859/1575/2657 851/1746/2658
f 853/1749/2659 860/1573/2660 852/1747/2661
f 854/1748/2662 859/1575/2663 862/1574/2664
f 848/1744/2665 861/1717/2666 853/1749/2667
f 847/1750/2668 862/1574/2669 855/1543/2670
f 869/99/2671 864/100/2672 863/101/2673
f 870/102/2674 865/103/2675 864/100/2676
f 876/104/2677 878/105/2678 875/1752/2679
f 866/1753/2680 869/106/2681 863/107/2682
f 863/101/2683 865/108/2684 866/109/2685
f 871/1754/2686 867/1755/2687 865/103/2688
f 874/110/2689 868/1756/2690 873/1757/2691
f 865/103/2692 868/1756/2693 866/1753/2694
f 869/106/2695 871/1754/2696 870/102/2697
f 874/110/2698 881/1758/2699 871/1754/2700
f 873/1757/2701 882/1759/2702 874/110/2703
f 879/1760/2704 888/1761/2705 880/1762/2706
f 872/1763/2707 881/1758/2708 884/1764/2709
f 872/1763/2710 875/1752/2711 867/1755/2712
f 873/1757/2713 878/105/2714 877/1765/2715
f 867/1755/2716 878/105/2717 868/1756/2718
f 884/1764/2719 876/104/2720 872/1763/2721
f 876/104/2722 880/1762/2723 877/1765/2724
f 885/1766/2725 879/1760/2726 876/104/2727
f 883/1767/2728 877/1765/2729 886/1768/2730
f 886/1768/2731 880/1762/2732 888/1761/2733
f 890/1769/2734 895/1770/2735 889/1771/2736
f 891/1772/2737 896/1773/2738 890/1769/2739
f 904/1774/2740 902/1775/2741 901/1776/2742
f 892/1777/2743 895/1778/2744 900/1779/2745
f 891/1780/2746 889/1771/2747 892/1781/2748
f 893/1782/2749 897/1783/2750 891/1772/2751
f 894/1784/2752 900/1779/2753 899/1785/2754
f 894/1784/2755 891/1772/2756 892/1777/2757
f 897/1783/2758 895/1778/2759 896/1773/2760
f 881/1758/2761 900/1779/2762 897/1783/2763
f 882/1759/2764 899/1785/2765 900/1779/2766
f 888/1761/2767 905/1786/2768 906/1787/2769
f 898/1788/2770 881/1758/2771 897/1783/2772
f 901/1776/2773 898/1788/2774 893/1782/2775
f 899/1785/2776 904/1774/2777 894/1784/2778
f 904/1774/2779 893/1782/2780 894/1784/2781
f 902/1775/2782 884/1764/2783 898/1788/2784
f 906/1787/2785 902/1775/2786 903/1789/2787
f 905/1786/2788 885/1766/2789 902/1775/2790
f 903/1789/2791 883/1767/2792 886/1768/2793
f 906/1787/2794 886/1768/2795 888/1761/2796
f 919/111/2797 963/112/2798 907/1790/2799
f 920/113/2800 911/1791/2801 909/1792/2802
f 922/114/2803 907/1793/2804 913/1794/2805
f 914/115/2806 970/116/2807 908/117/2808
f 907/1790/2809 964/118/2810 913/1795/2811
f 973/119/2812 923/120/2813 972/121/2814
f 916/122/2815 1061/123/2816 917/124/2817
f 918/125/2818 923/126/2819 915/127/2820
f 974/128/2821 915/129/2822 973/119/2823
f 931/1796/2824 934/1797/2825 932/130/2826
f 922/114/2827 915/127/2828 919/131/2829
f 972/121/2830 927/132/2831 971/133/2832
f 935/134/2833 938/135/2834 936/136/2835
f 926/137/2836 927/138/2837 923/126/2838
f 971/133/2839 908/117/2840 970/116/2841
f 928/139/2842 912/140/2843 929/1798/2844
f 930/141/2845 908/142/2846 927/138/2847
f 920/113/2848 932/130/2849 921/1799/2850
f 916/122/2851 931/1796/2852 920/113/2853
f 917/124/2854 933/1800/2855 916/122/2856
f 921/1799/2857 934/1797/2858 917/124/2859
f 924/1801/2860 936/136/2861 925/1802/2862
f 928/139/2863 935/134/2864 924/1801/2865
f 929/1798/2866 937/1803/2867 928/139/2868
f 925/1802/2869 938/135/2870 929/1798/2871
f 965/143/2872 913/1795/2873 964/144/2874
f 968/145/2875 914/146/2876 930/141/2877
f 1047/147/2878 1050/1804/2879 1048/1805/2880
f 966/148/2881 926/137/2882 918/125/2883
f 1052/1806/2884 1054/1807/2885 1051/1808/2886
f 952/149/2887 911/1809/2888 951/150/2889
f 962/151/2890 911/1791/2891 921/1799/2892
f 917/124/2893 962/151/2894 921/1799/2895
f 1062/152/2896 917/124/2897 1061/123/2898
f 960/153/2899 929/1798/2900 959/154/2901
f 959/154/2902 912/155/2903 958/156/2904
f 958/157/2905 910/158/2906 957/159/2907
f 956/160/2908 910/158/2909 928/139/2910
f 955/161/2911 928/139/2912 924/1801/2913
f 954/162/2914 1060/163/2915 916/122/2916
f 953/164/2917 916/122/2918 920/113/2919
f 953/164/2920 909/1792/2921 952/149/2922
f 940/165/2923 939/166/2924 951/150/2925
f 941/167/2926 940/168/2927 962/151/2928
f 942/169/2929 941/167/2930 961/170/2931
f 943/171/2932 1062/152/2933 1058/172/2934
f 944/173/2935 943/171/2936 959/154/2937
f 945/174/2938 944/173/2939 958/156/2940
f 946/175/2941 945/176/2942 957/159/2943
f 947/177/2944 946/175/2945 956/160/2946
f 948/178/2947 947/177/2948 955/161/2949
f 949/179/2950 1070/180/2951 1066/181/2952
f 950/182/2953 949/179/2954 953/164/2955
f 939/166/2956 950/182/2957 952/149/2958
f 967/1810/2959 976/1811/2960 926/137/2961
f 968/145/2962 975/1812/2963 967/1810/2964
f 930/141/2965 977/1813/2966 968/145/2967
f 926/137/2968 978/1814/2969 930/141/2970
f 966/148/2971 979/1815/2972 965/143/2973
f 918/125/2974 980/1816/2975 966/148/2976
f 922/114/2977 981/1817/2978 918/125/2979
f 965/143/2980 982/1818/2981 922/114/2982
f 976/1811/2983 983/1819/2984 984/1820/2985
f 977/1813/2986 983/1819/2987 975/1812/2988
f 978/1814/2989 985/1821/2990 977/1813/2991
f 976/1811/2992 986/1822/2993 978/1814/2994
f 980/1816/2995 987/1823/2996 979/1815/2997
f 981/1817/2998 988/1824/2999 980/1816/3000
f 982/1818/3001 989/1825/3002 981/1817/3003
f 982/1818/3004 987/1823/3005 990/1826/3006
f 984/1820/3007 991/1827/3008 992/1828/3009
f 985/1821/3010 991/1827/3011 983/1819/3012
f 986/1822/3013 993/1829/3014 985/1821/3015
f 984/1820/3016 994/1830/3017 986/1822/3018
f 988/1824/3019 995/1831/3020 987/1823/3021
f 989/1825/3022 996/1832/3023 988/1824/3024
f 990/1826/3025 997/1833/3026 989/1825/3027
f 990/1826/3028 995/1831/3029 998/1834/3030
f 992/1828/3031 999/1835/3032 1000/1836/3033
f 993/1829/3034 999/1835/3035 991/1827/3036
f 994/1830/3037 1001/1837/3038 993/1829/3039
f 992/1828/3040 1002/1838/3041 994/1830/3042
f 996/1832/3043 1003/1839/3044 995/1831/3045
f 997/1833/3046 1004/1840/3047 996/1832/3048
f 998/1834/3049 1005/1841/3050 997/1833/3051
f 998/1834/3052 1003/1839/3053 1006/1842/3054
f 999/1835/3055 1008/1843/3056 1000/1836/3057
f 1001/1837/3058 1007/1844/3059 999/1835/3060
f 1001/1837/3061 1010/1845/3062 1009/1846/3063
f 1000/1836/3064 1010/1845/3065 1002/1838/3066
f 1004/1840/3067 1011/1847/3068 1003/1839/3069
f 1004/1840/3070 1013/1848/3071 1012/1849/3072
f 1006/1842/3073 1013/1848/3074 1005/1841/3075
f 1003/1839/3076 1014/1850/3077 1006/1842/3078
f 1007/1844/3079 1016/1851/3080 1008/1843/3081
f 1009/1846/3082 1015/1852/3083 1007/1844/3084
f 1009/1846/3085 1018/1853/3086 1017/1854/3087
f 1008/1843/3088 1018/1853/3089 1010/1845/3090
f 1012/1849/3091 1019/1855/3092 1011/1847/3093
f 1012/1849/3094 1021/1856/3095 1020/1857/3096
f 1014/1850/3097 1021/1856/3098 1013/1848/3099
f 1011/1847/3100 1022/1858/3101 1014/1850/3102
f 1015/1852/3103 1024/1859/3104 1016/1851/3105
f 1017/1854/3106 1023/1860/3107 1015/1852/3108
f 1017/1854/3109 1026/1861/3110 1025/1862/3111
f 1016/1851/3112 1026/1861/3113 1018/1853/3114
f 1020/1857/3115 1027/1863/3116 1019/1855/3117
f 1021/1856/3118 1028/1864/3119 1020/1857/3120
f 1022/1858/3121 1029/1865/3122 1021/1856/3123
f 1022/1858/3124 1027/1863/3125 1030/1866/3126
f 1023/1860/3127 1032/1867/3128 1024/1859/3129
f 1025/1862/3130 1031/1868/3131 1023/1860/3132
f 1025/1862/3133 1034/1869/3134 1033/1870/3135
f 1024/1859/3136 1034/1869/3137 1026/1861/3138
f 1028/1864/3139 1035/1871/3140 1027/1863/3141
f 1029/1865/3142 1036/1872/3143 1028/1864/3144
f 1030/1866/3145 1037/1873/3146 1029/1865/3147
f 1030/1866/3148 1035/1871/3149 1038/1874/3150
f 1031/1868/3151 1040/1875/3152 1032/1867/3153
f 1033/1870/3154 1039/1876/3155 1031/1868/3156
f 1033/1870/3157 1042/1877/3158 1041/1878/3159
f 1032/1867/3160 1042/1877/3161 1034/1869/3162
f 1036/1872/3163 1043/1879/3164 1035/1871/3165
f 1037/1873/3166 1044/1880/3167 1036/1872/3168
f 1038/1874/3169 1045/1881/3170 1037/1873/3171
f 1038/1874/3172 1043/1879/3173 1046/1882/3174
f 1039/1876/3175 1048/1805/3176 1040/1875/3177
f 1041/1878/3178 1047/147/3179 1039/1876/3180
f 1041/1878/3181 1050/1804/3182 1049/1883/3183
f 1040/1875/3184 1050/1804/3185 1042/1877/3186
f 1044/1880/3187 1051/1808/3188 1043/1879/3189
f 1044/1880/3190 1053/1884/3191 1052/1806/3192
f 1046/1882/3193 1053/1884/3194 1045/1881/3195
f 1043/1879/3196 1054/1807/3197 1046/1882/3198
f 1070/180/3199 924/1801/3200 1069/183/3201
f 1069/183/3202 925/1802/3203 1068/184/3204
f 1067/185/3205 925/1802/3206 960/153/3207
f 1059/186/3208 1056/187/3209 1060/163/3210
f 1071/1885/3211 1074/188/3212 1072/1886/3213
f 1058/172/3214 1061/123/3215 1057/1887/3216
f 1063/189/3217 1057/1887/3218 1064/190/3219
f 1056/187/3220 1064/190/3221 1057/1887/3222
f 1055/191/3223 1065/192/3224 1056/187/3225
f 1067/185/3226 1064/190/3227 1068/184/3228
f 1076/1888/3229 1078/1889/3230 1075/1890/3231
f 1066/181/3232 1069/183/3233 1065/192/3234
f 1060/163/3235 1080/1891/3236 1061/123/3237
f 1060/163/3238 1082/1892/3239 1079/1893/3240
f 1057/1887/3241 1082/1892/3242 1056/187/3243
f 1061/123/3244 1081/1894/3245 1057/1887/3246
f 1065/192/3247 1083/1895/3248 1064/190/3249
f 1069/183/3250 1086/1896/3251 1065/192/3252
f 1068/184/3253 1085/1897/3254 1069/183/3255
f 1068/184/3256 1083/1895/3257 1084/1898/3258
f 1103/1899/3259 1106/1900/3260 1104/1901/3261
f 1080/1891/3262 1097/1902/3263 1081/1894/3264
f 1081/1894/3265 1098/1903/3266 1082/1892/3267
f 1079/1893/3268 1098/1903/3269 1095/1904/3270
f 1084/1898/3271 1099/1905/3272 1100/1906/3273
f 1107/1907/3274 1110/1908/3275 1108/1909/3276
f 1085/1897/3277 1102/1910/3278 1086/1896/3279
f 1086/1896/3280 1099/1905/3281 1083/1895/3282
f 1087/1911/3283 1078/1889/3284 1088/1912/3285
f 1088/1912/3286 1077/1913/3287 1089/1914/3288
f 1090/1915/3289 1077/1913/3290 1076/1888/3291
f 1090/1915/3292 1075/1890/3293 1087/1911/3294
f 1091/1916/3295 1072/1886/3296 1092/1917/3297
f 1093/1918/3298 1072/1886/3299 1074/188/3300
f 1093/1918/3301 1073/1919/3302 1094/1920/3303
f 1094/1920/3304 1071/1885/3305 1091/1916/3306
f 1095/1904/3307 1092/1917/3308 1096/1921/3309
f 1096/1921/3310 1093/1918/3311 1097/1902/3312
f 1097/1902/3313 1094/1920/3314 1098/1903/3315
f 1095/1904/3316 1094/1920/3317 1091/1916/3318
f 1100/1906/3319 1087/1911/3320 1088/1912/3321
f 1100/1906/3322 1089/1914/3323 1101/1922/3324
f 1101/1922/3325 1090/1915/3326 1102/1910/3327
f 1102/1910/3328 1087/1911/3329 1099/1905/3330
f 1079/1893/3331 1104/1901/3332 1080/1891/3333
f 1079/1893/3334 1105/1923/3335 1103/1899/3336
f 1096/1921/3337 1105/1923/3338 1095/1904/3339
f 1080/1891/3340 1106/1900/3341 1096/1921/3342
f 1084/1898/3343 1108/1909/3344 1085/1897/3345
f 1084/1898/3346 1109/1924/3347 1107/1907/3348
f 1101/1922/3349 1109/1924/3350 1100/1906/3351
f 1085/1897/3352 1110/1908/3353 1101/1922/3354
f 1134/1925/3355 1115/1926/3356 1133/1927/3357
f 1119/1928/3358 1122/1929/3359 1120/1930/3360
f 1114/1931/3361 1115/1932/3362 1111/1933/3363
f 1112/1934/3364 1120/1930/3365 1113/1935/3366
f 1116/1936/3367 1119/1928/3368 1112/1934/3369
f 1117/1937/3370 1121/1938/3371 1116/1936/3372
f 1113/1935/3373 1122/1929/3374 1117/1937/3375
f 1171/1939/3376 1174/1940/3377 1172/1941/3378
f 1130/1942/3379 1117/1937/3380 1129/1943/3381
f 1127/1944/3382 1116/1936/3383 1112/1934/3384
f 1124/1945/3385 1123/1946/3386 1129/1943/3387
f 1126/1947/3388 1125/1948/3389 1127/1944/3390
f 1131/1949/3391 1136/1950/3392 1114/1931/3393
f 1132/1951/3394 1135/1952/3395 1131/1949/3396
f 1118/1953/3397 1137/1954/3398 1132/1951/3399
f 1114/1931/3400 1138/1955/3401 1118/1953/3402
f 1136/1950/3403 1139/1956/3404 1140/1957/3405
f 1137/1954/3406 1139/1956/3407 1135/1952/3408
f 1138/1955/3409 1141/1958/3410 1137/1954/3411
f 1136/1950/3412 1142/1959/3413 1138/1955/3414
f 1140/1957/3415 1143/1960/3416 1144/1961/3417
f 1141/1958/3418 1143/1960/3419 1139/1956/3420
f 1142/1959/3421 1145/1962/3422 1141/1958/3423
f 1140/1957/3424 1146/1963/3425 1142/1959/3426
f 1144/1961/3427 1147/1964/3428 1148/1965/3429
f 1145/1962/3430 1147/1964/3431 1143/1960/3432
f 1146/1963/3433 1149/1966/3434 1145/1962/3435
f 1144/1961/3436 1150/1967/3437 1146/1963/3438
f 1147/1964/3439 1152/1968/3440 1148/1965/3441
f 1149/1966/3442 1151/1969/3443 1147/1964/3444
f 1149/1966/3445 1154/1970/3446 1153/1971/3447
f 1148/1965/3448 1154/1970/3449 1150/1967/3450
f 1151/1969/3451 1156/1972/3452 1152/1968/3453
f 1153/1971/3454 1155/1973/3455 1151/1969/3456
f 1153/1971/3457 1158/1974/3458 1157/1975/3459
f 1152/1968/3460 1158/1974/3461 1154/1970/3462
f 1155/1973/3463 1160/1976/3464 1156/1972/3465
f 1157/1975/3466 1159/1977/3467 1155/1973/3468
f 1157/1975/3469 1162/1978/3470 1161/1979/3471
f 1156/1972/3472 1162/1978/3473 1158/1974/3474
f 1159/1977/3475 1164/1980/3476 1160/1976/3477
f 1161/1979/3478 1163/1981/3479 1159/1977/3480
f 1161/1979/3481 1166/1982/3482 1165/1983/3483
f 1160/1976/3484 1166/1982/3485 1162/1978/3486
f 1163/1981/3487 1168/1984/3488 1164/1980/3489
f 1165/1983/3490 1167/1985/3491 1163/1981/3492
f 1165/1983/3493 1170/1986/3494 1169/1987/3495
f 1164/1980/3496 1170/1986/3497 1166/1982/3498
f 1167/1985/3499 1172/1941/3500 1168/1984/3501
f 1169/1987/3502 1171/1939/3503 1167/1985/3504
f 1169/1987/3505 1174/1940/3506 1173/1988/3507
f 1168/1984/3508 1174/1940/3509 1170/1986/3510
f 1129/1943/3511 1116/1936/3512 1128/1989/3513
f 1124/1945/3514 1128/1989/3515 1125/1948/3516
f 1115/1932/3517 1132/1951/3518 1133/1927/3519
f 1127/1944/3520 1113/1935/3521 1130/1942/3522
f 1126/1947/3523 1130/1942/3524 1123/1946/3525
f 1131/1949/3526 1111/1990/3527 1134/1925/3528
f 1661/193/3529 1663/194/3530 1660/195/3531
f 1664/196/3532 1662/197/3533 1661/193/3534
f 1666/198/3535 1665/199/3536 1664/196/3537
f 1668/200/3538 1667/201/3539 1666/198/3540
f 1670/202/3541 1669/203/3542 1668/200/3543
f 1672/204/3544 1671/205/3545 1670/202/3546
f 1674/206/3547 1673/207/3548 1672/204/3549
f 1676/208/3550 1675/209/3551 1674/206/3552
f 1678/210/3553 1677/211/3554 1676/208/3555
f 1680/212/3556 1679/213/3557 1678/210/3558
f 1682/214/3559 1681/215/3560 1680/212/3561
f 1684/216/3562 1683/217/3563 1682/214/3564
f 1686/218/3565 1685/219/3566 1684/216/3567
f 1688/220/3568 1687/221/3569 1686/218/3570
f 1660/222/3571 1689/223/3572 1688/220/3573
f 1176/224/3574 1175/225/3575 1205/226/3576
f 1177/227/3577 1176/224/3578 1205/226/3579
f 1178/228/3580 1177/227/3581 1205/226/3582
f 1179/229/3583 1178/228/3584 1205/226/3585
f 1180/230/3586 1179/229/3587 1205/226/3588
f 1181/231/3589 1180/230/3590 1205/226/3591
f 1182/232/3592 1181/231/3593 1205/226/3594
f 1183/233/3595 1182/232/3596 1205/226/3597
f 1184/234/3598 1183/233/3599 1205/226/3600
f 1185/235/3601 1184/234/3602 1205/226/3603
f 1186/236/3604 1185/235/3605 1205/226/3606
f 1187/237/3607 1186/236/3608 1205/226/3609
f 1188/238/3610 1187/237/3611 1205/226/3612
f 1189/239/3613 1188/238/3614 1205/226/3615
f 1175/225/3616 1189/239/3617 1205/226/3618
f 1222/240/3619 1224/241/3620 1221/1991/3621
f 1225/242/3622 1223/1992/3623 1222/240/3624
f 1227/243/3625 1226/1993/3626 1225/242/3627
f 1229/244/3628 1228/1994/3629 1227/243/3630
f 1231/245/3631 1230/1995/3632 1229/244/3633
f 1233/246/3634 1232/1996/3635 1231/245/3636
f 1235/247/3637 1234/1997/3638 1233/246/3639
f 1237/248/3640 1236/1998/3641 1235/247/3642
f 1239/249/3643 1238/1999/3644 1237/248/3645
f 1241/250/3646 1240/2000/3647 1239/249/3648
f 1388/251/3649 1390/2001/3650 1387/2002/3651
f 1245/252/3652 1244/2003/3653 1243/2004/3654
f 1247/253/3655 1246/2005/3656 1245/252/3657
f 1249/254/3658 1248/2006/3659 1247/253/3660
f 1221/1991/3661 1250/2007/3662 1249/254/3663
f 1190/2008/3664 1222/240/3665 1221/1991/3666
f 1206/2009/3667 1223/1992/3668 1207/2010/3669
f 1191/2011/3670 1225/242/3671 1222/240/3672
f 1207/2010/3673 1226/1993/3674 1208/2012/3675
f 1192/2013/3676 1227/243/3677 1225/242/3678
f 1208/2012/3679 1228/1994/3680 1209/2014/3681
f 1193/2015/3682 1229/244/3683 1227/243/3684
f 1209/2014/3685 1230/1995/3686 1210/2016/3687
f 1194/2017/3688 1231/245/3689 1229/244/3690
f 1210/2016/3691 1232/1996/3692 1211/2018/3693
f 1195/2019/3694 1233/246/3695 1231/245/3696
f 1211/2018/3697 1234/1997/3698 1212/2020/3699
f 1196/2021/3700 1235/247/3701 1233/246/3702
f 1212/2020/3703 1236/1998/3704 1213/2022/3705
f 1197/2023/3706 1237/248/3707 1235/247/3708
f 1213/2022/3709 1238/1999/3710 1214/2024/3711
f 1199/2025/3712 1237/248/3713 1198/2026/3714
f 1215/2027/3715 1238/1999/3716 1240/2000/3717
f 1200/2028/3718 1239/249/3719 1199/2025/3720
f 1215/2027/3721 1242/2029/3722 1216/2030/3723
f 1201/2031/3724 1241/250/3725 1200/2028/3726
f 1216/2030/3727 1244/2003/3728 1217/2032/3729
f 1201/2031/3730 1245/252/3731 1243/2004/3732
f 1217/2032/3733 1246/2005/3734 1218/2033/3735
f 1203/2034/3736 1245/252/3737 1202/2035/3738
f 1219/2036/3739 1246/2005/3740 1248/2006/3741
f 1203/2034/3742 1249/254/3743 1247/253/3744
f 1219/2036/3745 1250/2007/3746 1220/2037/3747
f 1204/2038/3748 1221/1991/3749 1249/254/3750
f 1220/2037/3751 1224/241/3752 1206/2009/3753
f 1207/255/3754 1251/256/3755 1206/2039/3756
f 1208/257/3757 1252/2040/3758 1207/255/3759
f 1209/258/3760 1253/2041/3761 1208/257/3762
f 1209/258/3763 1255/259/3764 1254/2042/3765
f 1210/2043/3766 1256/260/3767 1255/259/3768
f 1212/261/3769 1256/260/3770 1211/2044/3771
f 1213/262/3772 1257/2045/3773 1212/261/3774
f 1214/263/3775 1258/2046/3776 1213/262/3777
f 1215/264/3778 1259/2047/3779 1214/263/3780
f 1216/265/3781 1260/2048/3782 1215/264/3783
f 1217/266/3784 1261/2049/3785 1216/265/3786
f 1218/267/3787 1262/2050/3788 1217/266/3789
f 1219/268/3790 1263/2051/3791 1218/267/3792
f 1220/269/3793 1264/2052/3794 1219/268/3795
f 1206/2039/3796 1265/2053/3797 1220/269/3798
f 1251/256/3799 1267/2054/3800 1266/2055/3801
f 1252/2040/3802 1268/2056/3803 1267/2054/3804
f 1253/2041/3805 1269/2057/3806 1268/2056/3807
f 1254/2042/3808 1270/2058/3809 1269/2057/3810
f 1255/259/3811 1271/2059/3812 1270/2058/3813
f 1256/260/3814 1272/2060/3815 1271/2059/3816
f 1257/2045/3817 1273/2061/3818 1272/2060/3819
f 1259/2047/3820 1273/2061/3821 1258/2046/3822
f 1260/2048/3823 1274/2062/3824 1259/2047/3825
f 1261/2049/3826 1275/2063/3827 1260/2048/3828
f 1262/2050/3829 1276/2064/3830 1261/2049/3831
f 1263/2051/3832 1277/2065/3833 1262/2050/3834
f 1264/2052/3835 1278/2066/3836 1263/2051/3837
f 1265/2053/3838 1279/2067/3839 1264/2052/3840
f 1265/2053/3841 1266/2055/3842 1280/2068/3843
f 1282/270/3844 1296/271/3845 1281/272/3846
f 1283/273/3847 1297/274/3848 1282/270/3849
f 1283/273/3850 1299/275/3851 1298/276/3852
f 1284/277/3853 1300/278/3854 1299/275/3855
f 1285/279/3856 1301/280/3857 1300/278/3858
f 1286/281/3859 1302/282/3860 1301/280/3861
f 1287/283/3862 1303/284/3863 1302/282/3864
f 1288/285/3865 1304/286/3866 1303/284/3867
f 1290/287/3868 1304/286/3869 1289/288/3870
f 1291/289/3871 1305/290/3872 1290/287/3873
f 1291/289/3874 1307/291/3875 1306/292/3876
f 1292/293/3877 1308/294/3878 1307/291/3879
f 1293/295/3880 1309/296/3881 1308/294/3882
f 1295/297/3883 1309/296/3884 1294/298/3885
f 1281/299/3886 1310/300/3887 1295/297/3888
f 1297/274/3889 1311/301/3890 1296/271/3891
f 1297/274/3892 1313/302/3893 1312/303/3894
f 1298/276/3895 1314/304/3896 1313/302/3897
f 1299/275/3898 1315/305/3899 1314/304/3900
f 1300/278/3901 1316/306/3902 1315/305/3903
f 1301/280/3904 1317/307/3905 1316/306/3906
f 1303/284/3907 1317/307/3908 1302/282/3909
f 1304/286/3910 1318/308/3911 1303/284/3912
f 1305/290/3913 1319/309/3914 1304/286/3915
f 1306/292/3916 1320/310/3917 1305/290/3918
f 1306/292/3919 1322/311/3920 1321/312/3921
f 1308/294/3922 1322/311/3923 1307/291/3924
f 1309/296/3925 1323/313/3926 1308/294/3927
f 1310/300/3928 1324/314/3929 1309/296/3930
f 1310/300/3931 1311/315/3932 1325/316/3933
f 1312/303/3934 1326/317/3935 1311/301/3936
f 1313/302/3937 1327/318/3938 1312/303/3939
f 1314/304/3940 1328/319/3941 1313/302/3942
f 1315/305/3943 1329/320/3944 1314/304/3945
f 1315/305/3946 1331/321/3947 1330/322/3948
f 1316/306/3949 1332/323/3950 1331/321/3951
f 1318/308/3952 1332/323/3953 1317/307/3954
f 1318/308/3955 1334/324/3956 1333/325/3957
f 1319/309/3958 1335/326/3959 1334/324/3960
f 1320/310/3961 1336/327/3962 1335/326/3963
f 1322/311/3964 1336/327/3965 1321/312/3966
f 1323/313/3967 1337/328/3968 1322/311/3969
f 1324/314/3970 1338/329/3971 1323/313/3972
f 1325/316/3973 1339/330/3974 1324/314/3975
f 1311/315/3976 1340/331/3977 1325/316/3978
f 1326/317/3979 1342/332/3980 1341/333/3981
f 1328/319/3982 1342/332/3983 1327/318/3984
f 1328/319/3985 1344/334/3986 1343/335/3987
f 1329/320/3988 1345/336/3989 1344/334/3990
f 1331/321/3991 1345/336/3992 1330/322/3993
f 1331/321/3994 1347/337/3995 1346/338/3996
f 1333/325/3997 1347/337/3998 1332/323/3999
f 1333/325/4000 1349/339/4001 1348/340/4002
f 1334/324/4003 1350/341/4004 1349/339/4005
f 1335/326/4006 1351/342/4007 1350/341/4008
f 1337/328/4009 1351/342/4010 1336/327/4011
f 1338/329/4012 1352/343/4013 1337/328/4014
f 1338/329/4015 1354/344/4016 1353/345/4017
f 1340/331/4018 1354/344/4019 1339/330/4020
f 1340/331/4021 1341/346/4022 1355/347/4023
f 1342/332/4024 1356/348/4025 1341/333/4026
f 1343/335/4027 1357/349/4028 1342/332/4029
f 1343/335/4030 1359/350/4031 1358/351/4032
f 1344/334/4033 1360/352/4034 1359/350/4035
f 1345/336/4036 1361/353/4037 1360/352/4038
f 1347/337/4039 1361/353/4040 1346/338/4041
f 1348/340/4042 1362/354/4043 1347/337/4044
f 1348/340/4045 1364/355/4046 1363/356/4047
f 1350/341/4048 1364/355/4049 1349/339/4050
f 1351/342/4051 1365/357/4052 1350/341/4053
f 1352/343/4054 1366/358/4055 1351/342/4056
f 1353/345/4057 1367/359/4058 1352/343/4059
f 1353/345/4060 1369/360/4061 1368/361/4062
f 1354/344/4063 1370/362/4064 1369/360/4065
f 1355/347/4066 1356/363/4067 1370/362/4068
f 1356/348/4069 1372/364/4070 1371/365/4071
f 1357/349/4072 1373/366/4073 1372/364/4074
f 1359/350/4075 1373/366/4076 1358/351/4077
f 1359/350/4078 1375/367/4079 1374/368/4080
f 1361/353/4081 1375/367/4082 1360/352/4083
f 1361/353/4084 1377/369/4085 1376/370/4086
f 1363/356/4087 1377/369/4088 1362/354/4089
f 1364/355/4090 1378/371/4091 1363/356/4092
f 1364/355/4093 1380/372/4094 1379/373/4095
f 1365/357/4096 1381/374/4097 1380/372/4098
f 1367/359/4099 1381/374/4100 1366/358/4101
f 1368/361/4102 1382/375/4103 1367/359/4104
f 1369/360/4105 1383/376/4106 1368/361/4107
f 1369/360/4108 1385/377/4109 1384/378/4110
f 1356/363/4111 1385/377/4112 1370/362/4113
f 1371/365/4114 1372/364/4115 1386/379/4116
f 1372/364/4117 1373/366/4118 1386/380/4119
f 1373/366/4120 1374/368/4121 1386/381/4122
f 1374/368/4123 1375/367/4124 1386/382/4125
f 1375/367/4126 1376/370/4127 1386/383/4128
f 1376/370/4129 1377/369/4130 1386/384/4131
f 1377/369/4132 1378/371/4133 1386/385/4134
f 1378/371/4135 1379/373/4136 1386/386/4137
f 1379/373/4138 1380/372/4139 1386/387/4140
f 1380/372/4141 1381/374/4142 1386/388/4143
f 1381/374/4144 1382/375/4145 1386/389/4146
f 1382/375/4147 1383/376/4148 1386/390/4149
f 1383/376/4150 1384/378/4151 1386/391/4152
f 1384/378/4153 1385/377/4154 1386/392/4155
f 1385/377/4156 1371/393/4157 1386/394/4158
f 1267/2054/4159 1283/395/4160 1282/396/4161
f 1268/2056/4162 1284/397/4163 1283/395/4164
f 1270/2058/4165 1284/397/4166 1269/2057/4167
f 1271/2059/4168 1285/398/4169 1270/2058/4170
f 1272/2060/4171 1286/399/4172 1271/2059/4173
f 1273/2061/4174 1287/400/4175 1272/2060/4176
f 1274/2062/4177 1288/401/4178 1273/2061/4179
f 1275/2063/4180 1289/402/4181 1274/2062/4182
f 1276/2064/4183 1290/403/4184 1275/2063/4185
f 1276/2064/4186 1292/404/4187 1291/405/4188
f 1277/2065/4189 1293/406/4190 1292/404/4191
f 1278/2066/4192 1294/407/4193 1293/406/4194
f 1279/2067/4195 1295/408/4196 1294/407/4197
f 1280/2068/4198 1281/409/4199 1295/408/4200
f 1266/2055/4201 1282/396/4202 1281/410/4203
f 1392/411/4204 1394/412/4205 1391/2069/4206
f 1244/413/4207 1388/2070/4208 1243/2071/4209
f 1244/2072/4210 1390/2073/4211 1389/2074/4212
f 1241/414/4213 1390/2075/4214 1242/2076/4215
f 1243/415/4216 1395/416/4217 1241/2077/4218
f 1243/2078/4219 1397/2079/4220 1398/2080/4221
f 1387/417/4222 1397/418/4223 1388/2081/4224
f 1241/2082/4225 1396/2083/4226 1387/2084/4227
f 1395/2085/4228 1394/412/4229 1396/2083/4230
f 1397/418/4231 1394/2086/4232 1393/2087/4233
f 1398/2088/4234 1391/2089/4235 1395/416/4236
f 1397/2079/4237 1401/2090/4238 1400/2091/4239
f 1393/2087/4240 1403/2092/4241 1399/2093/4242
f 1393/2094/4243 1404/2095/4244 1402/2096/4245
f 1392/2097/4246 1400/2098/4247 1404/2099/4248
f 1403/2100/4249 1401/2101/4250 1399/2102/4251
f 1690/2103/4252 1692/419/4253 1693/2104/4254
f 1693/2104/4255 1694/420/4256 1695/2105/4257
f 1695/2105/4258 1696/421/4259 1697/2106/4260
f 1697/2106/4261 1698/422/4262 1699/2107/4263
f 1699/2107/4264 1700/423/4265 1701/2108/4266
f 1701/2108/4267 1702/424/4268 1703/2109/4269
f 1703/2109/4270 1704/425/4271 1705/2110/4272
f 1704/425/4273 1707/2111/4274 1705/2110/4275
f 1706/426/4276 1709/2112/4277 1707/2111/4278
f 1708/427/4279 1711/2113/4280 1709/2112/4281
f 1710/428/4282 1713/2114/4283 1711/2113/4284
f 1712/429/4285 1715/2115/4286 1713/2114/4287
f 1714/430/4288 1717/2116/4289 1715/2115/4290
f 1716/431/4291 1719/2117/4292 1717/2116/4293
f 1719/2117/4294 1691/432/4295 1690/2118/4296
f 1406/2119/4297 1435/2120/4298 1405/2121/4299
f 1407/2122/4300 1435/2120/4301 1406/2119/4302
f 1408/2123/4303 1435/2120/4304 1407/2122/4305
f 1409/2124/4306 1435/2120/4307 1408/2123/4308
f 1410/2125/4309 1435/2120/4310 1409/2124/4311
f 1411/2126/4312 1435/2120/4313 1410/2125/4314
f 1412/2127/4315 1435/2120/4316 1411/2126/4317
f 1413/2128/4318 1435/2120/4319 1412/2127/4320
f 1414/2129/4321 1435/2120/4322 1413/2128/4323
f 1415/2130/4324 1435/2120/4325 1414/2129/4326
f 1416/2131/4327 1435/2120/4328 1415/2130/4329
f 1417/2132/4330 1435/2120/4331 1416/2131/4332
f 1418/2133/4333 1435/2120/4334 1417/2132/4335
f 1419/2134/4336 1435/2120/4337 1418/2133/4338
f 1405/2121/4339 1435/2120/4340 1419/2134/4341
f 1451/2135/4342 1453/2136/4343 1452/2137/4344
f 1452/2137/4345 1456/2138/4346 1455/2139/4347
f 1455/2139/4348 1458/2140/4349 1457/2141/4350
f 1457/2141/4351 1460/2142/4352 1459/2143/4353
f 1460/2142/4354 1461/2144/4355 1459/2143/4356
f 1461/2144/4357 1464/2145/4358 1463/2146/4359
f 1463/2146/4360 1466/2147/4361 1465/2148/4362
f 1465/2148/4363 1468/2149/4364 1467/2150/4365
f 1467/2150/4366 1470/2151/4367 1469/2152/4368
f 1469/2152/4369 1472/2153/4370 1471/2154/4371
f 1617/2155/4372 1619/2156/4373 1618/2157/4374
f 1474/2158/4375 1475/2159/4376 1473/2160/4377
f 1476/2161/4378 1477/2162/4379 1475/2159/4380
f 1478/2163/4381 1479/2164/4382 1477/2162/4383
f 1480/2165/4384 1451/2135/4385 1479/2164/4386
f 1420/2166/4387 1452/2137/4388 1421/2167/4389
f 1453/2136/4390 1436/2168/4391 1437/2169/4392
f 1421/2167/4393 1455/2139/4394 1422/2170/4395
f 1438/2171/4396 1453/2136/4397 1437/2169/4398
f 1455/2139/4399 1423/2172/4400 1422/2170/4401
f 1439/2173/4402 1456/2138/4403 1438/2171/4404
f 1457/2141/4405 1424/2174/4406 1423/2172/4407
f 1440/2175/4408 1458/2140/4409 1439/2173/4410
f 1424/2174/4411 1461/2144/4412 1425/2176/4413
f 1441/2177/4414 1460/2142/4415 1440/2175/4416
f 1425/2176/4417 1463/2146/4418 1426/2178/4419
f 1464/2145/4420 1441/2177/4421 1442/2179/4422
f 1463/2146/4423 1427/2180/4424 1426/2178/4425
f 1466/2147/4426 1442/2179/4427 1443/2181/4428
f 1465/2148/4429 1428/2182/4430 1427/2180/4431
f 1444/2183/4432 1466/2147/4433 1443/2181/4434
f 1467/2150/4435 1429/2184/4436 1428/2182/4437
f 1445/2185/4438 1468/2149/4439 1444/2183/4440
f 1469/2152/4441 1430/2186/4442 1429/2184/4443
f 1446/2187/4444 1470/2151/4445 1445/2185/4446
f 1471/2154/4447 1431/2188/4448 1430/2186/4449
f 1447/2189/4450 1472/2153/4451 1446/2187/4452
f 1431/2188/4453 1475/2159/4454 1432/2190/4455
f 1448/2191/4456 1474/2158/4457 1447/2189/4458
f 1432/2190/4459 1477/2162/4460 1433/2192/4461
f 1478/2163/4462 1448/2191/4463 1449/2193/4464
f 1433/2192/4465 1479/2164/4466 1434/2194/4467
f 1480/2165/4468 1449/2193/4469 1450/2195/4470
f 1434/2194/4471 1451/2135/4472 1420/2166/4473
f 1454/2196/4474 1450/2195/4475 1436/2168/4476
f 1481/2197/4477 1437/2198/4478 1436/2199/4479
f 1482/2200/4480 1438/2201/4481 1437/2198/4482
f 1483/2202/4483 1439/2203/4484 1438/2201/4485
f 1484/2204/4486 1440/2205/4487 1439/2203/4488
f 1485/2206/4489 1441/2207/4490 1440/2205/4491
f 1486/2208/4492 1442/2209/4493 1441/2207/4494
f 1442/2209/4495 1488/2210/4496 1443/2211/4497
f 1488/2210/4498 1444/2212/4499 1443/2211/4500
f 1489/2213/4501 1445/2214/4502 1444/2212/4503
f 1490/2215/4504 1446/2216/4505 1445/2214/4506
f 1491/2217/4507 1447/2218/4508 1446/2216/4509
f 1492/2219/4510 1448/2220/4511 1447/2218/4512
f 1448/2220/4513 1494/2221/4514 1449/2222/4515
f 1449/2222/4516 1495/2223/4517 1450/2224/4518
f 1495/2223/4519 1436/2199/4520 1450/2224/4521
f 1481/2197/4522 1497/2225/4523 1482/2200/4524
f 1482/2200/4525 1498/2226/4526 1483/2202/4527
f 1483/2202/4528 1499/2227/4529 1484/2204/4530
f 1484/2204/4531 1500/2228/4532 1485/2206/4533
f 1485/2206/4534 1501/2229/4535 1486/2208/4536
f 1486/2208/4537 1502/2230/4538 1487/2231/4539
f 1487/2231/4540 1503/2232/4541 1488/2210/4542
f 1503/2232/4543 1489/2213/4544 1488/2210/4545
f 1504/2233/4546 1490/2215/4547 1489/2213/4548
f 1505/2234/4549 1491/2217/4550 1490/2215/4551
f 1506/2235/4552 1492/2219/4553 1491/2217/4554
f 1507/2236/4555 1493/2237/4556 1492/2219/4557
f 1508/2238/4558 1494/2221/4559 1493/2237/4560
f 1509/2239/4561 1495/2223/4562 1494/2221/4563
f 1495/2223/4564 1496/2240/4565 1481/2197/4566
f 1526/433/4567 1512/434/4568 1511/435/4569
f 1527/436/4570 1513/437/4571 1512/434/4572
f 1513/437/4573 1529/438/4574 1514/439/4575
f 1529/438/4576 1515/440/4577 1514/439/4578
f 1530/441/4579 1516/442/4580 1515/440/4581
f 1531/443/4582 1517/444/4583 1516/442/4584
f 1532/445/4585 1518/446/4586 1517/444/4587
f 1533/447/4588 1519/448/4589 1518/446/4590
f 1519/448/4591 1535/449/4592 1520/450/4593
f 1520/450/4594 1536/451/4595 1521/452/4596
f 1521/452/4597 1537/453/4598 1522/454/4599
f 1522/454/4600 1538/455/4601 1523/456/4602
f 1538/455/4603 1524/457/4604 1523/456/4605
f 1539/458/4606 1525/459/4607 1524/457/4608
f 1525/459/4609 1526/460/4610 1511/461/4611
f 1526/433/4612 1542/462/4613 1527/436/4614
f 1527/436/4615 1543/463/4616 1528/464/4617
f 1528/464/4618 1544/465/4619 1529/438/4620
f 1529/438/4621 1545/466/4622 1530/441/4623
f 1530/441/4624 1546/467/4625 1531/443/4626
f 1531/443/4627 1547/468/4628 1532/445/4629
f 1547/468/4630 1533/447/4631 1532/445/4632
f 1548/469/4633 1534/470/4634 1533/447/4635
f 1534/470/4636 1550/471/4637 1535/449/4638
f 1535/449/4639 1551/472/4640 1536/451/4641
f 1551/472/4642 1537/453/4643 1536/451/4644
f 1552/473/4645 1538/455/4646 1537/453/4647
f 1538/455/4648 1554/474/4649 1539/458/4650
f 1554/474/4651 1540/475/4652 1539/458/4653
f 1540/475/4654 1541/476/4655 1526/460/4656
f 1556/477/4657 1542/462/4658 1541/478/4659
f 1557/479/4660 1543/463/4661 1542/462/4662
f 1558/480/4663 1544/465/4664 1543/463/4665
f 1559/481/4666 1545/466/4667 1544/465/4668
f 1545/466/4669 1561/482/4670 1546/467/4671
f 1546/467/4672 1562/483/4673 1547/468/4674
f 1562/483/4675 1548/469/4676 1547/468/4677
f 1563/484/4678 1549/485/4679 1548/469/4680
f 1549/485/4681 1565/486/4682 1550/471/4683
f 1565/486/4684 1551/472/4685 1550/471/4686
f 1551/472/4687 1567/487/4688 1552/473/4689
f 1567/487/4690 1553/488/4691 1552/473/4692
f 1568/489/4693 1554/474/4694 1553/488/4695
f 1554/474/4696 1570/490/4697 1555/491/4698
f 1570/490/4699 1541/476/4700 1555/491/4701
f 1571/492/4702 1557/479/4703 1556/477/4704
f 1572/493/4705 1558/480/4706 1557/479/4707
f 1573/494/4708 1559/481/4709 1558/480/4710
f 1574/495/4711 1560/496/4712 1559/481/4713
f 1560/496/4714 1576/497/4715 1561/482/4716
f 1576/497/4717 1562/483/4718 1561/482/4719
f 1562/483/4720 1578/498/4721 1563/484/4722
f 1563/484/4723 1579/499/4724 1564/500/4725
f 1564/500/4726 1580/501/4727 1565/486/4728
f 1565/486/4729 1581/502/4730 1566/503/4731
f 1581/502/4732 1567/487/4733 1566/503/4734
f 1582/504/4735 1568/489/4736 1567/487/4737
f 1568/489/4738 1584/505/4739 1569/506/4740
f 1584/505/4741 1570/490/4742 1569/506/4743
f 1585/507/4744 1556/508/4745 1570/490/4746
f 1586/509/4747 1572/493/4748 1571/492/4749
f 1572/493/4750 1588/510/4751 1573/494/4752
f 1573/494/4753 1589/511/4754 1574/495/4755
f 1589/511/4756 1575/512/4757 1574/495/4758
f 1575/512/4759 1591/513/4760 1576/497/4761
f 1591/513/4762 1577/514/4763 1576/497/4764
f 1577/514/4765 1593/515/4766 1578/498/4767
f 1593/515/4768 1579/499/4769 1578/498/4770
f 1594/516/4771 1580/501/4772 1579/499/4773
f 1595/517/4774 1581/502/4775 1580/501/4776
f 1596/518/4777 1582/504/4778 1581/502/4779
f 1582/504/4780 1598/519/4781 1583/520/4782
f 1583/520/4783 1599/521/4784 1584/505/4785
f 1584/505/4786 1600/522/4787 1585/507/4788
f 1585/507/4789 1586/523/4790 1571/524/4791
f 1586/509/4792 1602/525/4793 1587/526/4794
f 1587/526/4795 1603/527/4796 1588/510/4797
f 1603/527/4798 1589/511/4799 1588/510/4800
f 1589/511/4801 1605/528/4802 1590/529/4803
f 1590/529/4804 1606/530/4805 1591/513/4806
f 1591/513/4807 1607/531/4808 1592/532/4809
f 1607/531/4810 1593/515/4811 1592/532/4812
f 1608/533/4813 1594/516/4814 1593/515/4815
f 1609/534/4816 1595/517/4817 1594/516/4818
f 1610/535/4819 1596/518/4820 1595/517/4821
f 1611/536/4822 1597/537/4823 1596/518/4824
f 1612/538/4825 1598/519/4826 1597/537/4827
f 1613/539/4828 1599/521/4829 1598/519/4830
f 1614/540/4831 1600/522/4832 1599/521/4833
f 1600/522/4834 1601/541/4835 1586/523/4836
f 1601/542/4837 1616/543/4838 1602/525/4839
f 1602/525/4840 1616/544/4841 1603/527/4842
f 1603/527/4843 1616/545/4844 1604/546/4845
f 1604/546/4846 1616/547/4847 1605/528/4848
f 1605/528/4849 1616/548/4850 1606/530/4851
f 1606/530/4852 1616/549/4853 1607/531/4854
f 1607/531/4855 1616/550/4856 1608/533/4857
f 1608/533/4858 1616/551/4859 1609/534/4860
f 1609/534/4861 1616/552/4862 1610/535/4863
f 1610/535/4864 1616/553/4865 1611/536/4866
f 1611/536/4867 1616/554/4868 1612/538/4869
f 1612/538/4870 1616/555/4871 1613/539/4872
f 1613/539/4873 1616/556/4874 1614/540/4875
f 1614/540/4876 1616/557/4877 1615/558/4878
f 1615/558/4879 1616/559/4880 1601/541/4881
f 1497/2225/4882 1513/2241/4883 1498/2226/4884
f 1498/2226/4885 1514/2242/4886 1499/2227/4887
f 1514/2242/4888 1500/2228/4889 1499/2227/4890
f 1515/2243/4891 1501/2229/4892 1500/2228/4893
f 1516/2244/4894 1502/2230/4895 1501/2229/4896
f 1517/2245/4897 1503/2232/4898 1502/2230/4899
f 1518/2246/4900 1504/2233/4901 1503/2232/4902
f 1519/2247/4903 1505/2234/4904 1504/2233/4905
f 1520/2248/4906 1506/2235/4907 1505/2234/4908
f 1506/2235/4909 1522/2249/4910 1507/2236/4911
f 1507/2236/4912 1523/2250/4913 1508/2238/4914
f 1508/2238/4915 1524/2251/4916 1509/2239/4917
f 1509/2239/4918 1525/2252/4919 1510/2253/4920
f 1510/2253/4921 1511/2254/4922 1496/2240/4923
f 1496/2240/4924 1512/2255/4925 1497/2225/4926
f 1624/2256/4927 1622/2257/4928 1621/2258/4929
f 1473/560/4930 1619/2259/4931 1474/2260/4932
f 1474/2261/4933 1620/2262/4934 1472/2263/4935
f 1620/561/4936 1471/2264/4937 1472/2265/4938
f 1625/2266/4939 1473/2267/4940 1471/2268/4941
f 1473/2269/4942 1627/2270/4943 1618/2271/4944
f 1618/2272/4945 1626/2273/4946 1617/2274/4947
f 1626/2275/4948 1471/2276/4949 1617/2277/4950
f 1624/2256/4951 1625/2278/4952 1626/2275/4953
f 1627/2279/4954 1624/2280/4955 1626/2273/4956
f 1621/2281/4957 1628/2282/4958 1625/2266/4959
f 1400/2091/4960 1629/2283/4961 1627/2270/4962
f 1629/2284/4963 1402/2285/4964 1623/2286/4965
f 1623/2287/4966 1404/2095/4967 1622/2257/4968
f 1622/2288/4969 1400/2098/4970 1628/2282/4971
f 1403/2100/4972 1629/2289/4973 1401/2101/4974
f 1630/562/4975 1422/563/4976 1631/564/4977
f 1631/564/4978 1423/565/4979 1632/566/4980
f 1632/566/4981 1424/567/4982 1633/568/4983
f 1633/568/4984 1425/569/4985 1634/570/4986
f 1634/570/4987 1426/571/4988 1635/572/4989
f 1635/572/4990 1427/573/4991 1636/574/4992
f 1637/575/4993 1427/573/4994 1428/576/4995
f 1638/577/4996 1428/576/4997 1429/578/4998
f 1639/579/4999 1429/578/5000 1430/580/5001
f 1640/581/5002 1430/580/5003 1431/582/5004
f 1641/583/5005 1431/582/5006 1432/584/5007
f 1642/585/5008 1432/584/5009 1433/586/5010
f 1643/587/5011 1433/586/5012 1434/588/5013
f 1643/587/5014 1420/589/5015 1644/590/5016
f 1644/591/5017 1421/592/5018 1630/562/5019
f 1645/593/5020 1204/2290/5021 1646/594/5022
f 1646/594/5023 1203/2291/5024 1647/595/5025
f 1647/595/5026 1202/2292/5027 1648/596/5028
f 1648/596/5029 1201/2293/5030 1649/597/5031
f 1649/597/5032 1200/2294/5033 1650/598/5034
f 1650/598/5035 1199/2295/5036 1651/599/5037
f 1651/599/5038 1198/2296/5039 1652/600/5040
f 1652/600/5041 1197/2297/5042 1653/601/5043
f 1653/601/5044 1196/2298/5045 1654/602/5046
f 1654/602/5047 1195/2299/5048 1655/603/5049
f 1655/603/5050 1194/2300/5051 1656/604/5052
f 1656/604/5053 1193/2301/5054 1657/605/5055
f 1657/605/5056 1192/2302/5057 1658/606/5058
f 1658/606/5059 1191/2303/5060 1659/607/5061
f 1659/607/5062 1190/608/5063 1645/609/5064
f 1176/610/5065 1660/611/5066 1175/2304/5067
f 1659/2305/5068 1663/194/5069 1662/197/5070
f 1177/612/5071 1661/2306/5072 1176/610/5073
f 1658/2307/5074 1662/197/5075 1665/199/5076
f 1177/612/5077 1666/613/5078 1664/2308/5079
f 1658/2307/5080 1667/201/5081 1657/2309/5082
f 1178/2310/5083 1668/614/5084 1666/613/5085
f 1657/2309/5086 1669/203/5087 1656/2311/5088
f 1180/615/5089 1668/614/5090 1179/2312/5091
f 1655/2313/5092 1669/203/5093 1671/205/5094
f 1180/615/5095 1672/616/5096 1670/2314/5097
f 1655/2313/5098 1673/207/5099 1654/2315/5100
f 1181/2316/5101 1674/617/5102 1672/616/5103
f 1654/2315/5104 1675/209/5105 1653/2317/5106
f 1183/618/5107 1674/617/5108 1182/2318/5109
f 1652/2319/5110 1675/209/5111 1677/211/5112
f 1184/619/5113 1676/2320/5114 1183/618/5115
f 1651/2321/5116 1677/211/5117 1679/213/5118
f 1185/620/5119 1678/2322/5120 1184/619/5121
f 1650/2323/5122 1679/213/5123 1681/215/5124
f 1186/621/5125 1680/2324/5126 1185/620/5127
f 1649/2325/5128 1681/215/5129 1683/217/5130
f 1186/621/5131 1684/622/5132 1682/2326/5133
f 1649/2325/5134 1685/219/5135 1648/2327/5136
f 1188/623/5137 1684/622/5138 1187/2328/5139
f 1647/2329/5140 1685/219/5141 1687/221/5142
f 1188/623/5143 1688/624/5144 1686/2330/5145
f 1647/2329/5146 1689/223/5147 1646/2331/5148
f 1189/2332/5149 1660/625/5150 1688/624/5151
f 1646/2331/5152 1663/626/5153 1645/2333/5154
f 1630/2334/5155 1691/627/5156 1644/2335/5157
f 1406/2336/5158 1690/2337/5159 1693/2338/5160
f 1631/2339/5161 1692/419/5162 1630/2334/5163
f 1407/2340/5164 1693/2338/5165 1695/2341/5166
f 1631/2339/5167 1696/421/5168 1694/420/5169
f 1408/2342/5170 1695/2341/5171 1697/2343/5172
f 1632/2344/5173 1698/422/5174 1696/421/5175
f 1408/2342/5176 1699/2345/5177 1409/2346/5178
f 1633/2347/5179 1700/423/5180 1698/422/5181
f 1409/2346/5182 1701/2348/5183 1410/2349/5184
f 1634/2350/5185 1702/424/5186 1700/423/5187
f 1410/2349/5188 1703/2351/5189 1411/2352/5190
f 1635/2353/5191 1704/425/5192 1702/424/5193
f 1411/2352/5194 1705/2354/5195 1412/2355/5196
f 1636/2356/5197 1706/426/5198 1704/425/5199
f 1412/2355/5200 1707/2357/5201 1413/2358/5202
f 1638/2359/5203 1706/426/5204 1637/2360/5205
f 1414/2361/5206 1707/2357/5207 1709/2362/5208
f 1639/2363/5209 1708/427/5210 1638/2359/5211
f 1415/2364/5212 1709/2362/5213 1711/2365/5214
f 1639/2363/5215 1712/429/5216 1710/428/5217
f 1415/2364/5218 1713/2366/5219 1416/2367/5220
f 1640/2368/5221 1714/430/5222 1712/429/5223
f 1416/2367/5224 1715/2369/5225 1417/2370/5226
f 1641/2371/5227 1716/431/5228 1714/430/5229
f 1417/2370/5230 1717/2372/5231 1418/2373/5232
f 1642/2374/5233 1718/628/5234 1716/431/5235
f 1418/2373/5236 1719/2375/5237 1419/2376/5238
f 1644/2377/5239 1718/628/5240 1643/2378/5241
f 1405/2379/5242 1719/2375/5243 1690/2380/5244
f 2208/2381/5245 2206/2382/5246 2205/2383/5247
f 2207/2384/5248 2209/2385/5249 2206/2382/5250
f 2210/2386/5251 2211/2387/5252 2209/2385/5253
f 2212/2388/5254 2213/2389/5255 2211/2387/5256
f 2214/2390/5257 2215/2391/5258 2213/2389/5259
f 2216/2392/5260 2217/2393/5261 2215/2391/5262
f 2218/2394/5263 2219/2395/5264 2217/2393/5265
f 2220/2396/5266 2221/2397/5267 2219/2395/5268
f 2222/2398/5269 2223/2399/5270 2221/2397/5271
f 2224/2400/5272 2225/2401/5273 2223/2399/5274
f 2226/2402/5275 2227/2403/5276 2225/2401/5277
f 2228/2404/5278 2229/2405/5279 2227/2403/5280
f 2230/2406/5281 2231/2407/5282 2229/2405/5283
f 2232/2408/5284 2233/2409/5285 2231/2407/5286
f 2234/2410/5287 2205/2411/5288 2233/2409/5289
f 1721/2412/5290 1750/2413/5291 1720/2414/5292
f 1722/2415/5293 1750/2413/5294 1721/2412/5295
f 1723/2416/5296 1750/2413/5297 1722/2415/5298
f 1724/2417/5299 1750/2413/5300 1723/2416/5301
f 1725/2418/5302 1750/2413/5303 1724/2417/5304
f 1726/2419/5305 1750/2413/5306 1725/2418/5307
f 1727/2420/5308 1750/2413/5309 1726/2419/5310
f 1728/2421/5311 1750/2413/5312 1727/2420/5313
f 1729/2422/5314 1750/2413/5315 1728/2421/5316
f 1730/2423/5317 1750/2413/5318 1729/2422/5319
f 1731/2424/5320 1750/2413/5321 1730/2423/5322
f 1732/2425/5323 1750/2413/5324 1731/2424/5325
f 1733/2426/5326 1750/2413/5327 1732/2425/5328
f 1734/2427/5329 1750/2413/5330 1733/2426/5331
f 1720/2414/5332 1750/2413/5333 1734/2427/5334
f 1769/2428/5335 1767/2429/5336 1766/2430/5337
f 1768/2431/5338 1770/2432/5339 1767/2429/5340
f 1771/2433/5341 1772/2434/5342 1770/2432/5343
f 1773/2435/5344 1774/2436/5345 1772/2434/5346
f 1775/2437/5347 1776/2438/5348 1774/2436/5349
f 1777/2439/5350 1778/2440/5351 1776/2438/5352
f 1779/2441/5353 1780/2442/5354 1778/2440/5355
f 1781/2443/5356 1782/2444/5357 1780/2442/5358
f 1783/2445/5359 1784/2446/5360 1782/2444/5361
f 1785/2447/5362 1786/2448/5363 1784/2446/5364
f 1935/2449/5365 1933/2450/5366 1932/2451/5367
f 1789/2452/5368 1790/2453/5369 1788/2454/5370
f 1791/2455/5371 1792/2456/5372 1790/2453/5373
f 1793/2457/5374 1794/2458/5375 1792/2456/5376
f 1795/2459/5377 1766/2430/5378 1794/2458/5379
f 1735/2460/5380 1767/2429/5381 1736/2461/5382
f 1768/2431/5383 1751/2462/5384 1752/2463/5385
f 1736/2461/5386 1770/2432/5387 1737/2464/5388
f 1771/2433/5389 1752/2463/5390 1753/2465/5391
f 1737/2464/5392 1772/2434/5393 1738/2466/5394
f 1773/2435/5395 1753/2465/5396 1754/2467/5397
f 1738/2466/5398 1774/2436/5399 1739/2468/5400
f 1775/2437/5401 1754/2467/5402 1755/2469/5403
f 1739/2468/5404 1776/2438/5405 1740/2470/5406
f 1777/2439/5407 1755/2469/5408 1756/2471/5409
f 1740/2470/5410 1778/2440/5411 1741/2472/5412
f 1779/2441/5413 1756/2471/5414 1757/2473/5415
f 1741/2472/5416 1780/2442/5417 1742/2474/5418
f 1781/2443/5419 1757/2473/5420 1758/2475/5421
f 1742/2474/5422 1782/2444/5423 1743/2476/5424
f 1783/2445/5425 1758/2475/5426 1759/2477/5427
f 1782/2444/5428 1744/2478/5429 1743/2476/5430
f 1760/2479/5431 1783/2445/5432 1759/2477/5433
f 1784/2446/5434 1745/2480/5435 1744/2478/5436
f 1787/2481/5437 1760/2479/5438 1761/2482/5439
f 1786/2448/5440 1746/2483/5441 1745/2480/5442
f 1789/2452/5443 1761/2482/5444 1762/2484/5445
f 1746/2483/5446 1790/2453/5447 1747/2485/5448
f 1791/2455/5449 1762/2484/5450 1763/2486/5451
f 1790/2453/5452 1748/2487/5453 1747/2485/5454
f 1764/2488/5455 1791/2455/5456 1763/2486/5457
f 1748/2487/5458 1794/2458/5459 1749/2489/5460
f 1795/2459/5461 1764/2488/5462 1765/2490/5463
f 1749/2489/5464 1766/2430/5465 1735/2460/5466
f 1769/2428/5467 1765/2490/5468 1751/2462/5469
f 1796/2491/5470 1752/2492/5471 1751/2493/5472
f 1797/2494/5473 1753/2495/5474 1752/2492/5475
f 1798/2496/5476 1754/2497/5477 1753/2495/5478
f 1754/2497/5479 1800/2498/5480 1755/2499/5481
f 1755/2499/5482 1801/2500/5483 1756/2501/5484
f 1801/2500/5485 1757/2502/5486 1756/2501/5487
f 1802/2503/5488 1758/2504/5489 1757/2502/5490
f 1803/2505/5491 1759/2506/5492 1758/2504/5493
f 1804/2507/5494 1760/2508/5495 1759/2506/5496
f 1805/2509/5497 1761/2510/5498 1760/2508/5499
f 1806/2511/5500 1762/2512/5501 1761/2510/5502
f 1807/2513/5503 1763/2514/5504 1762/2512/5505
f 1808/2515/5506 1764/2516/5507 1763/2514/5508
f 1809/2517/5509 1765/2518/5510 1764/2516/5511
f 1810/2519/5512 1751/2493/5513 1765/2518/5514
f 1796/2491/5515 1812/2520/5516 1797/2494/5517
f 1797/2494/5518 1813/2521/5519 1798/2496/5520
f 1798/2496/5521 1814/2522/5522 1799/2523/5523
f 1799/2523/5524 1815/2524/5525 1800/2498/5526
f 1800/2498/5527 1816/2525/5528 1801/2500/5529
f 1801/2500/5530 1817/2526/5531 1802/2503/5532
f 1802/2503/5533 1818/2527/5534 1803/2505/5535
f 1818/2527/5536 1804/2507/5537 1803/2505/5538
f 1819/2528/5539 1805/2509/5540 1804/2507/5541
f 1820/2529/5542 1806/2511/5543 1805/2509/5544
f 1821/2530/5545 1807/2513/5546 1806/2511/5547
f 1822/2531/5548 1808/2515/5549 1807/2513/5550
f 1823/2532/5551 1809/2517/5552 1808/2515/5553
f 1824/2533/5554 1810/2519/5555 1809/2517/5556
f 1810/2519/5557 1811/2534/5558 1796/2491/5559
f 1841/2535/5560 1827/2536/5561 1826/2537/5562
f 1842/2538/5563 1828/2539/5564 1827/2536/5565
f 1828/2539/5566 1844/2540/5567 1829/2541/5568
f 1829/2541/5569 1845/2542/5570 1830/2543/5571
f 1830/2543/5572 1846/2544/5573 1831/2545/5574
f 1831/2545/5575 1847/2546/5576 1832/2547/5577
f 1832/2547/5578 1848/2548/5579 1833/2549/5580
f 1833/2549/5581 1849/2550/5582 1834/2551/5583
f 1849/2550/5584 1835/2552/5585 1834/2551/5586
f 1850/2553/5587 1836/2554/5588 1835/2552/5589
f 1836/2554/5590 1852/2555/5591 1837/2556/5592
f 1837/2556/5593 1853/2557/5594 1838/2558/5595
f 1838/2558/5596 1854/2559/5597 1839/2560/5598
f 1854/2559/5599 1840/2561/5600 1839/2560/5601
f 1855/2562/5602 1826/2563/5603 1840/2561/5604
f 1856/2564/5605 1842/2538/5606 1841/2535/5607
f 1842/2538/5608 1858/2565/5609 1843/2566/5610
f 1843/2566/5611 1859/2567/5612 1844/2540/5613
f 1844/2540/5614 1860/2568/5615 1845/2542/5616
f 1845/2542/5617 1861/2569/5618 1846/2544/5619
f 1846/2544/5620 1862/2570/5621 1847/2546/5622
f 1862/2570/5623 1848/2548/5624 1847/2546/5625
f 1863/2571/5626 1849/2550/5627 1848/2548/5628
f 1864/2572/5629 1850/2553/5630 1849/2550/5631
f 1865/2573/5632 1851/2574/5633 1850/2553/5634
f 1851/2574/5635 1867/2575/5636 1852/2555/5637
f 1867/2575/5638 1853/2557/5639 1852/2555/5640
f 1868/2576/5641 1854/2559/5642 1853/2557/5643
f 1869/2577/5644 1855/2562/5645 1854/2559/5646
f 1855/2562/5647 1856/2578/5648 1841/629/5649
f 1871/2579/5650 1857/2580/5651 1856/2564/5652
f 1872/2581/5653 1858/2565/5654 1857/2580/5655
f 1873/2582/5656 1859/2567/5657 1858/2565/5658
f 1874/2583/5659 1860/2568/5660 1859/2567/5661
f 1860/2568/5662 1876/2584/5663 1861/2569/5664
f 1861/2569/5665 1877/2585/5666 1862/2570/5667
f 1877/2585/5668 1863/2571/5669 1862/2570/5670
f 1863/2571/5671 1879/2586/5672 1864/2572/5673
f 1864/2572/5674 1880/2587/5675 1865/2573/5676
f 1865/2573/5677 1881/2588/5678 1866/2589/5679
f 1881/2588/5680 1867/2575/5681 1866/2589/5682
f 1882/2590/5683 1868/2576/5684 1867/2575/5685
f 1883/2591/5686 1869/2577/5687 1868/2576/5688
f 1884/2592/5689 1870/2593/5690 1869/2577/5691
f 1885/2594/5692 1856/2578/5693 1870/2593/5694
f 1871/2579/5695 1887/2595/5696 1872/2581/5697
f 1887/2595/5698 1873/2582/5699 1872/2581/5700
f 1873/2582/5701 1889/2596/5702 1874/2583/5703
f 1874/2583/5704 1890/2597/5705 1875/2598/5706
f 1890/2597/5707 1876/2584/5708 1875/2598/5709
f 1876/2584/5710 1892/2599/5711 1877/2585/5712
f 1892/2599/5713 1878/2600/5714 1877/2585/5715
f 1878/2600/5716 1894/2601/5717 1879/2586/5718
f 1879/2586/5719 1895/2602/5720 1880/2587/5721
f 1880/2587/5722 1896/2603/5723 1881/2588/5724
f 1896/2603/5725 1882/2590/5726 1881/2588/5727
f 1897/2604/5728 1883/2591/5729 1882/2590/5730
f 1883/2591/5731 1899/2605/5732 1884/2592/5733
f 1899/2605/5734 1885/2594/5735 1884/2592/5736
f 1885/2594/5737 1886/2606/5738 1871/630/5739
f 1901/2607/5740 1887/2595/5741 1886/2608/5742
f 1902/2609/5743 1888/2610/5744 1887/2595/5745
f 1888/2610/5746 1904/2611/5747 1889/2596/5748
f 1889/2596/5749 1905/2612/5750 1890/2597/5751
f 1890/2597/5752 1906/2613/5753 1891/2614/5754
f 1906/2613/5755 1892/2599/5756 1891/2614/5757
f 1907/2615/5758 1893/2616/5759 1892/2599/5760
f 1893/2616/5761 1909/2617/5762 1894/2601/5763
f 1909/2617/5764 1895/2602/5765 1894/2601/5766
f 1910/2618/5767 1896/2603/5768 1895/2602/5769
f 1911/2619/5770 1897/2604/5771 1896/2603/5772
f 1912/2620/5773 1898/2621/5774 1897/2604/5775
f 1898/2621/5776 1914/2622/5777 1899/2605/5778
f 1899/2605/5779 1915/2623/5780 1900/2624/5781
f 1900/2624/5782 1901/2625/5783 1886/2606/5784
f 1901/2607/5785 1917/2626/5786 1902/2609/5787
f 1902/2609/5788 1918/2627/5789 1903/2628/5790
f 1918/2627/5791 1904/2611/5792 1903/2628/5793
f 1904/2611/5794 1920/2629/5795 1905/2612/5796
f 1920/2629/5797 1906/2613/5798 1905/2612/5799
f 1906/2613/5800 1922/2630/5801 1907/2615/5802
f 1922/2630/5803 1908/2631/5804 1907/2615/5805
f 1923/2632/5806 1909/2617/5807 1908/2631/5808
f 1909/2617/5809 1925/2633/5810 1910/2618/5811
f 1910/2618/5812 1926/2634/5813 1911/2619/5814
f 1926/2634/5815 1912/2620/5816 1911/2619/5817
f 1927/2635/5818 1913/2636/5819 1912/2620/5820
f 1928/2637/5821 1914/2622/5822 1913/2636/5823
f 1914/2622/5824 1930/2638/5825 1915/2623/5826
f 1930/2638/5827 1901/2625/5828 1915/2623/5829
f 1916/2639/5830 1931/2640/5831 1917/2626/5832
f 1917/2626/5833 1931/2641/5834 1918/2627/5835
f 1918/2627/5836 1931/2642/5837 1919/2643/5838
f 1919/2643/5839 1931/2644/5840 1920/2629/5841
f 1920/2629/5842 1931/2645/5843 1921/2646/5844
f 1921/2646/5845 1931/2647/5846 1922/2630/5847
f 1922/2630/5848 1931/2648/5849 1923/2632/5850
f 1923/2632/5851 1931/2649/5852 1924/2650/5853
f 1924/2650/5854 1931/2651/5855 1925/2633/5856
f 1925/2633/5857 1931/2652/5858 1926/2634/5859
f 1926/2634/5860 1931/2653/5861 1927/2635/5862
f 1927/2635/5863 1931/2654/5864 1928/2637/5865
f 1928/2637/5866 1931/2655/5867 1929/2656/5868
f 1929/2656/5869 1931/2657/5870 1930/2638/5871
f 1930/2638/5872 1931/2658/5873 1916/2659/5874
f 1812/2520/5875 1828/2660/5876 1813/2521/5877
f 1813/2521/5878 1829/2661/5879 1814/2522/5880
f 1829/2661/5881 1815/2524/5882 1814/2522/5883
f 1830/2662/5884 1816/2525/5885 1815/2524/5886
f 1831/2663/5887 1817/2526/5888 1816/2525/5889
f 1832/2664/5890 1818/2527/5891 1817/2526/5892
f 1833/2665/5893 1819/2528/5894 1818/2527/5895
f 1834/2666/5896 1820/2529/5897 1819/2528/5898
f 1835/2667/5899 1821/2530/5900 1820/2529/5901
f 1821/2530/5902 1837/2668/5903 1822/2531/5904
f 1822/2531/5905 1838/2669/5906 1823/2532/5907
f 1823/2532/5908 1839/2670/5909 1824/2533/5910
f 1824/2533/5911 1840/2671/5912 1825/2672/5913
f 1825/2672/5914 1826/2673/5915 1811/2534/5916
f 1811/2534/5917 1827/2674/5918 1812/2520/5919
f 1939/2675/5920 1937/2676/5921 1936/2677/5922
f 1933/2678/5923 1789/2679/5924 1788/2680/5925
f 1789/2681/5926 1935/2682/5927 1787/2683/5928
f 1935/2684/5929 1786/2685/5930 1787/2686/5931
f 1940/2687/5932 1788/2688/5933 1786/2689/5934
f 1788/2690/5935 1942/2691/5936 1933/2692/5937
f 1942/2693/5938 1932/2694/5939 1933/2695/5940
f 1941/2696/5941 1786/2697/5942 1932/2698/5943
f 1939/2675/5944 1940/2699/5945 1941/2696/5946
f 1942/2693/5947 1939/2700/5948 1941/2701/5949
f 1936/2702/5950 1943/2703/5951 1940/2687/5952
f 1945/2704/5953 1944/2705/5954 1942/2691/5955
f 1944/2706/5956 1947/2707/5957 1938/2708/5958
f 1938/2709/5959 1949/2710/5960 1937/2676/5961
f 1937/2711/5962 1945/2712/5963 1943/2703/5964
f 1948/2713/5965 1944/2714/5966 1946/2715/5967
f 2235/2716/5968 2237/2717/5969 2236/2718/5970
f 2238/2719/5971 2239/2720/5972 2237/2717/5973
f 2240/2721/5974 2241/2722/5975 2239/2720/5976
f 2242/2723/5977 2243/2724/5978 2241/2722/5979
f 2244/2725/5980 2245/2726/5981 2243/2724/5982
f 2246/2727/5983 2247/2728/5984 2245/2726/5985
f 2248/2729/5986 2249/2730/5987 2247/2728/5988
f 2252/2731/5989 2249/2730/5990 2250/2732/5991
f 2254/2733/5992 2251/2734/5993 2252/2731/5994
f 2256/2735/5995 2253/2736/5996 2254/2733/5997
f 2258/2737/5998 2255/2738/5999 2256/2735/6000
f 2260/2739/6001 2257/2740/6002 2258/2737/6003
f 2262/2741/6004 2259/2742/6005 2260/2739/6006
f 2264/2743/6007 2261/2744/6008 2262/2741/6009
f 2264/2743/6010 2236/2745/6011 2263/2746/6012
f 1951/2747/6013 1950/2748/6014 1980/2749/6015
f 1952/2750/6016 1951/2747/6017 1980/2749/6018
f 1953/2751/6019 1952/2750/6020 1980/2749/6021
f 1954/2752/6022 1953/2751/6023 1980/2749/6024
f 1955/2753/6025 1954/2752/6026 1980/2749/6027
f 1956/2754/6028 1955/2753/6029 1980/2749/6030
f 1957/2755/6031 1956/2754/6032 1980/2749/6033
f 1958/2756/6034 1957/2755/6035 1980/2749/6036
f 1959/2757/6037 1958/2756/6038 1980/2749/6039
f 1960/2758/6040 1959/2757/6041 1980/2749/6042
f 1961/2759/6043 1960/2758/6044 1980/2749/6045
f 1962/2760/6046 1961/2759/6047 1980/2749/6048
f 1963/2761/6049 1962/2760/6050 1980/2749/6051
f 1964/2762/6052 1963/2761/6053 1980/2749/6054
f 1950/2748/6055 1964/2762/6056 1980/2749/6057
f 1996/2763/6058 1998/2764/6059 1999/2765/6060
f 1997/2766/6061 2001/2767/6062 1998/2764/6063
f 2000/2768/6064 2003/2769/6065 2001/2767/6066
f 2002/2770/6067 2005/2771/6068 2003/2769/6069
f 2006/2772/6070 2005/2771/6071 2004/2773/6072
f 2006/2772/6073 2009/2774/6074 2007/2775/6075
f 2008/2776/6076 2011/2777/6077 2009/2774/6078
f 2010/2778/6079 2013/2779/6080 2011/2777/6081
f 2012/2780/6082 2015/2781/6083 2013/2779/6084
f 2014/2782/6085 2017/2783/6086 2015/2781/6087
f 2162/2784/6088 2164/2785/6089 2165/2786/6090
f 2020/2787/6091 2019/2788/6092 2018/2789/6093
f 2022/2790/6094 2021/2791/6095 2020/2787/6096
f 2024/2792/6097 2023/2793/6098 2022/2790/6099
f 1996/2763/6100 2025/2794/6101 2024/2792/6102
f 1965/2795/6103 1997/2766/6104 1996/2763/6105
f 1981/2796/6106 1998/2764/6107 1982/2797/6108
f 1966/2798/6109 2000/2768/6110 1997/2766/6111
f 1983/2799/6112 1998/2764/6113 2001/2767/6114
f 1968/2800/6115 2000/2768/6116 1967/2801/6117
f 1984/2802/6118 2001/2767/6119 2003/2769/6120
f 1969/2803/6121 2002/2770/6122 1968/2800/6123
f 1985/2804/6124 2003/2769/6125 2005/2771/6126
f 1969/2803/6127 2006/2772/6128 2004/2773/6129
f 1986/2805/6130 2005/2771/6131 2007/2775/6132
f 1970/2806/6133 2008/2776/6134 2006/2772/6135
f 1986/2805/6136 2009/2774/6137 1987/2807/6138
f 1972/2808/6139 2008/2776/6140 1971/2809/6141
f 1987/2807/6142 2011/2777/6143 1988/2810/6144
f 1973/2811/6145 2010/2778/6146 1972/2808/6147
f 1989/2812/6148 2011/2777/6149 2013/2779/6150
f 1974/2813/6151 2012/2780/6152 1973/2811/6153
f 1990/2814/6154 2013/2779/6155 2015/2781/6156
f 1975/2815/6157 2014/2782/6158 1974/2813/6159
f 1991/2816/6160 2015/2781/6161 2017/2783/6162
f 1976/2817/6163 2016/2818/6164 1975/2815/6165
f 1992/2819/6166 2017/2783/6167 2019/2788/6168
f 1976/2817/6169 2020/2787/6170 2018/2789/6171
f 1993/2820/6172 2019/2788/6173 2021/2791/6174
f 1977/2821/6175 2022/2790/6176 2020/2787/6177
f 1993/2820/6178 2023/2793/6179 1994/2822/6180
f 1978/2823/6181 2024/2792/6182 2022/2790/6183
f 1994/2822/6184 2025/2794/6185 1995/2824/6186
f 1979/2825/6187 1996/2763/6188 2024/2792/6189
f 1995/2824/6190 1999/2765/6191 1981/2796/6192
f 1982/2826/6193 2026/2827/6194 1981/2828/6195
f 1983/2829/6196 2027/2830/6197 1982/2826/6198
f 1984/2831/6199 2028/2832/6200 1983/2829/6201
f 1984/2831/6202 2030/2833/6203 2029/2834/6204
f 1986/2835/6205 2030/2833/6206 1985/2836/6207
f 1987/2837/6208 2031/2838/6209 1986/2835/6210
f 1987/2837/6211 2033/2839/6212 2032/2840/6213
f 1989/2841/6214 2033/2839/6215 1988/2842/6216
f 1990/2843/6217 2034/2844/6218 1989/2841/6219
f 1991/2845/6220 2035/2846/6221 1990/2843/6222
f 1992/2847/6223 2036/2848/6224 1991/2845/6225
f 1993/2849/6226 2037/2850/6227 1992/2847/6228
f 1993/2849/6229 2039/2851/6230 2038/2852/6231
f 1994/2853/6232 2040/2854/6233 2039/2851/6234
f 1981/2828/6235 2040/2854/6236 1995/2855/6237
f 2026/2827/6238 2042/2856/6239 2041/2857/6240
f 2027/2830/6241 2043/2858/6242 2042/2856/6243
f 2028/2832/6244 2044/2859/6245 2043/2858/6246
f 2029/2834/6247 2045/2860/6248 2044/2859/6249
f 2030/2833/6250 2046/2861/6251 2045/2860/6252
f 2031/2838/6253 2047/2862/6254 2046/2861/6255
f 2032/2840/6256 2048/2863/6257 2047/2862/6258
f 2034/2844/6259 2048/2863/6260 2033/2839/6261
f 2035/2846/6262 2049/2864/6263 2034/2844/6264
f 2036/2848/6265 2050/2865/6266 2035/2846/6267
f 2037/2850/6268 2051/2866/6269 2036/2848/6270
f 2038/2852/6271 2052/2867/6272 2037/2850/6273
f 2039/2851/6274 2053/2868/6275 2038/2852/6276
f 2040/2854/6277 2054/2869/6278 2039/2851/6279
f 2040/2854/6280 2041/2857/6281 2055/2870/6282
f 2056/2871/6283 2072/2872/6284 2071/2873/6285
f 2058/2874/6286 2072/2872/6287 2057/2875/6288
f 2058/2874/6289 2074/2876/6290 2073/2877/6291
f 2060/2878/6292 2074/2876/6293 2059/2879/6294
f 2061/2880/6295 2075/2881/6296 2060/2878/6297
f 2062/2882/6298 2076/2883/6299 2061/2880/6300
f 2063/2884/6301 2077/2885/6302 2062/2882/6303
f 2064/2886/6304 2078/2887/6305 2063/2884/6306
f 2064/2886/6307 2080/2888/6308 2079/2889/6309
f 2065/2890/6310 2081/2891/6311 2080/2888/6312
f 2066/2892/6313 2082/2893/6314 2081/2891/6315
f 2067/2894/6316 2083/2895/6317 2082/2893/6318
f 2069/2896/6319 2083/2895/6320 2068/2897/6321
f 2070/2898/6322 2084/2899/6323 2069/2896/6324
f 2070/2898/6325 2071/2900/6326 2085/2901/6327
f 2071/2873/6328 2087/2902/6329 2086/2903/6330
f 2072/2872/6331 2088/2904/6332 2087/2902/6333
f 2073/2877/6334 2089/2905/6335 2088/2904/6336
f 2074/2876/6337 2090/2906/6338 2089/2905/6339
f 2075/2881/6340 2091/2907/6341 2090/2906/6342
f 2076/2883/6343 2092/2908/6344 2091/2907/6345
f 2078/2887/6346 2092/2908/6347 2077/2885/6348
f 2079/2889/6349 2093/2909/6350 2078/2887/6351
f 2079/2889/6352 2095/2910/6353 2094/2911/6354
f 2080/2888/6355 2096/2912/6356 2095/2910/6357
f 2082/2893/6358 2096/2912/6359 2081/2891/6360
f 2083/2895/6361 2097/2913/6362 2082/2893/6363
f 2083/2895/6364 2099/2914/6365 2098/2915/6366
f 2085/2901/6367 2099/2914/6368 2084/2899/6369
f 2085/2901/6370 2086/2916/6371 2100/2917/6372
f 2087/2902/6373 2101/2918/6374 2086/2903/6375
f 2088/2904/6376 2102/2919/6377 2087/2902/6378
f 2089/2905/6379 2103/2920/6380 2088/2904/6381
f 2090/2906/6382 2104/2921/6383 2089/2905/6384
f 2090/2906/6385 2106/2922/6386 2105/2923/6387
f 2091/2907/6388 2107/2924/6389 2106/2922/6390
f 2093/2909/6391 2107/2924/6392 2092/2908/6393
f 2094/2911/6394 2108/2925/6395 2093/2909/6396
f 2095/2910/6397 2109/2926/6398 2094/2911/6399
f 2096/2912/6400 2110/2927/6401 2095/2910/6402
f 2096/2912/6403 2112/2928/6404 2111/2929/6405
f 2097/2913/6406 2113/2930/6407 2112/2928/6408
f 2099/2914/6409 2113/2930/6410 2098/2915/6411
f 2099/2914/6412 2115/2931/6413 2114/2932/6414
f 2086/2916/6415 2115/2931/6416 2100/2917/6417
f 2102/2919/6418 2116/2933/6419 2101/2918/6420
f 2103/2920/6421 2117/2934/6422 2102/2919/6423
f 2104/2921/6424 2118/2935/6425 2103/2920/6426
f 2105/2923/6427 2119/2936/6428 2104/2921/6429
f 2105/2923/6430 2121/2937/6431 2120/2938/6432
f 2107/2924/6433 2121/2937/6434 2106/2922/6435
f 2107/2924/6436 2123/2939/6437 2122/2940/6438
f 2108/2925/6439 2124/2941/6440 2123/2939/6441
f 2109/2926/6442 2125/2942/6443 2124/2941/6444
f 2110/2927/6445 2126/2943/6446 2125/2942/6447
f 2112/2928/6448 2126/2943/6449 2111/2929/6450
f 2113/2930/6451 2127/2944/6452 2112/2928/6453
f 2113/2930/6454 2129/2945/6455 2128/2946/6456
f 2115/2931/6457 2129/2945/6458 2114/2932/6459
f 2101/2947/6460 2130/2948/6461 2115/2931/6462
f 2117/2934/6463 2131/2949/6464 2116/2933/6465
f 2117/2934/6466 2133/2950/6467 2132/2951/6468
f 2118/2935/6469 2134/2952/6470 2133/2950/6471
f 2120/2938/6472 2134/2952/6473 2119/2936/6474
f 2120/2938/6475 2136/2953/6476 2135/2954/6477
f 2122/2940/6478 2136/2953/6479 2121/2937/6480
f 2122/2940/6481 2138/2955/6482 2137/2956/6483
f 2124/2941/6484 2138/2955/6485 2123/2939/6486
f 2125/2942/6487 2139/2957/6488 2124/2941/6489
f 2126/2943/6490 2140/2958/6491 2125/2942/6492
f 2126/2943/6493 2142/2959/6494 2141/2960/6495
f 2127/2944/6496 2143/2961/6497 2142/2959/6498
f 2128/2946/6499 2144/2962/6500 2143/2961/6501
f 2129/2945/6502 2145/2963/6503 2144/2962/6504
f 2130/2948/6505 2131/2964/6506 2145/2963/6507
f 2131/2949/6508 2147/2965/6509 2146/2966/6510
f 2132/2951/6511 2148/2967/6512 2147/2965/6513
f 2134/2952/6514 2148/2967/6515 2133/2950/6516
f 2134/2952/6517 2150/2968/6518 2149/2969/6519
f 2135/2954/6520 2151/2970/6521 2150/2968/6522
f 2136/2953/6523 2152/2971/6524 2151/2970/6525
f 2138/2955/6526 2152/2971/6527 2137/2956/6528
f 2138/2955/6529 2154/2972/6530 2153/2973/6531
f 2140/2958/6532 2154/2972/6533 2139/2957/6534
f 2141/2960/6535 2155/2974/6536 2140/2958/6537
f 2142/2959/6538 2156/2975/6539 2141/2960/6540
f 2143/2961/6541 2157/2976/6542 2142/2959/6543
f 2144/2962/6544 2158/2977/6545 2143/2961/6546
f 2145/2963/6547 2159/2978/6548 2144/2962/6549
f 2145/2963/6550 2146/2979/6551 2160/2980/6552
f 2146/2966/6553 2147/2965/6554 2161/2981/6555
f 2147/2965/6556 2148/2967/6557 2161/2982/6558
f 2148/2967/6559 2149/2969/6560 2161/2983/6561
f 2149/2969/6562 2150/2968/6563 2161/2984/6564
f 2150/2968/6565 2151/2970/6566 2161/2985/6567
f 2151/2970/6568 2152/2971/6569 2161/2986/6570
f 2152/2971/6571 2153/2973/6572 2161/2987/6573
f 2153/2973/6574 2154/2972/6575 2161/2988/6576
f 2154/2972/6577 2155/2974/6578 2161/2989/6579
f 2155/2974/6580 2156/2975/6581 2161/2990/6582
f 2156/2975/6583 2157/2976/6584 2161/2991/6585
f 2157/2976/6586 2158/2977/6587 2161/2992/6588
f 2158/2977/6589 2159/2978/6590 2161/2993/6591
f 2159/2978/6592 2160/2980/6593 2161/2994/6594
f 2160/2980/6595 2146/2979/6596 2161/2995/6597
f 2042/2856/6598 2058/2996/6599 2057/2997/6600
f 2043/2858/6601 2059/2998/6602 2058/2996/6603
f 2045/2860/6604 2059/2998/6605 2044/2859/6606
f 2046/2861/6607 2060/2999/6608 2045/2860/6609
f 2047/2862/6610 2061/3000/6611 2046/2861/6612
f 2048/2863/6613 2062/3001/6614 2047/2862/6615
f 2049/2864/6616 2063/3002/6617 2048/2863/6618
f 2050/2865/6619 2064/3003/6620 2049/2864/6621
f 2051/2866/6622 2065/3004/6623 2050/2865/6624
f 2051/2866/6625 2067/3005/6626 2066/3006/6627
f 2052/2867/6628 2068/3007/6629 2067/3005/6630
f 2053/2868/6631 2069/3008/6632 2068/3007/6633
f 2054/2869/6634 2070/3009/6635 2069/3008/6636
f 2055/2870/6637 2056/3010/6638 2070/3009/6639
f 2041/2857/6640 2057/2997/6641 2056/3011/6642
f 2167/3012/6643 2169/3013/6644 2166/3014/6645
f 2018/3015/6646 2164/3016/6647 2163/3017/6648
f 2019/3018/6649 2165/3019/6650 2164/3020/6651
f 2016/3021/6652 2165/3022/6653 2017/3023/6654
f 2018/3024/6655 2170/3025/6656 2016/3026/6657
f 2018/3027/6658 2172/3028/6659 2173/3029/6660
f 2163/3030/6661 2171/3031/6662 2172/3032/6663
f 2016/3033/6664 2171/3034/6665 2162/3035/6666
f 2170/3036/6667 2169/3013/6668 2171/3034/6669
f 2172/3032/6670 2169/3037/6671 2168/3038/6672
f 2173/3039/6673 2166/3040/6674 2170/3025/6675
f 2172/3028/6676 1946/3041/6677 1945/2704/6678
f 2168/3038/6679 1948/3042/6680 2174/3043/6681
f 2168/3044/6682 1949/2710/6683 1947/3045/6684
f 2167/3046/6685 1945/2712/6686 1949/3047/6687
f 1948/2713/6688 1946/2715/6689 2174/3048/6690
f 1967/3049/6691 2175/3050/6692 2176/3051/6693
f 1968/3052/6694 2176/3051/6695 2177/3053/6696
f 1969/3054/6697 2177/3053/6698 2178/3055/6699
f 1970/3056/6700 2178/3055/6701 2179/3057/6702
f 1971/3058/6703 2179/3057/6704 2180/3059/6705
f 1972/3060/6706 2180/3059/6707 2181/3061/6708
f 2182/3062/6709 1972/3060/6710 2181/3061/6711
f 2183/3063/6712 1973/3064/6713 2182/3062/6714
f 2184/3065/6715 1974/3066/6716 2183/3063/6717
f 2185/3067/6718 1975/3068/6719 2184/3065/6720
f 2186/3069/6721 1976/3070/6722 2185/3067/6723
f 2187/3071/6724 1977/3072/6725 2186/3069/6726
f 2188/3073/6727 1978/3074/6728 2187/3071/6729
f 1965/3075/6730 2188/3073/6731 2189/3076/6732
f 1966/3077/6733 2189/3078/6734 2175/3050/6735
f 1749/3079/6736 2190/3080/6737 2191/3081/6738
f 1748/3082/6739 2191/3081/6740 2192/3083/6741
f 1747/3084/6742 2192/3083/6743 2193/3085/6744
f 1746/3086/6745 2193/3085/6746 2194/3087/6747
f 1745/3088/6748 2194/3087/6749 2195/3089/6750
f 1744/3090/6751 2195/3089/6752 2196/3091/6753
f 1743/3092/6754 2196/3091/6755 2197/3093/6756
f 1742/3094/6757 2197/3093/6758 2198/3095/6759
f 1741/3096/6760 2198/3095/6761 2199/3097/6762
f 1740/3098/6763 2199/3097/6764 2200/3099/6765
f 1739/3100/6766 2200/3099/6767 2201/3101/6768
f 1738/3102/6769 2201/3101/6770 2202/3103/6771
f 1737/3104/6772 2202/3103/6773 2203/3105/6774
f 1736/3106/6775 2203/3105/6776 2204/3107/6777
f 1735/3108/6778 2204/3107/6779 2190/3109/6780
f 2205/3110/6781 1721/3111/6782 1720/3112/6783
f 2204/3113/6784 2208/2381/6785 2190/3114/6786
f 2206/3115/6787 1722/3116/6788 1721/3111/6789
f 2203/3117/6790 2207/2384/6791 2204/3113/6792
f 1722/3116/6793 2211/3118/6794 1723/3119/6795
f 2212/2388/6796 2203/3117/6797 2202/3120/6798
f 1723/3119/6799 2213/3121/6800 1724/3122/6801
f 2214/2390/6802 2202/3120/6803 2201/3123/6804
f 2213/3121/6805 1725/3124/6806 1724/3122/6807
f 2200/3125/6808 2214/2390/6809 2201/3123/6810
f 1725/3124/6811 2217/3126/6812 1726/3127/6813
f 2218/2394/6814 2200/3125/6815 2199/3128/6816
f 1726/3127/6817 2219/3129/6818 1727/3130/6819
f 2220/2396/6820 2199/3128/6821 2198/3131/6822
f 2219/3129/6823 1728/3132/6824 1727/3130/6825
f 2197/3133/6826 2220/2396/6827 2198/3131/6828
f 2221/3134/6829 1729/3135/6830 1728/3132/6831
f 2196/3136/6832 2222/2398/6833 2197/3133/6834
f 2223/3137/6835 1730/3138/6836 1729/3135/6837
f 2195/3139/6838 2224/2400/6839 2196/3136/6840
f 2225/3140/6841 1731/3141/6842 1730/3138/6843
f 2194/3142/6844 2226/2402/6845 2195/3139/6846
f 1731/3141/6847 2229/3143/6848 1732/3144/6849
f 2230/2406/6850 2194/3142/6851 2193/3145/6852
f 2229/3143/6853 1733/3146/6854 1732/3144/6855
f 2192/3147/6856 2230/2406/6857 2193/3145/6858
f 1733/3146/6859 2233/3148/6860 1734/3149/6861
f 2234/2410/6862 2192/3147/6863 2191/3150/6864
f 1734/3149/6865 2205/3151/6866 1720/3152/6867
f 2208/3153/6868 2191/3150/6869 2190/3154/6870
f 2236/2718/6871 2175/3155/6872 2189/3156/6873
f 1951/3157/6874 2235/3158/6875 1950/3159/6876
f 2237/2717/6877 2176/3160/6878 2175/3155/6879
f 1952/3161/6880 2238/3162/6881 1951/3157/6882
f 2176/3160/6883 2241/2722/6884 2177/3163/6885
f 1953/3164/6886 2240/3165/6887 1952/3161/6888
f 2177/3163/6889 2243/2724/6890 2178/3166/6891
f 2244/3167/6892 1953/3164/6893 1954/3168/6894
f 2178/3166/6895 2245/2726/6896 2179/3169/6897
f 2246/3170/6898 1954/3168/6899 1955/3171/6900
f 2179/3169/6901 2247/2728/6902 2180/3172/6903
f 2248/3173/6904 1955/3171/6905 1956/3174/6906
f 2180/3172/6907 2249/2730/6908 2181/3175/6909
f 2250/3176/6910 1956/3174/6911 1957/3177/6912
f 2181/3175/6913 2251/2734/6914 2182/3178/6915
f 2252/3179/6916 1957/3177/6917 1958/3180/6918
f 2251/2734/6919 2183/3181/6920 2182/3178/6921
f 1959/3182/6922 2252/3179/6923 1958/3180/6924
f 2253/2736/6925 2184/3183/6926 2183/3181/6927
f 1960/3184/6928 2254/3185/6929 1959/3182/6930
f 2184/3183/6931 2257/2740/6932 2185/3186/6933
f 2258/3187/6934 1960/3184/6935 1961/3188/6936
f 2185/3186/6937 2259/2742/6938 2186/3189/6939
f 2260/3190/6940 1961/3188/6941 1962/3191/6942
f 2186/3189/6943 2261/2744/6944 2187/3192/6945
f 2262/3193/6946 1962/3191/6947 1963/3194/6948
f 2187/3192/6949 2263/2746/6950 2188/3195/6951
f 2264/3196/6952 1963/3194/6953 1964/3197/6954
f 2263/2746/6955 2189/3198/6956 2188/3195/6957
f 1950/3199/6958 2264/3196/6959 1964/3197/6960
f 2266/631/6961 2273/632/6962 2265/633/6963
f 2268/634/6964 2269/635/6965 2267/636/6966
f 2275/637/6967 2271/638/6968 2274/639/6969
f 2272/640/6970 2265/641/6971 2271/638/6972
f 2277/642/6973 2280/643/6974 2278/3200/6975
f 2265/633/6976 2274/644/6977 2271/645/6978
f 2273/632/6979 2269/646/6980 2274/644/6981
f 2270/647/6982 2274/639/6983 2269/635/6984
f 2275/648/6985 2268/634/6986 2276/3201/6987
f 2276/3201/6988 2267/636/6989 2273/632/6990
f 2272/3202/6991 2278/3200/6992 2266/631/6993
f 2275/648/6994 2277/642/6995 2272/3202/6996
f 2276/3201/6997 2279/3203/6998 2275/648/6999
f 2266/631/7000 2280/643/7001 2276/3201/7002
f 2282/3204/7003 2289/3205/7004 2281/3206/7005
f 2284/3207/7006 2285/3208/7007 2283/3209/7008
f 2291/3210/7009 2287/3211/7010 2290/3212/7011
f 2288/3213/7012 2281/3214/7013 2287/3211/7014
f 2293/3215/7015 2296/3216/7016 2294/3217/7017
f 2281/3206/7018 2290/3218/7019 2287/3219/7020
f 2289/3205/7021 2285/3220/7022 2290/3218/7023
f 2286/3221/7024 2290/3212/7025 2285/3208/7026
f 2291/3222/7027 2284/3207/7028 2292/3223/7029
f 2292/3223/7030 2283/3209/7031 2289/3205/7032
f 2288/3224/7033 2294/3217/7034 2282/3204/7035
f 2291/3222/7036 2293/3215/7037 2288/3224/7038
f 2292/3223/7039 2295/3225/7040 2291/3222/7041
f 2282/3204/7042 2296/3216/7043 2292/3223/7044
f 2298/3226/7045 2305/3227/7046 2297/3228/7047
f 2300/3229/7048 2301/3230/7049 2299/3231/7050
f 2307/3232/7051 2303/3233/7052 2306/3234/7053
f 2304/3235/7054 2297/3236/7055 2303/3233/7056
f 2309/3237/7057 2312/3238/7058 2310/3239/7059
f 2297/3228/7060 2306/3240/7061 2303/3241/7062
f 2305/3227/7063 2301/3242/7064 2306/3240/7065
f 2302/3243/7066 2306/3234/7067 2301/3230/7068
f 2307/3244/7069 2300/3229/7070 2308/3245/7071
f 2308/3245/7072 2299/3231/7073 2305/3227/7074
f 2304/3246/7075 2310/3239/7076 2298/3226/7077
f 2307/3244/7078 2309/3237/7079 2304/3246/7080
f 2308/3245/7081 2311/3247/7082 2307/3244/7083
f 2298/3226/7084 2312/3238/7085 2308/3245/7086
f 2314/3248/7087 2321/3249/7088 2313/3250/7089
f 2316/3251/7090 2317/3252/7091 2315/3253/7092
f 2323/3254/7093 2319/3255/7094 2322/3256/7095
f 2320/3257/7096 2313/3258/7097 2319/3255/7098
f 2325/3259/7099 2328/3260/7100 2326/3261/7101
f 2313/3250/7102 2322/3262/7103 2319/3263/7104
f 2321/3249/7105 2317/3264/7106 2322/3262/7107
f 2318/3265/7108 2322/3256/7109 2317/3252/7110
f 2323/3266/7111 2316/3251/7112 2324/3267/7113
f 2324/3267/7114 2315/3253/7115 2321/3249/7116
f 2320/3268/7117 2326/3261/7118 2314/3248/7119
f 2323/3266/7120 2325/3259/7121 2320/3268/7122
f 2324/3267/7123 2327/3269/7124 2323/3266/7125
f 2314/3248/7126 2328/3260/7127 2324/3267/7128
f 2330/3270/7129 2337/3271/7130 2329/3272/7131
f 2332/3273/7132 2333/3274/7133 2331/3275/7134
f 2339/3276/7135 2335/3277/7136 2338/3278/7137
f 2336/3279/7138 2329/3280/7139 2335/3277/7140
f 2341/3281/7141 2344/3282/7142 2342/3283/7143
f 2329/3272/7144 2338/3284/7145 2335/3285/7146
f 2337/3271/7147 2333/3286/7148 2338/3284/7149
f 2334/3287/7150 2338/3278/7151 2333/3274/7152
f 2339/3288/7153 2332/3273/7154 2340/3289/7155
f 2340/3289/7156 2331/3275/7157 2337/3271/7158
f 2336/3290/7159 2342/3283/7160 2330/3270/7161
f 2339/3288/7162 2341/3281/7163 2336/3290/7164
f 2340/3289/7165 2343/3291/7166 2339/3288/7167
f 2330/3270/7168 2344/3282/7169 2340/3289/7170
f 2346/3292/7171 2353/3293/7172 2345/3294/7173
f 2348/3295/7174 2349/3296/7175 2347/3297/7176
f 2355/3298/7177 2351/3299/7178 2354/3300/7179
f 2352/3301/7180 2345/3302/7181 2351/3299/7182
f 2357/3303/7183 2360/3304/7184 2358/3305/7185
f 2345/3294/7186 2354/3306/7187 2351/3307/7188
f 2353/3293/7189 2349/3308/7190 2354/3306/7191
f 2350/3309/7192 2354/3300/7193 2349/3296/7194
f 2355/3310/7195 2348/3295/7196 2356/3311/7197
f 2356/3311/7198 2347/3297/7199 2353/3293/7200
f 2352/3312/7201 2358/3305/7202 2346/3292/7203
f 2355/3310/7204 2357/3303/7205 2352/3312/7206
f 2356/3311/7207 2359/3313/7208 2355/3310/7209
f 2346/3292/7210 2360/3304/7211 2356/3311/7212
f 2362/649/7213 2376/650/7214 2361/651/7215
f 2363/652/7216 2377/653/7217 2362/649/7218
f 2364/654/7219 2378/655/7220 2363/652/7221
f 2365/656/7222 2379/657/7223 2364/654/7224
f 2366/658/7225 2380/659/7226 2365/656/7227
f 2367/660/7228 2381/661/7229 2366/658/7230
f 2368/662/7231 2382/663/7232 2367/660/7233
f 2369/664/7234 2383/665/7235 2368/662/7236
f 2370/666/7237 2384/667/7238 2369/664/7239
f 2371/668/7240 2385/669/7241 2370/666/7242
f 2372/670/7243 2386/671/7244 2371/668/7245
f 2373/672/7246 2387/673/7247 2372/670/7248
f 2374/674/7249 2388/675/7250 2373/672/7251
f 2375/676/7252 2389/677/7253 2374/674/7254
f 2361/678/7255 2390/679/7256 2375/676/7257
f 2362/680/7258 2361/681/7259 2391/682/7260
f 2363/683/7261 2362/680/7262 2391/682/7263
f 2364/684/7264 2363/683/7265 2391/682/7266
f 2365/685/7267 2364/684/7268 2391/682/7269
f 2366/686/7270 2365/685/7271 2391/682/7272
f 2367/687/7273 2366/686/7274 2391/682/7275
f 2368/688/7276 2367/687/7277 2391/682/7278
f 2369/689/7279 2368/688/7280 2391/682/7281
f 2370/690/7282 2369/689/7283 2391/682/7284
f 2371/691/7285 2370/690/7286 2391/682/7287
f 2372/692/7288 2371/691/7289 2391/682/7290
f 2373/693/7291 2372/692/7292 2391/682/7293
f 2374/694/7294 2373/693/7295 2391/682/7296
f 2375/695/7297 2374/694/7298 2391/682/7299
f 2361/681/7300 2375/695/7301 2391/682/7302
f 2408/696/7303 2410/697/7304 2407/3314/7305
f 2411/698/7306 2409/3315/7307 2408/696/7308
f 2413/699/7309 2412/3316/7310 2411/698/7311
f 2415/700/7312 2414/3317/7313 2413/699/7314
f 2417/701/7315 2416/3318/7316 2415/700/7317
f 2419/702/7318 2418/3319/7319 2417/701/7320
f 2421/703/7321 2420/3320/7322 2419/702/7323
f 2423/704/7324 2422/3321/7325 2421/703/7326
f 2425/705/7327 2424/3322/7328 2423/704/7329
f 2427/706/7330 2426/3323/7331 2425/705/7332
f 2574/707/7333 2576/3324/7334 2573/3325/7335
f 2431/708/7336 2430/3326/7337 2429/3327/7338
f 2433/709/7339 2432/3328/7340 2431/708/7341
f 2435/710/7342 2434/3329/7343 2433/709/7344
f 2407/3314/7345 2436/3330/7346 2435/710/7347
f 2376/3331/7348 2408/696/7349 2407/3314/7350
f 2392/711/7351 2409/712/7352 2393/3332/7353
f 2377/3333/7354 2411/698/7355 2408/696/7356
f 2393/3332/7357 2412/713/7358 2394/3334/7359
f 2378/3335/7360 2413/699/7361 2411/698/7362
f 2394/3334/7363 2414/714/7364 2395/3336/7365
f 2379/3337/7366 2415/700/7367 2413/699/7368
f 2395/3336/7369 2416/715/7370 2396/3338/7371
f 2381/3339/7372 2415/700/7373 2380/3340/7374
f 2397/716/7375 2416/715/7376 2418/3341/7377
f 2382/3342/7378 2417/701/7379 2381/3339/7380
f 2398/717/7381 2418/3341/7382 2420/3343/7383
f 2383/3344/7384 2419/702/7385 2382/3342/7386
f 2399/718/7387 2420/3343/7388 2422/3345/7389
f 2384/3346/7390 2421/703/7391 2383/3344/7392
f 2400/719/7393 2422/3345/7394 2424/3347/7395
f 2385/3348/7396 2423/704/7397 2384/3346/7398
f 2401/720/7399 2424/3347/7400 2426/3349/7401
f 2386/3350/7402 2425/705/7403 2385/3348/7404
f 2401/720/7405 2428/721/7406 2402/3351/7407
f 2386/3350/7408 2429/3327/7409 2427/706/7410
f 2402/3351/7411 2430/722/7412 2403/3352/7413
f 2387/3353/7414 2431/708/7415 2429/3327/7416
f 2403/3352/7417 2432/723/7418 2404/3354/7419
f 2388/3355/7420 2433/709/7421 2431/708/7422
f 2404/3354/7423 2434/724/7424 2405/3356/7425
f 2390/3357/7426 2433/709/7427 2389/3358/7428
f 2406/725/7429 2434/724/7430 2436/3359/7431
f 2376/3331/7432 2435/710/7433 2390/3357/7434
f 2392/711/7435 2436/3359/7436 2410/3360/7437
f 2393/726/7438 2437/727/7439 2392/3361/7440
f 2394/728/7441 2438/729/7442 2393/3362/7443
f 2395/730/7444 2439/731/7445 2394/3363/7446
f 2396/732/7447 2440/733/7448 2395/3364/7449
f 2397/734/7450 2441/735/7451 2396/3365/7452
f 2398/736/7453 2442/3366/7454 2397/734/7455
f 2399/737/7456 2443/3367/7457 2398/736/7458
f 2400/738/7459 2444/3368/7460 2399/737/7461
f 2401/739/7462 2445/3369/7463 2400/738/7464
f 2402/740/7465 2446/3370/7466 2401/739/7467
f 2403/741/7468 2447/3371/7469 2402/740/7470
f 2404/742/7471 2448/3372/7472 2403/741/7473
f 2405/743/7474 2449/3373/7475 2404/742/7476
f 2406/744/7477 2450/3374/7478 2405/743/7479
f 2392/3361/7480 2451/3375/7481 2406/744/7482
f 2437/727/7483 2453/3376/7484 2452/3377/7485
f 2438/729/7486 2454/3378/7487 2453/3379/7488
f 2439/731/7489 2455/3380/7490 2454/3381/7491
f 2440/733/7492 2456/3382/7493 2455/3383/7494
f 2441/735/7495 2457/3384/7496 2456/3385/7497
f 2442/3366/7498 2458/3386/7499 2457/3384/7500
f 2444/3368/7501 2458/3386/7502 2443/3367/7503
f 2445/3369/7504 2459/3387/7505 2444/3368/7506
f 2446/3370/7507 2460/3388/7508 2445/3369/7509
f 2447/3371/7510 2461/3389/7511 2446/3370/7512
f 2448/3372/7513 2462/3390/7514 2447/3371/7515
f 2449/3373/7516 2463/3391/7517 2448/3372/7518
f 2450/3374/7519 2464/3392/7520 2449/3373/7521
f 2451/3375/7522 2465/3393/7523 2450/3374/7524
f 2451/3375/7525 2452/3377/7526 2466/3394/7527
f 2467/745/7528 2483/746/7529 2482/747/7530
f 2468/748/7531 2484/749/7532 2483/746/7533
f 2470/750/7534 2484/749/7535 2469/751/7536
f 2471/752/7537 2485/753/7538 2470/750/7539
f 2472/754/7540 2486/755/7541 2471/752/7542
f 2472/754/7543 2488/756/7544 2487/757/7545
f 2473/758/7546 2489/759/7547 2488/756/7548
f 2474/760/7549 2490/761/7550 2489/759/7551
f 2475/762/7552 2491/763/7553 2490/761/7554
f 2476/764/7555 2492/765/7556 2491/763/7557
f 2477/766/7558 2493/767/7559 2492/765/7560
f 2479/768/7561 2493/767/7562 2478/769/7563
f 2480/770/7564 2494/771/7565 2479/768/7566
f 2481/772/7567 2495/773/7568 2480/770/7569
f 2467/774/7570 2496/775/7571 2481/772/7572
f 2483/746/7573 2497/776/7574 2482/747/7575
f 2484/749/7576 2498/777/7577 2483/746/7578
f 2485/753/7579 2499/778/7580 2484/749/7581
f 2486/755/7582 2500/779/7583 2485/753/7584
f 2487/757/7585 2501/780/7586 2486/755/7587
f 2488/756/7588 2502/781/7589 2487/757/7590
f 2489/759/7591 2503/782/7592 2488/756/7593
f 2490/761/7594 2504/783/7595 2489/759/7596
f 2491/763/7597 2505/784/7598 2490/761/7599
f 2492/765/7600 2506/785/7601 2491/763/7602
f 2493/767/7603 2507/786/7604 2492/765/7605
f 2493/767/7606 2509/787/7607 2508/788/7608
f 2494/771/7609 2510/789/7610 2509/787/7611
f 2496/775/7612 2510/789/7613 2495/773/7614
f 2482/790/7615 2511/791/7616 2496/775/7617
f 2498/777/7618 2512/792/7619 2497/776/7620
f 2499/778/7621 2513/793/7622 2498/777/7623
f 2499/778/7624 2515/794/7625 2514/795/7626
f 2500/779/7627 2516/796/7628 2515/794/7629
f 2501/780/7630 2517/797/7631 2516/796/7632
f 2502/781/7633 2518/798/7634 2517/797/7635
f 2503/782/7636 2519/799/7637 2518/798/7638
f 2504/783/7639 2520/800/7640 2519/799/7641
f 2505/784/7642 2521/801/7643 2520/800/7644
f 2507/786/7645 2521/801/7646 2506/785/7647
f 2507/786/7648 2523/802/7649 2522/803/7650
f 2509/787/7651 2523/802/7652 2508/788/7653
f 2510/789/7654 2524/804/7655 2509/787/7656
f 2510/789/7657 2526/805/7658 2525/806/7659
f 2497/807/7660 2526/805/7661 2511/791/7662
f 2513/793/7663 2527/808/7664 2512/792/7665
f 2514/795/7666 2528/809/7667 2513/793/7668
f 2514/795/7669 2530/810/7670 2529/811/7671
f 2515/794/7672 2531/812/7673 2530/810/7674
f 2517/797/7675 2531/812/7676 2516/796/7677
f 2518/798/7678 2532/813/7679 2517/797/7680
f 2519/799/7681 2533/814/7682 2518/798/7683
f 2519/799/7684 2535/815/7685 2534/816/7686
f 2520/800/7687 2536/817/7688 2535/815/7689
f 2522/803/7690 2536/817/7691 2521/801/7692
f 2523/802/7693 2537/818/7694 2522/803/7695
f 2524/804/7696 2538/819/7697 2523/802/7698
f 2524/804/7699 2540/820/7700 2539/821/7701
f 2525/806/7702 2541/822/7703 2540/820/7704
f 2526/805/7705 2527/823/7706 2541/822/7707
f 2527/808/7708 2543/824/7709 2542/825/7710
f 2528/809/7711 2544/826/7712 2543/824/7713
f 2529/811/7714 2545/827/7715 2544/826/7716
f 2531/812/7717 2545/827/7718 2530/810/7719
f 2532/813/7720 2546/828/7721 2531/812/7722
f 2533/814/7723 2547/829/7724 2532/813/7725
f 2534/816/7726 2548/830/7727 2533/814/7728
f 2534/816/7729 2550/831/7730 2549/832/7731
f 2536/817/7732 2550/831/7733 2535/815/7734
f 2536/817/7735 2552/833/7736 2551/834/7737
f 2537/818/7738 2553/835/7739 2552/833/7740
f 2538/819/7741 2554/836/7742 2553/835/7743
f 2539/821/7744 2555/837/7745 2554/836/7746
f 2541/822/7747 2555/837/7748 2540/820/7749
f 2527/823/7750 2556/838/7751 2541/822/7752
f 2543/824/7753 2557/839/7754 2542/825/7755
f 2543/824/7756 2559/840/7757 2558/841/7758
f 2544/826/7759 2560/842/7760 2559/840/7761
f 2546/828/7762 2560/842/7763 2545/827/7764
f 2546/828/7765 2562/843/7766 2561/844/7767
f 2548/830/7768 2562/843/7769 2547/829/7770
f 2549/832/7771 2563/845/7772 2548/830/7773
f 2550/831/7774 2564/846/7775 2549/832/7776
f 2551/834/7777 2565/847/7778 2550/831/7779
f 2551/834/7780 2567/848/7781 2566/849/7782
f 2553/835/7783 2567/848/7784 2552/833/7785
f 2553/835/7786 2569/850/7787 2568/851/7788
f 2555/837/7789 2569/850/7790 2554/836/7791
f 2555/837/7792 2571/852/7793 2570/853/7794
f 2542/854/7795 2571/852/7796 2556/838/7797
f 2557/839/7798 2558/841/7799 2572/855/7800
f 2558/841/7801 2559/840/7802 2572/856/7803
f 2559/840/7804 2560/842/7805 2572/857/7806
f 2560/842/7807 2561/844/7808 2572/858/7809
f 2561/844/7810 2562/843/7811 2572/859/7812
f 2562/843/7813 2563/845/7814 2572/860/7815
f 2563/845/7816 2564/846/7817 2572/861/7818
f 2564/846/7819 2565/847/7820 2572/862/7821
f 2565/847/7822 2566/849/7823 2572/863/7824
f 2566/849/7825 2567/848/7826 2572/864/7827
f 2567/848/7828 2568/851/7829 2572/865/7830
f 2568/851/7831 2569/850/7832 2572/866/7833
f 2569/850/7834 2570/853/7835 2572/867/7836
f 2570/853/7837 2571/852/7838 2572/868/7839
f 2571/852/7840 2557/869/7841 2572/870/7842
f 2453/3376/7843 2469/871/7844 2468/872/7845
f 2454/873/7846 2470/874/7847 2469/871/7848
f 2456/3385/7849 2470/874/7850 2455/875/7851
f 2457/3384/7852 2471/876/7853 2456/3385/7854
f 2458/3386/7855 2472/877/7856 2457/3384/7857
f 2459/3387/7858 2473/878/7859 2458/3386/7860
f 2460/3388/7861 2474/879/7862 2459/3387/7863
f 2461/3389/7864 2475/880/7865 2460/3388/7866
f 2462/3390/7867 2476/881/7868 2461/3389/7869
f 2462/3390/7870 2478/882/7871 2477/883/7872
f 2463/3391/7873 2479/884/7874 2478/882/7875
f 2464/3392/7876 2480/885/7877 2479/884/7878
f 2465/3393/7879 2481/886/7880 2480/885/7881
f 2466/3394/7882 2467/887/7883 2481/886/7884
f 2452/3377/7885 2468/872/7886 2467/888/7887
f 2429/889/7888 2573/890/7889 2427/3395/7890
f 2430/3326/7891 2574/707/7892 2429/3327/7893
f 2430/3396/7894 2576/3397/7895 2575/3398/7896
f 2427/706/7897 2576/3324/7898 2428/3399/7899
f 7/1/7900 8/4/7901 2/2/7902
f 8/4/7903 9/904/7904 3/5/7905
f 14/6/7906 15/915/7907 16/7/7908
f 4/903/7909 12/12/7910 7/8/7911
f 1/3/7912 2/2/7913 3/10/7914
f 9/904/7915 10/914/7916 5/905/7917
f 12/12/7918 4/903/7919 6/906/7920
f 3/5/7921 5/905/7922 6/906/7923
f 7/8/7924 12/12/7925 9/904/7926
f 12/12/7927 20/909/7928 19/908/7929
f 11/907/7930 21/917/7931 20/909/7932
f 17/910/7933 25/3400/7934 26/911/7935
f 9/904/7936 19/908/7937 22/913/7938
f 10/914/7939 14/6/7940 13/902/7941
f 11/907/7942 6/906/7943 16/7/7944
f 5/905/7945 13/902/7946 16/7/7947
f 22/913/7948 23/916/7949 14/6/7950
f 14/6/7951 17/910/7952 18/912/7953
f 23/916/7954 25/3400/7955 17/910/7956
f 21/917/7957 11/907/7958 15/915/7959
f 24/918/7960 15/915/7961 18/912/7962
f 28/919/7963 34/923/7964 33/920/7965
f 29/922/7966 35/933/7967 34/923/7968
f 42/924/7969 41/939/7970 40/925/7971
f 30/927/7972 27/3401/7973 33/928/7974
f 29/930/7975 28/919/7976 27/921/7977
f 31/932/7978 36/938/7979 35/933/7980
f 32/934/7981 30/927/7982 38/929/7983
f 32/934/7984 31/932/7985 29/922/7986
f 35/933/7987 38/929/7988 33/928/7989
f 19/908/7990 20/909/7991 38/929/7992
f 20/909/7993 21/917/7994 37/935/7995
f 26/911/7996 25/3400/7997 43/936/7998
f 22/913/7999 19/908/8000 35/933/8001
f 39/926/8002 40/925/8003 36/938/8004
f 37/935/8005 41/939/8006 42/924/8007
f 42/924/8008 39/926/8009 31/932/8010
f 40/925/8011 23/916/8012 22/913/8013
f 44/937/8014 43/936/8015 40/925/8016
f 43/936/8017 25/3400/8018 23/916/8019
f 41/939/8020 37/935/8021 21/917/8022
f 44/937/8023 41/939/8024 24/918/8025
f 46/13/8026 74/25/8027 65/14/8028
f 48/16/8029 50/28/8030 49/17/8031
f 250/19/8032 251/1133/8033 252/20/8034
f 52/22/8035 46/891/8036 45/23/8037
f 46/13/8038 52/892/8039 73/24/8040
f 45/15/8041 65/14/8042 66/26/8043
f 50/28/8044 54/946/8045 53/941/8046
f 72/942/8047 73/3402/8048 52/22/8049
f 51/940/8050 56/945/8051 55/943/8052
f 51/940/8053 66/3403/8054 67/944/8055
f 54/946/8056 58/951/8057 57/947/8058
f 72/942/8059 55/943/8060 59/948/8061
f 56/945/8062 60/950/8063 59/948/8064
f 67/944/8065 68/955/8066 60/950/8067
f 58/951/8068 62/962/8069 61/952/8070
f 71/949/8071 59/948/8072 63/953/8073
f 60/950/8074 64/956/8075 63/953/8076
f 68/955/8077 69/966/8078 64/956/8079
f 75/29/8080 76/35/8081 47/18/8082
f 84/31/8083 75/967/8084 49/17/8085
f 83/957/8086 84/31/8087 53/941/8088
f 82/958/8089 83/957/8090 57/947/8091
f 254/959/8092 255/1099/8093 256/960/8094
f 58/951/8095 80/963/8096 81/32/8097
f 54/946/8098 79/964/8099 80/963/8100
f 50/28/8101 78/965/8102 79/964/8103
f 78/33/8104 50/893/8105 48/16/8106
f 77/34/8107 48/16/8108 47/18/8109
f 65/14/8110 76/35/8111 75/29/8112
f 74/25/8113 77/34/8114 76/35/8115
f 74/25/8116 73/24/8117 78/33/8118
f 78/965/8119 73/3402/8120 72/942/8121
f 79/964/8122 72/942/8123 71/949/8124
f 80/963/8125 71/949/8126 70/954/8127
f 81/32/8128 70/954/8129 69/966/8130
f 69/966/8131 68/955/8132 83/957/8133
f 68/955/8134 67/944/8135 84/31/8136
f 67/944/8137 66/3403/8138 75/967/8139
f 70/954/8140 86/969/8141 85/968/8142
f 63/953/8143 87/970/8144 86/969/8145
f 64/956/8146 88/971/8147 87/970/8148
f 64/956/8149 69/966/8150 85/968/8151
f 62/962/8152 90/974/8153 89/972/8154
f 62/962/8155 81/32/8156 91/973/8157
f 82/958/8158 92/975/8159 91/973/8160
f 61/952/8161 89/972/8162 92/975/8163
f 86/969/8164 94/977/8165 93/976/8166
f 87/970/8167 95/978/8168 94/977/8169
f 88/971/8170 96/979/8171 95/978/8172
f 85/968/8173 93/976/8174 96/979/8175
f 90/974/8176 98/982/8177 97/980/8178
f 90/974/8179 91/973/8180 99/981/8181
f 92/975/8182 100/983/8183 99/981/8184
f 89/972/8185 97/980/8186 100/983/8187
f 98/982/8188 102/986/8189 101/984/8190
f 98/982/8191 99/981/8192 103/985/8193
f 100/983/8194 104/987/8195 103/985/8196
f 97/980/8197 101/984/8198 104/987/8199
f 102/986/8200 106/990/8201 105/988/8202
f 102/986/8203 103/985/8204 107/989/8205
f 104/987/8206 108/991/8207 107/989/8208
f 101/984/8209 105/988/8210 108/991/8211
f 106/990/8212 110/993/8213 109/992/8214
f 107/989/8215 111/994/8216 110/993/8217
f 108/991/8218 112/995/8219 111/994/8220
f 108/991/8221 105/988/8222 109/992/8223
f 110/993/8224 114/997/8225 113/996/8226
f 111/994/8227 115/998/8228 114/997/8229
f 112/995/8230 116/999/8231 115/998/8232
f 112/995/8233 109/992/8234 113/996/8235
f 94/977/8236 118/1002/8237 117/1000/8238
f 94/977/8239 95/978/8240 119/1001/8241
f 96/979/8242 120/1003/8243 119/1001/8244
f 93/976/8245 117/1000/8246 120/1003/8247
f 114/997/8248 122/1005/8249 121/1004/8250
f 115/998/8251 123/1006/8252 122/1005/8253
f 116/999/8254 124/1007/8255 123/1006/8256
f 116/999/8257 113/996/8258 121/1004/8259
f 118/1002/8260 126/1010/8261 125/1008/8262
f 118/1002/8263 119/1001/8264 127/1009/8265
f 120/1003/8266 128/1011/8267 127/1009/8268
f 117/1000/8269 125/1008/8270 128/1011/8271
f 122/1005/8272 130/1013/8273 129/1012/8274
f 123/1006/8275 131/1014/8276 130/1013/8277
f 124/1007/8278 132/1015/8279 131/1014/8280
f 124/1007/8281 121/1004/8282 129/1012/8283
f 127/1009/8284 135/1017/8285 134/1016/8286
f 128/1011/8287 136/1018/8288 135/1017/8289
f 125/1008/8290 133/1026/8291 136/1018/8292
f 130/1013/8293 138/1020/8294 137/1019/8295
f 131/1014/8296 139/1022/8297 138/1020/8298
f 132/1015/8299 129/1012/8300 137/1019/8301
f 126/1010/8302 134/1016/8303 139/1022/8304
f 141/1023/8305 148/1031/8306 147/1024/8307
f 125/1008/8308 132/1015/8309 140/1021/8310
f 126/1010/8311 131/1014/8312 132/1015/8313
f 135/1017/8314 143/1027/8315 142/1025/8316
f 136/1018/8317 144/1028/8318 143/1027/8319
f 136/1018/8320 133/1026/8321 141/1023/8322
f 138/1020/8323 146/1030/8324 145/1029/8325
f 139/1022/8326 147/1024/8327 146/1030/8328
f 140/1021/8329 137/1019/8330 145/1029/8331
f 133/1026/8332 140/1021/8333 148/1031/8334
f 134/1016/8335 142/1025/8336 147/1024/8337
f 142/1025/8338 150/1033/8339 149/1032/8340
f 143/1027/8341 151/1034/8342 150/1033/8343
f 144/1028/8344 152/1035/8345 151/1034/8346
f 144/1028/8347 141/1023/8348 149/1032/8349
f 146/1030/8350 154/1038/8351 153/1036/8352
f 146/1030/8353 147/1024/8354 155/1037/8355
f 148/1031/8356 156/1039/8357 155/1037/8358
f 145/1029/8359 153/1036/8360 156/1039/8361
f 150/1033/8362 158/1041/8363 157/1040/8364
f 151/1034/8365 159/1042/8366 158/1041/8367
f 152/1035/8368 160/1043/8369 159/1042/8370
f 152/1035/8371 149/1032/8372 157/1040/8373
f 154/1038/8374 162/1046/8375 161/1044/8376
f 154/1038/8377 155/1037/8378 163/1045/8379
f 156/1039/8380 164/1047/8381 163/1045/8382
f 153/1036/8383 161/1044/8384 164/1047/8385
f 158/1041/8386 166/1049/8387 165/1048/8388
f 159/1042/8389 167/1050/8390 166/1049/8391
f 160/1043/8392 168/1051/8393 167/1050/8394
f 160/1043/8395 157/1040/8396 165/1048/8397
f 162/1046/8398 170/1053/8399 169/1052/8400
f 163/1045/8401 171/1054/8402 170/1053/8403
f 164/1047/8404 172/1055/8405 171/1054/8406
f 164/1047/8407 161/1044/8408 169/1052/8409
f 170/1053/8410 174/1057/8411 173/1056/8412
f 171/1054/8413 175/1058/8414 174/1057/8415
f 172/1055/8416 176/1059/8417 175/1058/8418
f 172/1055/8419 169/1052/8420 173/1056/8421
f 174/1057/8422 178/1061/8423 177/1060/8424
f 175/1058/8425 179/1062/8426 178/1061/8427
f 176/1059/8428 180/1063/8429 179/1062/8430
f 176/1059/8431 173/1056/8432 177/1060/8433
f 178/1061/8434 182/1065/8435 181/1064/8436
f 179/1062/8437 183/1066/8438 182/1065/8439
f 180/1063/8440 184/1067/8441 183/1066/8442
f 180/1063/8443 177/1060/8444 181/1064/8445
f 182/1065/8446 186/1069/8447 185/1068/8448
f 183/1066/8449 187/1070/8450 186/1069/8451
f 184/1067/8452 188/1071/8453 187/1070/8454
f 184/1067/8455 181/1064/8456 185/1068/8457
f 186/1069/8458 190/1073/8459 189/1072/8460
f 187/1070/8461 191/1074/8462 190/1073/8463
f 188/1071/8464 192/1075/8465 191/1074/8466
f 188/1071/8467 185/1068/8468 189/1072/8469
f 190/1073/8470 194/1077/8471 193/1076/8472
f 191/1074/8473 195/1078/8474 194/1077/8475
f 192/1075/8476 196/1079/8477 195/1078/8478
f 192/1075/8479 189/1072/8480 193/1076/8481
f 194/1077/8482 198/1081/8483 197/1080/8484
f 195/1078/8485 199/1082/8486 198/1081/8487
f 196/1079/8488 200/1083/8489 199/1082/8490
f 196/1079/8491 193/1076/8492 197/1080/8493
f 166/1049/8494 202/1086/8495 201/1084/8496
f 166/1049/8497 167/1050/8498 203/1085/8499
f 168/1051/8500 204/1087/8501 203/1085/8502
f 165/1048/8503 201/1084/8504 204/1087/8505
f 202/1086/8506 206/1090/8507 205/1088/8508
f 202/1086/8509 203/1085/8510 207/1089/8511
f 204/1087/8512 208/1091/8513 207/1089/8514
f 201/1084/8515 205/1088/8516 208/1091/8517
f 207/1089/8518 211/1093/8519 210/1092/8520
f 208/1091/8521 212/1095/8522 211/1093/8523
f 208/1091/8524 205/1088/8525 209/1094/8526
f 198/1081/8527 214/1097/8528 213/1096/8529
f 199/1082/8530 215/1100/8531 214/1097/8532
f 200/1083/8533 197/1080/8534 213/1096/8535
f 200/1083/8536 216/1098/8537 209/1094/8538
f 255/1099/8539 250/19/8540 249/21/8541
f 199/1082/8542 206/1090/8543 210/1092/8544
f 200/1083/8545 205/1088/8546 206/1090/8547
f 211/1093/8548 219/1102/8549 218/1101/8550
f 212/1095/8551 220/1104/8552 219/1102/8553
f 212/1095/8554 209/1094/8555 217/1103/8556
f 214/1097/8557 222/1106/8558 221/1105/8559
f 215/1100/8560 223/1108/8561 222/1106/8562
f 216/1098/8563 213/1096/8564 221/1105/8565
f 215/1100/8566 210/1092/8567 218/1101/8568
f 216/1098/8569 224/1107/8570 217/1103/8571
f 218/1101/8572 219/1102/8573 227/1109/8574
f 220/1104/8575 228/1111/8576 227/1109/8577
f 217/1103/8578 225/1116/8579 228/1111/8580
f 222/1106/8581 230/1113/8582 229/1112/8583
f 223/1108/8584 231/1115/8585 230/1113/8586
f 224/1107/8587 221/1105/8588 229/1112/8589
f 223/1108/8590 218/1101/8591 226/1110/8592
f 224/1107/8593 232/1114/8594 225/1116/8595
f 226/1110/8596 227/1109/8597 235/1117/8598
f 228/1111/8599 236/1119/8600 235/1117/8601
f 225/1116/8602 233/1124/8603 236/1119/8604
f 230/1113/8605 238/1121/8606 237/1120/8607
f 231/1115/8608 239/1123/8609 238/1121/8610
f 232/1114/8611 229/1112/8612 237/1120/8613
f 231/1115/8614 226/1110/8615 234/1118/8616
f 232/1114/8617 240/1122/8618 233/1124/8619
f 234/1118/8620 235/1117/8621 243/1125/8622
f 236/1119/8623 244/1127/8624 243/1125/8625
f 233/1124/8626 241/1132/8627 244/1127/8628
f 238/1121/8629 246/1129/8630 245/1128/8631
f 239/1123/8632 247/1131/8633 246/1129/8634
f 240/1122/8635 237/1120/8636 245/1128/8637
f 239/1123/8638 234/1118/8639 242/1126/8640
f 240/1122/8641 248/1130/8642 241/1132/8643
f 242/1126/8644 243/1125/8645 251/1133/8646
f 244/1127/8647 252/20/8648 251/1133/8649
f 241/1132/8650 249/21/8651 252/20/8652
f 246/1129/8653 254/959/8654 253/961/8655
f 247/1131/8656 255/1099/8657 254/959/8658
f 248/1130/8659 245/1128/8660 253/961/8661
f 242/1126/8662 250/19/8663 255/1099/8664
f 241/1132/8665 248/1130/8666 256/960/8667
f 258/36/8668 286/40/8669 272/37/8670
f 259/39/8671 285/42/8672 286/40/8673
f 260/41/8674 284/44/8675 285/42/8676
f 261/43/8677 283/46/8678 284/44/8679
f 262/45/8680 282/48/8681 283/46/8682
f 263/47/8683 281/50/8684 282/48/8685
f 264/49/8686 280/52/8687 281/50/8688
f 265/51/8689 279/54/8690 280/52/8691
f 266/53/8692 278/56/8693 279/54/8694
f 267/55/8695 277/58/8696 278/56/8697
f 268/57/8698 276/60/8699 277/58/8700
f 269/59/8701 275/62/8702 276/60/8703
f 270/61/8704 274/64/8705 275/62/8706
f 271/63/8707 273/66/8708 274/64/8709
f 257/65/8710 272/3404/8711 273/66/8712
f 287/83/8713 348/894/8714 349/84/8715
f 288/1134/8716 349/84/8717 350/85/8718
f 289/1135/8719 350/85/8720 351/86/8721
f 290/1136/8722 351/86/8723 352/87/8724
f 291/1137/8725 352/87/8726 353/88/8727
f 292/1138/8728 353/88/8729 354/89/8730
f 293/1139/8731 354/89/8732 355/90/8733
f 294/1140/8734 355/90/8735 356/91/8736
f 295/1141/8737 356/91/8738 357/92/8739
f 296/1142/8740 357/92/8741 358/93/8742
f 297/1143/8743 358/93/8744 359/94/8745
f 298/1144/8746 359/94/8747 360/95/8748
f 299/1145/8749 360/95/8750 361/96/8751
f 300/1146/8752 361/96/8753 362/97/8754
f 301/1147/8755 362/97/8756 348/98/8757
f 273/66/8758 272/3404/8759 287/83/8760
f 273/66/8761 288/1134/8762 289/1135/8763
f 274/64/8764 289/1135/8765 290/1136/8766
f 275/62/8767 290/1136/8768 291/1137/8769
f 277/58/8770 276/60/8771 291/1137/8772
f 278/56/8773 277/58/8774 292/1138/8775
f 279/54/8776 278/56/8777 293/1139/8778
f 279/54/8779 294/1140/8780 295/1141/8781
f 280/52/8782 295/1141/8783 296/1142/8784
f 281/50/8785 296/1142/8786 297/1143/8787
f 282/48/8788 297/1143/8789 298/1144/8790
f 283/46/8791 298/1144/8792 299/1145/8793
f 285/42/8794 284/44/8795 299/1145/8796
f 286/40/8797 285/42/8798 300/1146/8799
f 272/37/8800 286/40/8801 301/1147/8802
f 318/1149/8803 320/1178/8804 321/1150/8805
f 319/1151/8806 321/1150/8807 323/1152/8808
f 322/1153/8809 323/1152/8810 325/1154/8811
f 324/1155/8812 325/1154/8813 327/1156/8814
f 326/1157/8815 327/1156/8816 329/1158/8817
f 328/1159/8818 329/1158/8819 331/1160/8820
f 330/1161/8821 331/1160/8822 333/1162/8823
f 332/1163/8824 333/1162/8825 335/1164/8826
f 334/1165/8827 335/1164/8828 337/1166/8829
f 336/1167/8830 337/1166/8831 339/1168/8832
f 338/1169/8833 339/1168/8834 341/1170/8835
f 340/1171/8836 341/1170/8837 343/1172/8838
f 342/1173/8839 343/1172/8840 345/1174/8841
f 344/1175/8842 345/1174/8843 347/1176/8844
f 346/1177/8845 347/1176/8846 320/1178/8847
f 258/1179/8848 257/1193/8849 318/1149/8850
f 303/67/8851 321/1150/8852 320/1178/8853
f 258/1179/8854 319/1151/8855 322/1153/8856
f 303/67/8857 305/70/8858 323/1152/8859
f 259/1180/8860 322/1153/8861 324/1155/8862
f 305/70/8863 306/71/8864 325/1154/8865
f 261/1182/8866 260/1181/8867 324/1155/8868
f 307/72/8869 327/1156/8870 325/1154/8871
f 262/1183/8872 261/1182/8873 326/1157/8874
f 308/73/8875 329/1158/8876 327/1156/8877
f 263/1184/8878 262/1183/8879 328/1159/8880
f 309/74/8881 331/1160/8882 329/1158/8883
f 264/1185/8884 263/1184/8885 330/1161/8886
f 310/75/8887 333/1162/8888 331/1160/8889
f 265/1186/8890 264/1185/8891 332/1163/8892
f 311/76/8893 335/1164/8894 333/1162/8895
f 265/1186/8896 334/1165/8897 336/1167/8898
f 311/76/8899 312/77/8900 337/1166/8901
f 266/1187/8902 336/1167/8903 338/1169/8904
f 312/77/8905 313/78/8906 339/1168/8907
f 267/1188/8908 338/1169/8909 340/1171/8910
f 313/78/8911 314/79/8912 341/1170/8913
f 268/1189/8914 340/1171/8915 342/1173/8916
f 314/79/8917 315/80/8918 343/1172/8919
f 269/1190/8920 342/1173/8921 344/1175/8922
f 315/80/8923 316/81/8924 345/1174/8925
f 270/1191/8926 344/1175/8927 346/1177/8928
f 316/81/8929 317/82/8930 347/1176/8931
f 257/1193/8932 271/1192/8933 346/1177/8934
f 302/68/8935 320/1178/8936 347/1176/8937
f 378/1194/8938 392/1197/8939 364/1195/8940
f 392/1197/8941 391/1199/8942 365/1198/8943
f 391/1199/8944 390/1201/8945 366/1200/8946
f 390/1201/8947 389/1203/8948 367/1202/8949
f 389/1203/8950 388/1205/8951 368/1204/8952
f 388/1205/8953 387/1207/8954 369/1206/8955
f 387/1207/8956 386/1209/8957 370/1208/8958
f 386/1209/8959 385/1211/8960 371/1210/8961
f 385/1211/8962 384/1213/8963 372/1212/8964
f 384/1213/8965 383/1215/8966 373/1214/8967
f 383/1215/8968 382/1217/8969 374/1216/8970
f 382/1217/8971 381/1219/8972 375/1218/8973
f 381/1219/8974 380/1221/8975 376/1220/8976
f 380/1221/8977 379/1223/8978 377/1222/8979
f 379/1223/8980 378/1257/8981 363/1224/8982
f 349/84/8983 348/894/8984 393/1241/8985
f 350/85/8986 349/84/8987 394/1242/8988
f 351/86/8989 350/85/8990 395/1243/8991
f 352/87/8992 351/86/8993 396/1244/8994
f 353/88/8995 352/87/8996 397/1245/8997
f 354/89/8998 353/88/8999 398/1246/9000
f 355/90/9001 354/89/9002 399/1247/9003
f 356/91/9004 355/90/9005 400/1248/9006
f 357/92/9007 356/91/9008 401/1249/9009
f 358/93/9010 357/92/9011 402/1250/9012
f 359/94/9013 358/93/9014 403/1251/9015
f 360/95/9016 359/94/9017 404/1252/9018
f 361/96/9019 360/95/9020 405/1253/9021
f 362/97/9022 361/96/9023 406/1254/9024
f 348/98/9025 362/97/9026 407/1255/9027
f 379/1223/9028 394/1242/9029 393/1241/9030
f 395/1243/9031 394/1242/9032 379/1223/9033
f 396/1244/9034 395/1243/9035 380/1221/9036
f 397/1245/9037 396/1244/9038 381/1219/9039
f 383/1215/9040 398/1246/9041 397/1245/9042
f 384/1213/9043 399/1247/9044 398/1246/9045
f 385/1211/9046 400/1248/9047 399/1247/9048
f 401/1249/9049 400/1248/9050 385/1211/9051
f 402/1250/9052 401/1249/9053 386/1209/9054
f 403/1251/9055 402/1250/9056 387/1207/9057
f 404/1252/9058 403/1251/9059 388/1205/9060
f 405/1253/9061 404/1252/9062 389/1203/9063
f 391/1199/9064 406/1254/9065 405/1253/9066
f 392/1197/9067 407/1255/9068 406/1254/9069
f 378/1194/9070 393/1256/9071 407/1255/9072
f 427/1258/9073 426/1287/9074 424/1259/9075
f 429/1261/9076 427/1258/9077 425/1260/9078
f 431/1263/9079 429/1261/9080 428/1262/9081
f 433/1265/9082 431/1263/9083 430/1264/9084
f 435/1267/9085 433/1265/9086 432/1266/9087
f 437/1269/9088 435/1267/9089 434/1268/9090
f 439/1271/9091 437/1269/9092 436/1270/9093
f 441/1273/9094 439/1271/9095 438/1272/9096
f 443/1275/9097 441/1273/9098 440/1274/9099
f 445/1277/9100 443/1275/9101 442/1276/9102
f 447/1279/9103 445/1277/9104 444/1278/9105
f 449/1281/9106 447/1279/9107 446/1280/9108
f 451/1283/9109 449/1281/9110 448/1282/9111
f 453/1285/9112 451/1283/9113 450/1284/9114
f 426/1287/9115 453/1285/9116 452/1286/9117
f 364/1288/9118 425/1260/9119 424/1259/9120
f 426/1287/9121 427/1258/9122 409/1225/9123
f 428/1262/9124 425/1260/9125 364/1288/9126
f 409/1225/9127 427/1258/9128 429/1261/9129
f 430/1264/9130 428/1262/9131 365/1290/9132
f 411/1228/9133 429/1261/9134 431/1263/9135
f 367/1292/9136 432/1266/9137 430/1264/9138
f 431/1263/9139 433/1265/9140 413/1230/9141
f 368/1293/9142 434/1268/9143 432/1266/9144
f 433/1265/9145 435/1267/9146 414/1231/9147
f 369/1294/9148 436/1270/9149 434/1268/9150
f 435/1267/9151 437/1269/9152 415/1232/9153
f 370/1295/9154 438/1272/9155 436/1270/9156
f 437/1269/9157 439/1271/9158 416/1233/9159
f 371/1296/9160 440/1274/9161 438/1272/9162
f 439/1271/9163 441/1273/9164 417/1234/9165
f 442/1276/9166 440/1274/9167 371/1296/9168
f 417/1234/9169 441/1273/9170 443/1275/9171
f 444/1278/9172 442/1276/9173 372/1297/9174
f 418/1235/9175 443/1275/9176 445/1277/9177
f 446/1280/9178 444/1278/9179 373/1298/9180
f 419/1236/9181 445/1277/9182 447/1279/9183
f 448/1282/9184 446/1280/9185 374/1299/9186
f 420/1237/9187 447/1279/9188 449/1281/9189
f 450/1284/9190 448/1282/9191 375/1300/9192
f 421/1238/9193 449/1281/9194 451/1283/9195
f 452/1286/9196 450/1284/9197 376/1301/9198
f 422/1239/9199 451/1283/9200 453/1285/9201
f 363/1289/9202 424/1259/9203 452/1286/9204
f 453/1285/9205 426/1287/9206 408/1227/9207
f 455/1303/9208 483/1307/9209 469/1304/9210
f 456/1306/9211 482/1309/9212 483/1307/9213
f 457/1308/9214 481/1311/9215 482/1309/9216
f 458/1310/9217 480/1313/9218 481/1311/9219
f 459/1312/9220 479/1315/9221 480/1313/9222
f 460/1314/9223 478/1317/9224 479/1315/9225
f 461/1316/9226 477/1319/9227 478/1317/9228
f 462/1318/9229 476/1321/9230 477/1319/9231
f 463/1320/9232 475/1323/9233 476/1321/9234
f 464/1322/9235 474/1325/9236 475/1323/9237
f 465/1324/9238 473/1327/9239 474/1325/9240
f 466/1326/9241 472/1329/9242 473/1327/9243
f 467/1328/9244 471/1331/9245 472/1329/9246
f 468/1330/9247 470/1333/9248 471/1331/9249
f 454/1332/9250 469/3405/9251 470/1333/9252
f 484/1350/9253 545/3406/9254 546/1351/9255
f 485/1352/9256 546/1351/9257 547/1353/9258
f 486/1354/9259 547/1353/9260 548/1355/9261
f 487/1356/9262 548/1355/9263 549/1357/9264
f 488/1358/9265 549/1357/9266 550/1359/9267
f 489/1360/9268 550/1359/9269 551/1361/9270
f 490/1362/9271 551/1361/9272 552/1363/9273
f 491/1364/9274 552/1363/9275 553/1365/9276
f 492/1366/9277 553/1365/9278 554/1367/9279
f 493/1368/9280 554/1367/9281 555/1369/9282
f 494/1370/9283 555/1369/9284 556/1371/9285
f 495/1372/9286 556/1371/9287 557/1373/9288
f 496/1374/9289 557/1373/9290 558/1375/9291
f 497/1376/9292 558/1375/9293 559/1377/9294
f 498/1378/9295 559/1377/9296 545/1379/9297
f 470/1333/9298 469/3405/9299 484/1350/9300
f 470/1333/9301 485/1352/9302 486/1354/9303
f 471/1331/9304 486/1354/9305 487/1356/9306
f 472/1329/9307 487/1356/9308 488/1358/9309
f 474/1325/9310 473/1327/9311 488/1358/9312
f 475/1323/9313 474/1325/9314 489/1360/9315
f 476/1321/9316 475/1323/9317 490/1362/9318
f 477/1319/9319 476/1321/9320 491/1364/9321
f 478/1317/9322 477/1319/9323 492/1366/9324
f 479/1315/9325 478/1317/9326 493/1368/9327
f 479/1315/9328 494/1370/9329 495/1372/9330
f 480/1313/9331 495/1372/9332 496/1374/9333
f 482/1309/9334 481/1311/9335 496/1374/9336
f 483/1307/9337 482/1309/9338 497/1376/9339
f 469/1304/9340 483/1307/9341 498/1378/9342
f 515/1381/9343 517/1410/9344 518/1382/9345
f 516/1383/9346 518/1382/9347 520/1384/9348
f 519/1385/9349 520/1384/9350 522/1386/9351
f 521/1387/9352 522/1386/9353 524/1388/9354
f 523/1389/9355 524/1388/9356 526/1390/9357
f 525/1391/9358 526/1390/9359 528/1392/9360
f 527/1393/9361 528/1392/9362 530/1394/9363
f 529/1395/9364 530/1394/9365 532/1396/9366
f 531/1397/9367 532/1396/9368 534/1398/9369
f 533/1399/9370 534/1398/9371 536/1400/9372
f 535/1401/9373 536/1400/9374 538/1402/9375
f 537/1403/9376 538/1402/9377 540/1404/9378
f 539/1405/9379 540/1404/9380 542/1406/9381
f 541/1407/9382 542/1406/9383 544/1408/9384
f 543/1409/9385 544/1408/9386 517/1410/9387
f 454/1411/9388 515/1381/9389 516/1383/9390
f 499/1335/9391 500/1334/9392 518/1382/9393
f 455/1412/9394 516/1383/9395 519/1385/9396
f 500/1334/9397 502/1337/9398 520/1384/9399
f 456/1413/9400 519/1385/9401 521/1387/9402
f 502/1337/9403 503/1338/9404 522/1386/9405
f 458/1415/9406 457/1414/9407 521/1387/9408
f 504/1339/9409 524/1388/9410 522/1386/9411
f 459/1416/9412 458/1415/9413 523/1389/9414
f 505/1340/9415 526/1390/9416 524/1388/9417
f 459/1416/9418 525/1391/9419 527/1393/9420
f 505/1340/9421 506/1341/9422 528/1392/9423
f 460/1417/9424 527/1393/9425 529/1395/9426
f 506/1341/9427 507/1342/9428 530/1394/9429
f 461/1418/9430 529/1395/9431 531/1397/9432
f 507/1342/9433 508/1343/9434 532/1396/9435
f 462/1419/9436 531/1397/9437 533/1399/9438
f 508/1343/9439 509/1344/9440 534/1398/9441
f 463/1420/9442 533/1399/9443 535/1401/9444
f 509/1344/9445 510/1345/9446 536/1400/9447
f 464/1421/9448 535/1401/9449 537/1403/9450
f 510/1345/9451 511/1346/9452 538/1402/9453
f 466/1423/9454 465/1422/9455 537/1403/9456
f 512/1347/9457 540/1404/9458 538/1402/9459
f 467/1424/9460 466/1423/9461 539/1405/9462
f 513/1348/9463 542/1406/9464 540/1404/9465
f 467/1424/9466 541/1407/9467 543/1409/9468
f 513/1348/9469 514/1349/9470 544/1408/9471
f 468/1425/9472 543/1409/9473 515/1381/9474
f 514/1349/9475 499/1335/9476 517/1410/9477
f 575/1426/9478 589/1429/9479 561/1427/9480
f 589/1429/9481 588/1431/9482 562/1430/9483
f 588/1431/9484 587/1433/9485 563/1432/9486
f 587/1433/9487 586/1435/9488 564/1434/9489
f 586/1435/9490 585/1437/9491 565/1436/9492
f 585/1437/9493 584/1439/9494 566/1438/9495
f 584/1439/9496 583/1441/9497 567/1440/9498
f 583/1441/9499 582/1443/9500 568/1442/9501
f 582/1443/9502 581/1445/9503 569/1444/9504
f 581/1445/9505 580/1447/9506 570/1446/9507
f 580/1447/9508 579/1449/9509 571/1448/9510
f 579/1449/9511 578/1451/9512 572/1450/9513
f 578/1451/9514 577/1453/9515 573/1452/9516
f 577/1453/9517 576/1455/9518 574/1454/9519
f 576/1455/9520 575/1489/9521 560/1456/9522
f 546/1351/9523 545/3406/9524 590/1473/9525
f 547/1353/9526 546/1351/9527 591/1474/9528
f 548/1355/9529 547/1353/9530 592/1475/9531
f 549/1357/9532 548/1355/9533 593/1476/9534
f 550/1359/9535 549/1357/9536 594/1477/9537
f 551/1361/9538 550/1359/9539 595/1478/9540
f 552/1363/9541 551/1361/9542 596/1479/9543
f 553/1365/9544 552/1363/9545 597/1480/9546
f 554/1367/9547 553/1365/9548 598/1481/9549
f 555/1369/9550 554/1367/9551 599/1482/9552
f 556/1371/9553 555/1369/9554 600/1483/9555
f 557/1373/9556 556/1371/9557 601/1484/9558
f 558/1375/9559 557/1373/9560 602/1485/9561
f 559/1377/9562 558/1375/9563 603/1486/9564
f 545/1379/9565 559/1377/9566 604/1487/9567
f 576/1455/9568 591/1474/9569 590/1473/9570
f 592/1475/9571 591/1474/9572 576/1455/9573
f 593/1476/9574 592/1475/9575 577/1453/9576
f 594/1477/9577 593/1476/9578 578/1451/9579
f 580/1447/9580 595/1478/9581 594/1477/9582
f 581/1445/9583 596/1479/9584 595/1478/9585
f 582/1443/9586 597/1480/9587 596/1479/9588
f 583/1441/9589 598/1481/9590 597/1480/9591
f 584/1439/9592 599/1482/9593 598/1481/9594
f 585/1437/9595 600/1483/9596 599/1482/9597
f 601/1484/9598 600/1483/9599 585/1437/9600
f 602/1485/9601 601/1484/9602 586/1435/9603
f 588/1431/9604 603/1486/9605 602/1485/9606
f 589/1429/9607 604/1487/9608 603/1486/9609
f 575/1426/9610 590/1488/9611 604/1487/9612
f 624/1490/9613 623/1519/9614 621/1491/9615
f 626/1493/9616 624/1490/9617 622/1492/9618
f 628/1495/9619 626/1493/9620 625/1494/9621
f 630/1497/9622 628/1495/9623 627/1496/9624
f 632/1499/9625 630/1497/9626 629/1498/9627
f 634/1501/9628 632/1499/9629 631/1500/9630
f 636/1503/9631 634/1501/9632 633/1502/9633
f 638/1505/9634 636/1503/9635 635/1504/9636
f 640/1507/9637 638/1505/9638 637/1506/9639
f 642/1509/9640 640/1507/9641 639/1508/9642
f 644/1511/9643 642/1509/9644 641/1510/9645
f 646/1513/9646 644/1511/9647 643/1512/9648
f 648/1515/9649 646/1513/9650 645/1514/9651
f 650/1517/9652 648/1515/9653 647/1516/9654
f 623/1519/9655 650/1517/9656 649/1518/9657
f 622/1492/9658 621/1491/9659 560/1520/9660
f 605/1459/9661 623/1519/9662 624/1490/9663
f 625/1494/9664 622/1492/9665 561/1521/9666
f 624/1490/9667 626/1493/9668 608/1460/9669
f 627/1496/9670 625/1494/9671 562/1522/9672
f 608/1460/9673 626/1493/9674 628/1495/9675
f 564/1524/9676 629/1498/9677 627/1496/9678
f 628/1495/9679 630/1497/9680 610/1462/9681
f 565/1525/9682 631/1500/9683 629/1498/9684
f 630/1497/9685 632/1499/9686 611/1463/9687
f 633/1502/9688 631/1500/9689 565/1525/9690
f 611/1463/9691 632/1499/9692 634/1501/9693
f 635/1504/9694 633/1502/9695 566/1526/9696
f 612/1464/9697 634/1501/9698 636/1503/9699
f 637/1506/9700 635/1504/9701 567/1527/9702
f 613/1465/9703 636/1503/9704 638/1505/9705
f 639/1508/9706 637/1506/9707 568/1528/9708
f 614/1466/9709 638/1505/9710 640/1507/9711
f 641/1510/9712 639/1508/9713 569/1529/9714
f 615/1467/9715 640/1507/9716 642/1509/9717
f 643/1512/9718 641/1510/9719 570/1530/9720
f 616/1468/9721 642/1509/9722 644/1511/9723
f 572/1532/9724 645/1514/9725 643/1512/9726
f 644/1511/9727 646/1513/9728 618/1470/9729
f 573/1533/9730 647/1516/9731 645/1514/9732
f 646/1513/9733 648/1515/9734 619/1471/9735
f 649/1518/9736 647/1516/9737 573/1533/9738
f 619/1471/9739 648/1515/9740 650/1517/9741
f 621/1491/9742 649/1518/9743 574/1534/9744
f 620/1472/9745 650/1517/9746 623/1519/9747
f 652/1535/9748 680/1548/9749 671/1536/9750
f 654/1538/9751 656/1551/9752 655/1539/9753
f 856/1541/9754 857/1751/9755 858/1542/9756
f 658/1544/9757 652/3407/9758 651/1545/9759
f 652/1535/9760 658/3408/9761 679/1547/9762
f 651/1537/9763 671/1536/9764 672/1549/9765
f 656/1551/9766 660/1557/9767 659/1552/9768
f 678/1553/9769 679/3409/9770 658/1544/9771
f 657/1546/9772 662/1556/9773 661/1554/9774
f 657/1546/9775 672/3410/9776 673/1555/9777
f 660/1557/9778 664/1562/9779 663/1558/9780
f 678/1553/9781 661/1554/9782 665/1559/9783
f 662/1556/9784 666/1561/9785 665/1559/9786
f 673/1555/9787 674/1566/9788 666/1561/9789
f 664/1562/9790 668/1577/9791 667/1563/9792
f 677/1560/9793 665/1559/9794 669/1564/9795
f 666/1561/9796 670/1567/9797 669/1564/9798
f 674/1566/9799 675/1584/9800 670/1567/9801
f 681/1568/9802 682/1582/9803 653/1540/9804
f 690/1570/9805 681/1585/9806 655/1539/9807
f 689/1571/9808 690/1570/9809 659/1552/9810
f 688/1572/9811 689/1571/9812 663/1558/9813
f 860/1573/9814 861/1717/9815 862/1574/9816
f 664/1562/9817 686/1578/9818 687/1576/9819
f 660/1557/9820 685/1579/9821 686/1578/9822
f 656/1551/9823 684/1583/9824 685/1579/9825
f 684/1580/9826 656/3411/9827 654/1538/9828
f 683/1581/9829 654/1538/9830 653/1540/9831
f 671/1536/9832 682/1582/9833 681/1568/9834
f 680/1548/9835 683/1581/9836 682/1582/9837
f 680/1548/9838 679/1547/9839 684/1580/9840
f 684/1583/9841 679/3409/9842 678/1553/9843
f 685/1579/9844 678/1553/9845 677/1560/9846
f 686/1578/9847 677/1560/9848 676/1565/9849
f 687/1576/9850 676/1565/9851 675/1584/9852
f 675/1584/9853 674/1566/9854 689/1571/9855
f 674/1566/9856 673/1555/9857 690/1570/9858
f 673/1555/9859 672/3410/9860 681/1585/9861
f 676/1565/9862 692/1587/9863 691/1586/9864
f 669/1564/9865 693/1588/9866 692/1587/9867
f 670/1567/9868 694/1589/9869 693/1588/9870
f 670/1567/9871 675/1584/9872 691/1586/9873
f 668/1577/9874 696/1592/9875 695/1590/9876
f 668/1577/9877 687/1576/9878 697/1591/9879
f 688/1572/9880 698/1593/9881 697/1591/9882
f 667/1563/9883 695/1590/9884 698/1593/9885
f 692/1587/9886 700/1595/9887 699/1594/9888
f 693/1588/9889 701/1596/9890 700/1595/9891
f 694/1589/9892 702/1597/9893 701/1596/9894
f 691/1586/9895 699/1594/9896 702/1597/9897
f 696/1592/9898 704/1600/9899 703/1598/9900
f 696/1592/9901 697/1591/9902 705/1599/9903
f 698/1593/9904 706/1601/9905 705/1599/9906
f 695/1590/9907 703/1598/9908 706/1601/9909
f 704/1600/9910 708/1604/9911 707/1602/9912
f 704/1600/9913 705/1599/9914 709/1603/9915
f 706/1601/9916 710/1605/9917 709/1603/9918
f 703/1598/9919 707/1602/9920 710/1605/9921
f 708/1604/9922 712/1608/9923 711/1606/9924
f 708/1604/9925 709/1603/9926 713/1607/9927
f 710/1605/9928 714/1609/9929 713/1607/9930
f 707/1602/9931 711/1606/9932 714/1609/9933
f 712/1608/9934 716/1611/9935 715/1610/9936
f 713/1607/9937 717/1612/9938 716/1611/9939
f 714/1609/9940 718/1613/9941 717/1612/9942
f 714/1609/9943 711/1606/9944 715/1610/9945
f 716/1611/9946 720/1615/9947 719/1614/9948
f 717/1612/9949 721/1616/9950 720/1615/9951
f 718/1613/9952 722/1617/9953 721/1616/9954
f 718/1613/9955 715/1610/9956 719/1614/9957
f 700/1595/9958 724/1620/9959 723/1618/9960
f 700/1595/9961 701/1596/9962 725/1619/9963
f 702/1597/9964 726/1621/9965 725/1619/9966
f 699/1594/9967 723/1618/9968 726/1621/9969
f 720/1615/9970 728/1623/9971 727/1622/9972
f 721/1616/9973 729/1624/9974 728/1623/9975
f 722/1617/9976 730/1625/9977 729/1624/9978
f 722/1617/9979 719/1614/9980 727/1622/9981
f 724/1620/9982 732/1628/9983 731/1626/9984
f 724/1620/9985 725/1619/9986 733/1627/9987
f 726/1621/9988 734/1629/9989 733/1627/9990
f 723/1618/9991 731/1626/9992 734/1629/9993
f 728/1623/9994 736/1631/9995 735/1630/9996
f 729/1624/9997 737/1632/9998 736/1631/9999
f 730/1625/10000 738/1633/10001 737/1632/10002
f 730/1625/10003 727/1622/10004 735/1630/10005
f 733/1627/10006 741/1635/10007 740/1634/10008
f 734/1629/10009 742/1636/10010 741/1635/10011
f 731/1626/10012 739/1644/10013 742/1636/10014
f 736/1631/10015 744/1638/10016 743/1637/10017
f 737/1632/10018 745/1640/10019 744/1638/10020
f 738/1633/10021 735/1630/10022 743/1637/10023
f 732/1628/10024 740/1634/10025 745/1640/10026
f 747/1641/10027 754/1649/10028 753/1642/10029
f 731/1626/10030 738/1633/10031 746/1639/10032
f 732/1628/10033 737/1632/10034 738/1633/10035
f 741/1635/10036 749/1645/10037 748/1643/10038
f 742/1636/10039 750/1646/10040 749/1645/10041
f 742/1636/10042 739/1644/10043 747/1641/10044
f 744/1638/10045 752/1648/10046 751/1647/10047
f 745/1640/10048 753/1642/10049 752/1648/10050
f 746/1639/10051 743/1637/10052 751/1647/10053
f 739/1644/10054 746/1639/10055 754/1649/10056
f 740/1634/10057 748/1643/10058 753/1642/10059
f 748/1643/10060 756/1651/10061 755/1650/10062
f 749/1645/10063 757/1652/10064 756/1651/10065
f 750/1646/10066 758/1653/10067 757/1652/10068
f 750/1646/10069 747/1641/10070 755/1650/10071
f 752/1648/10072 760/1656/10073 759/1654/10074
f 752/1648/10075 753/1642/10076 761/1655/10077
f 754/1649/10078 762/1657/10079 761/1655/10080
f 751/1647/10081 759/1654/10082 762/1657/10083
f 756/1651/10084 764/1659/10085 763/1658/10086
f 757/1652/10087 765/1660/10088 764/1659/10089
f 758/1653/10090 766/1661/10091 765/1660/10092
f 758/1653/10093 755/1650/10094 763/1658/10095
f 760/1656/10096 768/1664/10097 767/1662/10098
f 760/1656/10099 761/1655/10100 769/1663/10101
f 762/1657/10102 770/1665/10103 769/1663/10104
f 759/1654/10105 767/1662/10106 770/1665/10107
f 764/1659/10108 772/1667/10109 771/1666/10110
f 765/1660/10111 773/1668/10112 772/1667/10113
f 766/1661/10114 774/1669/10115 773/1668/10116
f 766/1661/10117 763/1658/10118 771/1666/10119
f 768/1664/10120 776/1671/10121 775/1670/10122
f 769/1663/10123 777/1672/10124 776/1671/10125
f 770/1665/10126 778/1673/10127 777/1672/10128
f 770/1665/10129 767/1662/10130 775/1670/10131
f 776/1671/10132 780/1675/10133 779/1674/10134
f 777/1672/10135 781/1676/10136 780/1675/10137
f 778/1673/10138 782/1677/10139 781/1676/10140
f 778/1673/10141 775/1670/10142 779/1674/10143
f 780/1675/10144 784/1679/10145 783/1678/10146
f 781/1676/10147 785/1680/10148 784/1679/10149
f 782/1677/10150 786/1681/10151 785/1680/10152
f 782/1677/10153 779/1674/10154 783/1678/10155
f 784/1679/10156 788/1683/10157 787/1682/10158
f 785/1680/10159 789/1684/10160 788/1683/10161
f 786/1681/10162 790/1685/10163 789/1684/10164
f 786/1681/10165 783/1678/10166 787/1682/10167
f 788/1683/10168 792/1687/10169 791/1686/10170
f 789/1684/10171 793/1688/10172 792/1687/10173
f 790/1685/10174 794/1689/10175 793/1688/10176
f 790/1685/10177 787/1682/10178 791/1686/10179
f 792/1687/10180 796/1691/10181 795/1690/10182
f 793/1688/10183 797/1692/10184 796/1691/10185
f 794/1689/10186 798/1693/10187 797/1692/10188
f 794/1689/10189 791/1686/10190 795/1690/10191
f 796/1691/10192 800/1695/10193 799/1694/10194
f 797/1692/10195 801/1696/10196 800/1695/10197
f 798/1693/10198 802/1697/10199 801/1696/10200
f 798/1693/10201 795/1690/10202 799/1694/10203
f 800/1695/10204 804/1699/10205 803/1698/10206
f 801/1696/10207 805/1700/10208 804/1699/10209
f 802/1697/10210 806/1701/10211 805/1700/10212
f 802/1697/10213 799/1694/10214 803/1698/10215
f 772/1667/10216 808/1704/10217 807/1702/10218
f 772/1667/10219 773/1668/10220 809/1703/10221
f 774/1669/10222 810/1705/10223 809/1703/10224
f 771/1666/10225 807/1702/10226 810/1705/10227
f 808/1704/10228 812/1708/10229 811/1706/10230
f 808/1704/10231 809/1703/10232 813/1707/10233
f 810/1705/10234 814/1709/10235 813/1707/10236
f 807/1702/10237 811/1706/10238 814/1709/10239
f 813/1707/10240 817/1711/10241 816/1710/10242
f 814/1709/10243 818/1713/10244 817/1711/10245
f 814/1709/10246 811/1706/10247 815/1712/10248
f 804/1699/10249 820/1715/10250 819/1714/10251
f 805/1700/10252 821/1718/10253 820/1715/10254
f 806/1701/10255 803/1698/10256 819/1714/10257
f 806/1701/10258 822/1716/10259 815/1712/10260
f 861/1717/10261 856/1541/10262 855/1543/10263
f 805/1700/10264 812/1708/10265 816/1710/10266
f 806/1701/10267 811/1706/10268 812/1708/10269
f 817/1711/10270 825/1720/10271 824/1719/10272
f 818/1713/10273 826/1722/10274 825/1720/10275
f 818/1713/10276 815/1712/10277 823/1721/10278
f 820/1715/10279 828/1724/10280 827/1723/10281
f 821/1718/10282 829/1726/10283 828/1724/10284
f 822/1716/10285 819/1714/10286 827/1723/10287
f 821/1718/10288 816/1710/10289 824/1719/10290
f 822/1716/10291 830/1725/10292 823/1721/10293
f 824/1719/10294 825/1720/10295 833/1727/10296
f 826/1722/10297 834/1729/10298 833/1727/10299
f 823/1721/10300 831/1734/10301 834/1729/10302
f 828/1724/10303 836/1731/10304 835/1730/10305
f 829/1726/10306 837/1733/10307 836/1731/10308
f 830/1725/10309 827/1723/10310 835/1730/10311
f 829/1726/10312 824/1719/10313 832/1728/10314
f 830/1725/10315 838/1732/10316 831/1734/10317
f 832/1728/10318 833/1727/10319 841/1735/10320
f 834/1729/10321 842/1737/10322 841/1735/10323
f 831/1734/10324 839/1742/10325 842/1737/10326
f 836/1731/10327 844/1739/10328 843/1738/10329
f 837/1733/10330 845/1741/10331 844/1739/10332
f 838/1732/10333 835/1730/10334 843/1738/10335
f 837/1733/10336 832/1728/10337 840/1736/10338
f 838/1732/10339 846/1740/10340 839/1742/10341
f 840/1736/10342 841/1735/10343 849/1743/10344
f 842/1737/10345 850/1745/10346 849/1743/10347
f 839/1742/10348 847/1750/10349 850/1745/10350
f 844/1739/10351 852/1747/10352 851/1746/10353
f 845/1741/10354 853/1749/10355 852/1747/10356
f 846/1740/10357 843/1738/10358 851/1746/10359
f 845/1741/10360 840/1736/10361 848/1744/10362
f 846/1740/10363 854/1748/10364 847/1750/10365
f 848/1744/10366 849/1743/10367 857/1751/10368
f 850/1745/10369 858/1542/10370 857/1751/10371
f 847/1750/10372 855/1543/10373 858/1542/10374
f 852/1747/10375 860/1573/10376 859/1575/10377
f 853/1749/10378 861/1717/10379 860/1573/10380
f 854/1748/10381 851/1746/10382 859/1575/10383
f 848/1744/10384 856/1541/10385 861/1717/10386
f 847/1750/10387 854/1748/10388 862/1574/10389
f 869/99/10390 870/102/10391 864/100/10392
f 870/102/10393 871/1754/10394 865/103/10395
f 876/104/10396 877/1765/10397 878/105/10398
f 866/1753/10399 874/110/10400 869/106/10401
f 863/101/10402 864/100/10403 865/108/10404
f 871/1754/10405 872/1763/10406 867/1755/10407
f 874/110/10408 866/1753/10409 868/1756/10410
f 865/103/10411 867/1755/10412 868/1756/10413
f 869/106/10414 874/110/10415 871/1754/10416
f 874/110/10417 882/1759/10418 881/1758/10419
f 873/1757/10420 883/1767/10421 882/1759/10422
f 879/1760/10423 887/3412/10424 888/1761/10425
f 872/1763/10426 871/1754/10427 881/1758/10428
f 872/1763/10429 876/104/10430 875/1752/10431
f 873/1757/10432 868/1756/10433 878/105/10434
f 867/1755/10435 875/1752/10436 878/105/10437
f 884/1764/10438 885/1766/10439 876/104/10440
f 876/104/10441 879/1760/10442 880/1762/10443
f 885/1766/10444 887/3412/10445 879/1760/10446
f 883/1767/10447 873/1757/10448 877/1765/10449
f 886/1768/10450 877/1765/10451 880/1762/10452
f 890/1769/10453 896/1773/10454 895/1770/10455
f 891/1772/10456 897/1783/10457 896/1773/10458
f 904/1774/10459 903/1789/10460 902/1775/10461
f 892/1777/10462 889/3413/10463 895/1778/10464
f 891/1780/10465 890/1769/10466 889/1771/10467
f 893/1782/10468 898/1788/10469 897/1783/10470
f 894/1784/10471 892/1777/10472 900/1779/10473
f 894/1784/10474 893/1782/10475 891/1772/10476
f 897/1783/10477 900/1779/10478 895/1778/10479
f 881/1758/10480 882/1759/10481 900/1779/10482
f 882/1759/10483 883/1767/10484 899/1785/10485
f 888/1761/10486 887/3412/10487 905/1786/10488
f 898/1788/10489 884/1764/10490 881/1758/10491
f 901/1776/10492 902/1775/10493 898/1788/10494
f 899/1785/10495 903/1789/10496 904/1774/10497
f 904/1774/10498 901/1776/10499 893/1782/10500
f 902/1775/10501 885/1766/10502 884/1764/10503
f 906/1787/10504 905/1786/10505 902/1775/10506
f 905/1786/10507 887/3412/10508 885/1766/10509
f 903/1789/10510 899/1785/10511 883/1767/10512
f 906/1787/10513 903/1789/10514 886/1768/10515
f 919/111/10516 974/128/10517 963/112/10518
f 920/113/10519 921/1799/10520 911/1791/10521
f 922/114/10522 919/131/10523 907/1793/10524
f 914/115/10525 969/895/10526 970/116/10527
f 907/1790/10528 963/112/10529 964/118/10530
f 973/119/10531 915/129/10532 923/120/10533
f 916/122/10534 1060/163/10535 1061/123/10536
f 918/125/10537 926/137/10538 923/126/10539
f 974/128/10540 919/111/10541 915/129/10542
f 931/1796/10543 933/1800/10544 934/1797/10545
f 922/114/10546 918/125/10547 915/127/10548
f 972/121/10549 923/120/10550 927/132/10551
f 935/134/10552 937/1803/10553 938/135/10554
f 926/137/10555 930/141/10556 927/138/10557
f 971/133/10558 927/132/10559 908/117/10560
f 928/139/10561 910/158/10562 912/140/10563
f 930/141/10564 914/146/10565 908/142/10566
f 920/113/10567 931/1796/10568 932/130/10569
f 916/122/10570 933/1800/10571 931/1796/10572
f 917/124/10573 934/1797/10574 933/1800/10575
f 921/1799/10576 932/130/10577 934/1797/10578
f 924/1801/10579 935/134/10580 936/136/10581
f 928/139/10582 937/1803/10583 935/134/10584
f 929/1798/10585 938/135/10586 937/1803/10587
f 925/1802/10588 936/136/10589 938/135/10590
f 965/143/10591 922/114/10592 913/1795/10593
f 968/145/10594 969/896/10595 914/146/10596
f 1047/147/10597 1049/1883/10598 1050/1804/10599
f 966/148/10600 967/1810/10601 926/137/10602
f 1052/1806/10603 1053/1884/10604 1054/1807/10605
f 952/149/10606 909/1792/10607 911/1809/10608
f 962/151/10609 951/897/10610 911/1791/10611
f 917/124/10612 961/170/10613 962/151/10614
f 1062/152/10615 961/170/10616 917/124/10617
f 960/153/10618 925/1802/10619 929/1798/10620
f 959/154/10621 929/1798/10622 912/155/10623
f 958/157/10624 912/155/10625 910/158/10626
f 956/160/10627 957/159/10628 910/158/10629
f 955/161/10630 956/160/10631 928/139/10632
f 954/162/10633 1059/186/10634 1060/163/10635
f 953/164/10636 954/162/10637 916/122/10638
f 953/164/10639 920/113/10640 909/1792/10641
f 940/165/10642 964/118/10643 963/112/10644
f 939/166/10645 952/149/10646 951/150/10647
f 940/165/10648 963/112/10649 939/166/10650
f 941/167/10651 965/143/10652 964/144/10653
f 940/168/10654 951/897/10655 962/151/10656
f 941/167/10657 964/144/10658 940/168/10659
f 942/169/10660 966/148/10661 965/143/10662
f 941/167/10663 962/151/10664 961/170/10665
f 942/169/10666 965/143/10667 941/167/10668
f 943/171/10669 967/1810/10670 966/148/10671
f 942/169/10672 961/170/10673 1062/152/10674
f 943/171/10675 966/148/10676 942/169/10677
f 1067/185/10678 960/153/10679 943/171/10680
f 1063/189/10681 1067/185/10682 943/171/10683
f 943/171/10684 942/169/10685 1062/152/10686
f 1058/172/10687 1063/189/10688 943/171/10689
f 944/173/10690 968/145/10691 967/1810/10692
f 943/171/10693 960/153/10694 959/154/10695
f 944/173/10696 967/1810/10697 943/171/10698
f 945/174/10699 969/896/10700 968/145/10701
f 944/173/10702 959/154/10703 958/156/10704
f 945/174/10705 968/145/10706 944/173/10707
f 946/175/10708 970/116/10709 969/895/10710
f 945/176/10711 958/157/10712 957/159/10713
f 946/175/10714 969/895/10715 945/176/10716
f 947/177/10717 971/133/10718 970/116/10719
f 946/175/10720 957/159/10721 956/160/10722
f 947/177/10723 970/116/10724 946/175/10725
f 948/178/10726 972/121/10727 971/133/10728
f 947/177/10729 956/160/10730 955/161/10731
f 948/178/10732 971/133/10733 947/177/10734
f 949/179/10735 973/119/10736 972/121/10737
f 948/178/10738 955/161/10739 1070/180/10740
f 949/179/10741 972/121/10742 948/178/10743
f 1059/186/10744 954/162/10745 949/179/10746
f 1055/191/10747 1059/186/10748 949/179/10749
f 949/179/10750 948/178/10751 1070/180/10752
f 1066/181/10753 1055/191/10754 949/179/10755
f 950/182/10756 974/128/10757 973/119/10758
f 949/179/10759 954/162/10760 953/164/10761
f 950/182/10762 973/119/10763 949/179/10764
f 939/166/10765 963/112/10766 974/128/10767
f 950/182/10768 953/164/10769 952/149/10770
f 939/166/10771 974/128/10772 950/182/10773
f 967/1810/10774 975/1812/10775 976/1811/10776
f 968/145/10777 977/1813/10778 975/1812/10779
f 930/141/10780 978/1814/10781 977/1813/10782
f 926/137/10783 976/1811/10784 978/1814/10785
f 966/148/10786 980/1816/10787 979/1815/10788
f 918/125/10789 981/1817/10790 980/1816/10791
f 922/114/10792 982/1818/10793 981/1817/10794
f 965/143/10795 979/1815/10796 982/1818/10797
f 976/1811/10798 975/1812/10799 983/1819/10800
f 977/1813/10801 985/1821/10802 983/1819/10803
f 978/1814/10804 986/1822/10805 985/1821/10806
f 976/1811/10807 984/1820/10808 986/1822/10809
f 980/1816/10810 988/1824/10811 987/1823/10812
f 981/1817/10813 989/1825/10814 988/1824/10815
f 982/1818/10816 990/1826/10817 989/1825/10818
f 982/1818/10819 979/1815/10820 987/1823/10821
f 984/1820/10822 983/1819/10823 991/1827/10824
f 985/1821/10825 993/1829/10826 991/1827/10827
f 986/1822/10828 994/1830/10829 993/1829/10830
f 984/1820/10831 992/1828/10832 994/1830/10833
f 988/1824/10834 996/1832/10835 995/1831/10836
f 989/1825/10837 997/1833/10838 996/1832/10839
f 990/1826/10840 998/1834/10841 997/1833/10842
f 990/1826/10843 987/1823/10844 995/1831/10845
f 992/1828/10846 991/1827/10847 999/1835/10848
f 993/1829/10849 1001/1837/10850 999/1835/10851
f 994/1830/10852 1002/1838/10853 1001/1837/10854
f 992/1828/10855 1000/1836/10856 1002/1838/10857
f 996/1832/10858 1004/1840/10859 1003/1839/10860
f 997/1833/10861 1005/1841/10862 1004/1840/10863
f 998/1834/10864 1006/1842/10865 1005/1841/10866
f 998/1834/10867 995/1831/10868 1003/1839/10869
f 999/1835/10870 1007/1844/10871 1008/1843/10872
f 1001/1837/10873 1009/1846/10874 1007/1844/10875
f 1001/1837/10876 1002/1838/10877 1010/1845/10878
f 1000/1836/10879 1008/1843/10880 1010/1845/10881
f 1004/1840/10882 1012/1849/10883 1011/1847/10884
f 1004/1840/10885 1005/1841/10886 1013/1848/10887
f 1006/1842/10888 1014/1850/10889 1013/1848/10890
f 1003/1839/10891 1011/1847/10892 1014/1850/10893
f 1007/1844/10894 1015/1852/10895 1016/1851/10896
f 1009/1846/10897 1017/1854/10898 1015/1852/10899
f 1009/1846/10900 1010/1845/10901 1018/1853/10902
f 1008/1843/10903 1016/1851/10904 1018/1853/10905
f 1012/1849/10906 1020/1857/10907 1019/1855/10908
f 1012/1849/10909 1013/1848/10910 1021/1856/10911
f 1014/1850/10912 1022/1858/10913 1021/1856/10914
f 1011/1847/10915 1019/1855/10916 1022/1858/10917
f 1015/1852/10918 1023/1860/10919 1024/1859/10920
f 1017/1854/10921 1025/1862/10922 1023/1860/10923
f 1017/1854/10924 1018/1853/10925 1026/1861/10926
f 1016/1851/10927 1024/1859/10928 1026/1861/10929
f 1020/1857/10930 1028/1864/10931 1027/1863/10932
f 1021/1856/10933 1029/1865/10934 1028/1864/10935
f 1022/1858/10936 1030/1866/10937 1029/1865/10938
f 1022/1858/10939 1019/1855/10940 1027/1863/10941
f 1023/1860/10942 1031/1868/10943 1032/1867/10944
f 1025/1862/10945 1033/1870/10946 1031/1868/10947
f 1025/1862/10948 1026/1861/10949 1034/1869/10950
f 1024/1859/10951 1032/1867/10952 1034/1869/10953
f 1028/1864/10954 1036/1872/10955 1035/1871/10956
f 1029/1865/10957 1037/1873/10958 1036/1872/10959
f 1030/1866/10960 1038/1874/10961 1037/1873/10962
f 1030/1866/10963 1027/1863/10964 1035/1871/10965
f 1031/1868/10966 1039/1876/10967 1040/1875/10968
f 1033/1870/10969 1041/1878/10970 1039/1876/10971
f 1033/1870/10972 1034/1869/10973 1042/1877/10974
f 1032/1867/10975 1040/1875/10976 1042/1877/10977
f 1036/1872/10978 1044/1880/10979 1043/1879/10980
f 1037/1873/10981 1045/1881/10982 1044/1880/10983
f 1038/1874/10984 1046/1882/10985 1045/1881/10986
f 1038/1874/10987 1035/1871/10988 1043/1879/10989
f 1039/1876/10990 1047/147/10991 1048/1805/10992
f 1041/1878/10993 1049/1883/10994 1047/147/10995
f 1041/1878/10996 1042/1877/10997 1050/1804/10998
f 1040/1875/10999 1048/1805/11000 1050/1804/11001
f 1044/1880/11002 1052/1806/11003 1051/1808/11004
f 1044/1880/11005 1045/1881/11006 1053/1884/11007
f 1046/1882/11008 1054/1807/11009 1053/1884/11010
f 1043/1879/11011 1051/1808/11012 1054/1807/11013
f 1070/180/11014 955/161/11015 924/1801/11016
f 1069/183/11017 924/1801/11018 925/1802/11019
f 1067/185/11020 1068/184/11021 925/1802/11022
f 1059/186/11023 1055/191/11024 1056/187/11025
f 1071/1885/11026 1073/1919/11027 1074/188/11028
f 1058/172/11029 1062/152/11030 1061/123/11031
f 1063/189/11032 1058/172/11033 1057/1887/11034
f 1056/187/11035 1065/192/11036 1064/190/11037
f 1055/191/11038 1066/181/11039 1065/192/11040
f 1067/185/11041 1063/189/11042 1064/190/11043
f 1076/1888/11044 1077/1913/11045 1078/1889/11046
f 1066/181/11047 1070/180/11048 1069/183/11049
f 1060/163/11050 1079/1893/11051 1080/1891/11052
f 1060/163/11053 1056/187/11054 1082/1892/11055
f 1057/1887/11056 1081/1894/11057 1082/1892/11058
f 1061/123/11059 1080/1891/11060 1081/1894/11061
f 1065/192/11062 1086/1896/11063 1083/1895/11064
f 1069/183/11065 1085/1897/11066 1086/1896/11067
f 1068/184/11068 1084/1898/11069 1085/1897/11070
f 1068/184/11071 1064/190/11072 1083/1895/11073
f 1103/1899/11074 1105/1923/11075 1106/1900/11076
f 1080/1891/11077 1096/1921/11078 1097/1902/11079
f 1081/1894/11080 1097/1902/11081 1098/1903/11082
f 1079/1893/11083 1082/1892/11084 1098/1903/11085
f 1084/1898/11086 1083/1895/11087 1099/1905/11088
f 1107/1907/11089 1109/1924/11090 1110/1908/11091
f 1085/1897/11092 1101/1922/11093 1102/1910/11094
f 1086/1896/11095 1102/1910/11096 1099/1905/11097
f 1087/1911/11098 1075/1890/11099 1078/1889/11100
f 1088/1912/11101 1078/1889/11102 1077/1913/11103
f 1090/1915/11104 1089/1914/11105 1077/1913/11106
f 1090/1915/11107 1076/1888/11108 1075/1890/11109
f 1091/1916/11110 1071/1885/11111 1072/1886/11112
f 1093/1918/11113 1092/1917/11114 1072/1886/11115
f 1093/1918/11116 1074/188/11117 1073/1919/11118
f 1094/1920/11119 1073/1919/11120 1071/1885/11121
f 1095/1904/11122 1091/1916/11123 1092/1917/11124
f 1096/1921/11125 1092/1917/11126 1093/1918/11127
f 1097/1902/11128 1093/1918/11129 1094/1920/11130
f 1095/1904/11131 1098/1903/11132 1094/1920/11133
f 1100/1906/11134 1099/1905/11135 1087/1911/11136
f 1100/1906/11137 1088/1912/11138 1089/1914/11139
f 1101/1922/11140 1089/1914/11141 1090/1915/11142
f 1102/1910/11143 1090/1915/11144 1087/1911/11145
f 1079/1893/11146 1103/1899/11147 1104/1901/11148
f 1079/1893/11149 1095/1904/11150 1105/1923/11151
f 1096/1921/11152 1106/1900/11153 1105/1923/11154
f 1080/1891/11155 1104/1901/11156 1106/1900/11157
f 1084/1898/11158 1107/1907/11159 1108/1909/11160
f 1084/1898/11161 1100/1906/11162 1109/1924/11163
f 1101/1922/11164 1110/1908/11165 1109/1924/11166
f 1085/1897/11167 1108/1909/11168 1110/1908/11169
f 1134/1925/11170 1111/1990/11171 1115/1926/11172
f 1119/1928/11173 1121/1938/11174 1122/1929/11175
f 1114/1931/11176 1118/1953/11177 1115/1932/11178
f 1112/1934/11179 1119/1928/11180 1120/1930/11181
f 1116/1936/11182 1121/1938/11183 1119/1928/11184
f 1117/1937/11185 1122/1929/11186 1121/1938/11187
f 1113/1935/11188 1120/1930/11189 1122/1929/11190
f 1171/1939/11191 1173/1988/11192 1174/1940/11193
f 1130/1942/11194 1113/1935/11195 1117/1937/11196
f 1127/1944/11197 1128/1989/11198 1116/1936/11199
f 1124/1945/11200 1132/1951/11201 1131/1949/11202
f 1123/1946/11203 1130/1942/11204 1129/1943/11205
f 1124/1945/11206 1131/1949/11207 1123/1946/11208
f 1126/1947/11209 1134/1925/11210 1133/1927/11211
f 1125/1948/11212 1128/1989/11213 1127/1944/11214
f 1126/1947/11215 1133/1927/11216 1125/1948/11217
f 1131/1949/11218 1135/1952/11219 1136/1950/11220
f 1132/1951/11221 1137/1954/11222 1135/1952/11223
f 1118/1953/11224 1138/1955/11225 1137/1954/11226
f 1114/1931/11227 1136/1950/11228 1138/1955/11229
f 1136/1950/11230 1135/1952/11231 1139/1956/11232
f 1137/1954/11233 1141/1958/11234 1139/1956/11235
f 1138/1955/11236 1142/1959/11237 1141/1958/11238
f 1136/1950/11239 1140/1957/11240 1142/1959/11241
f 1140/1957/11242 1139/1956/11243 1143/1960/11244
f 1141/1958/11245 1145/1962/11246 1143/1960/11247
f 1142/1959/11248 1146/1963/11249 1145/1962/11250
f 1140/1957/11251 1144/1961/11252 1146/1963/11253
f 1144/1961/11254 1143/1960/11255 1147/1964/11256
f 1145/1962/11257 1149/1966/11258 1147/1964/11259
f 1146/1963/11260 1150/1967/11261 1149/1966/11262
f 1144/1961/11263 1148/1965/11264 1150/1967/11265
f 1147/1964/11266 1151/1969/11267 1152/1968/11268
f 1149/1966/11269 1153/1971/11270 1151/1969/11271
f 1149/1966/11272 1150/1967/11273 1154/1970/11274
f 1148/1965/11275 1152/1968/11276 1154/1970/11277
f 1151/1969/11278 1155/1973/11279 1156/1972/11280
f 1153/1971/11281 1157/1975/11282 1155/1973/11283
f 1153/1971/11284 1154/1970/11285 1158/1974/11286
f 1152/1968/11287 1156/1972/11288 1158/1974/11289
f 1155/1973/11290 1159/1977/11291 1160/1976/11292
f 1157/1975/11293 1161/1979/11294 1159/1977/11295
f 1157/1975/11296 1158/1974/11297 1162/1978/11298
f 1156/1972/11299 1160/1976/11300 1162/1978/11301
f 1159/1977/11302 1163/1981/11303 1164/1980/11304
f 1161/1979/11305 1165/1983/11306 1163/1981/11307
f 1161/1979/11308 1162/1978/11309 1166/1982/11310
f 1160/1976/11311 1164/1980/11312 1166/1982/11313
f 1163/1981/11314 1167/1985/11315 1168/1984/11316
f 1165/1983/11317 1169/1987/11318 1167/1985/11319
f 1165/1983/11320 1166/1982/11321 1170/1986/11322
f 1164/1980/11323 1168/1984/11324 1170/1986/11325
f 1167/1985/11326 1171/1939/11327 1172/1941/11328
f 1169/1987/11329 1173/1988/11330 1171/1939/11331
f 1169/1987/11332 1170/1986/11333 1174/1940/11334
f 1168/1984/11335 1172/1941/11336 1174/1940/11337
f 1129/1943/11338 1117/1937/11339 1116/1936/11340
f 1125/1948/11341 1133/1927/11342 1132/1951/11343
f 1124/1945/11344 1129/1943/11345 1128/1989/11346
f 1125/1948/11347 1132/1951/11348 1124/1945/11349
f 1115/1932/11350 1118/1953/11351 1132/1951/11352
f 1127/1944/11353 1112/1934/11354 1113/1935/11355
f 1131/1949/11356 1134/1925/11357 1126/1947/11358
f 1126/1947/11359 1127/1944/11360 1130/1942/11361
f 1123/1946/11362 1131/1949/11363 1126/1947/11364
f 1131/1949/11365 1114/1931/11366 1111/1990/11367
f 1661/193/11368 1662/197/11369 1663/194/11370
f 1664/196/11371 1665/199/11372 1662/197/11373
f 1666/198/11374 1667/201/11375 1665/199/11376
f 1668/200/11377 1669/203/11378 1667/201/11379
f 1670/202/11380 1671/205/11381 1669/203/11382
f 1672/204/11383 1673/207/11384 1671/205/11385
f 1674/206/11386 1675/209/11387 1673/207/11388
f 1676/208/11389 1677/211/11390 1675/209/11391
f 1678/210/11392 1679/213/11393 1677/211/11394
f 1680/212/11395 1681/215/11396 1679/213/11397
f 1682/214/11398 1683/217/11399 1681/215/11400
f 1684/216/11401 1685/219/11402 1683/217/11403
f 1686/218/11404 1687/221/11405 1685/219/11406
f 1688/220/11407 1689/223/11408 1687/221/11409
f 1660/222/11410 1663/626/11411 1689/223/11412
f 1222/240/11413 1223/1992/11414 1224/241/11415
f 1225/242/11416 1226/1993/11417 1223/1992/11418
f 1227/243/11419 1228/1994/11420 1226/1993/11421
f 1229/244/11422 1230/1995/11423 1228/1994/11424
f 1231/245/11425 1232/1996/11426 1230/1995/11427
f 1233/246/11428 1234/1997/11429 1232/1996/11430
f 1235/247/11431 1236/1998/11432 1234/1997/11433
f 1237/248/11434 1238/1999/11435 1236/1998/11436
f 1239/249/11437 1240/2000/11438 1238/1999/11439
f 1241/250/11440 1242/2029/11441 1240/2000/11442
f 1388/251/11443 1389/3414/11444 1390/2001/11445
f 1245/252/11446 1246/2005/11447 1244/2003/11448
f 1247/253/11449 1248/2006/11450 1246/2005/11451
f 1249/254/11452 1250/2007/11453 1248/2006/11454
f 1221/1991/11455 1224/241/11456 1250/2007/11457
f 1190/2008/11458 1191/2011/11459 1222/240/11460
f 1206/2009/11461 1224/241/11462 1223/1992/11463
f 1191/2011/11464 1192/2013/11465 1225/242/11466
f 1207/2010/11467 1223/1992/11468 1226/1993/11469
f 1192/2013/11470 1193/2015/11471 1227/243/11472
f 1208/2012/11473 1226/1993/11474 1228/1994/11475
f 1193/2015/11476 1194/2017/11477 1229/244/11478
f 1209/2014/11479 1228/1994/11480 1230/1995/11481
f 1194/2017/11482 1195/2019/11483 1231/245/11484
f 1210/2016/11485 1230/1995/11486 1232/1996/11487
f 1195/2019/11488 1196/2021/11489 1233/246/11490
f 1211/2018/11491 1232/1996/11492 1234/1997/11493
f 1196/2021/11494 1197/2023/11495 1235/247/11496
f 1212/2020/11497 1234/1997/11498 1236/1998/11499
f 1197/2023/11500 1198/2026/11501 1237/248/11502
f 1213/2022/11503 1236/1998/11504 1238/1999/11505
f 1199/2025/11506 1239/249/11507 1237/248/11508
f 1215/2027/11509 1214/2024/11510 1238/1999/11511
f 1200/2028/11512 1241/250/11513 1239/249/11514
f 1215/2027/11515 1240/2000/11516 1242/2029/11517
f 1201/2031/11518 1243/2004/11519 1241/250/11520
f 1216/2030/11521 1242/2029/11522 1244/2003/11523
f 1201/2031/11524 1202/2035/11525 1245/252/11526
f 1217/2032/11527 1244/2003/11528 1246/2005/11529
f 1203/2034/11530 1247/253/11531 1245/252/11532
f 1219/2036/11533 1218/2033/11534 1246/2005/11535
f 1203/2034/11536 1204/2038/11537 1249/254/11538
f 1219/2036/11539 1248/2006/11540 1250/2007/11541
f 1204/2038/11542 1190/2008/11543 1221/1991/11544
f 1220/2037/11545 1250/2007/11546 1224/241/11547
f 1207/255/11548 1252/2040/11549 1251/256/11550
f 1208/257/11551 1253/2041/11552 1252/2040/11553
f 1209/258/11554 1254/2042/11555 1253/2041/11556
f 1209/258/11557 1210/2043/11558 1255/259/11559
f 1210/2043/11560 1211/2044/11561 1256/260/11562
f 1212/261/11563 1257/2045/11564 1256/260/11565
f 1213/262/11566 1258/2046/11567 1257/2045/11568
f 1214/263/11569 1259/2047/11570 1258/2046/11571
f 1215/264/11572 1260/2048/11573 1259/2047/11574
f 1216/265/11575 1261/2049/11576 1260/2048/11577
f 1217/266/11578 1262/2050/11579 1261/2049/11580
f 1218/267/11581 1263/2051/11582 1262/2050/11583
f 1219/268/11584 1264/2052/11585 1263/2051/11586
f 1220/269/11587 1265/2053/11588 1264/2052/11589
f 1206/2039/11590 1251/256/11591 1265/2053/11592
f 1251/256/11593 1252/2040/11594 1267/2054/11595
f 1252/2040/11596 1253/2041/11597 1268/2056/11598
f 1253/2041/11599 1254/2042/11600 1269/2057/11601
f 1254/2042/11602 1255/259/11603 1270/2058/11604
f 1255/259/11605 1256/260/11606 1271/2059/11607
f 1256/260/11608 1257/2045/11609 1272/2060/11610
f 1257/2045/11611 1258/2046/11612 1273/2061/11613
f 1259/2047/11614 1274/2062/11615 1273/2061/11616
f 1260/2048/11617 1275/2063/11618 1274/2062/11619
f 1261/2049/11620 1276/2064/11621 1275/2063/11622
f 1262/2050/11623 1277/2065/11624 1276/2064/11625
f 1263/2051/11626 1278/2066/11627 1277/2065/11628
f 1264/2052/11629 1279/2067/11630 1278/2066/11631
f 1265/2053/11632 1280/2068/11633 1279/2067/11634
f 1265/2053/11635 1251/256/11636 1266/2055/11637
f 1282/270/11638 1297/274/11639 1296/271/11640
f 1283/273/11641 1298/276/11642 1297/274/11643
f 1283/273/11644 1284/277/11645 1299/275/11646
f 1284/277/11647 1285/279/11648 1300/278/11649
f 1285/279/11650 1286/281/11651 1301/280/11652
f 1286/281/11653 1287/283/11654 1302/282/11655
f 1287/283/11656 1288/285/11657 1303/284/11658
f 1288/285/11659 1289/288/11660 1304/286/11661
f 1290/287/11662 1305/290/11663 1304/286/11664
f 1291/289/11665 1306/292/11666 1305/290/11667
f 1291/289/11668 1292/293/11669 1307/291/11670
f 1292/293/11671 1293/295/11672 1308/294/11673
f 1293/295/11674 1294/298/11675 1309/296/11676
f 1295/297/11677 1310/300/11678 1309/296/11679
f 1281/299/11680 1296/3415/11681 1310/300/11682
f 1297/274/11683 1312/303/11684 1311/301/11685
f 1297/274/11686 1298/276/11687 1313/302/11688
f 1298/276/11689 1299/275/11690 1314/304/11691
f 1299/275/11692 1300/278/11693 1315/305/11694
f 1300/278/11695 1301/280/11696 1316/306/11697
f 1301/280/11698 1302/282/11699 1317/307/11700
f 1303/284/11701 1318/308/11702 1317/307/11703
f 1304/286/11704 1319/309/11705 1318/308/11706
f 1305/290/11707 1320/310/11708 1319/309/11709
f 1306/292/11710 1321/312/11711 1320/310/11712
f 1306/292/11713 1307/291/11714 1322/311/11715
f 1308/294/11716 1323/313/11717 1322/311/11718
f 1309/296/11719 1324/314/11720 1323/313/11721
f 1310/300/11722 1325/316/11723 1324/314/11724
f 1310/300/11725 1296/3415/11726 1311/315/11727
f 1312/303/11728 1327/318/11729 1326/317/11730
f 1313/302/11731 1328/319/11732 1327/318/11733
f 1314/304/11734 1329/320/11735 1328/319/11736
f 1315/305/11737 1330/322/11738 1329/320/11739
f 1315/305/11740 1316/306/11741 1331/321/11742
f 1316/306/11743 1317/307/11744 1332/323/11745
f 1318/308/11746 1333/325/11747 1332/323/11748
f 1318/308/11749 1319/309/11750 1334/324/11751
f 1319/309/11752 1320/310/11753 1335/326/11754
f 1320/310/11755 1321/312/11756 1336/327/11757
f 1322/311/11758 1337/328/11759 1336/327/11760
f 1323/313/11761 1338/329/11762 1337/328/11763
f 1324/314/11764 1339/330/11765 1338/329/11766
f 1325/316/11767 1340/331/11768 1339/330/11769
f 1311/315/11770 1326/3416/11771 1340/331/11772
f 1326/317/11773 1327/318/11774 1342/332/11775
f 1328/319/11776 1343/335/11777 1342/332/11778
f 1328/319/11779 1329/320/11780 1344/334/11781
f 1329/320/11782 1330/322/11783 1345/336/11784
f 1331/321/11785 1346/338/11786 1345/336/11787
f 1331/321/11788 1332/323/11789 1347/337/11790
f 1333/325/11791 1348/340/11792 1347/337/11793
f 1333/325/11794 1334/324/11795 1349/339/11796
f 1334/324/11797 1335/326/11798 1350/341/11799
f 1335/326/11800 1336/327/11801 1351/342/11802
f 1337/328/11803 1352/343/11804 1351/342/11805
f 1338/329/11806 1353/345/11807 1352/343/11808
f 1338/329/11809 1339/330/11810 1354/344/11811
f 1340/331/11812 1355/347/11813 1354/344/11814
f 1340/331/11815 1326/3416/11816 1341/346/11817
f 1342/332/11818 1357/349/11819 1356/348/11820
f 1343/335/11821 1358/351/11822 1357/349/11823
f 1343/335/11824 1344/334/11825 1359/350/11826
f 1344/334/11827 1345/336/11828 1360/352/11829
f 1345/336/11830 1346/338/11831 1361/353/11832
f 1347/337/11833 1362/354/11834 1361/353/11835
f 1348/340/11836 1363/356/11837 1362/354/11838
f 1348/340/11839 1349/339/11840 1364/355/11841
f 1350/341/11842 1365/357/11843 1364/355/11844
f 1351/342/11845 1366/358/11846 1365/357/11847
f 1352/343/11848 1367/359/11849 1366/358/11850
f 1353/345/11851 1368/361/11852 1367/359/11853
f 1353/345/11854 1354/344/11855 1369/360/11856
f 1354/344/11857 1355/347/11858 1370/362/11859
f 1355/347/11860 1341/346/11861 1356/363/11862
f 1356/348/11863 1357/349/11864 1372/364/11865
f 1357/349/11866 1358/351/11867 1373/366/11868
f 1359/350/11869 1374/368/11870 1373/366/11871
f 1359/350/11872 1360/352/11873 1375/367/11874
f 1361/353/11875 1376/370/11876 1375/367/11877
f 1361/353/11878 1362/354/11879 1377/369/11880
f 1363/356/11881 1378/371/11882 1377/369/11883
f 1364/355/11884 1379/373/11885 1378/371/11886
f 1364/355/11887 1365/357/11888 1380/372/11889
f 1365/357/11890 1366/358/11891 1381/374/11892
f 1367/359/11893 1382/375/11894 1381/374/11895
f 1368/361/11896 1383/376/11897 1382/375/11898
f 1369/360/11899 1384/378/11900 1383/376/11901
f 1369/360/11902 1370/362/11903 1385/377/11904
f 1356/363/11905 1371/393/11906 1385/377/11907
f 1267/2054/11908 1268/2056/11909 1283/395/11910
f 1268/2056/11911 1269/2057/11912 1284/397/11913
f 1270/2058/11914 1285/398/11915 1284/397/11916
f 1271/2059/11917 1286/399/11918 1285/398/11919
f 1272/2060/11920 1287/400/11921 1286/399/11922
f 1273/2061/11923 1288/401/11924 1287/400/11925
f 1274/2062/11926 1289/402/11927 1288/401/11928
f 1275/2063/11929 1290/403/11930 1289/402/11931
f 1276/2064/11932 1291/405/11933 1290/403/11934
f 1276/2064/11935 1277/2065/11936 1292/404/11937
f 1277/2065/11938 1278/2066/11939 1293/406/11940
f 1278/2066/11941 1279/2067/11942 1294/407/11943
f 1279/2067/11944 1280/2068/11945 1295/408/11946
f 1280/2068/11947 1266/2055/11948 1281/409/11949
f 1266/2055/11950 1267/2054/11951 1282/396/11952
f 1392/411/11953 1393/2094/11954 1394/412/11955
f 1244/413/11956 1389/3417/11957 1388/2070/11958
f 1244/2072/11959 1242/3418/11960 1390/2073/11961
f 1241/414/11962 1387/3419/11963 1390/2075/11964
f 1243/415/11965 1398/2088/11966 1395/416/11967
f 1243/2078/11968 1388/3420/11969 1397/2079/11970
f 1387/417/11971 1396/3421/11972 1397/418/11973
f 1241/2082/11974 1395/2085/11975 1396/2083/11976
f 1395/2085/11977 1391/2069/11978 1394/412/11979
f 1397/418/11980 1396/3421/11981 1394/2086/11982
f 1398/2088/11983 1392/2097/11984 1391/2089/11985
f 1400/2091/11986 1398/2080/11987 1397/2079/11988
f 1397/2079/11989 1399/3422/11990 1401/2090/11991
f 1399/2093/11992 1397/418/11993 1393/2087/11994
f 1393/2087/11995 1402/2285/11996 1403/2092/11997
f 1393/2094/11998 1392/411/11999 1404/2095/12000
f 1392/2097/12001 1398/2088/12002 1400/2098/12003
f 1690/2103/12004 1691/627/12005 1692/419/12006
f 1693/2104/12007 1692/419/12008 1694/420/12009
f 1695/2105/12010 1694/420/12011 1696/421/12012
f 1697/2106/12013 1696/421/12014 1698/422/12015
f 1699/2107/12016 1698/422/12017 1700/423/12018
f 1701/2108/12019 1700/423/12020 1702/424/12021
f 1703/2109/12022 1702/424/12023 1704/425/12024
f 1704/425/12025 1706/426/12026 1707/2111/12027
f 1706/426/12028 1708/427/12029 1709/2112/12030
f 1708/427/12031 1710/428/12032 1711/2113/12033
f 1710/428/12034 1712/429/12035 1713/2114/12036
f 1712/429/12037 1714/430/12038 1715/2115/12039
f 1714/430/12040 1716/431/12041 1717/2116/12042
f 1716/431/12043 1718/628/12044 1719/2117/12045
f 1719/2117/12046 1718/628/12047 1691/432/12048
f 1451/2135/12049 1454/2196/12050 1453/2136/12051
f 1452/2137/12052 1453/2136/12053 1456/2138/12054
f 1455/2139/12055 1456/2138/12056 1458/2140/12057
f 1457/2141/12058 1458/2140/12059 1460/2142/12060
f 1460/2142/12061 1462/3423/12062 1461/2144/12063
f 1461/2144/12064 1462/3423/12065 1464/2145/12066
f 1463/2146/12067 1464/2145/12068 1466/2147/12069
f 1465/2148/12070 1466/2147/12071 1468/2149/12072
f 1467/2150/12073 1468/2149/12074 1470/2151/12075
f 1469/2152/12076 1470/2151/12077 1472/2153/12078
f 1617/2155/12079 1620/3424/12080 1619/2156/12081
f 1474/2158/12082 1476/2161/12083 1475/2159/12084
f 1476/2161/12085 1478/2163/12086 1477/2162/12087
f 1478/2163/12088 1480/2165/12089 1479/2164/12090
f 1480/2165/12091 1454/2196/12092 1451/2135/12093
f 1420/2166/12094 1451/2135/12095 1452/2137/12096
f 1453/2136/12097 1454/2196/12098 1436/2168/12099
f 1421/2167/12100 1452/2137/12101 1455/2139/12102
f 1438/2171/12103 1456/2138/12104 1453/2136/12105
f 1455/2139/12106 1457/2141/12107 1423/2172/12108
f 1439/2173/12109 1458/2140/12110 1456/2138/12111
f 1457/2141/12112 1459/2143/12113 1424/2174/12114
f 1440/2175/12115 1460/2142/12116 1458/2140/12117
f 1424/2174/12118 1459/2143/12119 1461/2144/12120
f 1441/2177/12121 1462/3423/12122 1460/2142/12123
f 1425/2176/12124 1461/2144/12125 1463/2146/12126
f 1464/2145/12127 1462/3423/12128 1441/2177/12129
f 1463/2146/12130 1465/2148/12131 1427/2180/12132
f 1466/2147/12133 1464/2145/12134 1442/2179/12135
f 1465/2148/12136 1467/2150/12137 1428/2182/12138
f 1444/2183/12139 1468/2149/12140 1466/2147/12141
f 1467/2150/12142 1469/2152/12143 1429/2184/12144
f 1445/2185/12145 1470/2151/12146 1468/2149/12147
f 1469/2152/12148 1471/2154/12149 1430/2186/12150
f 1446/2187/12151 1472/2153/12152 1470/2151/12153
f 1471/2154/12154 1473/2160/12155 1431/2188/12156
f 1447/2189/12157 1474/2158/12158 1472/2153/12159
f 1431/2188/12160 1473/2160/12161 1475/2159/12162
f 1448/2191/12163 1476/2161/12164 1474/2158/12165
f 1432/2190/12166 1475/2159/12167 1477/2162/12168
f 1478/2163/12169 1476/2161/12170 1448/2191/12171
f 1433/2192/12172 1477/2162/12173 1479/2164/12174
f 1480/2165/12175 1478/2163/12176 1449/2193/12177
f 1434/2194/12178 1479/2164/12179 1451/2135/12180
f 1454/2196/12181 1480/2165/12182 1450/2195/12183
f 1481/2197/12184 1482/2200/12185 1437/2198/12186
f 1482/2200/12187 1483/2202/12188 1438/2201/12189
f 1483/2202/12190 1484/2204/12191 1439/2203/12192
f 1484/2204/12193 1485/2206/12194 1440/2205/12195
f 1485/2206/12196 1486/2208/12197 1441/2207/12198
f 1486/2208/12199 1487/2231/12200 1442/2209/12201
f 1442/2209/12202 1487/2231/12203 1488/2210/12204
f 1488/2210/12205 1489/2213/12206 1444/2212/12207
f 1489/2213/12208 1490/2215/12209 1445/2214/12210
f 1490/2215/12211 1491/2217/12212 1446/2216/12213
f 1491/2217/12214 1492/2219/12215 1447/2218/12216
f 1492/2219/12217 1493/2237/12218 1448/2220/12219
f 1448/2220/12220 1493/2237/12221 1494/2221/12222
f 1449/2222/12223 1494/2221/12224 1495/2223/12225
f 1495/2223/12226 1481/2197/12227 1436/2199/12228
f 1481/2197/12229 1496/2240/12230 1497/2225/12231
f 1482/2200/12232 1497/2225/12233 1498/2226/12234
f 1483/2202/12235 1498/2226/12236 1499/2227/12237
f 1484/2204/12238 1499/2227/12239 1500/2228/12240
f 1485/2206/12241 1500/2228/12242 1501/2229/12243
f 1486/2208/12244 1501/2229/12245 1502/2230/12246
f 1487/2231/12247 1502/2230/12248 1503/2232/12249
f 1503/2232/12250 1504/2233/12251 1489/2213/12252
f 1504/2233/12253 1505/2234/12254 1490/2215/12255
f 1505/2234/12256 1506/2235/12257 1491/2217/12258
f 1506/2235/12259 1507/2236/12260 1492/2219/12261
f 1507/2236/12262 1508/2238/12263 1493/2237/12264
f 1508/2238/12265 1509/2239/12266 1494/2221/12267
f 1509/2239/12268 1510/2253/12269 1495/2223/12270
f 1495/2223/12271 1510/2253/12272 1496/2240/12273
f 1526/433/12274 1527/436/12275 1512/434/12276
f 1527/436/12277 1528/464/12278 1513/437/12279
f 1513/437/12280 1528/464/12281 1529/438/12282
f 1529/438/12283 1530/441/12284 1515/440/12285
f 1530/441/12286 1531/443/12287 1516/442/12288
f 1531/443/12289 1532/445/12290 1517/444/12291
f 1532/445/12292 1533/447/12293 1518/446/12294
f 1533/447/12295 1534/470/12296 1519/448/12297
f 1519/448/12298 1534/470/12299 1535/449/12300
f 1520/450/12301 1535/449/12302 1536/451/12303
f 1521/452/12304 1536/451/12305 1537/453/12306
f 1522/454/12307 1537/453/12308 1538/455/12309
f 1538/455/12310 1539/458/12311 1524/457/12312
f 1539/458/12313 1540/475/12314 1525/459/12315
f 1525/459/12316 1540/475/12317 1526/460/12318
f 1526/433/12319 1541/478/12320 1542/462/12321
f 1527/436/12322 1542/462/12323 1543/463/12324
f 1528/464/12325 1543/463/12326 1544/465/12327
f 1529/438/12328 1544/465/12329 1545/466/12330
f 1530/441/12331 1545/466/12332 1546/467/12333
f 1531/443/12334 1546/467/12335 1547/468/12336
f 1547/468/12337 1548/469/12338 1533/447/12339
f 1548/469/12340 1549/485/12341 1534/470/12342
f 1534/470/12343 1549/485/12344 1550/471/12345
f 1535/449/12346 1550/471/12347 1551/472/12348
f 1551/472/12349 1552/473/12350 1537/453/12351
f 1552/473/12352 1553/488/12353 1538/455/12354
f 1538/455/12355 1553/488/12356 1554/474/12357
f 1554/474/12358 1555/491/12359 1540/475/12360
f 1540/475/12361 1555/491/12362 1541/476/12363
f 1556/477/12364 1557/479/12365 1542/462/12366
f 1557/479/12367 1558/480/12368 1543/463/12369
f 1558/480/12370 1559/481/12371 1544/465/12372
f 1559/481/12373 1560/496/12374 1545/466/12375
f 1545/466/12376 1560/496/12377 1561/482/12378
f 1546/467/12379 1561/482/12380 1562/483/12381
f 1562/483/12382 1563/484/12383 1548/469/12384
f 1563/484/12385 1564/500/12386 1549/485/12387
f 1549/485/12388 1564/500/12389 1565/486/12390
f 1565/486/12391 1566/503/12392 1551/472/12393
f 1551/472/12394 1566/503/12395 1567/487/12396
f 1567/487/12397 1568/489/12398 1553/488/12399
f 1568/489/12400 1569/506/12401 1554/474/12402
f 1554/474/12403 1569/506/12404 1570/490/12405
f 1570/490/12406 1556/508/12407 1541/476/12408
f 1571/492/12409 1572/493/12410 1557/479/12411
f 1572/493/12412 1573/494/12413 1558/480/12414
f 1573/494/12415 1574/495/12416 1559/481/12417
f 1574/495/12418 1575/512/12419 1560/496/12420
f 1560/496/12421 1575/512/12422 1576/497/12423
f 1576/497/12424 1577/514/12425 1562/483/12426
f 1562/483/12427 1577/514/12428 1578/498/12429
f 1563/484/12430 1578/498/12431 1579/499/12432
f 1564/500/12433 1579/499/12434 1580/501/12435
f 1565/486/12436 1580/501/12437 1581/502/12438
f 1581/502/12439 1582/504/12440 1567/487/12441
f 1582/504/12442 1583/520/12443 1568/489/12444
f 1568/489/12445 1583/520/12446 1584/505/12447
f 1584/505/12448 1585/507/12449 1570/490/12450
f 1585/507/12451 1571/524/12452 1556/508/12453
f 1586/509/12454 1587/526/12455 1572/493/12456
f 1572/493/12457 1587/526/12458 1588/510/12459
f 1573/494/12460 1588/510/12461 1589/511/12462
f 1589/511/12463 1590/529/12464 1575/512/12465
f 1575/512/12466 1590/529/12467 1591/513/12468
f 1591/513/12469 1592/532/12470 1577/514/12471
f 1577/514/12472 1592/532/12473 1593/515/12474
f 1593/515/12475 1594/516/12476 1579/499/12477
f 1594/516/12478 1595/517/12479 1580/501/12480
f 1595/517/12481 1596/518/12482 1581/502/12483
f 1596/518/12484 1597/537/12485 1582/504/12486
f 1582/504/12487 1597/537/12488 1598/519/12489
f 1583/520/12490 1598/519/12491 1599/521/12492
f 1584/505/12493 1599/521/12494 1600/522/12495
f 1585/507/12496 1600/522/12497 1586/523/12498
f 1586/509/12499 1601/542/12500 1602/525/12501
f 1587/526/12502 1602/525/12503 1603/527/12504
f 1603/527/12505 1604/546/12506 1589/511/12507
f 1589/511/12508 1604/546/12509 1605/528/12510
f 1590/529/12511 1605/528/12512 1606/530/12513
f 1591/513/12514 1606/530/12515 1607/531/12516
f 1607/531/12517 1608/533/12518 1593/515/12519
f 1608/533/12520 1609/534/12521 1594/516/12522
f 1609/534/12523 1610/535/12524 1595/517/12525
f 1610/535/12526 1611/536/12527 1596/518/12528
f 1611/536/12529 1612/538/12530 1597/537/12531
f 1612/538/12532 1613/539/12533 1598/519/12534
f 1613/539/12535 1614/540/12536 1599/521/12537
f 1614/540/12538 1615/558/12539 1600/522/12540
f 1600/522/12541 1615/558/12542 1601/541/12543
f 1497/2225/12544 1512/2255/12545 1513/2241/12546
f 1498/2226/12547 1513/2241/12548 1514/2242/12549
f 1514/2242/12550 1515/2243/12551 1500/2228/12552
f 1515/2243/12553 1516/2244/12554 1501/2229/12555
f 1516/2244/12556 1517/2245/12557 1502/2230/12558
f 1517/2245/12559 1518/2246/12560 1503/2232/12561
f 1518/2246/12562 1519/2247/12563 1504/2233/12564
f 1519/2247/12565 1520/2248/12566 1505/2234/12567
f 1520/2248/12568 1521/3425/12569 1506/2235/12570
f 1506/2235/12571 1521/3425/12572 1522/2249/12573
f 1507/2236/12574 1522/2249/12575 1523/2250/12576
f 1508/2238/12577 1523/2250/12578 1524/2251/12579
f 1509/2239/12580 1524/2251/12581 1525/2252/12582
f 1510/2253/12583 1525/2252/12584 1511/2254/12585
f 1496/2240/12586 1511/3426/12587 1512/2255/12588
f 1624/2256/12589 1623/2287/12590 1622/2257/12591
f 1473/560/12592 1618/3427/12593 1619/2259/12594
f 1474/2261/12595 1619/3428/12596 1620/2262/12597
f 1620/561/12598 1617/3429/12599 1471/2264/12600
f 1625/2266/12601 1628/2282/12602 1473/2267/12603
f 1473/2269/12604 1628/3430/12605 1627/2270/12606
f 1618/2272/12607 1627/2279/12608 1626/2273/12609
f 1626/2275/12610 1625/2278/12611 1471/2276/12612
f 1624/2256/12613 1621/2258/12614 1625/2278/12615
f 1627/2279/12616 1623/2286/12617 1624/2280/12618
f 1621/2281/12619 1622/2288/12620 1628/2282/12621
f 1627/2270/12622 1628/3430/12623 1400/2091/12624
f 1400/2091/12625 1401/2090/12626 1629/2283/12627
f 1623/2286/12628 1627/2279/12629 1629/2284/12630
f 1629/2284/12631 1403/2092/12632 1402/2285/12633
f 1623/2287/12634 1402/2096/12635 1404/2095/12636
f 1622/2288/12637 1404/2099/12638 1400/2098/12639
f 1630/562/12640 1421/592/12641 1422/563/12642
f 1631/564/12643 1422/563/12644 1423/565/12645
f 1632/566/12646 1423/565/12647 1424/567/12648
f 1633/568/12649 1424/567/12650 1425/569/12651
f 1634/570/12652 1425/569/12653 1426/571/12654
f 1635/572/12655 1426/571/12656 1427/573/12657
f 1637/575/12658 1636/574/12659 1427/573/12660
f 1638/577/12661 1637/575/12662 1428/576/12663
f 1639/579/12664 1638/577/12665 1429/578/12666
f 1640/581/12667 1639/579/12668 1430/580/12669
f 1641/583/12670 1640/581/12671 1431/582/12672
f 1642/585/12673 1641/583/12674 1432/584/12675
f 1643/587/12676 1642/585/12677 1433/586/12678
f 1643/587/12679 1434/588/12680 1420/589/12681
f 1644/591/12682 1420/3431/12683 1421/592/12684
f 1645/593/12685 1190/3432/12686 1204/2290/12687
f 1646/594/12688 1204/2290/12689 1203/2291/12690
f 1647/595/12691 1203/2291/12692 1202/2292/12693
f 1648/596/12694 1202/2292/12695 1201/2293/12696
f 1649/597/12697 1201/2293/12698 1200/2294/12699
f 1650/598/12700 1200/2294/12701 1199/2295/12702
f 1651/599/12703 1199/2295/12704 1198/2296/12705
f 1652/600/12706 1198/2296/12707 1197/2297/12708
f 1653/601/12709 1197/2297/12710 1196/2298/12711
f 1654/602/12712 1196/2298/12713 1195/2299/12714
f 1655/603/12715 1195/2299/12716 1194/2300/12717
f 1656/604/12718 1194/2300/12719 1193/2301/12720
f 1657/605/12721 1193/2301/12722 1192/2302/12723
f 1658/606/12724 1192/2302/12725 1191/2303/12726
f 1659/607/12727 1191/2303/12728 1190/608/12729
f 1176/610/12730 1661/2306/12731 1660/611/12732
f 1659/2305/12733 1645/3433/12734 1663/194/12735
f 1177/612/12736 1664/2308/12737 1661/2306/12738
f 1658/2307/12739 1659/2305/12740 1662/197/12741
f 1177/612/12742 1178/2310/12743 1666/613/12744
f 1658/2307/12745 1665/199/12746 1667/201/12747
f 1178/2310/12748 1179/2312/12749 1668/614/12750
f 1657/2309/12751 1667/201/12752 1669/203/12753
f 1180/615/12754 1670/2314/12755 1668/614/12756
f 1655/2313/12757 1656/2311/12758 1669/203/12759
f 1180/615/12760 1181/2316/12761 1672/616/12762
f 1655/2313/12763 1671/205/12764 1673/207/12765
f 1181/2316/12766 1182/2318/12767 1674/617/12768
f 1654/2315/12769 1673/207/12770 1675/209/12771
f 1183/618/12772 1676/2320/12773 1674/617/12774
f 1652/2319/12775 1653/2317/12776 1675/209/12777
f 1184/619/12778 1678/2322/12779 1676/2320/12780
f 1651/2321/12781 1652/2319/12782 1677/211/12783
f 1185/620/12784 1680/2324/12785 1678/2322/12786
f 1650/2323/12787 1651/2321/12788 1679/213/12789
f 1186/621/12790 1682/2326/12791 1680/2324/12792
f 1649/2325/12793 1650/2323/12794 1681/215/12795
f 1186/621/12796 1187/2328/12797 1684/622/12798
f 1649/2325/12799 1683/217/12800 1685/219/12801
f 1188/623/12802 1686/2330/12803 1684/622/12804
f 1647/2329/12805 1648/2327/12806 1685/219/12807
f 1188/623/12808 1189/2332/12809 1688/624/12810
f 1647/2329/12811 1687/221/12812 1689/223/12813
f 1189/2332/12814 1175/3434/12815 1660/625/12816
f 1646/2331/12817 1689/223/12818 1663/626/12819
f 1630/2334/12820 1692/419/12821 1691/627/12822
f 1406/2336/12823 1405/3435/12824 1690/2337/12825
f 1631/2339/12826 1694/420/12827 1692/419/12828
f 1407/2340/12829 1406/2336/12830 1693/2338/12831
f 1631/2339/12832 1632/2344/12833 1696/421/12834
f 1408/2342/12835 1407/2340/12836 1695/2341/12837
f 1632/2344/12838 1633/2347/12839 1698/422/12840
f 1408/2342/12841 1697/2343/12842 1699/2345/12843
f 1633/2347/12844 1634/2350/12845 1700/423/12846
f 1409/2346/12847 1699/2345/12848 1701/2348/12849
f 1634/2350/12850 1635/2353/12851 1702/424/12852
f 1410/2349/12853 1701/2348/12854 1703/2351/12855
f 1635/2353/12856 1636/2356/12857 1704/425/12858
f 1411/2352/12859 1703/2351/12860 1705/2354/12861
f 1636/2356/12862 1637/2360/12863 1706/426/12864
f 1412/2355/12865 1705/2354/12866 1707/2357/12867
f 1638/2359/12868 1708/427/12869 1706/426/12870
f 1414/2361/12871 1413/2358/12872 1707/2357/12873
f 1639/2363/12874 1710/428/12875 1708/427/12876
f 1415/2364/12877 1414/2361/12878 1709/2362/12879
f 1639/2363/12880 1640/2368/12881 1712/429/12882
f 1415/2364/12883 1711/2365/12884 1713/2366/12885
f 1640/2368/12886 1641/2371/12887 1714/430/12888
f 1416/2367/12889 1713/2366/12890 1715/2369/12891
f 1641/2371/12892 1642/2374/12893 1716/431/12894
f 1417/2370/12895 1715/2369/12896 1717/2372/12897
f 1642/2374/12898 1643/2378/12899 1718/628/12900
f 1418/2373/12901 1717/2372/12902 1719/2375/12903
f 1644/2377/12904 1691/432/12905 1718/628/12906
f 1405/2379/12907 1419/2376/12908 1719/2375/12909
f 2208/2381/12910 2207/2384/12911 2206/2382/12912
f 2207/2384/12913 2210/2386/12914 2209/2385/12915
f 2210/2386/12916 2212/2388/12917 2211/2387/12918
f 2212/2388/12919 2214/2390/12920 2213/2389/12921
f 2214/2390/12922 2216/2392/12923 2215/2391/12924
f 2216/2392/12925 2218/2394/12926 2217/2393/12927
f 2218/2394/12928 2220/2396/12929 2219/2395/12930
f 2220/2396/12931 2222/2398/12932 2221/2397/12933
f 2222/2398/12934 2224/2400/12935 2223/2399/12936
f 2224/2400/12937 2226/2402/12938 2225/2401/12939
f 2226/2402/12940 2228/2404/12941 2227/2403/12942
f 2228/2404/12943 2230/2406/12944 2229/2405/12945
f 2230/2406/12946 2232/2408/12947 2231/2407/12948
f 2232/2408/12949 2234/2410/12950 2233/2409/12951
f 2234/2410/12952 2208/3153/12953 2205/2411/12954
f 1769/2428/12955 1768/2431/12956 1767/2429/12957
f 1768/2431/12958 1771/2433/12959 1770/2432/12960
f 1771/2433/12961 1773/2435/12962 1772/2434/12963
f 1773/2435/12964 1775/2437/12965 1774/2436/12966
f 1775/2437/12967 1777/2439/12968 1776/2438/12969
f 1777/2439/12970 1779/2441/12971 1778/2440/12972
f 1779/2441/12973 1781/2443/12974 1780/2442/12975
f 1781/2443/12976 1783/2445/12977 1782/2444/12978
f 1783/2445/12979 1785/2447/12980 1784/2446/12981
f 1785/2447/12982 1787/2481/12983 1786/2448/12984
f 1935/2449/12985 1934/3436/12986 1933/2450/12987
f 1789/2452/12988 1791/2455/12989 1790/2453/12990
f 1791/2455/12991 1793/2457/12992 1792/2456/12993
f 1793/2457/12994 1795/2459/12995 1794/2458/12996
f 1795/2459/12997 1769/2428/12998 1766/2430/12999
f 1735/2460/13000 1766/2430/13001 1767/2429/13002
f 1768/2431/13003 1769/2428/13004 1751/2462/13005
f 1736/2461/13006 1767/2429/13007 1770/2432/13008
f 1771/2433/13009 1768/2431/13010 1752/2463/13011
f 1737/2464/13012 1770/2432/13013 1772/2434/13014
f 1773/2435/13015 1771/2433/13016 1753/2465/13017
f 1738/2466/13018 1772/2434/13019 1774/2436/13020
f 1775/2437/13021 1773/2435/13022 1754/2467/13023
f 1739/2468/13024 1774/2436/13025 1776/2438/13026
f 1777/2439/13027 1775/2437/13028 1755/2469/13029
f 1740/2470/13030 1776/2438/13031 1778/2440/13032
f 1779/2441/13033 1777/2439/13034 1756/2471/13035
f 1741/2472/13036 1778/2440/13037 1780/2442/13038
f 1781/2443/13039 1779/2441/13040 1757/2473/13041
f 1742/2474/13042 1780/2442/13043 1782/2444/13044
f 1783/2445/13045 1781/2443/13046 1758/2475/13047
f 1782/2444/13048 1784/2446/13049 1744/2478/13050
f 1760/2479/13051 1785/2447/13052 1783/2445/13053
f 1784/2446/13054 1786/2448/13055 1745/2480/13056
f 1787/2481/13057 1785/2447/13058 1760/2479/13059
f 1786/2448/13060 1788/2454/13061 1746/2483/13062
f 1789/2452/13063 1787/2481/13064 1761/2482/13065
f 1746/2483/13066 1788/2454/13067 1790/2453/13068
f 1791/2455/13069 1789/2452/13070 1762/2484/13071
f 1790/2453/13072 1792/2456/13073 1748/2487/13074
f 1764/2488/13075 1793/2457/13076 1791/2455/13077
f 1748/2487/13078 1792/2456/13079 1794/2458/13080
f 1795/2459/13081 1793/2457/13082 1764/2488/13083
f 1749/2489/13084 1794/2458/13085 1766/2430/13086
f 1769/2428/13087 1795/2459/13088 1765/2490/13089
f 1796/2491/13090 1797/2494/13091 1752/2492/13092
f 1797/2494/13093 1798/2496/13094 1753/2495/13095
f 1798/2496/13096 1799/2523/13097 1754/2497/13098
f 1754/2497/13099 1799/2523/13100 1800/2498/13101
f 1755/2499/13102 1800/2498/13103 1801/2500/13104
f 1801/2500/13105 1802/2503/13106 1757/2502/13107
f 1802/2503/13108 1803/2505/13109 1758/2504/13110
f 1803/2505/13111 1804/2507/13112 1759/2506/13113
f 1804/2507/13114 1805/2509/13115 1760/2508/13116
f 1805/2509/13117 1806/2511/13118 1761/2510/13119
f 1806/2511/13120 1807/2513/13121 1762/2512/13122
f 1807/2513/13123 1808/2515/13124 1763/2514/13125
f 1808/2515/13126 1809/2517/13127 1764/2516/13128
f 1809/2517/13129 1810/2519/13130 1765/2518/13131
f 1810/2519/13132 1796/2491/13133 1751/2493/13134
f 1796/2491/13135 1811/2534/13136 1812/2520/13137
f 1797/2494/13138 1812/2520/13139 1813/2521/13140
f 1798/2496/13141 1813/2521/13142 1814/2522/13143
f 1799/2523/13144 1814/2522/13145 1815/2524/13146
f 1800/2498/13147 1815/2524/13148 1816/2525/13149
f 1801/2500/13150 1816/2525/13151 1817/2526/13152
f 1802/2503/13153 1817/2526/13154 1818/2527/13155
f 1818/2527/13156 1819/2528/13157 1804/2507/13158
f 1819/2528/13159 1820/2529/13160 1805/2509/13161
f 1820/2529/13162 1821/2530/13163 1806/2511/13164
f 1821/2530/13165 1822/2531/13166 1807/2513/13167
f 1822/2531/13168 1823/2532/13169 1808/2515/13170
f 1823/2532/13171 1824/2533/13172 1809/2517/13173
f 1824/2533/13174 1825/2672/13175 1810/2519/13176
f 1810/2519/13177 1825/2672/13178 1811/2534/13179
f 1841/2535/13180 1842/2538/13181 1827/2536/13182
f 1842/2538/13183 1843/2566/13184 1828/2539/13185
f 1828/2539/13186 1843/2566/13187 1844/2540/13188
f 1829/2541/13189 1844/2540/13190 1845/2542/13191
f 1830/2543/13192 1845/2542/13193 1846/2544/13194
f 1831/2545/13195 1846/2544/13196 1847/2546/13197
f 1832/2547/13198 1847/2546/13199 1848/2548/13200
f 1833/2549/13201 1848/2548/13202 1849/2550/13203
f 1849/2550/13204 1850/2553/13205 1835/2552/13206
f 1850/2553/13207 1851/2574/13208 1836/2554/13209
f 1836/2554/13210 1851/2574/13211 1852/2555/13212
f 1837/2556/13213 1852/2555/13214 1853/2557/13215
f 1838/2558/13216 1853/2557/13217 1854/2559/13218
f 1854/2559/13219 1855/2562/13220 1840/2561/13221
f 1855/2562/13222 1841/629/13223 1826/2563/13224
f 1856/2564/13225 1857/2580/13226 1842/2538/13227
f 1842/2538/13228 1857/2580/13229 1858/2565/13230
f 1843/2566/13231 1858/2565/13232 1859/2567/13233
f 1844/2540/13234 1859/2567/13235 1860/2568/13236
f 1845/2542/13237 1860/2568/13238 1861/2569/13239
f 1846/2544/13240 1861/2569/13241 1862/2570/13242
f 1862/2570/13243 1863/2571/13244 1848/2548/13245
f 1863/2571/13246 1864/2572/13247 1849/2550/13248
f 1864/2572/13249 1865/2573/13250 1850/2553/13251
f 1865/2573/13252 1866/2589/13253 1851/2574/13254
f 1851/2574/13255 1866/2589/13256 1867/2575/13257
f 1867/2575/13258 1868/2576/13259 1853/2557/13260
f 1868/2576/13261 1869/2577/13262 1854/2559/13263
f 1869/2577/13264 1870/2593/13265 1855/2562/13266
f 1855/2562/13267 1870/2593/13268 1856/2578/13269
f 1871/2579/13270 1872/2581/13271 1857/2580/13272
f 1872/2581/13273 1873/2582/13274 1858/2565/13275
f 1873/2582/13276 1874/2583/13277 1859/2567/13278
f 1874/2583/13279 1875/2598/13280 1860/2568/13281
f 1860/2568/13282 1875/2598/13283 1876/2584/13284
f 1861/2569/13285 1876/2584/13286 1877/2585/13287
f 1877/2585/13288 1878/2600/13289 1863/2571/13290
f 1863/2571/13291 1878/2600/13292 1879/2586/13293
f 1864/2572/13294 1879/2586/13295 1880/2587/13296
f 1865/2573/13297 1880/2587/13298 1881/2588/13299
f 1881/2588/13300 1882/2590/13301 1867/2575/13302
f 1882/2590/13303 1883/2591/13304 1868/2576/13305
f 1883/2591/13306 1884/2592/13307 1869/2577/13308
f 1884/2592/13309 1885/2594/13310 1870/2593/13311
f 1885/2594/13312 1871/630/13313 1856/2578/13314
f 1871/2579/13315 1886/2608/13316 1887/2595/13317
f 1887/2595/13318 1888/2610/13319 1873/2582/13320
f 1873/2582/13321 1888/2610/13322 1889/2596/13323
f 1874/2583/13324 1889/2596/13325 1890/2597/13326
f 1890/2597/13327 1891/2614/13328 1876/2584/13329
f 1876/2584/13330 1891/2614/13331 1892/2599/13332
f 1892/2599/13333 1893/2616/13334 1878/2600/13335
f 1878/2600/13336 1893/2616/13337 1894/2601/13338
f 1879/2586/13339 1894/2601/13340 1895/2602/13341
f 1880/2587/13342 1895/2602/13343 1896/2603/13344
f 1896/2603/13345 1897/2604/13346 1882/2590/13347
f 1897/2604/13348 1898/2621/13349 1883/2591/13350
f 1883/2591/13351 1898/2621/13352 1899/2605/13353
f 1899/2605/13354 1900/2624/13355 1885/2594/13356
f 1885/2594/13357 1900/2624/13358 1886/2606/13359
f 1901/2607/13360 1902/2609/13361 1887/2595/13362
f 1902/2609/13363 1903/2628/13364 1888/2610/13365
f 1888/2610/13366 1903/2628/13367 1904/2611/13368
f 1889/2596/13369 1904/2611/13370 1905/2612/13371
f 1890/2597/13372 1905/2612/13373 1906/2613/13374
f 1906/2613/13375 1907/2615/13376 1892/2599/13377
f 1907/2615/13378 1908/2631/13379 1893/2616/13380
f 1893/2616/13381 1908/2631/13382 1909/2617/13383
f 1909/2617/13384 1910/2618/13385 1895/2602/13386
f 1910/2618/13387 1911/2619/13388 1896/2603/13389
f 1911/2619/13390 1912/2620/13391 1897/2604/13392
f 1912/2620/13393 1913/2636/13394 1898/2621/13395
f 1898/2621/13396 1913/2636/13397 1914/2622/13398
f 1899/2605/13399 1914/2622/13400 1915/2623/13401
f 1900/2624/13402 1915/2623/13403 1901/2625/13404
f 1901/2607/13405 1916/2639/13406 1917/2626/13407
f 1902/2609/13408 1917/2626/13409 1918/2627/13410
f 1918/2627/13411 1919/2643/13412 1904/2611/13413
f 1904/2611/13414 1919/2643/13415 1920/2629/13416
f 1920/2629/13417 1921/2646/13418 1906/2613/13419
f 1906/2613/13420 1921/2646/13421 1922/2630/13422
f 1922/2630/13423 1923/2632/13424 1908/2631/13425
f 1923/2632/13426 1924/2650/13427 1909/2617/13428
f 1909/2617/13429 1924/2650/13430 1925/2633/13431
f 1910/2618/13432 1925/2633/13433 1926/2634/13434
f 1926/2634/13435 1927/2635/13436 1912/2620/13437
f 1927/2635/13438 1928/2637/13439 1913/2636/13440
f 1928/2637/13441 1929/2656/13442 1914/2622/13443
f 1914/2622/13444 1929/2656/13445 1930/2638/13446
f 1930/2638/13447 1916/2659/13448 1901/2625/13449
f 1812/2520/13450 1827/2674/13451 1828/2660/13452
f 1813/2521/13453 1828/2660/13454 1829/2661/13455
f 1829/2661/13456 1830/2662/13457 1815/2524/13458
f 1830/2662/13459 1831/2663/13460 1816/2525/13461
f 1831/2663/13462 1832/2664/13463 1817/2526/13464
f 1832/2664/13465 1833/2665/13466 1818/2527/13467
f 1833/2665/13468 1834/2666/13469 1819/2528/13470
f 1834/2666/13471 1835/2667/13472 1820/2529/13473
f 1835/2667/13474 1836/3437/13475 1821/2530/13476
f 1821/2530/13477 1836/3437/13478 1837/2668/13479
f 1822/2531/13480 1837/2668/13481 1838/2669/13482
f 1823/2532/13483 1838/2669/13484 1839/2670/13485
f 1824/2533/13486 1839/2670/13487 1840/2671/13488
f 1825/2672/13489 1840/2671/13490 1826/2673/13491
f 1811/2534/13492 1826/3438/13493 1827/2674/13494
f 1939/2675/13495 1938/2709/13496 1937/2676/13497
f 1933/2678/13498 1934/3439/13499 1789/2679/13500
f 1789/2681/13501 1934/3440/13502 1935/2682/13503
f 1935/2684/13504 1932/3441/13505 1786/2685/13506
f 1940/2687/13507 1943/2703/13508 1788/2688/13509
f 1788/2690/13510 1943/3442/13511 1942/2691/13512
f 1942/2693/13513 1941/2701/13514 1932/2694/13515
f 1941/2696/13516 1940/2699/13517 1786/2697/13518
f 1939/2675/13519 1936/2677/13520 1940/2699/13521
f 1942/2693/13522 1938/2708/13523 1939/2700/13524
f 1936/2702/13525 1937/2711/13526 1943/2703/13527
f 1942/2691/13528 1943/3442/13529 1945/2704/13530
f 1945/2704/13531 1946/3041/13532 1944/2705/13533
f 1938/2708/13534 1942/2693/13535 1944/2706/13536
f 1944/2706/13537 1948/3042/13538 1947/2707/13539
f 1938/2709/13540 1947/3045/13541 1949/2710/13542
f 1937/2711/13543 1949/3047/13544 1945/2712/13545
f 2235/2716/13546 2238/2719/13547 2237/2717/13548
f 2238/2719/13549 2240/2721/13550 2239/2720/13551
f 2240/2721/13552 2242/2723/13553 2241/2722/13554
f 2242/2723/13555 2244/2725/13556 2243/2724/13557
f 2244/2725/13558 2246/2727/13559 2245/2726/13560
f 2246/2727/13561 2248/2729/13562 2247/2728/13563
f 2248/2729/13564 2250/2732/13565 2249/2730/13566
f 2252/2731/13567 2251/2734/13568 2249/2730/13569
f 2254/2733/13570 2253/2736/13571 2251/2734/13572
f 2256/2735/13573 2255/2738/13574 2253/2736/13575
f 2258/2737/13576 2257/2740/13577 2255/2738/13578
f 2260/2739/13579 2259/2742/13580 2257/2740/13581
f 2262/2741/13582 2261/2744/13583 2259/2742/13584
f 2264/2743/13585 2263/2746/13586 2261/2744/13587
f 2264/2743/13588 2235/3443/13589 2236/2745/13590
f 1996/2763/13591 1997/2766/13592 1998/2764/13593
f 1997/2766/13594 2000/2768/13595 2001/2767/13596
f 2000/2768/13597 2002/2770/13598 2003/2769/13599
f 2002/2770/13600 2004/2773/13601 2005/2771/13602
f 2006/2772/13603 2007/2775/13604 2005/2771/13605
f 2006/2772/13606 2008/2776/13607 2009/2774/13608
f 2008/2776/13609 2010/2778/13610 2011/2777/13611
f 2010/2778/13612 2012/2780/13613 2013/2779/13614
f 2012/2780/13615 2014/2782/13616 2015/2781/13617
f 2014/2782/13618 2016/2818/13619 2017/2783/13620
f 2162/2784/13621 2163/3444/13622 2164/2785/13623
f 2020/2787/13624 2021/2791/13625 2019/2788/13626
f 2022/2790/13627 2023/2793/13628 2021/2791/13629
f 2024/2792/13630 2025/2794/13631 2023/2793/13632
f 1996/2763/13633 1999/2765/13634 2025/2794/13635
f 1965/2795/13636 1966/2798/13637 1997/2766/13638
f 1981/2796/13639 1999/2765/13640 1998/2764/13641
f 1966/2798/13642 1967/2801/13643 2000/2768/13644
f 1983/2799/13645 1982/2797/13646 1998/2764/13647
f 1968/2800/13648 2002/2770/13649 2000/2768/13650
f 1984/2802/13651 1983/2799/13652 2001/2767/13653
f 1969/2803/13654 2004/2773/13655 2002/2770/13656
f 1985/2804/13657 1984/2802/13658 2003/2769/13659
f 1969/2803/13660 1970/2806/13661 2006/2772/13662
f 1986/2805/13663 1985/2804/13664 2005/2771/13665
f 1970/2806/13666 1971/2809/13667 2008/2776/13668
f 1986/2805/13669 2007/2775/13670 2009/2774/13671
f 1972/2808/13672 2010/2778/13673 2008/2776/13674
f 1987/2807/13675 2009/2774/13676 2011/2777/13677
f 1973/2811/13678 2012/2780/13679 2010/2778/13680
f 1989/2812/13681 1988/2810/13682 2011/2777/13683
f 1974/2813/13684 2014/2782/13685 2012/2780/13686
f 1990/2814/13687 1989/2812/13688 2013/2779/13689
f 1975/2815/13690 2016/2818/13691 2014/2782/13692
f 1991/2816/13693 1990/2814/13694 2015/2781/13695
f 1976/2817/13696 2018/2789/13697 2016/2818/13698
f 1992/2819/13699 1991/2816/13700 2017/2783/13701
f 1976/2817/13702 1977/2821/13703 2020/2787/13704
f 1993/2820/13705 1992/2819/13706 2019/2788/13707
f 1977/2821/13708 1978/2823/13709 2022/2790/13710
f 1993/2820/13711 2021/2791/13712 2023/2793/13713
f 1978/2823/13714 1979/2825/13715 2024/2792/13716
f 1994/2822/13717 2023/2793/13718 2025/2794/13719
f 1979/2825/13720 1965/2795/13721 1996/2763/13722
f 1995/2824/13723 2025/2794/13724 1999/2765/13725
f 1982/2826/13726 2027/2830/13727 2026/2827/13728
f 1983/2829/13729 2028/2832/13730 2027/2830/13731
f 1984/2831/13732 2029/2834/13733 2028/2832/13734
f 1984/2831/13735 1985/2836/13736 2030/2833/13737
f 1986/2835/13738 2031/2838/13739 2030/2833/13740
f 1987/2837/13741 2032/2840/13742 2031/2838/13743
f 1987/2837/13744 1988/2842/13745 2033/2839/13746
f 1989/2841/13747 2034/2844/13748 2033/2839/13749
f 1990/2843/13750 2035/2846/13751 2034/2844/13752
f 1991/2845/13753 2036/2848/13754 2035/2846/13755
f 1992/2847/13756 2037/2850/13757 2036/2848/13758
f 1993/2849/13759 2038/2852/13760 2037/2850/13761
f 1993/2849/13762 1994/2853/13763 2039/2851/13764
f 1994/2853/13765 1995/2855/13766 2040/2854/13767
f 1981/2828/13768 2026/2827/13769 2040/2854/13770
f 2026/2827/13771 2027/2830/13772 2042/2856/13773
f 2027/2830/13774 2028/2832/13775 2043/2858/13776
f 2028/2832/13777 2029/2834/13778 2044/2859/13779
f 2029/2834/13780 2030/2833/13781 2045/2860/13782
f 2030/2833/13783 2031/2838/13784 2046/2861/13785
f 2031/2838/13786 2032/2840/13787 2047/2862/13788
f 2032/2840/13789 2033/2839/13790 2048/2863/13791
f 2034/2844/13792 2049/2864/13793 2048/2863/13794
f 2035/2846/13795 2050/2865/13796 2049/2864/13797
f 2036/2848/13798 2051/2866/13799 2050/2865/13800
f 2037/2850/13801 2052/2867/13802 2051/2866/13803
f 2038/2852/13804 2053/2868/13805 2052/2867/13806
f 2039/2851/13807 2054/2869/13808 2053/2868/13809
f 2040/2854/13810 2055/2870/13811 2054/2869/13812
f 2040/2854/13813 2026/2827/13814 2041/2857/13815
f 2056/2871/13816 2057/2875/13817 2072/2872/13818
f 2058/2874/13819 2073/2877/13820 2072/2872/13821
f 2058/2874/13822 2059/2879/13823 2074/2876/13824
f 2060/2878/13825 2075/2881/13826 2074/2876/13827
f 2061/2880/13828 2076/2883/13829 2075/2881/13830
f 2062/2882/13831 2077/2885/13832 2076/2883/13833
f 2063/2884/13834 2078/2887/13835 2077/2885/13836
f 2064/2886/13837 2079/2889/13838 2078/2887/13839
f 2064/2886/13840 2065/2890/13841 2080/2888/13842
f 2065/2890/13843 2066/2892/13844 2081/2891/13845
f 2066/2892/13846 2067/2894/13847 2082/2893/13848
f 2067/2894/13849 2068/2897/13850 2083/2895/13851
f 2069/2896/13852 2084/2899/13853 2083/2895/13854
f 2070/2898/13855 2085/2901/13856 2084/2899/13857
f 2070/2898/13858 2056/3445/13859 2071/2900/13860
f 2071/2873/13861 2072/2872/13862 2087/2902/13863
f 2072/2872/13864 2073/2877/13865 2088/2904/13866
f 2073/2877/13867 2074/2876/13868 2089/2905/13869
f 2074/2876/13870 2075/2881/13871 2090/2906/13872
f 2075/2881/13873 2076/2883/13874 2091/2907/13875
f 2076/2883/13876 2077/2885/13877 2092/2908/13878
f 2078/2887/13879 2093/2909/13880 2092/2908/13881
f 2079/2889/13882 2094/2911/13883 2093/2909/13884
f 2079/2889/13885 2080/2888/13886 2095/2910/13887
f 2080/2888/13888 2081/2891/13889 2096/2912/13890
f 2082/2893/13891 2097/2913/13892 2096/2912/13893
f 2083/2895/13894 2098/2915/13895 2097/2913/13896
f 2083/2895/13897 2084/2899/13898 2099/2914/13899
f 2085/2901/13900 2100/2917/13901 2099/2914/13902
f 2085/2901/13903 2071/2900/13904 2086/2916/13905
f 2087/2902/13906 2102/2919/13907 2101/2918/13908
f 2088/2904/13909 2103/2920/13910 2102/2919/13911
f 2089/2905/13912 2104/2921/13913 2103/2920/13914
f 2090/2906/13915 2105/2923/13916 2104/2921/13917
f 2090/2906/13918 2091/2907/13919 2106/2922/13920
f 2091/2907/13921 2092/2908/13922 2107/2924/13923
f 2093/2909/13924 2108/2925/13925 2107/2924/13926
f 2094/2911/13927 2109/2926/13928 2108/2925/13929
f 2095/2910/13930 2110/2927/13931 2109/2926/13932
f 2096/2912/13933 2111/2929/13934 2110/2927/13935
f 2096/2912/13936 2097/2913/13937 2112/2928/13938
f 2097/2913/13939 2098/2915/13940 2113/2930/13941
f 2099/2914/13942 2114/2932/13943 2113/2930/13944
f 2099/2914/13945 2100/2917/13946 2115/2931/13947
f 2086/2916/13948 2101/2947/13949 2115/2931/13950
f 2102/2919/13951 2117/2934/13952 2116/2933/13953
f 2103/2920/13954 2118/2935/13955 2117/2934/13956
f 2104/2921/13957 2119/2936/13958 2118/2935/13959
f 2105/2923/13960 2120/2938/13961 2119/2936/13962
f 2105/2923/13963 2106/2922/13964 2121/2937/13965
f 2107/2924/13966 2122/2940/13967 2121/2937/13968
f 2107/2924/13969 2108/2925/13970 2123/2939/13971
f 2108/2925/13972 2109/2926/13973 2124/2941/13974
f 2109/2926/13975 2110/2927/13976 2125/2942/13977
f 2110/2927/13978 2111/2929/13979 2126/2943/13980
f 2112/2928/13981 2127/2944/13982 2126/2943/13983
f 2113/2930/13984 2128/2946/13985 2127/2944/13986
f 2113/2930/13987 2114/2932/13988 2129/2945/13989
f 2115/2931/13990 2130/2948/13991 2129/2945/13992
f 2101/2947/13993 2116/3446/13994 2130/2948/13995
f 2117/2934/13996 2132/2951/13997 2131/2949/13998
f 2117/2934/13999 2118/2935/14000 2133/2950/14001
f 2118/2935/14002 2119/2936/14003 2134/2952/14004
f 2120/2938/14005 2135/2954/14006 2134/2952/14007
f 2120/2938/14008 2121/2937/14009 2136/2953/14010
f 2122/2940/14011 2137/2956/14012 2136/2953/14013
f 2122/2940/14014 2123/2939/14015 2138/2955/14016
f 2124/2941/14017 2139/2957/14018 2138/2955/14019
f 2125/2942/14020 2140/2958/14021 2139/2957/14022
f 2126/2943/14023 2141/2960/14024 2140/2958/14025
f 2126/2943/14026 2127/2944/14027 2142/2959/14028
f 2127/2944/14029 2128/2946/14030 2143/2961/14031
f 2128/2946/14032 2129/2945/14033 2144/2962/14034
f 2129/2945/14035 2130/2948/14036 2145/2963/14037
f 2130/2948/14038 2116/3446/14039 2131/2964/14040
f 2131/2949/14041 2132/2951/14042 2147/2965/14043
f 2132/2951/14044 2133/2950/14045 2148/2967/14046
f 2134/2952/14047 2149/2969/14048 2148/2967/14049
f 2134/2952/14050 2135/2954/14051 2150/2968/14052
f 2135/2954/14053 2136/2953/14054 2151/2970/14055
f 2136/2953/14056 2137/2956/14057 2152/2971/14058
f 2138/2955/14059 2153/2973/14060 2152/2971/14061
f 2138/2955/14062 2139/2957/14063 2154/2972/14064
f 2140/2958/14065 2155/2974/14066 2154/2972/14067
f 2141/2960/14068 2156/2975/14069 2155/2974/14070
f 2142/2959/14071 2157/2976/14072 2156/2975/14073
f 2143/2961/14074 2158/2977/14075 2157/2976/14076
f 2144/2962/14077 2159/2978/14078 2158/2977/14079
f 2145/2963/14080 2160/2980/14081 2159/2978/14082
f 2145/2963/14083 2131/2964/14084 2146/2979/14085
f 2042/2856/14086 2043/2858/14087 2058/2996/14088
f 2043/2858/14089 2044/2859/14090 2059/2998/14091
f 2045/2860/14092 2060/2999/14093 2059/2998/14094
f 2046/2861/14095 2061/3000/14096 2060/2999/14097
f 2047/2862/14098 2062/3001/14099 2061/3000/14100
f 2048/2863/14101 2063/3002/14102 2062/3001/14103
f 2049/2864/14104 2064/3003/14105 2063/3002/14106
f 2050/2865/14107 2065/3004/14108 2064/3003/14109
f 2051/2866/14110 2066/3006/14111 2065/3004/14112
f 2051/2866/14113 2052/2867/14114 2067/3005/14115
f 2052/2867/14116 2053/2868/14117 2068/3007/14118
f 2053/2868/14119 2054/2869/14120 2069/3008/14121
f 2054/2869/14122 2055/2870/14123 2070/3009/14124
f 2055/2870/14125 2041/2857/14126 2056/3010/14127
f 2041/2857/14128 2042/2856/14129 2057/2997/14130
f 2167/3012/14131 2168/3044/14132 2169/3013/14133
f 2018/3015/14134 2019/3447/14135 2164/3016/14136
f 2019/3018/14137 2017/3448/14138 2165/3019/14139
f 2016/3021/14140 2162/3449/14141 2165/3022/14142
f 2018/3024/14143 2173/3039/14144 2170/3025/14145
f 2018/3027/14146 2163/3450/14147 2172/3028/14148
f 2163/3030/14149 2162/3451/14150 2171/3031/14151
f 2016/3033/14152 2170/3036/14153 2171/3034/14154
f 2170/3036/14155 2166/3014/14156 2169/3013/14157
f 2172/3032/14158 2171/3031/14159 2169/3037/14160
f 2173/3039/14161 2167/3046/14162 2166/3040/14163
f 1945/2704/14164 2173/3029/14165 2172/3028/14166
f 2172/3028/14167 2174/3452/14168 1946/3041/14169
f 2174/3043/14170 2172/3032/14171 2168/3038/14172
f 2168/3038/14173 1947/2707/14174 1948/3042/14175
f 2168/3044/14176 2167/3012/14177 1949/2710/14178
f 2167/3046/14179 2173/3039/14180 1945/2712/14181
f 1967/3049/14182 1966/3077/14183 2175/3050/14184
f 1968/3052/14185 1967/3049/14186 2176/3051/14187
f 1969/3054/14188 1968/3052/14189 2177/3053/14190
f 1970/3056/14191 1969/3054/14192 2178/3055/14193
f 1971/3058/14194 1970/3056/14195 2179/3057/14196
f 1972/3060/14197 1971/3058/14198 2180/3059/14199
f 2182/3062/14200 1973/3064/14201 1972/3060/14202
f 2183/3063/14203 1974/3066/14204 1973/3064/14205
f 2184/3065/14206 1975/3068/14207 1974/3066/14208
f 2185/3067/14209 1976/3070/14210 1975/3068/14211
f 2186/3069/14212 1977/3072/14213 1976/3070/14214
f 2187/3071/14215 1978/3074/14216 1977/3072/14217
f 2188/3073/14218 1979/3453/14219 1978/3074/14220
f 1965/3075/14221 1979/3453/14222 2188/3073/14223
f 1966/3077/14224 1965/3454/14225 2189/3078/14226
f 1749/3079/14227 1735/3455/14228 2190/3080/14229
f 1748/3082/14230 1749/3079/14231 2191/3081/14232
f 1747/3084/14233 1748/3082/14234 2192/3083/14235
f 1746/3086/14236 1747/3084/14237 2193/3085/14238
f 1745/3088/14239 1746/3086/14240 2194/3087/14241
f 1744/3090/14242 1745/3088/14243 2195/3089/14244
f 1743/3092/14245 1744/3090/14246 2196/3091/14247
f 1742/3094/14248 1743/3092/14249 2197/3093/14250
f 1741/3096/14251 1742/3094/14252 2198/3095/14253
f 1740/3098/14254 1741/3096/14255 2199/3097/14256
f 1739/3100/14257 1740/3098/14258 2200/3099/14259
f 1738/3102/14260 1739/3100/14261 2201/3101/14262
f 1737/3104/14263 1738/3102/14264 2202/3103/14265
f 1736/3106/14266 1737/3104/14267 2203/3105/14268
f 1735/3108/14269 1736/3106/14270 2204/3107/14271
f 2205/3110/14272 2206/3115/14273 1721/3111/14274
f 2204/3113/14275 2207/2384/14276 2208/2381/14277
f 2206/3115/14278 2209/3456/14279 1722/3116/14280
f 2203/3117/14281 2210/2386/14282 2207/2384/14283
f 1722/3116/14284 2209/3456/14285 2211/3118/14286
f 2212/2388/14287 2210/2386/14288 2203/3117/14289
f 1723/3119/14290 2211/3118/14291 2213/3121/14292
f 2214/2390/14293 2212/2388/14294 2202/3120/14295
f 2213/3121/14296 2215/3457/14297 1725/3124/14298
f 2200/3125/14299 2216/2392/14300 2214/2390/14301
f 1725/3124/14302 2215/3457/14303 2217/3126/14304
f 2218/2394/14305 2216/2392/14306 2200/3125/14307
f 1726/3127/14308 2217/3126/14309 2219/3129/14310
f 2220/2396/14311 2218/2394/14312 2199/3128/14313
f 2219/3129/14314 2221/3134/14315 1728/3132/14316
f 2197/3133/14317 2222/2398/14318 2220/2396/14319
f 2221/3134/14320 2223/3137/14321 1729/3135/14322
f 2196/3136/14323 2224/2400/14324 2222/2398/14325
f 2223/3137/14326 2225/3140/14327 1730/3138/14328
f 2195/3139/14329 2226/2402/14330 2224/2400/14331
f 2225/3140/14332 2227/3458/14333 1731/3141/14334
f 2194/3142/14335 2228/2404/14336 2226/2402/14337
f 1731/3141/14338 2227/3458/14339 2229/3143/14340
f 2230/2406/14341 2228/2404/14342 2194/3142/14343
f 2229/3143/14344 2231/3459/14345 1733/3146/14346
f 2192/3147/14347 2232/2408/14348 2230/2406/14349
f 1733/3146/14350 2231/3459/14351 2233/3148/14352
f 2234/2410/14353 2232/2408/14354 2192/3147/14355
f 1734/3149/14356 2233/3148/14357 2205/3151/14358
f 2208/3153/14359 2234/2410/14360 2191/3150/14361
f 2236/2718/14362 2237/2717/14363 2175/3155/14364
f 1951/3157/14365 2238/3162/14366 2235/3158/14367
f 2237/2717/14368 2239/2720/14369 2176/3160/14370
f 1952/3161/14371 2240/3165/14372 2238/3162/14373
f 2176/3160/14374 2239/2720/14375 2241/2722/14376
f 1953/3164/14377 2242/3460/14378 2240/3165/14379
f 2177/3163/14380 2241/2722/14381 2243/2724/14382
f 2244/3167/14383 2242/3460/14384 1953/3164/14385
f 2178/3166/14386 2243/2724/14387 2245/2726/14388
f 2246/3170/14389 2244/3167/14390 1954/3168/14391
f 2179/3169/14392 2245/2726/14393 2247/2728/14394
f 2248/3173/14395 2246/3170/14396 1955/3171/14397
f 2180/3172/14398 2247/2728/14399 2249/2730/14400
f 2250/3176/14401 2248/3173/14402 1956/3174/14403
f 2181/3175/14404 2249/2730/14405 2251/2734/14406
f 2252/3179/14407 2250/3176/14408 1957/3177/14409
f 2251/2734/14410 2253/2736/14411 2183/3181/14412
f 1959/3182/14413 2254/3185/14414 2252/3179/14415
f 2253/2736/14416 2255/2738/14417 2184/3183/14418
f 1960/3184/14419 2256/3461/14420 2254/3185/14421
f 2184/3183/14422 2255/2738/14423 2257/2740/14424
f 2258/3187/14425 2256/3461/14426 1960/3184/14427
f 2185/3186/14428 2257/2740/14429 2259/2742/14430
f 2260/3190/14431 2258/3187/14432 1961/3188/14433
f 2186/3189/14434 2259/2742/14435 2261/2744/14436
f 2262/3193/14437 2260/3190/14438 1962/3191/14439
f 2187/3192/14440 2261/2744/14441 2263/2746/14442
f 2264/3196/14443 2262/3193/14444 1963/3194/14445
f 2263/2746/14446 2236/2745/14447 2189/3198/14448
f 1950/3199/14449 2235/3462/14450 2264/3196/14451
f 2266/631/14452 2276/3201/14453 2273/632/14454
f 2268/634/14455 2270/647/14456 2269/635/14457
f 2275/637/14458 2272/640/14459 2271/638/14460
f 2272/640/14461 2266/898/14462 2265/641/14463
f 2277/642/14464 2279/3203/14465 2280/643/14466
f 2265/633/14467 2273/632/14468 2274/644/14469
f 2273/632/14470 2267/636/14471 2269/646/14472
f 2270/647/14473 2275/637/14474 2274/639/14475
f 2275/648/14476 2270/899/14477 2268/634/14478
f 2276/3201/14479 2268/634/14480 2267/636/14481
f 2272/3202/14482 2277/642/14483 2278/3200/14484
f 2275/648/14485 2279/3203/14486 2277/642/14487
f 2276/3201/14488 2280/643/14489 2279/3203/14490
f 2266/631/14491 2278/3200/14492 2280/643/14493
f 2282/3204/14494 2292/3223/14495 2289/3205/14496
f 2284/3207/14497 2286/3221/14498 2285/3208/14499
f 2291/3210/14500 2288/3213/14501 2287/3211/14502
f 2288/3213/14503 2282/3463/14504 2281/3214/14505
f 2293/3215/14506 2295/3225/14507 2296/3216/14508
f 2281/3206/14509 2289/3205/14510 2290/3218/14511
f 2289/3205/14512 2283/3209/14513 2285/3220/14514
f 2286/3221/14515 2291/3210/14516 2290/3212/14517
f 2291/3222/14518 2286/3464/14519 2284/3207/14520
f 2292/3223/14521 2284/3207/14522 2283/3209/14523
f 2288/3224/14524 2293/3215/14525 2294/3217/14526
f 2291/3222/14527 2295/3225/14528 2293/3215/14529
f 2292/3223/14530 2296/3216/14531 2295/3225/14532
f 2282/3204/14533 2294/3217/14534 2296/3216/14535
f 2298/3226/14536 2308/3245/14537 2305/3227/14538
f 2300/3229/14539 2302/3243/14540 2301/3230/14541
f 2307/3232/14542 2304/3235/14543 2303/3233/14544
f 2304/3235/14545 2298/3465/14546 2297/3236/14547
f 2309/3237/14548 2311/3247/14549 2312/3238/14550
f 2297/3228/14551 2305/3227/14552 2306/3240/14553
f 2305/3227/14554 2299/3231/14555 2301/3242/14556
f 2302/3243/14557 2307/3232/14558 2306/3234/14559
f 2307/3244/14560 2302/3466/14561 2300/3229/14562
f 2308/3245/14563 2300/3229/14564 2299/3231/14565
f 2304/3246/14566 2309/3237/14567 2310/3239/14568
f 2307/3244/14569 2311/3247/14570 2309/3237/14571
f 2308/3245/14572 2312/3238/14573 2311/3247/14574
f 2298/3226/14575 2310/3239/14576 2312/3238/14577
f 2314/3248/14578 2324/3267/14579 2321/3249/14580
f 2316/3251/14581 2318/3265/14582 2317/3252/14583
f 2323/3254/14584 2320/3257/14585 2319/3255/14586
f 2320/3257/14587 2314/3467/14588 2313/3258/14589
f 2325/3259/14590 2327/3269/14591 2328/3260/14592
f 2313/3250/14593 2321/3249/14594 2322/3262/14595
f 2321/3249/14596 2315/3253/14597 2317/3264/14598
f 2318/3265/14599 2323/3254/14600 2322/3256/14601
f 2323/3266/14602 2318/3468/14603 2316/3251/14604
f 2324/3267/14605 2316/3251/14606 2315/3253/14607
f 2320/3268/14608 2325/3259/14609 2326/3261/14610
f 2323/3266/14611 2327/3269/14612 2325/3259/14613
f 2324/3267/14614 2328/3260/14615 2327/3269/14616
f 2314/3248/14617 2326/3261/14618 2328/3260/14619
f 2330/3270/14620 2340/3289/14621 2337/3271/14622
f 2332/3273/14623 2334/3287/14624 2333/3274/14625
f 2339/3276/14626 2336/3279/14627 2335/3277/14628
f 2336/3279/14629 2330/3469/14630 2329/3280/14631
f 2341/3281/14632 2343/3291/14633 2344/3282/14634
f 2329/3272/14635 2337/3271/14636 2338/3284/14637
f 2337/3271/14638 2331/3275/14639 2333/3286/14640
f 2334/3287/14641 2339/3276/14642 2338/3278/14643
f 2339/3288/14644 2334/3470/14645 2332/3273/14646
f 2340/3289/14647 2332/3273/14648 2331/3275/14649
f 2336/3290/14650 2341/3281/14651 2342/3283/14652
f 2339/3288/14653 2343/3291/14654 2341/3281/14655
f 2340/3289/14656 2344/3282/14657 2343/3291/14658
f 2330/3270/14659 2342/3283/14660 2344/3282/14661
f 2346/3292/14662 2356/3311/14663 2353/3293/14664
f 2348/3295/14665 2350/3309/14666 2349/3296/14667
f 2355/3298/14668 2352/3301/14669 2351/3299/14670
f 2352/3301/14671 2346/3471/14672 2345/3302/14673
f 2357/3303/14674 2359/3313/14675 2360/3304/14676
f 2345/3294/14677 2353/3293/14678 2354/3306/14679
f 2353/3293/14680 2347/3297/14681 2349/3308/14682
f 2350/3309/14683 2355/3298/14684 2354/3300/14685
f 2355/3310/14686 2350/3472/14687 2348/3295/14688
f 2356/3311/14689 2348/3295/14690 2347/3297/14691
f 2352/3312/14692 2357/3303/14693 2358/3305/14694
f 2355/3310/14695 2359/3313/14696 2357/3303/14697
f 2356/3311/14698 2360/3304/14699 2359/3313/14700
f 2346/3292/14701 2358/3305/14702 2360/3304/14703
f 2362/649/14704 2377/653/14705 2376/650/14706
f 2363/652/14707 2378/655/14708 2377/653/14709
f 2364/654/14710 2379/657/14711 2378/655/14712
f 2365/656/14713 2380/659/14714 2379/657/14715
f 2366/658/14716 2381/661/14717 2380/659/14718
f 2367/660/14719 2382/663/14720 2381/661/14721
f 2368/662/14722 2383/665/14723 2382/663/14724
f 2369/664/14725 2384/667/14726 2383/665/14727
f 2370/666/14728 2385/669/14729 2384/667/14730
f 2371/668/14731 2386/671/14732 2385/669/14733
f 2372/670/14734 2387/673/14735 2386/671/14736
f 2373/672/14737 2388/675/14738 2387/673/14739
f 2374/674/14740 2389/677/14741 2388/675/14742
f 2375/676/14743 2390/679/14744 2389/677/14745
f 2361/678/14746 2376/900/14747 2390/679/14748
f 2408/696/14749 2409/3315/14750 2410/697/14751
f 2411/698/14752 2412/3316/14753 2409/3315/14754
f 2413/699/14755 2414/3317/14756 2412/3316/14757
f 2415/700/14758 2416/3318/14759 2414/3317/14760
f 2417/701/14761 2418/3319/14762 2416/3318/14763
f 2419/702/14764 2420/3320/14765 2418/3319/14766
f 2421/703/14767 2422/3321/14768 2420/3320/14769
f 2423/704/14770 2424/3322/14771 2422/3321/14772
f 2425/705/14773 2426/3323/14774 2424/3322/14775
f 2427/706/14776 2428/3399/14777 2426/3323/14778
f 2574/707/14779 2575/3473/14780 2576/3324/14781
f 2431/708/14782 2432/3328/14783 2430/3326/14784
f 2433/709/14785 2434/3329/14786 2432/3328/14787
f 2435/710/14788 2436/3330/14789 2434/3329/14790
f 2407/3314/14791 2410/697/14792 2436/3330/14793
f 2376/3331/14794 2377/3333/14795 2408/696/14796
f 2392/711/14797 2410/3360/14798 2409/712/14799
f 2377/3333/14800 2378/3335/14801 2411/698/14802
f 2393/3332/14803 2409/712/14804 2412/713/14805
f 2378/3335/14806 2379/3337/14807 2413/699/14808
f 2394/3334/14809 2412/713/14810 2414/714/14811
f 2379/3337/14812 2380/3340/14813 2415/700/14814
f 2395/3336/14815 2414/714/14816 2416/715/14817
f 2381/3339/14818 2417/701/14819 2415/700/14820
f 2397/716/14821 2396/3338/14822 2416/715/14823
f 2382/3342/14824 2419/702/14825 2417/701/14826
f 2398/717/14827 2397/716/14828 2418/3341/14829
f 2383/3344/14830 2421/703/14831 2419/702/14832
f 2399/718/14833 2398/717/14834 2420/3343/14835
f 2384/3346/14836 2423/704/14837 2421/703/14838
f 2400/719/14839 2399/718/14840 2422/3345/14841
f 2385/3348/14842 2425/705/14843 2423/704/14844
f 2401/720/14845 2400/719/14846 2424/3347/14847
f 2386/3350/14848 2427/706/14849 2425/705/14850
f 2401/720/14851 2426/3349/14852 2428/721/14853
f 2386/3350/14854 2387/3353/14855 2429/3327/14856
f 2402/3351/14857 2428/721/14858 2430/722/14859
f 2387/3353/14860 2388/3355/14861 2431/708/14862
f 2403/3352/14863 2430/722/14864 2432/723/14865
f 2388/3355/14866 2389/3358/14867 2433/709/14868
f 2404/3354/14869 2432/723/14870 2434/724/14871
f 2390/3357/14872 2435/710/14873 2433/709/14874
f 2406/725/14875 2405/3356/14876 2434/724/14877
f 2376/3331/14878 2407/3314/14879 2435/710/14880
f 2392/711/14881 2406/725/14882 2436/3359/14883
f 2393/726/14884 2438/3474/14885 2437/727/14886
f 2394/728/14887 2439/3475/14888 2438/729/14889
f 2395/730/14890 2440/3476/14891 2439/731/14892
f 2396/732/14893 2441/3477/14894 2440/733/14895
f 2397/734/14896 2442/3366/14897 2441/735/14898
f 2398/736/14899 2443/3367/14900 2442/3366/14901
f 2399/737/14902 2444/3368/14903 2443/3367/14904
f 2400/738/14905 2445/3369/14906 2444/3368/14907
f 2401/739/14908 2446/3370/14909 2445/3369/14910
f 2402/740/14911 2447/3371/14912 2446/3370/14913
f 2403/741/14914 2448/3372/14915 2447/3371/14916
f 2404/742/14917 2449/3373/14918 2448/3372/14919
f 2405/743/14920 2450/3374/14921 2449/3373/14922
f 2406/744/14923 2451/3375/14924 2450/3374/14925
f 2392/3361/14926 2437/727/14927 2451/3375/14928
f 2437/727/14929 2438/3474/14930 2453/3376/14931
f 2438/729/14932 2439/3475/14933 2454/3378/14934
f 2439/731/14935 2440/3476/14936 2455/3380/14937
f 2440/733/14938 2441/3477/14939 2456/3382/14940
f 2441/735/14941 2442/3366/14942 2457/3384/14943
f 2442/3366/14944 2443/3367/14945 2458/3386/14946
f 2444/3368/14947 2459/3387/14948 2458/3386/14949
f 2445/3369/14950 2460/3388/14951 2459/3387/14952
f 2446/3370/14953 2461/3389/14954 2460/3388/14955
f 2447/3371/14956 2462/3390/14957 2461/3389/14958
f 2448/3372/14959 2463/3391/14960 2462/3390/14961
f 2449/3373/14962 2464/3392/14963 2463/3391/14964
f 2450/3374/14965 2465/3393/14966 2464/3392/14967
f 2451/3375/14968 2466/3394/14969 2465/3393/14970
f 2451/3375/14971 2437/727/14972 2452/3377/14973
f 2467/745/14974 2468/748/14975 2483/746/14976
f 2468/748/14977 2469/751/14978 2484/749/14979
f 2470/750/14980 2485/753/14981 2484/749/14982
f 2471/752/14983 2486/755/14984 2485/753/14985
f 2472/754/14986 2487/757/14987 2486/755/14988
f 2472/754/14989 2473/758/14990 2488/756/14991
f 2473/758/14992 2474/760/14993 2489/759/14994
f 2474/760/14995 2475/762/14996 2490/761/14997
f 2475/762/14998 2476/764/14999 2491/763/15000
f 2476/764/15001 2477/766/15002 2492/765/15003
f 2477/766/15004 2478/769/15005 2493/767/15006
f 2479/768/15007 2494/771/15008 2493/767/15009
f 2480/770/15010 2495/773/15011 2494/771/15012
f 2481/772/15013 2496/775/15014 2495/773/15015
f 2467/774/15016 2482/790/15017 2496/775/15018
f 2483/746/15019 2498/777/15020 2497/776/15021
f 2484/749/15022 2499/778/15023 2498/777/15024
f 2485/753/15025 2500/779/15026 2499/778/15027
f 2486/755/15028 2501/780/15029 2500/779/15030
f 2487/757/15031 2502/781/15032 2501/780/15033
f 2488/756/15034 2503/782/15035 2502/781/15036
f 2489/759/15037 2504/783/15038 2503/782/15039
f 2490/761/15040 2505/784/15041 2504/783/15042
f 2491/763/15043 2506/785/15044 2505/784/15045
f 2492/765/15046 2507/786/15047 2506/785/15048
f 2493/767/15049 2508/788/15050 2507/786/15051
f 2493/767/15052 2494/771/15053 2509/787/15054
f 2494/771/15055 2495/773/15056 2510/789/15057
f 2496/775/15058 2511/791/15059 2510/789/15060
f 2482/790/15061 2497/807/15062 2511/791/15063
f 2498/777/15064 2513/793/15065 2512/792/15066
f 2499/778/15067 2514/795/15068 2513/793/15069
f 2499/778/15070 2500/779/15071 2515/794/15072
f 2500/779/15073 2501/780/15074 2516/796/15075
f 2501/780/15076 2502/781/15077 2517/797/15078
f 2502/781/15079 2503/782/15080 2518/798/15081
f 2503/782/15082 2504/783/15083 2519/799/15084
f 2504/783/15085 2505/784/15086 2520/800/15087
f 2505/784/15088 2506/785/15089 2521/801/15090
f 2507/786/15091 2522/803/15092 2521/801/15093
f 2507/786/15094 2508/788/15095 2523/802/15096
f 2509/787/15097 2524/804/15098 2523/802/15099
f 2510/789/15100 2525/806/15101 2524/804/15102
f 2510/789/15103 2511/791/15104 2526/805/15105
f 2497/807/15106 2512/901/15107 2526/805/15108
f 2513/793/15109 2528/809/15110 2527/808/15111
f 2514/795/15112 2529/811/15113 2528/809/15114
f 2514/795/15115 2515/794/15116 2530/810/15117
f 2515/794/15118 2516/796/15119 2531/812/15120
f 2517/797/15121 2532/813/15122 2531/812/15123
f 2518/798/15124 2533/814/15125 2532/813/15126
f 2519/799/15127 2534/816/15128 2533/814/15129
f 2519/799/15130 2520/800/15131 2535/815/15132
f 2520/800/15133 2521/801/15134 2536/817/15135
f 2522/803/15136 2537/818/15137 2536/817/15138
f 2523/802/15139 2538/819/15140 2537/818/15141
f 2524/804/15142 2539/821/15143 2538/819/15144
f 2524/804/15145 2525/806/15146 2540/820/15147
f 2525/806/15148 2526/805/15149 2541/822/15150
f 2526/805/15151 2512/901/15152 2527/823/15153
f 2527/808/15154 2528/809/15155 2543/824/15156
f 2528/809/15157 2529/811/15158 2544/826/15159
f 2529/811/15160 2530/810/15161 2545/827/15162
f 2531/812/15163 2546/828/15164 2545/827/15165
f 2532/813/15166 2547/829/15167 2546/828/15168
f 2533/814/15169 2548/830/15170 2547/829/15171
f 2534/816/15172 2549/832/15173 2548/830/15174
f 2534/816/15175 2535/815/15176 2550/831/15177
f 2536/817/15178 2551/834/15179 2550/831/15180
f 2536/817/15181 2537/818/15182 2552/833/15183
f 2537/818/15184 2538/819/15185 2553/835/15186
f 2538/819/15187 2539/821/15188 2554/836/15189
f 2539/821/15190 2540/820/15191 2555/837/15192
f 2541/822/15193 2556/838/15194 2555/837/15195
f 2527/823/15196 2542/854/15197 2556/838/15198
f 2543/824/15199 2558/841/15200 2557/839/15201
f 2543/824/15202 2544/826/15203 2559/840/15204
f 2544/826/15205 2545/827/15206 2560/842/15207
f 2546/828/15208 2561/844/15209 2560/842/15210
f 2546/828/15211 2547/829/15212 2562/843/15213
f 2548/830/15214 2563/845/15215 2562/843/15216
f 2549/832/15217 2564/846/15218 2563/845/15219
f 2550/831/15220 2565/847/15221 2564/846/15222
f 2551/834/15223 2566/849/15224 2565/847/15225
f 2551/834/15226 2552/833/15227 2567/848/15228
f 2553/835/15229 2568/851/15230 2567/848/15231
f 2553/835/15232 2554/836/15233 2569/850/15234
f 2555/837/15235 2570/853/15236 2569/850/15237
f 2555/837/15238 2556/838/15239 2571/852/15240
f 2542/854/15241 2557/869/15242 2571/852/15243
f 2453/3376/15244 2454/873/15245 2469/871/15246
f 2454/873/15247 2455/875/15248 2470/874/15249
f 2456/3385/15250 2471/876/15251 2470/874/15252
f 2457/3384/15253 2472/877/15254 2471/876/15255
f 2458/3386/15256 2473/878/15257 2472/877/15258
f 2459/3387/15259 2474/879/15260 2473/878/15261
f 2460/3388/15262 2475/880/15263 2474/879/15264
f 2461/3389/15265 2476/881/15266 2475/880/15267
f 2462/3390/15268 2477/883/15269 2476/881/15270
f 2462/3390/15271 2463/3391/15272 2478/882/15273
f 2463/3391/15274 2464/3392/15275 2479/884/15276
f 2464/3392/15277 2465/3393/15278 2480/885/15279
f 2465/3393/15280 2466/3394/15281 2481/886/15282
f 2466/3394/15283 2452/3377/15284 2467/887/15285
f 2452/3377/15286 2453/3376/15287 2468/872/15288
f 2429/889/15289 2574/3478/15290 2573/890/15291
f 2430/3326/15292 2575/3473/15293 2574/707/15294
f 2430/3396/15295 2428/3479/15296 2576/3397/15297
f 2427/706/15298 2573/3325/15299 2576/3324/15300
