# Blender v2.90.0 OBJ File: ''
# www.blender.org
v 0.165156 0.358003 0.158163
v 0.085740 -0.241093 0.214753
v 0.165483 -0.241246 0.160325
v -0.009573 0.358167 0.229878
v 0.085413 0.358156 0.212590
v -0.103378 0.358033 0.207037
v -0.009246 -0.241083 0.232040
v -0.179784 0.357778 0.148017
v -0.103052 -0.241216 0.209199
v -0.225251 -0.241803 0.065184
v -0.179457 -0.241471 0.150179
v -0.232842 0.357095 -0.033250
v -0.225578 0.357447 0.063022
v -0.199994 -0.242464 -0.121992
v -0.232515 -0.242154 -0.031088
v -0.133637 0.356569 -0.193971
v -0.200320 0.356785 -0.124154
v -0.043994 -0.242763 -0.228468
v -0.133310 -0.242680 -0.191809
v 0.052185 0.356549 -0.227791
v -0.044321 0.356486 -0.230630
v 0.139192 0.356747 -0.185946
v 0.052512 -0.242701 -0.225629
v 0.201983 -0.242202 -0.110168
v 0.139519 -0.242502 -0.183784
v 0.228778 0.357396 -0.019672
v 0.201656 0.357047 -0.112330
v 0.215867 0.357734 0.076007
v 0.229105 -0.241853 -0.017509
v 0.216194 -0.241515 0.078170
v 0.085405 0.373770 0.212534
v 0.165147 0.373617 0.158107
v -0.002754 0.372947 -0.002258
v -0.009581 0.373781 0.229822
v -0.103387 0.373647 0.206981
v -0.179792 0.373393 0.147960
v -0.225587 0.373061 0.062966
v -0.232851 0.372710 -0.033306
v -0.200329 0.372399 -0.124210
v -0.133645 0.372184 -0.194028
v -0.044329 0.372100 -0.230686
v 0.052176 0.372163 -0.227847
v 0.139183 0.372362 -0.186002
v 0.201648 0.372661 -0.112386
v 0.228769 0.373010 -0.019728
v 0.215859 0.373349 0.075951
v 0.062320 -0.373060 -0.037975
v 0.045040 -0.373027 -0.026181
v 0.026020 -0.373205 -0.072696
v 0.024457 -0.373024 -0.022434
v 0.004130 -0.373053 -0.027384
v -0.012427 -0.373109 -0.040174
v -0.022351 -0.373180 -0.058592
v -0.023925 -0.373257 -0.079454
v -0.016878 -0.373324 -0.099152
v -0.002427 -0.373371 -0.114281
v 0.016927 -0.373389 -0.122225
v 0.037840 -0.373375 -0.121610
v 0.056694 -0.373332 -0.112542
v 0.070230 -0.373267 -0.096590
v 0.076107 -0.373191 -0.076511
v 0.073309 -0.373118 -0.055778
v 0.090259 -0.241051 0.225935
v 0.174185 -0.278043 0.168800
v 0.174165 -0.241212 0.168667
v -0.009685 -0.241040 0.244126
v 0.090279 -0.277882 0.226068
v -0.108388 -0.241180 0.220092
v -0.009665 -0.277871 0.244259
v -0.188781 -0.241448 0.157991
v -0.108368 -0.278012 0.220225
v -0.236946 -0.278629 0.068693
v -0.188761 -0.278280 0.158124
v -0.236966 -0.241797 0.068560
v -0.244589 -0.278998 -0.032605
v -0.210390 -0.242493 -0.128387
v -0.244609 -0.242167 -0.032738
v -0.140225 -0.242720 -0.201849
v -0.210370 -0.279325 -0.128255
v -0.046226 -0.279640 -0.240288
v -0.140205 -0.279552 -0.201716
v -0.046246 -0.242808 -0.240421
v 0.055316 -0.279573 -0.237302
v 0.146845 -0.242533 -0.193405
v 0.055296 -0.242742 -0.237435
v 0.212590 -0.279049 -0.115813
v 0.146865 -0.279365 -0.193272
v 0.241108 -0.241850 -0.018451
v 0.212570 -0.242218 -0.115946
v 0.227523 -0.241494 0.082223
v 0.241128 -0.278682 -0.018318
v 0.227543 -0.278326 0.082356
v 0.044989 -0.278818 -0.026520
v 0.024406 -0.278816 -0.022774
v 0.004078 -0.278845 -0.027724
v -0.012479 -0.278900 -0.040514
v -0.022402 -0.278972 -0.058932
v -0.023976 -0.279048 -0.079793
v -0.016929 -0.279116 -0.099492
v -0.002479 -0.279162 -0.114621
v 0.016876 -0.279180 -0.122565
v 0.037788 -0.279167 -0.121950
v 0.056642 -0.279124 -0.112882
v 0.070178 -0.279059 -0.096930
v 0.076055 -0.278983 -0.076851
v 0.073258 -0.278910 -0.056118
v 0.062269 -0.278852 -0.038315
v 0.176558 0.358049 0.169053
v 0.091392 0.373826 0.227120
v 0.091400 0.358212 0.227177
v -0.010045 0.373838 0.245582
v -0.010036 0.358223 0.245638
v -0.110212 0.358080 0.221246
v -0.110221 0.373695 0.221190
v -0.191815 0.373423 0.158162
v -0.191807 0.357809 0.158218
v -0.240719 0.373069 0.067395
v -0.240711 0.357454 0.067451
v -0.248476 0.372694 -0.035415
v -0.248468 0.357079 -0.035359
v -0.213746 0.372362 -0.132492
v -0.213738 0.356748 -0.132436
v -0.142525 0.356518 -0.206994
v -0.142534 0.372132 -0.207051
v -0.047144 0.356428 -0.246142
v -0.047152 0.372043 -0.246199
v 0.055915 0.356496 -0.243111
v 0.055907 0.372110 -0.243167
v 0.148830 0.356707 -0.198424
v 0.148822 0.372322 -0.198480
v 0.215537 0.357028 -0.119809
v 0.215529 0.372642 -0.119865
v 0.244500 0.357400 -0.020858
v 0.244492 0.373015 -0.020914
v 0.230713 0.357762 0.081318
v 0.230705 0.373376 0.081262
v 0.176549 0.373663 0.168997
v 0.007500 -0.370305 0.115242
v -0.009779 -0.370272 0.127037
v -0.028800 -0.370450 0.080522
v -0.030363 -0.370270 0.130783
v -0.050690 -0.370299 0.125833
v -0.067247 -0.370354 0.113043
v -0.077171 -0.370426 0.094625
v -0.078745 -0.370502 0.073764
v -0.071697 -0.370569 0.054065
v -0.057247 -0.370616 0.038936
v -0.037892 -0.370634 0.030992
v -0.016980 -0.370620 0.031607
v 0.001874 -0.370577 0.040675
v 0.015410 -0.370512 0.056627
v 0.021287 -0.370437 0.076706
v 0.018490 -0.370363 0.097440
v 0.018461 -0.316996 0.097247
v 0.021258 -0.317069 0.076513
v 0.015381 -0.317144 0.056435
v 0.001845 -0.317209 0.040482
v -0.017009 -0.317252 0.031415
v -0.037921 -0.317266 0.030800
v -0.057276 -0.317248 0.038743
v -0.071726 -0.317201 0.053872
v -0.078774 -0.317134 0.073571
v -0.077200 -0.317058 0.094433
v -0.067276 -0.316986 0.112851
v -0.050719 -0.316931 0.125640
v -0.030392 -0.316902 0.130590
v -0.009808 -0.316904 0.126844
v 0.007471 -0.316937 0.115050
v 0.007442 -0.263570 0.114857
v -0.028858 -0.263715 0.080136
v -0.009838 -0.263536 0.126651
v -0.030421 -0.263534 0.130398
v -0.050748 -0.263563 0.125448
v -0.067305 -0.263618 0.112658
v -0.077229 -0.263690 0.094240
v -0.078803 -0.263766 0.073378
v -0.071756 -0.263833 0.053680
v -0.057305 -0.263880 0.038551
v -0.037951 -0.263898 0.030607
v -0.017038 -0.263885 0.031222
v 0.001816 -0.263842 0.040290
v 0.015352 -0.263777 0.056242
v 0.021229 -0.263701 0.076321
v 0.018432 -0.263628 0.097054
v 0.331853 0.403303 0.006298
v 0.301757 0.527951 -0.096735
v 0.331785 0.528337 0.005851
v 0.232670 0.402585 -0.177787
v 0.301826 0.402916 -0.096284
v 0.136341 0.402365 -0.224115
v 0.232602 0.527619 -0.178243
v 0.029497 0.402296 -0.227257
v 0.136273 0.527399 -0.224566
v -0.069455 0.527422 -0.187123
v 0.029429 0.527330 -0.227709
v -0.069389 0.402388 -0.186672
v -0.143281 0.527661 -0.109826
v -0.179222 0.402970 -0.008732
v -0.143211 0.402626 -0.109375
v -0.171177 0.403359 0.097852
v -0.179291 0.528004 -0.009183
v -0.120482 0.403726 0.191952
v -0.171248 0.528393 0.097404
v -0.035889 0.404008 0.257295
v -0.120549 0.528760 0.191503
v 0.317559 0.403677 0.112231
v 0.261348 0.529009 0.202738
v 0.261416 0.403975 0.203189
v 0.317491 0.528712 0.111780
v 0.301828 0.399658 -0.096272
v 0.331855 0.400045 0.006314
v 0.075528 0.399975 0.025655
v 0.232672 0.399327 -0.177774
v 0.136343 0.399107 -0.224103
v 0.029498 0.399037 -0.227246
v -0.069388 0.399130 -0.186660
v -0.143215 0.399369 -0.109362
v -0.179221 0.399712 -0.008720
v -0.171180 0.400101 0.097867
v -0.120479 0.400468 0.191968
v -0.035887 0.400750 0.257312
v 0.074120 0.400147 0.073514
v 0.070411 0.400600 0.199562
v 0.094325 0.400895 0.277799
v 0.067968 0.400898 0.282596
v 0.261418 0.400717 0.203198
v 0.173131 0.400886 0.263459
v 0.317561 0.400419 0.112240
v 0.114904 0.629947 0.029454
v 0.110252 0.629887 0.013562
v 0.075262 0.629936 0.032474
v 0.099539 0.629835 0.000936
v 0.084617 0.629801 -0.006243
v 0.068065 0.629790 -0.006727
v 0.052746 0.629804 -0.000440
v 0.041309 0.629842 0.011530
v 0.035731 0.629895 0.027125
v 0.036977 0.629955 0.043637
v 0.044831 0.630012 0.058214
v 0.057936 0.630056 0.068336
v 0.075031 0.629962 0.039884
v 0.078107 0.630078 0.071511
v 0.074425 0.630032 0.059398
v 0.074024 0.630078 0.072254
v 0.090315 0.630077 0.069290
v 0.103992 0.630051 0.059954
v 0.112688 0.630005 0.045864
v 0.314175 0.528333 0.007276
v 0.286233 0.535658 -0.088196
v 0.314170 0.536018 0.007252
v 0.221895 0.527665 -0.163995
v 0.286237 0.527973 -0.088165
v 0.132270 0.527460 -0.207099
v 0.221890 0.535350 -0.164023
v 0.032859 0.535080 -0.210051
v 0.132266 0.535145 -0.207127
v 0.032863 0.527395 -0.210023
v -0.059144 0.535166 -0.172294
v -0.059140 0.527482 -0.172262
v -0.127833 0.535389 -0.100373
v -0.161328 0.528023 -0.006707
v -0.127827 0.527704 -0.100345
v -0.153847 0.528385 0.092460
v -0.161333 0.535708 -0.006735
v -0.106675 0.528727 0.180011
v -0.153851 0.536070 0.092433
v -0.027972 0.528989 0.240807
v -0.106679 0.536412 0.179984
v -0.001380 0.529027 0.247279
v -0.027976 0.536674 0.240779
v 0.068655 0.529127 0.264334
v 0.093173 0.536809 0.259842
v 0.068651 0.536811 0.264307
v 0.166499 0.529116 0.246527
v 0.248635 0.536643 0.190435
v 0.166494 0.536801 0.246499
v 0.248639 0.528958 0.190462
v 0.300871 0.536366 0.105808
v 0.300876 0.528681 0.105836
v 0.110303 0.535931 0.013901
v 0.099590 0.535879 0.001275
v 0.084667 0.535845 -0.005901
v 0.068116 0.535835 -0.006388
v 0.052797 0.535849 -0.000104
v 0.041360 0.535886 0.011873
v 0.035783 0.535939 0.027464
v 0.037028 0.535999 0.043976
v 0.044882 0.536056 0.058553
v -0.035957 0.529043 0.256849
v 0.057987 0.536100 0.068676
v -0.001384 0.536712 0.247252
v 0.074075 0.536123 0.072590
v 0.104043 0.536095 0.060294
v 0.112740 0.536049 0.046203
v 0.114955 0.535991 0.029793
v 0.335131 0.403317 0.003305
v 0.304860 0.399669 -0.100103
v 0.304858 0.402927 -0.100117
v 0.235142 0.399334 -0.182268
v 0.235140 0.402592 -0.182280
v 0.138032 0.399113 -0.228972
v 0.138030 0.402371 -0.228984
v 0.030319 0.399043 -0.232145
v 0.030317 0.402301 -0.232152
v -0.069370 0.399136 -0.191225
v -0.069371 0.402394 -0.191237
v -0.143796 0.402635 -0.113313
v -0.143798 0.399377 -0.113300
v -0.180098 0.402981 -0.011851
v -0.180096 0.399723 -0.011840
v -0.171988 0.400116 0.095611
v -0.171991 0.403373 0.095601
v -0.120877 0.403743 0.190467
v -0.120869 0.400485 0.190478
v -0.035598 0.404028 0.256341
v -0.035598 0.400769 0.256353
v -0.006784 0.400811 0.263368
v 0.095670 0.404174 0.276998
v 0.069102 0.400919 0.281843
v 0.095673 0.400916 0.277009
v 0.175116 0.404165 0.262539
v 0.264122 0.400736 0.201803
v 0.264120 0.403994 0.201788
v 0.320723 0.400436 0.110107
v 0.320721 0.403694 0.110091
v 0.335133 0.400059 0.003316
v -0.007306 0.400791 0.264270
v 0.175118 0.400907 0.262549
v 0.062363 0.630062 0.069414
v 0.090366 0.536121 0.069628
v 0.077423 0.416204 0.280822
v 0.091964 0.404253 0.272616
v 0.099120 0.416277 0.276873
v 0.063464 0.404218 0.277812
v 0.077941 0.516409 0.280356
v 0.063643 0.529172 0.277624
v 0.177180 0.404358 0.257078
v 0.163215 0.516614 0.264836
v 0.163993 0.416495 0.265061
v 0.091645 0.529169 0.272572
v -0.008546 0.404066 0.262943
v 0.175371 0.529160 0.257468
v -0.008547 0.529078 0.262566
v -0.006785 0.404069 0.263357
v 0.069100 0.404177 0.281834
v 0.345938 0.421300 1.632965
v 0.324239 0.421227 1.636914
v 0.410809 0.421518 1.621155
v 0.346130 0.521484 1.632558
v 0.324757 0.521432 1.636448
v 0.324208 0.361700 1.637140
v 0.360019 0.362059 1.710222
v 0.338226 0.361986 1.714189
v 0.465853 0.522048 1.610766
v 0.480654 0.422215 1.688043
v 0.466636 0.421929 1.610995
v 0.360120 0.581296 1.709391
v 0.324825 0.580959 1.636216
v 0.338845 0.581244 1.713264
v 0.268418 0.421562 1.647073
v 0.282960 0.522053 1.723655
v 0.268935 0.521768 1.646607
v 0.333081 0.520073 1.198105
v 0.389681 0.420364 1.188174
v 0.333859 0.419954 1.198335
v 0.409711 0.581163 1.620765
v 0.479412 0.581859 1.687678
v 0.465392 0.581574 1.610630
v 0.466386 0.422820 1.780853
v 0.540690 0.522988 1.766969
v 0.465609 0.522939 1.780625
v 0.425181 0.362278 1.698361
v 0.467094 0.362404 1.611131
v 0.481117 0.362689 1.688179
v 0.268111 0.362036 1.647349
v 0.346395 0.522034 1.802328
v 0.298338 0.422171 1.811452
v 0.345881 0.421828 1.802794
v 0.269242 0.581294 1.646331
v 0.283266 0.581579 1.723378
v 0.346000 0.361773 1.633174
v 0.369392 0.362557 1.798832
v 0.336834 0.362310 1.804791
v 0.411158 0.361992 1.621312
v 0.633296 0.423321 1.889141
v 0.558562 0.363747 1.902954
v 0.633758 0.363796 1.889277
v 0.282442 0.421847 1.724120
v 0.282137 0.362322 1.724397
v 0.346099 0.581010 1.632344
v 0.369494 0.581793 1.798001
v 0.337453 0.581568 1.803866
v 0.557437 0.523392 1.902568
v 0.632053 0.582967 1.888776
v 0.557120 0.582919 1.902405
v 0.479876 0.522334 1.687814
v 0.298855 0.522377 1.810987
v 0.299161 0.581903 1.810710
v 0.410032 0.521637 1.620927
v 0.388903 0.520484 1.187944
v 0.541469 0.422869 1.767198
v 0.466735 0.363294 1.781011
v 0.541930 0.363344 1.767331
v 0.298031 0.362646 1.811728
v 0.540226 0.582514 1.766833
v 0.465290 0.582466 1.780462
v 0.558212 0.423272 1.902794
v 0.632517 0.523441 1.888913
v 0.348319 0.368932 2.242649
v 0.236941 0.577779 2.205578
v 0.236742 0.368463 2.206373
v 0.376080 0.422076 1.797293
v 0.350536 0.427764 1.802070
v 0.451541 0.517025 1.783573
v 0.452022 0.428644 1.783812
v 0.376273 0.522261 1.796889
v 0.350829 0.516221 1.801690
v 0.376070 0.516422 1.797149
v 0.380780 0.428382 1.859130
v 0.342812 0.428166 1.862769
v 0.493812 0.517408 1.848009
v 0.494290 0.429027 1.848248
v 0.380881 0.516820 1.858783
v 0.343105 0.516623 1.862387
v 0.388581 0.428562 1.910000
v 0.337344 0.428350 1.913641
v 0.654863 0.517578 1.898878
v 0.655348 0.429197 1.899119
v 0.388682 0.517000 1.909653
v 0.337629 0.516807 1.913257
v 0.341303 0.367550 1.984890
v 0.661871 0.369519 1.986300
v 0.341504 0.576866 1.984095
v 0.394410 0.577311 1.983320
v 0.119792 0.400892 0.273167
v 0.121347 0.400913 0.272336
v 0.121345 0.404171 0.272325
v 0.119503 0.404287 0.267593
v 0.120085 0.416347 0.273054
v 0.366903 0.421370 1.629148
v 0.367056 0.361844 1.629340
v 0.381078 0.362130 1.706389
v 0.400849 0.362795 1.793072
v 0.400548 0.428198 1.793073
v 0.375971 0.427984 1.797495
v 0.417459 0.428591 1.855611
v 0.438098 0.428768 1.906483
v 0.435013 0.368513 1.982870
v 0.394389 0.368041 1.984091
v 0.434863 0.577740 1.982120
v 0.417373 0.517010 1.855301
v 0.438009 0.517187 1.906171
v 0.400460 0.516617 1.792762
v 0.400448 0.582011 1.792330
v 0.380677 0.581345 1.705648
v 0.366781 0.521533 1.628798
v 0.366660 0.581060 1.628602
v 0.099313 0.516460 0.276467
v 0.118703 0.529166 0.267690
v 0.093178 0.529124 0.259872
v 0.116873 0.529121 0.255559
v 0.116868 0.536806 0.255529
v 0.078159 0.536122 0.071849
v 0.082053 0.630077 0.070794
v 0.160322 0.400908 0.265243
v 0.161309 0.404339 0.259970
v 0.151909 0.416454 0.267263
v 0.398726 0.421478 1.623355
v 0.399021 0.361952 1.623521
v 0.413044 0.362237 1.700568
v 0.448607 0.363157 1.784330
v 0.449569 0.422681 1.783915
v 0.437856 0.428521 1.786361
v 0.473153 0.428907 1.850274
v 0.595558 0.429079 1.901145
v 0.589464 0.369243 1.981700
v 0.589045 0.578403 1.980981
v 0.661355 0.578654 1.985595
v 0.595186 0.517470 1.900885
v 0.472774 0.517299 1.850014
v 0.448971 0.522812 1.783654
v 0.447447 0.582340 1.783729
v 0.423733 0.581449 1.697812
v 0.397863 0.581135 1.622922
v 0.398129 0.521609 1.623091
v 0.159776 0.529162 0.260281
v 0.152842 0.529117 0.249013
v 0.152837 0.536802 0.248985
v 0.088041 0.630077 0.069704
v 0.070627 0.536118 0.071751
v 0.070576 0.630074 0.071415
v 0.074603 0.630012 0.053628
v 0.083825 0.630077 0.070471
v 0.083875 0.536122 0.070809
v 0.127504 0.536805 0.253595
v 0.127509 0.529120 0.253623
v 0.129234 0.516532 0.271021
v 0.130848 0.529165 0.265500
v 0.376050 0.521556 1.627112
v 0.119964 0.516510 0.272708
v 0.375886 0.581082 1.626922
v 0.389906 0.581367 1.703970
v 0.414349 0.582108 1.789787
v 0.405144 0.522480 1.791633
v 0.411408 0.516704 1.790792
v 0.433757 0.517095 1.853738
v 0.484489 0.517271 1.904608
v 0.482548 0.577938 1.978680
v 0.437412 0.578551 2.249340
v 0.499668 0.369541 2.249910
v 0.499441 0.578747 2.249171
v 0.482777 0.368732 1.979421
v 0.433928 0.428684 1.854033
v 0.484659 0.428859 1.904904
v 0.411580 0.428293 1.791087
v 0.405265 0.422317 1.791980
v 0.414970 0.362902 1.790487
v 0.390531 0.362162 1.704668
v 0.376508 0.361876 1.627619
v 0.129495 0.416379 0.271343
v 0.376312 0.421402 1.627435
v 0.131865 0.404302 0.265340
v 0.132869 0.404169 0.270228
v 0.132873 0.400912 0.270238
v 0.131224 0.400891 0.271086
v 0.071508 0.400466 0.162289
v 0.045709 0.400866 0.277177
v 0.046662 0.400887 0.276382
v 0.046660 0.404145 0.276370
v 0.042296 0.529144 0.273170
v 0.047946 0.529097 0.259291
v 0.047942 0.536782 0.259264
v 0.088092 0.536121 0.070042
v 0.151313 0.516586 0.267000
v 0.411884 0.581420 1.699969
v 0.418103 0.522578 1.789273
v 0.437484 0.516913 1.786102
v 0.418365 0.422424 1.789596
v 0.160319 0.404167 0.265233
v 0.158452 0.400888 0.266131
v 0.042172 0.404173 0.273416
v 0.346398 0.367640 2.008269
v 0.391886 0.368129 2.007150
v 0.346599 0.576956 2.007474
v 0.391909 0.577400 2.006378
v 0.613028 0.578487 1.996964
v 0.613442 0.369327 1.997682
v 0.685723 0.578731 2.009845
v 0.686239 0.369597 2.010552
v 0.441932 0.577826 2.005455
v 0.442086 0.368599 2.006205
v 0.501978 0.578027 2.000110
v 0.502205 0.368821 2.000850
v 0.351216 0.367732 2.032458
v 0.407888 0.368226 2.027441
v 0.351421 0.577048 2.031663
v 0.407911 0.577497 2.026669
v 0.612770 0.369407 2.018795
v 0.612358 0.578566 2.018079
v 0.703090 0.578811 2.034635
v 0.703603 0.369677 2.035341
v 0.435866 0.368689 2.025949
v 0.435715 0.577916 2.025199
v 0.505296 0.368894 2.045750
v 0.505062 0.578101 2.045008
v 0.410580 0.368308 2.053832
v 0.350992 0.367817 2.054354
v 0.410604 0.577578 2.053059
v 0.351192 0.577133 2.053560
v 0.618775 0.369460 2.061835
v 0.703210 0.578871 2.067714
v 0.703725 0.369736 2.068421
v 0.618360 0.578620 2.061117
v 0.467787 0.368975 2.055910
v 0.436087 0.368762 2.055667
v 0.467559 0.578182 2.055170
v 0.387463 0.577656 2.081491
v 0.415750 0.368838 2.084372
v 0.415598 0.578064 2.083622
v 0.558201 0.369111 2.013494
v 0.557881 0.578294 2.012766
v 0.562035 0.369177 2.053792
v 0.561711 0.578361 2.053061
v 0.387439 0.368386 2.082263
v 0.339566 0.367902 2.077759
v 0.339766 0.577218 2.076964
v 0.467676 0.369049 2.090313
v 0.467449 0.578256 2.089573
v 0.435937 0.577988 2.054918
v 0.635793 0.578764 2.107409
v 0.636206 0.369605 2.108126
v 0.685455 0.369874 2.117970
v 0.684941 0.579008 2.117264
v 0.611485 0.369699 2.139609
v 0.611070 0.578859 2.138892
v 0.655855 0.369961 2.158791
v 0.655339 0.579095 2.158085
v 0.576428 0.369755 2.168026
v 0.576016 0.578914 2.167310
v 0.620797 0.370016 2.187209
v 0.620280 0.579151 2.186501
v 0.533645 0.369795 2.187114
v 0.533231 0.578954 2.186397
v 0.557200 0.370047 2.216155
v 0.556686 0.579181 2.215449
v 0.361955 0.368563 2.126785
v 0.293762 0.368078 2.122168
v 0.361979 0.577833 2.126014
v 0.293961 0.577394 2.121373
v 0.432407 0.578223 2.129817
v 0.432557 0.368996 2.130567
v 0.476928 0.578413 2.135458
v 0.477156 0.369207 2.136199
v 0.337506 0.368683 2.156939
v 0.265983 0.368198 2.152182
v 0.337530 0.577953 2.156168
v 0.266182 0.577514 2.151386
v 0.437795 0.578326 2.167722
v 0.437945 0.369100 2.168472
v 0.497921 0.578514 2.179988
v 0.498148 0.369308 2.180728
v 0.345314 0.368839 2.202999
v 0.218420 0.368358 2.180393
v 0.345338 0.578109 2.202227
v 0.218619 0.577674 2.179597
v 0.433782 0.369244 2.209244
v 0.433632 0.578471 2.208493
v 0.502779 0.578665 2.214578
v 0.503004 0.369458 2.215318
v 0.546879 0.370139 2.233165
v 0.348343 0.578202 2.241877
v 0.437562 0.369325 2.250091
v 0.546364 0.579273 2.232458
v 0.062414 0.536106 0.069754
v 0.082104 0.536122 0.071131
vt 0.256288 0.280681
vt 0.263004 0.431778
vt 0.256288 0.431778
vt 0.269719 0.280681
vt 0.263004 0.280681
vt 0.276435 0.280681
vt 0.269719 0.431778
vt 0.283150 0.280681
vt 0.276435 0.431778
vt 0.289865 0.431778
vt 0.283150 0.431778
vt 0.296581 0.280681
vt 0.289865 0.280681
vt 0.303296 0.431778
vt 0.296581 0.431778
vt 0.310012 0.280681
vt 0.303296 0.280681
vt 0.316727 0.431778
vt 0.310012 0.431778
vt 0.323442 0.280681
vt 0.316727 0.280681
vt 0.330158 0.280681
vt 0.323442 0.431778
vt 0.336873 0.431778
vt 0.330158 0.431778
vt 0.343589 0.280681
vt 0.336873 0.280681
vt 0.350304 0.280681
vt 0.343589 0.431778
vt 0.357020 0.431778
vt 0.350304 0.431778
vt 0.545041 0.639095
vt 0.553341 0.650519
vt 0.522317 0.664332
vt 0.532811 0.632034
vt 0.518767 0.630558
vt 0.505336 0.634922
vt 0.494842 0.644371
vt 0.489098 0.657271
vt 0.489098 0.671393
vt 0.494842 0.684294
vt 0.505336 0.693743
vt 0.518767 0.698107
vt 0.532811 0.696631
vt 0.545041 0.689570
vt 0.553341 0.678145
vt 0.556277 0.664332
vt 0.731585 0.334452
vt 0.724825 0.343756
vt 0.706319 0.323203
vt 0.714865 0.349506
vt 0.703428 0.350708
vt 0.692490 0.347154
vt 0.683944 0.339459
vt 0.679266 0.328953
vt 0.679266 0.317453
vt 0.683944 0.306947
vt 0.692490 0.299251
vt 0.703428 0.295697
vt 0.714865 0.296900
vt 0.724825 0.302650
vt 0.731585 0.311954
vt 0.733976 0.323203
vt 0.553147 0.695582
vt 0.563658 0.681115
vt 0.563658 0.681115
vt 0.537661 0.704522
vt 0.553147 0.695582
vt 0.519878 0.706392
vt 0.537661 0.704522
vt 0.502871 0.700866
vt 0.519878 0.706392
vt 0.489583 0.688901
vt 0.502871 0.700866
vt 0.489583 0.688901
vt 0.482309 0.672565
vt 0.482309 0.654683
vt 0.482309 0.672565
vt 0.489583 0.638348
vt 0.482309 0.654683
vt 0.502871 0.626382
vt 0.489583 0.638348
vt 0.502871 0.626382
vt 0.519878 0.620857
vt 0.537662 0.622726
vt 0.519878 0.620857
vt 0.553147 0.631667
vt 0.537662 0.622726
vt 0.563658 0.646133
vt 0.553147 0.631667
vt 0.567376 0.663624
vt 0.563658 0.646133
vt 0.567376 0.663624
vt 0.553147 0.695582
vt 0.563658 0.681115
vt 0.553147 0.695582
vt 0.537661 0.704522
vt 0.537661 0.704522
vt 0.519878 0.706392
vt 0.519878 0.706392
vt 0.502871 0.700866
vt 0.502871 0.700866
vt 0.489583 0.688901
vt 0.489583 0.688901
vt 0.482309 0.672565
vt 0.482309 0.672565
vt 0.482309 0.654683
vt 0.482309 0.654683
vt 0.489583 0.638348
vt 0.489583 0.638348
vt 0.502871 0.626382
vt 0.502871 0.626382
vt 0.519878 0.620857
vt 0.519878 0.620857
vt 0.537662 0.622726
vt 0.537662 0.622726
vt 0.553147 0.631667
vt 0.553147 0.631667
vt 0.563658 0.646133
vt 0.563658 0.646133
vt 0.567376 0.663624
vt 0.567376 0.663624
vt 0.563658 0.681115
vt 0.553341 0.649801
vt 0.545041 0.638376
vt 0.545041 0.638376
vt 0.532811 0.631316
vt 0.532811 0.631316
vt 0.518767 0.629839
vt 0.518767 0.629839
vt 0.505336 0.634203
vt 0.505336 0.634203
vt 0.494842 0.643652
vt 0.494842 0.643652
vt 0.489098 0.656553
vt 0.489098 0.656553
vt 0.489098 0.670675
vt 0.489098 0.670675
vt 0.494842 0.683575
vt 0.494842 0.683575
vt 0.505336 0.693025
vt 0.505336 0.693025
vt 0.518767 0.697388
vt 0.518767 0.697388
vt 0.532811 0.695912
vt 0.532811 0.695912
vt 0.545041 0.688851
vt 0.545041 0.688851
vt 0.553341 0.677427
vt 0.553341 0.677427
vt 0.556277 0.663614
vt 0.556277 0.663614
vt 0.553341 0.649801
vt 0.553341 0.649801
vt 0.545041 0.638376
vt 0.553341 0.649801
vt 0.532811 0.631316
vt 0.532811 0.631316
vt 0.545041 0.638376
vt 0.518767 0.629839
vt 0.518767 0.629839
vt 0.505336 0.634203
vt 0.494842 0.643652
vt 0.494842 0.643652
vt 0.505336 0.634203
vt 0.489098 0.656553
vt 0.489098 0.656553
vt 0.489098 0.670675
vt 0.489098 0.670675
vt 0.494842 0.683575
vt 0.494842 0.683575
vt 0.505336 0.693025
vt 0.505336 0.693025
vt 0.518767 0.697388
vt 0.518767 0.697388
vt 0.532811 0.695912
vt 0.532811 0.695912
vt 0.545041 0.688851
vt 0.545041 0.688851
vt 0.553341 0.677427
vt 0.553341 0.677427
vt 0.556277 0.663614
vt 0.556277 0.663614
vt 0.731814 0.460956
vt 0.723514 0.472380
vt 0.731814 0.460956
vt 0.723514 0.472380
vt 0.711284 0.479441
vt 0.697240 0.480917
vt 0.711284 0.479441
vt 0.683810 0.476553
vt 0.697240 0.480917
vt 0.673315 0.467104
vt 0.683810 0.476553
vt 0.667571 0.454203
vt 0.673315 0.467104
vt 0.667571 0.440082
vt 0.667571 0.454203
vt 0.673315 0.427181
vt 0.667571 0.440082
vt 0.673315 0.427181
vt 0.683810 0.417732
vt 0.697240 0.413368
vt 0.683810 0.417732
vt 0.711284 0.414844
vt 0.697240 0.413368
vt 0.723514 0.421905
vt 0.711284 0.414844
vt 0.731814 0.433330
vt 0.723514 0.421905
vt 0.734750 0.447143
vt 0.731814 0.433330
vt 0.734750 0.447143
vt 0.745458 0.365165
vt 0.733151 0.382103
vt 0.699461 0.344686
vt 0.715020 0.392571
vt 0.694198 0.394760
vt 0.674286 0.388290
vt 0.658727 0.374281
vt 0.650211 0.355154
vt 0.650211 0.334217
vt 0.658727 0.315091
vt 0.674286 0.301082
vt 0.694198 0.294612
vt 0.715020 0.296800
vt 0.733151 0.307269
vt 0.745458 0.324207
vt 0.749811 0.344686
vt 0.749811 0.344686
vt 0.745458 0.324207
vt 0.733151 0.307269
vt 0.715020 0.296800
vt 0.694198 0.294612
vt 0.674286 0.301082
vt 0.658727 0.315091
vt 0.650211 0.334217
vt 0.650211 0.355154
vt 0.658727 0.374281
vt 0.674286 0.388290
vt 0.694198 0.394760
vt 0.715020 0.392571
vt 0.733151 0.382103
vt 0.745458 0.365165
vt 0.745458 0.365165
vt 0.699461 0.344686
vt 0.733151 0.382103
vt 0.715020 0.392571
vt 0.694198 0.394760
vt 0.674286 0.388290
vt 0.658727 0.374281
vt 0.650211 0.355154
vt 0.650211 0.334217
vt 0.658727 0.315091
vt 0.674286 0.301082
vt 0.694198 0.294612
vt 0.715020 0.296800
vt 0.733151 0.307269
vt 0.745458 0.324207
vt 0.749811 0.344686
vt 0.473931 0.285859
vt 0.475806 0.328030
vt 0.473931 0.328030
vt 0.477680 0.285859
vt 0.475806 0.285859
vt 0.479554 0.285859
vt 0.477680 0.328030
vt 0.481429 0.285859
vt 0.479554 0.328030
vt 0.483303 0.328030
vt 0.481429 0.328030
vt 0.483303 0.285859
vt 0.485177 0.328030
vt 0.487051 0.285859
vt 0.485177 0.285859
vt 0.488926 0.285859
vt 0.487051 0.328030
vt 0.490800 0.285859
vt 0.488926 0.328030
vt 0.492674 0.285859
vt 0.490800 0.328030
vt 0.500171 0.285859
vt 0.498297 0.328030
vt 0.498297 0.285859
vt 0.502045 0.328030
vt 0.500171 0.328030
vt 0.499746 0.255230
vt 0.504041 0.261141
vt 0.487988 0.268288
vt 0.493418 0.251577
vt 0.486152 0.250813
vt 0.479203 0.253071
vt 0.473773 0.257960
vt 0.470801 0.264634
vt 0.470801 0.271941
vt 0.473773 0.278616
vt 0.479203 0.283505
vt 0.486152 0.285763
vt 0.489000 0.271400
vt 0.491664 0.279598
vt 0.495004 0.284083
vt 0.493418 0.284999
vt 0.504041 0.275435
vt 0.499746 0.281346
vt 0.505560 0.268288
vt 0.525894 0.657257
vt 0.518826 0.666985
vt 0.499477 0.645495
vt 0.508413 0.672998
vt 0.496454 0.674254
vt 0.485018 0.670539
vt 0.476082 0.662493
vt 0.471191 0.651507
vt 0.471191 0.639483
vt 0.476082 0.628498
vt 0.485018 0.620452
vt 0.496454 0.616736
vt 0.501141 0.640373
vt 0.511023 0.619500
vt 0.505525 0.626881
vt 0.508413 0.617993
vt 0.518826 0.624005
vt 0.525894 0.633733
vt 0.528394 0.645495
vt 0.504041 0.352748
vt 0.499746 0.358659
vt 0.504041 0.352748
vt 0.493418 0.362312
vt 0.499746 0.358659
vt 0.486152 0.363076
vt 0.493418 0.362312
vt 0.479203 0.360818
vt 0.486152 0.363076
vt 0.479203 0.360818
vt 0.473773 0.355929
vt 0.473773 0.355929
vt 0.470801 0.349254
vt 0.470801 0.341948
vt 0.470801 0.349254
vt 0.473773 0.335273
vt 0.470801 0.341948
vt 0.479203 0.330384
vt 0.473773 0.335273
vt 0.486152 0.328126
vt 0.479203 0.330384
vt 0.488151 0.328336
vt 0.486152 0.328126
vt 0.493418 0.328890
vt 0.495004 0.329806
vt 0.493418 0.328890
vt 0.499746 0.332543
vt 0.504041 0.338454
vt 0.499746 0.332543
vt 0.504041 0.338454
vt 0.505560 0.345601
vt 0.505560 0.345601
vt 0.504041 0.352748
vt 0.506150 0.744455
vt 0.513218 0.734727
vt 0.506150 0.744455
vt 0.499746 0.358659
vt 0.495736 0.750468
vt 0.495736 0.750468
vt 0.493418 0.362312
vt 0.483777 0.751724
vt 0.483777 0.751724
vt 0.486152 0.363076
vt 0.472341 0.748009
vt 0.472341 0.748009
vt 0.479203 0.360818
vt 0.463405 0.739963
vt 0.463405 0.739963
vt 0.473773 0.355929
vt 0.458514 0.728977
vt 0.458514 0.728977
vt 0.470801 0.341948
vt 0.470801 0.349254
vt 0.458514 0.716953
vt 0.458514 0.716953
vt 0.473773 0.335273
vt 0.463405 0.705968
vt 0.463405 0.705968
vt 0.479203 0.330384
vt 0.472341 0.697922
vt 0.472341 0.697922
vt 0.486152 0.328126
vt 0.483777 0.694206
vt 0.483777 0.694206
vt 0.487068 0.694552
vt 0.498346 0.696970
vt 0.495736 0.695463
vt 0.495736 0.695463
vt 0.513218 0.711203
vt 0.506150 0.701475
vt 0.513218 0.711203
vt 0.505560 0.345601
vt 0.504041 0.338454
vt 0.515718 0.722965
vt 0.515718 0.722965
vt 0.513218 0.734727
vt 0.565041 0.298232
vt 0.560746 0.292321
vt 0.560746 0.292321
vt 0.554419 0.288667
vt 0.554419 0.288667
vt 0.547152 0.287904
vt 0.547152 0.287904
vt 0.540203 0.290161
vt 0.540203 0.290161
vt 0.534774 0.295050
vt 0.534774 0.295050
vt 0.531802 0.301725
vt 0.531802 0.301725
vt 0.531802 0.309032
vt 0.531802 0.309032
vt 0.534774 0.315707
vt 0.534774 0.315707
vt 0.540203 0.320596
vt 0.540203 0.320596
vt 0.547152 0.322853
vt 0.547152 0.322853
vt 0.549152 0.322643
vt 0.554778 0.318109
vt 0.553193 0.319024
vt 0.554778 0.318109
vt 0.560746 0.318437
vt 0.565041 0.312525
vt 0.565041 0.312525
vt 0.566560 0.305379
vt 0.566560 0.305379
vt 0.565041 0.298232
vt 0.499746 0.255230
vt 0.504041 0.261141
vt 0.499746 0.255230
vt 0.504041 0.261141
vt 0.493418 0.251577
vt 0.493418 0.251577
vt 0.499746 0.255230
vt 0.486152 0.250813
vt 0.486152 0.250813
vt 0.493418 0.251577
vt 0.479203 0.253071
vt 0.479203 0.253071
vt 0.479203 0.253071
vt 0.486152 0.250813
vt 0.473773 0.257960
vt 0.473773 0.257960
vt 0.473773 0.257960
vt 0.470801 0.264634
vt 0.470801 0.264634
vt 0.470801 0.264634
vt 0.470801 0.271941
vt 0.470801 0.271941
vt 0.470801 0.271941
vt 0.473773 0.278616
vt 0.473773 0.278616
vt 0.473773 0.278616
vt 0.479203 0.283505
vt 0.479203 0.283505
vt 0.479203 0.283505
vt 0.486152 0.285763
vt 0.486152 0.285763
vt 0.486152 0.285763
vt 0.488151 0.285553
vt 0.842603 0.299640
vt 0.836465 0.303183
vt 0.836465 0.303183
vt 0.499746 0.281346
vt 0.505560 0.268288
vt 0.504041 0.275435
vt 0.505560 0.268288
vt 0.504041 0.275435
vt 0.504041 0.261141
vt 0.505560 0.268288
vt 0.525894 0.657257
vt 0.518826 0.666985
vt 0.496454 0.674254
vt 0.508413 0.672998
vt 0.485018 0.670539
vt 0.471191 0.651507
vt 0.476082 0.662493
vt 0.471191 0.639483
vt 0.485018 0.620452
vt 0.476082 0.628498
vt 0.496454 0.616736
vt 0.499745 0.617082
vt 0.508413 0.617993
vt 0.525894 0.633733
vt 0.518826 0.624005
vt 0.528394 0.645495
vt 0.438585 0.390035
vt 0.439419 0.385544
vt 0.439511 0.390096
vt 0.438205 0.385520
vt 0.438609 0.470928
vt 0.438216 0.476043
vt 0.555143 0.299251
vt 0.555123 0.308863
vt 0.555126 0.299774
vt 0.439421 0.476043
vt 0.438412 0.476043
vt 0.493163 0.285867
vt 0.492674 0.328030
vt 0.496544 0.285938
vt 0.496511 0.328030
vt 0.488060 0.328327
vt 0.494799 0.329839
vt 0.493087 0.328855
vt 0.499918 0.332781
vt 0.488106 0.285557
vt 0.488151 0.285553
vt 0.842029 0.299744
vt 0.836465 0.303183
vt 0.842602 0.299640
vt 0.504041 0.275435
vt 0.499746 0.281346
vt 0.923232 0.257342
vt 0.924294 0.257411
vt 0.923232 0.257342
vt 0.994329 0.339663
vt 0.994364 0.246917
vt 0.994364 0.246917
vt 0.972471 0.459925
vt 0.971424 0.459875
vt 0.971424 0.459875
vt 0.990127 0.246638
vt 0.990155 0.339464
vt 0.990155 0.339464
vt 0.841151 0.314753
vt 0.842818 0.314862
vt 0.841151 0.314753
vt 0.847749 0.460808
vt 0.847804 0.315191
vt 0.847804 0.315191
vt 0.842837 0.460574
vt 0.841195 0.460496
vt 0.841195 0.460496
vt 0.841151 0.314753
vt 0.841195 0.460496
vt 0.841195 0.460496
vt 0.847749 0.460808
vt 0.847804 0.315191
vt 0.847804 0.315191
vt 0.856811 0.492763
vt 0.856811 0.460808
vt 0.856811 0.460808
vt 0.847804 0.315191
vt 0.847749 0.460808
vt 0.847749 0.460808
vt 0.847804 0.315191
vt 0.847804 0.315191
vt 0.847804 0.315191
vt 0.841151 0.314753
vt 0.841195 0.460496
vt 0.841151 0.314753
vt 0.841195 0.460496
vt 0.841151 0.314753
vt 0.841151 0.314753
vt 0.841195 0.460496
vt 0.841195 0.460496
vt 0.842818 0.314862
vt 0.842818 0.314862
vt 0.841151 0.314753
vt 0.975599 0.492029
vt 0.850257 0.492451
vt 0.856811 0.492763
vt 0.841195 0.460496
vt 0.847749 0.460808
vt 0.841195 0.460496
vt 0.847749 0.460808
vt 0.847749 0.460808
vt 0.847749 0.460808
vt 0.847749 0.460808
vt 0.847749 0.460808
vt 0.847749 0.460808
vt 0.847749 0.492763
vt 0.856811 0.492763
vt 0.847749 0.492763
vt 0.847804 0.315191
vt 0.847804 0.315191
vt 0.847804 0.315191
vt 0.847804 0.315191
vt 0.847804 0.315191
vt 0.847804 0.315191
vt 0.847804 0.315191
vt 0.847804 0.315191
vt 0.847804 0.315191
vt 0.841151 0.314753
vt 0.841151 0.314753
vt 0.841151 0.314753
vt 0.841151 0.314753
vt 0.841151 0.314753
vt 0.841151 0.314753
vt 0.841151 0.314753
vt 0.841151 0.314753
vt 0.850257 0.460496
vt 0.850257 0.492451
vt 0.850257 0.492451
vt 0.841195 0.460496
vt 0.841195 0.460496
vt 0.841195 0.460496
vt 0.847749 0.460808
vt 0.847804 0.315191
vt 0.847749 0.460808
vt 0.847749 0.460808
vt 0.847804 0.315191
vt 0.847749 0.460808
vt 0.856811 0.460808
vt 0.847749 0.460808
vt 0.847749 0.460808
vt 0.847749 0.460808
vt 0.847749 0.460808
vt 0.856811 0.460808
vt 0.847804 0.315191
vt 0.841151 0.314753
vt 0.841151 0.314753
vt 0.841151 0.314753
vt 0.847749 0.460808
vt 0.847749 0.460808
vt 0.847749 0.460808
vt 0.841151 0.314753
vt 0.841151 0.314753
vt 0.701001 0.320214
vt 0.699378 0.465847
vt 0.699334 0.320104
vt 0.842818 0.314862
vt 0.841151 0.314753
vt 0.847804 0.315191
vt 0.847804 0.315191
vt 0.842851 0.424079
vt 0.841195 0.460496
vt 0.842851 0.424079
vt 0.776932 0.352214
vt 0.778599 0.352324
vt 0.776932 0.352214
vt 0.783585 0.352652
vt 0.783585 0.352652
vt 0.783585 0.352652
vt 0.778632 0.461540
vt 0.776976 0.497957
vt 0.776976 0.497957
vt 0.778599 0.352324
vt 0.776932 0.352214
vt 0.697960 0.510524
vt 0.697960 0.510524
vt 0.697960 0.510524
vt 0.778632 0.461540
vt 0.776976 0.497957
vt 0.701001 0.320214
vt 0.699334 0.320104
vt 0.699334 0.320104
vt 0.705987 0.320542
vt 0.705987 0.320542
vt 0.641768 0.358003
vt 0.701034 0.429430
vt 0.699378 0.465847
vt 0.701034 0.429430
vt 0.699378 0.465847
vt 0.842603 0.299640
vt 0.848533 0.296216
vt 0.848533 0.296216
vt 0.556311 0.317224
vt 0.556311 0.317224
vt 0.848026 0.296355
vt 0.848533 0.296216
vt 0.440392 0.385569
vt 0.440405 0.390154
vt 0.924294 0.257411
vt 0.925320 0.257479
vt 0.842818 0.314862
vt 0.844430 0.314969
vt 0.844430 0.314969
vt 0.844430 0.314969
vt 0.844430 0.314969
vt 0.842818 0.314862
vt 0.780210 0.352430
vt 0.780210 0.352430
vt 0.780210 0.352430
vt 0.702612 0.320320
vt 0.701001 0.320214
vt 0.702635 0.394241
vt 0.780233 0.426350
vt 0.780233 0.426350
vt 0.780233 0.426350
vt 0.844452 0.388889
vt 0.847804 0.315191
vt 0.847804 0.315191
vt 0.847804 0.315191
vt 0.844424 0.460649
vt 0.842837 0.460574
vt 0.847804 0.315191
vt 0.847804 0.315191
vt 0.973481 0.459973
vt 0.972471 0.459925
vt 0.439521 0.470971
vt 0.440396 0.476043
vt 0.495004 0.329806
vt 0.496454 0.330790
vt 0.496537 0.330690
vt 0.496537 0.330690
vt 0.500868 0.698426
vt 0.498346 0.696970
vt 0.511023 0.619500
vt 0.513545 0.620956
vt 0.498863 0.281856
vt 0.559863 0.318947
vt 0.560746 0.318437
vt 0.498758 0.281905
vt 0.499651 0.281401
vt 0.555080 0.299249
vt 0.555068 0.299770
vt 0.926878 0.257582
vt 0.927470 0.257621
vt 0.926878 0.257582
vt 0.846876 0.315130
vt 0.847804 0.315191
vt 0.846876 0.315130
vt 0.846876 0.315130
vt 0.847804 0.315191
vt 0.846876 0.315130
vt 0.846876 0.315130
vt 0.782656 0.352591
vt 0.782656 0.352591
vt 0.783585 0.352652
vt 0.705058 0.320481
vt 0.705987 0.320542
vt 0.705065 0.340824
vt 0.705987 0.320542
vt 0.782663 0.372934
vt 0.641768 0.358003
vt 0.783585 0.352652
vt 0.782663 0.372934
vt 0.697960 0.510524
vt 0.846882 0.335472
vt 0.847804 0.315191
vt 0.847804 0.315191
vt 0.847804 0.315191
vt 0.847804 0.315191
vt 0.847804 0.315191
vt 0.846834 0.460764
vt 0.847749 0.460808
vt 0.847749 0.460808
vt 0.847804 0.315191
vt 0.847804 0.315191
vt 0.847804 0.315191
vt 0.975599 0.460074
vt 0.975016 0.460046
vt 0.975599 0.492029
vt 0.555081 0.309419
vt 0.555144 0.309419
vt 0.498965 0.332233
vt 0.498863 0.332033
vt 0.498863 0.332033
vt 0.506150 0.701475
vt 0.504696 0.700636
vt 0.517373 0.623166
vt 0.505850 0.617723
vt 0.505850 0.617723
vt 0.504229 0.630870
vt 0.514677 0.621609
vt 0.514677 0.621609
vt 0.502000 0.699079
vt 0.502000 0.699079
vt 0.497224 0.331087
vt 0.497224 0.331087
vt 0.440798 0.471032
vt 0.440834 0.476043
vt 0.973935 0.459994
vt 0.973481 0.459973
vt 0.847804 0.315191
vt 0.847804 0.315191
vt 0.845137 0.460683
vt 0.844424 0.460649
vt 0.847804 0.315191
vt 0.847804 0.315191
vt 0.847804 0.315191
vt 0.845170 0.373094
vt 0.844452 0.388889
vt 0.780951 0.410555
vt 0.780951 0.410555
vt 0.780951 0.410555
vt 0.703353 0.378445
vt 0.702635 0.394241
vt 0.702635 0.394241
vt 0.703336 0.320368
vt 0.703353 0.378445
vt 0.702612 0.320320
vt 0.703336 0.320368
vt 0.780934 0.352477
vt 0.780934 0.352477
vt 0.780934 0.352477
vt 0.844430 0.314969
vt 0.845153 0.315016
vt 0.845153 0.315016
vt 0.845153 0.315016
vt 0.844430 0.314969
vt 0.845153 0.315016
vt 0.925781 0.257509
vt 0.925781 0.257509
vt 0.440806 0.390181
vt 0.850717 0.294834
vt 0.851195 0.294679
vt 0.556999 0.316827
vt 0.556999 0.316827
vt 0.851195 0.294679
vt 0.851195 0.294679
vt 0.497224 0.282802
vt 0.490876 0.277174
vt 0.491861 0.285163
vt 0.830438 0.303817
vt 0.551635 0.319188
vt 0.553193 0.319024
vt 0.835823 0.303251
vt 0.830438 0.303817
vt 0.536409 0.470766
vt 0.537435 0.356053
vt 0.537450 0.470766
vt 0.491861 0.328726
vt 0.491861 0.328726
vt 0.493173 0.695193
vt 0.504696 0.700636
vt 0.497196 0.331216
vt 0.554964 0.309419
vt 0.555066 0.308861
vt 0.973935 0.459994
vt 0.847804 0.315191
vt 0.846834 0.460764
vt 0.845137 0.460683
vt 0.847804 0.315191
vt 0.847804 0.315191
vt 0.846882 0.335472
vt 0.845170 0.373094
vt 0.782663 0.372934
vt 0.703353 0.378445
vt 0.703336 0.320368
vt 0.782656 0.352591
vt 0.845153 0.315016
vt 0.846876 0.315130
vt 0.554963 0.299246
vt 0.554961 0.299763
vt 0.498863 0.281856
vt 0.497101 0.282842
vt 0.497224 0.282802
vt 0.558637 0.315881
vt 0.558637 0.315881
vt 0.857535 0.291019
vt 0.857535 0.291019
vt 0.498863 0.281856
vt 0.488151 0.285553
vt 0.491861 0.285163
vt 0.552861 0.322253
vt 0.549152 0.322643
vt 0.491730 0.285176
vt 0.491861 0.285163
vt 0.493165 0.328030
vt 0.494071 0.285881
vt 0.494075 0.328030
vt 0.491601 0.328699
vt 0.488151 0.328336
vt 0.493173 0.695193
vt 0.699334 0.320104
vt 0.701001 0.320214
vt 0.699378 0.465847
vt 0.701034 0.429430
vt 0.705065 0.340824
vt 0.705058 0.320481
vt 0.705987 0.320542
vt 0.705987 0.320542
vt 0.702635 0.394241
vt 0.702612 0.320320
vt 0.703353 0.378445
vt 0.703336 0.320368
vt 0.699334 0.320104
vt 0.701001 0.320214
vt 0.699378 0.465847
vt 0.701034 0.429430
vt 0.705058 0.320481
vt 0.705065 0.340824
vt 0.705987 0.320542
vt 0.705987 0.320542
vt 0.702612 0.320320
vt 0.702635 0.394241
vt 0.703336 0.320368
vt 0.703353 0.378445
vt 0.701001 0.320214
vt 0.699334 0.320104
vt 0.701034 0.429430
vt 0.699378 0.465847
vt 0.705058 0.320481
vt 0.705987 0.320542
vt 0.705987 0.320542
vt 0.705065 0.340824
vt 0.703336 0.320368
vt 0.702612 0.320320
vt 0.703353 0.378445
vt 0.701034 0.429430
vt 0.702612 0.320320
vt 0.702635 0.394241
vt 0.704197 0.320424
vt 0.704209 0.359635
vt 0.704197 0.320424
vt 0.704209 0.359635
vt 0.701001 0.320214
vt 0.699334 0.320104
vt 0.699378 0.465847
vt 0.703336 0.320368
vt 0.703353 0.378445
vt 0.702635 0.394241
vt 0.705065 0.340824
vt 0.705058 0.320481
vt 0.705987 0.320542
vt 0.705987 0.320542
vt 0.705058 0.320481
vt 0.705065 0.340824
vt 0.705987 0.320542
vt 0.705987 0.320542
vt 0.705058 0.320481
vt 0.705065 0.340824
vt 0.705987 0.320542
vt 0.705987 0.320542
vt 0.705058 0.320481
vt 0.705065 0.340824
vt 0.705987 0.320542
vt 0.705987 0.320542
vt 0.701001 0.320214
vt 0.699334 0.320104
vt 0.701034 0.429430
vt 0.699378 0.465847
vt 0.702635 0.394241
vt 0.702612 0.320320
vt 0.703353 0.378445
vt 0.703336 0.320368
vt 0.701001 0.320214
vt 0.699334 0.320104
vt 0.701034 0.429430
vt 0.699378 0.465847
vt 0.702635 0.394241
vt 0.702612 0.320320
vt 0.703353 0.378445
vt 0.703336 0.320368
vt 0.701001 0.320214
vt 0.699334 0.320104
vt 0.701034 0.429430
vt 0.699378 0.465847
vt 0.702612 0.320320
vt 0.702635 0.394241
vt 0.703353 0.378445
vt 0.703336 0.320368
vt 0.705987 0.320542
vt 0.701034 0.429430
vt 0.702612 0.320320
vt 0.705987 0.320542
vt 0.357020 0.280681
vt 0.502045 0.285859
vt 0.496537 0.283199
vt 0.487068 0.694552
vt 0.499745 0.617082
vt 0.438412 0.385517
vt 0.994329 0.339663
vt 0.990127 0.246638
vt 0.841151 0.314753
vt 0.856811 0.460808
vt 0.841151 0.314753
vt 0.850257 0.492451
vt 0.975599 0.492029
vt 0.847804 0.315191
vt 0.847804 0.315191
vt 0.923232 0.257342
vt 0.850257 0.460496
vt 0.847749 0.460808
vt 0.856811 0.460808
vt 0.841151 0.314753
vt 0.778599 0.352324
vt 0.778632 0.461540
vt 0.925320 0.257479
vt 0.847804 0.315191
vt 0.440402 0.471013
vt 0.500868 0.698426
vt 0.513545 0.620956
vt 0.559863 0.318946
vt 0.927470 0.257621
vt 0.705058 0.320481
vt 0.705065 0.340824
vt 0.975016 0.460046
vt 0.517373 0.623166
vt 0.845153 0.315016
vt 0.440829 0.385581
vt 0.830438 0.303817
vt 0.551635 0.319188
vt 0.829933 0.303870
vt 0.536398 0.356037
vt 0.554960 0.308856
vt 0.552861 0.322253
vn 0.7231 0.0029 0.6907
vn 0.3797 0.0035 0.9251
vn -0.0294 0.0036 0.9996
vn -0.4334 0.0030 0.9012
vn -0.7625 0.0019 0.6470
vn -0.9597 0.0005 0.2809
vn -0.9910 -0.0010 -0.1337
vn -0.8510 -0.0024 -0.5252
vn -0.5637 -0.0033 -0.8259
vn -0.8509 -0.0024 -0.5252
vn -0.1791 -0.0036 -0.9838
vn 0.2366 -0.0034 -0.9716
vn 0.6113 -0.0025 -0.7914
vn 0.8804 -0.0012 -0.4743
vn 0.9972 0.0003 -0.0752
vn 0.9416 0.0017 0.3368
vn -0.0005 1.0000 -0.0036
vn -0.0006 1.0000 -0.0036
vn 0.0006 -1.0000 0.0036
vn 0.0005 -1.0000 0.0036
vn -0.8510 -0.0023 -0.5252
vn -0.8509 -0.0023 -0.5252
vn -0.0005 1.0000 -0.0035
vn -0.0006 1.0000 -0.0037
vn 0.3797 0.0036 0.9251
vn -0.1791 -0.0037 -0.9838
vn 0.8804 -0.0013 -0.4743
vn 0.9972 0.0002 -0.0752
vn 0.7232 0.0029 0.6907
vn -0.8509 -0.0024 -0.5253
vn 0.9972 0.0003 -0.0753
vn 0.9416 0.0017 0.3369
vn -0.1790 -0.0036 -0.9838
vn -0.5637 -0.0033 -0.8260
vn -0.5638 -0.0033 -0.8259
vn -0.5353 0.0028 0.8447
vn 0.7170 0.0034 0.6971
vn 0.7179 0.0029 0.6961
vn 0.0008 -1.0000 0.0035
vn 0.0008 -1.0000 0.0036
vn 0.0006 -1.0000 0.0035
vn 0.0006 -1.0000 0.0034
vn 0.0005 -1.0000 0.0033
vn 0.0004 -1.0000 0.0035
vn 0.0003 -1.0000 0.0035
vn -0.0601 -0.9976 0.0349
vn -0.0496 -0.9970 0.0589
vn 0.0328 -0.9972 -0.0672
vn -0.0400 -0.9748 -0.2194
vn -0.0095 -0.9972 0.0740
vn 0.0004 -1.0000 0.0034
vn -0.0096 -0.9992 -0.0400
vn 0.0008 -1.0000 0.0038
vn -0.0003 1.0000 -0.0035
vn -0.0008 1.0000 -0.0036
vn 0.9972 0.0004 -0.0753
vn 0.8803 -0.0014 -0.4744
vn 0.9972 0.0004 -0.0752
vn 0.8804 -0.0015 -0.4743
vn -0.1790 -0.0037 -0.9838
vn -0.5637 -0.0037 -0.8260
vn -0.5638 -0.0037 -0.8259
vn -0.8510 -0.0026 -0.5252
vn -0.9910 -0.0011 -0.1337
vn -0.8509 -0.0026 -0.5252
vn -0.5394 0.0028 0.8421
vn -0.2366 0.0033 0.9716
vn -0.5393 0.0028 0.8421
vn -0.0126 0.0035 0.9999
vn 0.1791 0.0039 0.9838
vn -0.0128 0.0035 0.9999
vn 0.5228 0.0034 0.8524
vn 0.7232 0.0028 0.6907
vn 0.5223 0.0035 0.8527
vn 0.9416 0.0018 0.3369
vn 0.8804 -0.0015 -0.4742
vn 0.8803 -0.0015 -0.4744
vn -0.1790 -0.0022 -0.9838
vn -0.1791 -0.0022 -0.9838
vn -0.5638 -0.0032 -0.8259
vn -0.5637 -0.0032 -0.8260
vn -0.8509 -0.0016 -0.5254
vn -0.8510 -0.0016 -0.5252
vn -0.9910 -0.0011 -0.1338
vn -0.9597 -0.0000 0.2809
vn -0.9597 -0.0000 0.2810
vn -0.7626 0.0003 0.6469
vn -0.7624 0.0003 0.6471
vn -0.5400 0.0030 0.8417
vn -0.5384 0.0030 0.8427
vn -0.2366 0.0032 0.9716
vn 0.1790 0.0035 0.9838
vn -0.0125 0.0028 0.9999
vn 0.5236 0.0033 0.8520
vn 0.7231 0.0036 0.6907
vn 0.7232 0.0036 0.6906
vn 0.9415 0.0022 0.3370
vn 0.9416 0.0022 0.3367
vn -0.0054 1.0000 -0.0014
vn -0.0067 1.0000 -0.0027
vn -0.0049 1.0000 -0.0010
vn 0.0067 -1.0000 0.0027
vn -0.0033 1.0000 -0.0002
vn -0.0031 1.0000 -0.0002
vn 0.0049 -1.0000 0.0010
vn -0.0015 1.0000 0.0007
vn -0.0016 1.0000 0.0007
vn 0.0031 -1.0000 0.0002
vn 0.0001 1.0000 0.0010
vn 0.0006 1.0000 0.0011
vn -0.0001 -1.0000 -0.0012
vn 0.0016 -1.0000 -0.0007
vn 0.0024 1.0000 0.0013
vn 0.0036 1.0000 0.0013
vn -0.0024 -1.0000 -0.0013
vn 0.0060 1.0000 0.0014
vn 0.0088 1.0000 0.0009
vn -0.0057 -1.0000 -0.0012
vn 0.0116 0.9999 0.0003
vn 0.0259 0.9997 -0.0037
vn -0.0118 -0.9999 -0.0003
vn 0.0371 0.9993 -0.0072
vn 0.0747 -0.9967 -0.0331
vn -0.0394 -0.9992 0.0075
vn 0.0407 -0.9989 -0.0223
vn 0.0166 -0.9997 -0.0159
vn -0.0400 0.9990 0.0219
vn 0.0068 -0.9999 -0.0155
vn 0.0131 -0.9998 -0.0135
vn -0.0134 0.9998 0.0159
vn -0.0045 -0.9997 0.0229
vn 0.0029 0.9995 0.0318
vn 0.0365 -0.9977 0.0568
vn -0.0116 0.9999 -0.0091
vn -0.0136 0.9998 -0.0129
vn -0.0090 0.9999 -0.0054
vn 0.0130 -0.9998 0.0116
vn -0.0075 1.0000 -0.0036
vn 0.0092 -0.9999 0.0057
vn 0.6114 -0.0025 -0.7913
vn -0.5356 0.0028 0.8445
vn -0.2366 0.0034 0.9716
vn -0.5384 0.0028 0.8427
vn -0.0134 0.0036 0.9999
vn 0.1789 0.0036 0.9839
vn -0.0131 0.0036 0.9999
vn 0.5194 0.0034 0.8545
vn 0.5187 0.0034 0.8549
vn 0.7232 0.0029 0.6906
vn 0.1638 -0.4151 0.8949
vn 0.1640 -0.4147 0.8951
vn 0.1641 -0.4143 0.8952
vn -0.2065 0.0028 0.9784
vn -0.1878 0.0020 0.9822
vn -0.1990 0.0014 0.9800
vn 0.5386 0.0044 0.8426
vn 0.5151 0.0049 0.8571
vn 0.5219 0.0060 0.8530
vn 0.1645 0.3789 0.9107
vn 0.1646 0.3786 0.9108
vn 0.1643 0.3790 0.9107
vn -0.2024 0.0031 0.9793
vn -0.5343 0.0025 0.8453
vn 0.5357 0.0047 0.8444
vn 0.0086 -0.9994 -0.0334
vn 0.0086 -0.9994 -0.0336
vn 0.0024 0.9999 0.0155
vn 0.0003 0.9999 0.0108
vn 0.0023 0.9999 0.0166
vn -0.0303 0.9985 -0.0460
vn 0.0170 0.9991 0.0400
vn 0.0039 -1.0000 0.0030
vn 0.9838 0.0072 -0.1791
vn -0.0030 1.0000 -0.0032
vn -0.9838 0.0059 0.1790
vn -0.0026 -1.0000 0.0042
vn 0.0044 -1.0000 0.0044
vn -0.0019 -1.0000 0.0042
vn 0.9021 0.0060 -0.4315
vn 0.9838 0.0073 -0.1791
vn -0.0035 1.0000 -0.0045
vn 0.0029 1.0000 -0.0042
vn 0.0022 1.0000 -0.0043
vn -0.9838 0.0059 0.1791
vn -0.0068 1.0000 -0.0025
vn -0.0068 1.0000 -0.0052
vn -0.0078 1.0000 -0.0023
vn 0.0063 -1.0000 0.0055
vn 0.0078 -1.0000 0.0023
vn 0.0068 -1.0000 0.0052
vn -0.0051 -1.0000 0.0046
vn 0.1793 0.0024 0.9838
vn 0.1789 0.0041 0.9839
vn 0.1793 0.0049 0.9838
vn 0.0052 1.0000 -0.0046
vn 0.0056 1.0000 -0.0043
vn 0.1799 0.0054 0.9837
vn 0.1786 0.0050 0.9839
vn 0.9023 0.0060 -0.4310
vn 0.1789 0.0037 0.9839
vn 0.1800 0.0019 0.9837
vn 0.1786 0.0022 0.9839
vn 0.9207 0.0290 -0.3892
vn 0.9014 0.0060 -0.4330
vn 0.1786 0.0030 0.9839
vn 0.1760 0.0037 0.9844
vn -0.9838 -0.0072 0.1791
vn 0.7949 0.0048 -0.6067
vn 0.0080 -1.0000 0.0043
vn 0.0035 -1.0000 0.0051
vn 0.7964 0.0048 -0.6047
vn -0.0056 -1.0000 0.0043
vn -0.0077 -1.0000 0.0051
vn -0.0075 1.0000 -0.0043
vn 0.0022 1.0000 -0.0042
vn 0.7965 0.0048 -0.6046
vn -0.0035 1.0000 -0.0051
vn -0.0012 1.0000 -0.0040
vn -0.0012 1.0000 -0.0028
vn -0.7988 -0.0031 0.6016
vn 0.0010 -1.0000 0.0037
vn 0.0012 -1.0000 0.0028
vn 0.7988 0.0048 -0.6015
vn 0.7988 0.0048 -0.6016
vn -0.7988 -0.0026 0.6016
vn -0.3094 0.0038 0.9509
vn -0.3096 0.0037 0.9509
vn -0.3092 0.0039 0.9510
vn 0.1775 -0.0303 0.9836
vn 0.1791 -0.0216 0.9836
vn 0.1793 -0.0207 0.9836
vn 0.2033 0.0038 0.9791
vn 0.2036 0.0038 0.9791
vn 0.2032 0.0038 0.9791
vn 0.1769 0.0377 0.9835
vn 0.1786 0.0294 0.9835
vn 0.1766 0.0377 0.9836
vn 0.1489 0.0038 0.9888
vn 0.1474 0.0038 0.9891
vn 0.0086 -0.9999 0.0063
vn 0.0065 -1.0000 0.0043
vn 0.0057 -1.0000 0.0051
vn 0.8361 0.0031 -0.5485
vn 0.4929 0.0003 -0.8701
vn 0.4952 0.0004 -0.8688
vn -0.0060 1.0000 -0.0043
vn -0.0080 0.9999 -0.0063
vn -0.0053 1.0000 -0.0051
vn -0.9920 0.0027 -0.1263
vn -0.9931 0.0028 -0.1176
vn -0.0190 -0.8960 -0.4436
vn -0.0265 -0.8749 -0.4835
vn 0.3012 -0.0009 -0.9536
vn -0.0970 0.9022 -0.4202
vn -0.0337 0.8765 -0.4803
vn -0.9997 0.0030 0.0224
vn -0.0150 -0.7705 -0.6372
vn 0.9972 0.0030 -0.0749
vn 0.9973 0.0036 -0.0739
vn 0.9975 0.0053 -0.0710
vn -0.0259 0.7709 -0.6364
vn -0.0213 0.7741 -0.6327
vn -0.9997 0.0019 0.0246
vn -0.9853 0.0019 0.1706
vn 0.0071 0.9992 0.0385
vn 0.0103 0.9955 0.0946
vn 0.1791 0.0034 0.9838
vn 0.0034 0.9998 0.0218
vn 0.0037 0.9997 0.0227
vn 0.1641 -0.4135 0.8956
vn 0.1644 -0.4135 0.8956
vn 0.0043 -1.0000 0.0048
vn 0.0081 -1.0000 0.0056
vn 0.1799 0.0049 0.9837
vn 0.1793 0.0051 0.9838
vn 0.1786 -0.0387 0.9832
vn 0.1772 -0.0304 0.9837
vn 0.0089 -0.9999 0.0046
vn 0.0058 -1.0000 0.0030
vn -0.0221 -0.8919 -0.4516
vn -0.0296 -0.7805 -0.6244
vn -0.0060 -0.7742 -0.6330
vn 0.0297 0.0036 0.9996
vn 0.0300 0.0037 0.9995
vn 0.0296 0.0036 0.9996
vn -0.0403 0.7781 -0.6269
vn -0.0054 1.0000 -0.0032
vn 0.1058 0.9203 -0.3766
vn -0.0083 1.0000 -0.0047
vn 0.1778 0.0464 0.9830
vn 0.1793 0.0023 0.9838
vn 0.1799 0.0025 0.9837
vn -0.0076 1.0000 -0.0057
vn -0.0033 1.0000 -0.0050
vn 0.1646 0.3783 0.9109
vn 0.1647 0.3777 0.9112
vn 0.1790 0.0040 0.9838
vn 0.1788 0.0036 0.9839
vn 0.1791 0.0036 0.9838
vn 0.0070 0.9993 0.0375
vn 0.1791 0.0032 0.9838
vn 0.5215 0.0029 0.8533
vn 0.0056 0.9994 0.0336
vn 0.0304 0.9985 0.0460
vn 0.1641 -0.4118 0.8964
vn 0.1644 -0.4117 0.8964
vn 0.1643 -0.4123 0.8961
vn 0.0049 -1.0000 0.0059
vn 0.0069 -1.0000 0.0024
vn 0.0088 -0.9999 0.0076
vn 0.1792 0.0038 0.9838
vn 0.1799 0.0039 0.9837
vn 0.1791 0.0037 0.9838
vn 0.1783 -0.0528 0.9826
vn 0.1784 -0.0564 0.9823
vn 0.1788 -0.0523 0.9825
vn 0.0045 -1.0000 -0.0011
vn 0.0085 -1.0000 0.0013
vn 0.0046 -1.0000 -0.0057
vn 0.0060 -0.8783 -0.4781
vn 0.0049 -0.8347 -0.5507
vn 0.0070 -0.8015 -0.5979
vn 0.0391 -0.8232 -0.5664
vn 0.0010 0.8279 -0.5608
vn 0.0025 0.7952 -0.6063
vn 0.0340 0.8159 -0.5772
vn -0.0043 1.0000 0.0048
vn -0.1941 0.9353 -0.2960
vn -0.0078 1.0000 -0.0016
vn -0.0039 1.0000 0.0001
vn 0.1773 0.0615 0.9822
vn 0.1774 0.0650 0.9820
vn 0.1782 0.0654 0.9818
vn 0.1792 0.0035 0.9838
vn 0.1799 0.0034 0.9837
vn 0.1799 0.0032 0.9837
vn -0.0061 1.0000 -0.0062
vn -0.0083 0.9999 -0.0078
vn -0.0029 1.0000 -0.0032
vn 0.1646 0.3762 0.9118
vn 0.1647 0.3761 0.9118
vn 0.1645 0.3761 0.9119
vn -0.2364 0.0034 0.9717
vn -0.0006 1.0000 -0.0035
vn 0.1792 0.0036 0.9838
vn 0.1790 0.0039 0.9838
vn 0.1790 0.0038 0.9838
vn 0.1648 0.3774 0.9113
vn 0.1646 0.3771 0.9114
vn -0.0034 1.0000 -0.0052
vn -0.0079 0.9999 -0.0069
vn 0.1792 0.0027 0.9838
vn 0.1799 0.0028 0.9837
vn 0.1775 0.0536 0.9827
vn 0.1776 0.0461 0.9830
vn -0.0084 1.0000 -0.0036
vn -0.0049 1.0000 -0.0015
vn -0.0081 0.8947 -0.4466
vn -0.0098 0.7780 -0.6282
vn 0.0027 0.0035 1.0000
vn 0.0029 0.0036 1.0000
vn -0.0037 -0.7825 -0.6226
vn 0.0052 -1.0000 0.0013
vn 0.1183 -0.9358 -0.3320
vn 0.0090 -1.0000 0.0034
vn 0.1783 -0.0382 0.9832
vn 0.1783 -0.0454 0.9829
vn 0.1799 0.0046 0.9837
vn 0.1791 0.0046 0.9838
vn 0.0047 -1.0000 0.0054
vn 0.0085 -0.9999 0.0067
vn 0.1642 -0.4132 0.8957
vn 0.0048 0.9996 0.0272
vn 0.0051 0.9996 0.0273
vn 0.1790 0.0033 0.9838
vn -0.0072 -0.9992 -0.0389
vn 0.6709 0.7267 0.1478
vn -0.0061 0.9998 0.0191
vn -0.2365 0.0034 0.9716
vn -0.0129 0.0026 0.9999
vn -0.0028 0.9999 0.0152
vn -0.0059 0.9998 0.0185
vn -0.2041 0.0020 0.9789
vn 0.1647 0.3765 0.9117
vn -0.0033 1.0000 -0.0053
vn 0.1793 0.0030 0.9838
vn 0.1778 0.0611 0.9822
vn 0.1770 0.0532 0.9828
vn -0.0079 1.0000 -0.0025
vn -0.0215 0.0034 0.9998
vn -0.0214 0.0035 0.9998
vn -0.0216 0.0034 0.9998
vn 0.0085 -1.0000 0.0022
vn 0.1779 -0.0450 0.9830
vn 0.1799 0.0041 0.9837
vn 0.1792 0.0043 0.9838
vn 0.1641 -0.4126 0.8960
vn 0.0053 0.9995 0.0326
vn 0.0818 0.9966 -0.0129
vn -0.0060 0.9998 0.0187
vn -0.0053 0.9999 0.0127
vn -0.2039 0.0026 0.9790
vn -0.2025 0.0024 0.9793
vn 0.0104 -0.9999 0.0040
vn 0.0102 -0.9999 0.0022
vn 0.0093 -1.0000 0.0018
vn 0.9942 0.0003 0.1078
vn 0.9547 -0.0012 -0.2977
vn 0.9942 0.0003 0.1079
vn -0.0095 0.9999 -0.0040
vn -0.0093 1.0000 -0.0023
vn -0.0090 1.0000 -0.0018
vn -0.9789 0.0017 0.2041
vn -0.9789 0.0017 0.2042
vn -0.5546 0.0018 0.8321
vn -0.8428 0.0002 0.5382
vn -0.5546 0.0017 0.8321
vn 0.0038 -1.0000 -0.0006
vn 0.0036 -1.0000 0.0010
vn 0.0038 -1.0000 -0.0005
vn 0.7054 -0.0007 -0.7088
vn 0.7054 -0.0006 -0.7088
vn -0.0034 1.0000 0.0002
vn -0.0032 1.0000 -0.0013
vn -0.0026 1.0000 -0.0014
vn -0.9570 0.0003 0.2901
vn -0.9998 -0.0006 0.0206
vn -0.9571 0.0004 0.2899
vn 0.0040 -1.0000 0.0011
vn 0.0033 -1.0000 0.0029
vn 0.0047 -1.0000 0.0022
vn 0.7409 -0.0016 -0.6717
vn 0.7408 -0.0016 -0.6717
vn -0.0036 1.0000 -0.0013
vn -0.0030 1.0000 -0.0029
vn -0.0038 1.0000 -0.0013
vn 0.0099 -1.0000 0.0016
vn 0.0092 -1.0000 0.0025
vn 0.9544 -0.0012 -0.2987
vn 0.7852 -0.0024 -0.6192
vn -0.0085 1.0000 -0.0022
vn -0.0073 1.0000 -0.0021
vn -0.9951 0.0013 0.0993
vn -0.9951 0.0013 0.0992
vn -0.9995 -0.0021 -0.0318
vn -0.9995 -0.0021 -0.0317
vn 0.0030 -1.0000 0.0012
vn 0.0037 -1.0000 0.0018
vn 0.8190 0.0001 -0.5737
vn 0.8190 0.0001 -0.5738
vn -0.0034 1.0000 -0.0018
vn -0.0026 1.0000 -0.0015
vn -0.9538 -0.0018 -0.3005
vn -0.9538 -0.0018 -0.3003
vn 0.0024 -1.0000 0.0035
vn 0.0028 -1.0000 0.0045
vn -0.0022 1.0000 -0.0034
vn 0.0124 -0.9999 0.0071
vn 0.0087 -0.9999 0.0066
vn -0.0114 0.9999 -0.0068
vn -0.9683 0.0000 -0.2496
vn -0.9684 -0.0000 -0.2493
vn 0.0029 -1.0000 0.0015
vn 0.0036 -1.0000 0.0011
vn 1.0000 0.0024 -0.0037
vn 0.9770 0.0031 0.2132
vn 0.9766 0.0031 0.2150
vn -0.0032 1.0000 -0.0012
vn -0.0031 1.0000 -0.0025
vn 0.0037 -1.0000 0.0056
vn 0.0089 -0.9999 0.0047
vn 0.2615 0.0037 0.9652
vn 0.2614 0.0037 0.9652
vn -0.0033 1.0000 0.0011
vn -0.0755 0.0035 0.9971
vn -0.0745 0.0037 0.9972
vn -0.0756 0.0035 0.9971
vn 0.0171 -0.9999 0.0019
vn -0.0528 -0.0036 -0.9986
vn -0.0532 -0.0037 -0.9986
vn 0.2207 -0.0031 -0.9753
vn 0.1610 -0.0033 -0.9869
vn 0.2203 -0.0032 -0.9754
vn -0.0046 1.0000 -0.0012
vn -0.1407 0.0033 0.9900
vn -0.1404 0.0033 0.9901
vn -0.1407 0.0032 0.9900
vn 0.0050 -1.0000 0.0012
vn 0.0050 -1.0000 0.0010
vn -0.1404 0.0032 0.9901
vn -0.1408 0.0031 0.9900
vn -0.0046 1.0000 -0.0011
vn 0.1600 -0.0031 -0.9871
vn 0.0968 -0.0033 -0.9953
vn 0.0092 -0.9999 0.0100
vn 0.0083 -0.9999 0.0093
vn -0.0079 0.9999 -0.0063
vn -0.0084 0.9999 -0.0094
vn -0.7634 -0.0017 -0.6460
vn 0.0046 -1.0000 0.0029
vn 0.0074 -0.9999 0.0068
vn 1.0000 0.0011 0.0032
vn 0.9933 0.0007 -0.1158
vn 0.9932 0.0007 -0.1163
vn -0.0086 1.0000 -0.0036
vn -0.0041 1.0000 -0.0029
vn -0.0067 1.0000 -0.0065
vn -0.9358 -0.0006 0.3524
vn -0.9961 -0.0023 -0.0881
vn 0.0035 -1.0000 0.0025
vn 0.0038 -1.0000 0.0041
vn 0.8835 0.0038 0.4684
vn -0.0034 1.0000 -0.0040
vn -0.0040 1.0000 -0.0046
vn -0.7077 -0.0038 -0.7065
vn -0.7079 -0.0038 -0.7063
vn 0.0037 -1.0000 0.0057
vn 0.0034 -1.0000 0.0059
vn 0.8838 0.0038 0.4679
vn 0.7306 0.0041 0.6827
vn -0.5208 -0.0040 -0.8537
vn -0.5210 -0.0040 -0.8535
vn 0.0031 -1.0000 0.0064
vn 0.0028 -1.0000 0.0068
vn 0.7310 0.0041 0.6824
vn 0.5027 0.0042 0.8644
vn -0.0030 1.0000 -0.0055
vn -0.0028 1.0000 -0.0059
vn -0.4074 -0.0039 -0.9132
vn 0.0115 -0.9999 0.0050
vn 0.0035 -1.0000 0.0062
vn 0.5030 0.0042 0.8643
vn 0.4143 0.0041 0.9101
vn -0.0025 1.0000 -0.0062
vn -0.0102 0.9999 -0.0048
vn 0.0073 -0.9999 0.0097
vn 0.0063 -0.9999 0.0098
vn 0.8679 0.0017 0.4968
vn 0.8313 0.0020 0.5558
vn -0.0075 0.9999 -0.0088
vn -0.0066 0.9999 -0.0092
vn -0.7638 -0.0017 -0.6454
vn -0.7112 -0.0020 -0.7030
vn -0.9397 0.0006 0.3419
vn -0.9668 0.0002 0.2555
vn -0.9397 0.0005 0.3419
vn 0.0042 -1.0000 0.0022
vn 0.9477 -0.0001 -0.3191
vn 0.9475 -0.0001 -0.3197
vn -0.0038 1.0000 -0.0023
vn -0.0036 1.0000 -0.0018
vn 0.0063 -1.0000 0.0059
vn 0.0038 -1.0000 0.0084
vn 0.8312 0.0020 0.5560
vn 0.7768 0.0022 0.6298
vn -0.0057 0.9999 -0.0093
vn -0.0059 1.0000 -0.0059
vn -0.7111 -0.0020 -0.7031
vn -0.7339 -0.0019 -0.6793
vn -0.9669 0.0002 0.2551
vn -0.9999 -0.0007 0.0156
vn 0.0040 -1.0000 0.0017
vn 0.0034 -1.0000 0.0025
vn 0.9045 -0.0005 -0.4264
vn -0.0030 1.0000 -0.0025
vn -0.0093 1.0000 -0.0029
vn 0.0043 -1.0000 0.0027
vn 0.0029 -1.0000 0.0052
vn 0.9859 -0.0007 -0.1671
vn -0.0034 1.0000 -0.0079
vn -0.0038 1.0000 -0.0027
vn -0.5102 -0.0028 -0.8601
vn -0.9948 -0.0011 -0.1016
vn 0.0104 -0.9999 0.0031
vn 0.0034 -1.0000 0.0024
vn -0.0030 1.0000 -0.0024
vn -0.0062 1.0000 -0.0031
vn 0.0081 -1.0000 0.0019
vn 0.3344 0.0037 0.9424
vn 0.3353 0.0040 0.9421
vn 0.3342 0.0037 0.9425
vn -0.0031 1.0000 -0.0056
vn 0.1773 -0.0033 -0.9842
vn 0.1785 -0.0030 -0.9839
vn 0.1786 -0.0030 -0.9839
vn 0.0035 -1.0000 0.0016
vn -0.0031 1.0000 -0.0019
vn -0.0036 1.0000 -0.0020
vn -0.8172 0.0030 0.5763
vn 0.0036 -1.0000 0.0018
vn -0.0033 1.0000 -0.0018
vn -0.0057 1.0000 -0.0024
vn 0.8549 0.0039 0.5188
vn 0.8549 0.0039 0.5187
vn -0.0103 0.9999 -0.0089
vn 0.0117 -0.9999 0.0095
vn 0.0063 -1.0000 0.0024
vn -0.0834 0.0036 0.9965
vn -0.0832 0.0036 0.9965
vn -0.0835 0.0035 0.9965
vn 0.0040 -1.0000 0.0020
vn 0.0707 -0.0036 -0.9975
vn 0.0705 -0.0036 -0.9975
vn 0.0704 -0.0037 -0.9975
vn -0.2364 0.0034 0.9716
vn 0.1637 -0.4153 0.8948
vn -0.2154 0.0057 0.9765
vn 0.0078 1.0000 -0.0051
vn -0.3098 0.0035 0.9508
vn 0.2036 0.0038 0.9790
vn 0.1788 0.0285 0.9835
vn 0.1490 0.0038 0.9888
vn 0.0097 -0.9999 0.0057
vn -0.0090 0.9999 -0.0058
vn -0.9920 0.0027 -0.1262
vn 0.9971 0.0022 -0.0762
vn -0.9851 0.0016 0.1721
vn 0.1649 0.3777 0.9111
vn -0.0007 1.0000 -0.0036
vn 0.1790 0.0036 0.9838
vn 0.1639 -0.4116 0.8965
vn 0.1793 -0.0568 0.9822
vn -0.0084 1.0000 -0.0020
vn -0.8465 0.0002 0.5323
vn -0.0035 1.0000 -0.0001
vn -0.9998 -0.0006 0.0202
vn -0.0043 1.0000 -0.0024
vn 0.0079 -1.0000 0.0018
vn 1.0000 0.0024 -0.0036
vn -0.0743 0.0037 0.9972
vn -0.0527 -0.0036 -0.9986
vn -0.1403 0.0034 0.9901
vn 0.0971 -0.0032 -0.9953
vn -0.9956 -0.0022 -0.0939
vn 0.0045 -1.0000 0.0048
vn -0.9999 -0.0007 0.0154
vn -0.0025 1.0000 -0.0052
vn 0.3355 0.0040 0.9420
vn 0.1771 -0.0033 -0.9842
vn -0.0831 0.0037 0.9965
vn 0.0708 -0.0035 -0.9975
s 1
f 1/1/1 2/2/2 3/3/1
f 4/4/3 2/2/2 5/5/2
f 6/6/4 7/7/3 4/4/3
f 8/8/5 9/9/4 6/6/4
f 8/8/5 10/10/6 11/11/5
f 12/12/7 10/10/6 13/13/6
f 12/12/7 14/14/8 15/15/7
f 16/16/9 14/14/8 17/17/10
f 16/16/9 18/18/11 19/19/9
f 20/20/12 18/18/11 21/21/11
f 22/22/13 23/23/12 20/20/12
f 22/22/13 24/24/14 25/25/13
f 26/26/15 24/24/14 27/27/14
f 28/28/16 29/29/15 26/26/15
f 28/28/16 3/30/1 30/31/16
f 31/32/17 32/33/18 33/34/17
f 34/35/17 31/32/17 33/34/17
f 35/36/17 34/35/17 33/34/17
f 36/37/18 35/36/17 33/34/17
f 37/38/17 36/37/18 33/34/17
f 38/39/17 37/38/17 33/34/17
f 39/40/17 38/39/17 33/34/17
f 40/41/17 39/40/17 33/34/17
f 41/42/17 40/41/17 33/34/17
f 42/43/18 41/42/17 33/34/17
f 43/44/17 42/43/18 33/34/17
f 44/45/18 43/44/17 33/34/17
f 45/46/18 44/45/18 33/34/17
f 46/47/17 45/46/18 33/34/17
f 32/33/18 46/47/17 33/34/17
f 47/48/19 48/49/20 49/50/20
f 48/49/20 50/51/20 49/50/20
f 50/51/20 51/52/19 49/50/20
f 51/52/19 52/53/19 49/50/20
f 52/53/19 53/54/20 49/50/20
f 53/54/20 54/55/19 49/50/20
f 54/55/19 55/56/20 49/50/20
f 55/56/20 56/57/20 49/50/20
f 56/57/20 57/58/19 49/50/20
f 57/58/19 58/59/19 49/50/20
f 58/59/19 59/60/20 49/50/20
f 59/60/20 60/61/19 49/50/20
f 60/61/19 61/62/19 49/50/20
f 61/62/19 62/63/19 49/50/20
f 62/63/19 47/48/19 49/50/20
f 63/64/2 64/65/1 65/66/1
f 66/67/3 67/68/2 63/64/2
f 68/69/4 69/70/3 66/67/3
f 70/71/5 71/72/4 68/69/4
f 70/71/5 72/73/6 73/74/5
f 74/75/6 75/76/7 72/73/6
f 76/77/21 75/76/7 77/78/7
f 78/79/9 79/80/22 76/77/21
f 78/79/9 80/81/11 81/82/9
f 82/83/11 83/84/12 80/81/11
f 84/85/13 83/84/12 85/86/12
f 84/85/13 86/87/14 87/88/13
f 88/89/15 86/87/14 89/90/14
f 90/91/16 91/92/15 88/89/15
f 65/66/1 92/93/16 90/91/16
f 2/94/23 65/66/17 3/95/17
f 93/96/20 64/65/20 67/68/20
f 7/97/17 63/64/23 2/94/23
f 94/98/19 67/68/20 69/70/20
f 9/99/18 66/67/17 7/97/17
f 95/100/20 69/70/20 71/72/20
f 11/101/18 68/69/18 9/99/18
f 95/100/20 73/74/20 96/102/20
f 10/103/17 70/71/18 11/101/18
f 96/102/20 72/73/20 97/104/20
f 15/105/18 74/75/17 10/103/17
f 97/104/20 75/76/20 98/106/20
f 15/105/18 76/77/18 77/78/18
f 98/106/20 79/80/20 99/107/19
f 14/108/18 78/79/17 76/77/18
f 99/107/19 81/82/20 100/109/19
f 19/110/17 82/83/24 78/79/17
f 100/109/19 80/81/20 101/111/20
f 18/112/24 85/86/17 82/83/24
f 101/111/20 83/84/20 102/113/20
f 23/114/17 84/85/17 85/86/17
f 103/115/20 83/84/20 87/88/20
f 25/116/17 89/90/17 84/85/17
f 104/117/20 87/88/20 86/87/20
f 24/118/17 88/89/17 89/90/17
f 105/119/20 86/87/20 91/92/20
f 29/120/17 90/91/18 88/89/17
f 106/121/19 91/92/20 92/93/20
f 3/95/17 90/91/18 30/122/18
f 107/123/20 92/93/20 64/65/20
f 108/124/1 109/125/25 110/126/25
f 110/126/25 111/127/3 112/128/3
f 113/129/4 111/127/3 114/130/4
f 113/129/4 115/131/5 116/132/5
f 116/132/5 117/133/6 118/134/6
f 118/134/6 119/135/7 120/136/7
f 120/136/7 121/137/22 122/138/22
f 123/139/9 121/137/22 124/140/9
f 125/141/26 124/140/9 126/142/26
f 127/143/12 126/142/26 128/144/12
f 129/145/13 128/144/12 130/146/13
f 131/147/27 130/146/13 132/148/27
f 133/149/28 132/148/27 134/150/28
f 135/151/16 134/150/28 136/152/16
f 108/124/1 136/152/16 137/153/1
f 1/154/19 110/126/20 5/155/20
f 32/156/18 109/125/17 137/153/18
f 5/155/20 112/128/20 4/157/20
f 34/158/17 109/125/17 31/159/17
f 4/157/20 113/129/19 6/160/19
f 35/161/17 111/127/17 34/158/17
f 8/162/20 113/129/19 116/132/20
f 35/161/17 115/131/18 114/130/17
f 13/163/19 116/132/20 118/134/19
f 37/164/17 115/131/18 36/165/18
f 12/166/20 118/134/19 120/136/20
f 38/167/17 117/133/17 37/164/17
f 17/168/20 120/136/20 122/138/20
f 39/169/17 119/135/17 38/167/17
f 16/170/20 122/138/20 123/139/20
f 40/171/17 121/137/17 39/169/17
f 21/172/19 123/139/20 125/141/19
f 41/173/17 124/140/17 40/171/17
f 21/172/19 127/143/20 20/174/20
f 42/175/18 126/142/17 41/173/17
f 20/174/20 129/145/20 22/176/20
f 43/177/17 128/144/18 42/175/18
f 22/176/20 131/147/19 27/178/19
f 44/179/18 130/146/17 43/177/17
f 26/180/20 131/147/19 133/149/20
f 45/181/18 132/148/18 44/179/18
f 28/182/19 133/149/20 135/151/19
f 46/183/17 134/150/18 45/181/18
f 28/182/19 108/124/19 1/154/19
f 46/183/17 137/153/18 136/152/17
f 107/184/29 48/185/2 47/186/1
f 93/187/2 50/188/3 48/185/2
f 95/189/4 50/188/3 94/190/3
f 96/191/5 51/192/4 95/189/4
f 96/191/5 53/193/6 52/194/5
f 98/195/7 53/193/6 97/196/6
f 99/197/8 54/198/7 98/195/7
f 99/197/8 56/199/9 55/200/30
f 100/201/9 57/202/11 56/199/9
f 102/203/12 57/202/11 101/204/11
f 103/205/13 58/206/12 102/203/12
f 104/207/14 59/208/13 103/205/13
f 104/207/14 61/209/15 60/210/14
f 106/211/16 61/209/15 105/212/31
f 107/184/29 62/213/32 106/211/16
f 138/214/19 139/215/19 140/216/20
f 139/215/19 141/217/19 140/216/20
f 141/217/19 142/218/20 140/216/20
f 142/218/20 143/219/19 140/216/20
f 143/219/19 144/220/19 140/216/20
f 144/220/19 145/221/19 140/216/20
f 145/221/19 146/222/20 140/216/20
f 146/222/20 147/223/20 140/216/20
f 147/223/20 148/224/19 140/216/20
f 148/224/19 149/225/19 140/216/20
f 149/225/19 150/226/20 140/216/20
f 150/226/20 151/227/20 140/216/20
f 151/227/20 152/228/20 140/216/20
f 152/228/20 153/229/20 140/216/20
f 153/229/20 138/214/19 140/216/20
f 154/230/16 138/214/1 153/229/32
f 155/231/31 153/229/32 152/228/31
f 155/231/31 151/227/14 156/232/14
f 157/233/13 151/227/14 150/226/13
f 158/234/12 150/226/13 149/225/12
f 159/235/33 149/225/12 148/224/11
f 160/236/34 148/224/11 147/223/9
f 160/236/34 146/222/30 161/237/30
f 162/238/7 146/222/30 145/221/7
f 163/239/6 145/221/7 144/220/6
f 163/239/6 143/219/5 164/240/5
f 165/241/4 143/219/5 142/218/4
f 165/241/4 141/217/3 166/242/3
f 166/242/3 139/215/25 167/243/2
f 167/243/2 138/214/1 168/244/1
f 169/245/17 170/246/17 171/247/17
f 171/247/17 170/246/17 172/248/18
f 172/248/18 170/246/17 173/249/17
f 173/249/17 170/246/17 174/250/17
f 174/250/17 170/246/17 175/251/17
f 175/251/17 170/246/17 176/252/17
f 176/252/17 170/246/17 177/253/17
f 177/253/17 170/246/17 178/254/17
f 178/254/17 170/246/17 179/255/17
f 179/255/17 170/246/17 180/256/17
f 180/256/17 170/246/17 181/257/17
f 181/257/17 170/246/17 182/258/18
f 182/258/18 170/246/17 183/259/18
f 183/259/18 170/246/17 184/260/18
f 184/260/18 170/246/17 169/245/17
f 184/260/16 168/244/1 154/230/16
f 155/231/31 184/260/16 154/230/16
f 156/232/14 183/259/31 155/231/31
f 181/257/13 156/232/14 157/233/13
f 180/256/12 157/233/13 158/234/12
f 159/235/33 180/256/12 158/234/12
f 160/236/34 179/255/11 159/235/33
f 161/237/30 178/254/9 160/236/34
f 176/252/7 161/237/30 162/238/7
f 175/251/6 162/238/7 163/239/6
f 164/240/5 175/251/6 163/239/6
f 173/249/4 164/240/5 165/241/4
f 166/242/3 173/249/4 165/241/4
f 167/243/2 172/248/3 166/242/3
f 169/245/1 167/243/2 168/244/1
f 185/261/31 186/262/14 187/263/15
f 188/264/13 186/262/14 189/265/14
f 190/266/12 191/267/13 188/264/13
f 192/268/11 193/269/12 190/266/12
f 192/268/11 194/270/9 195/271/26
f 196/272/35 197/273/10 194/270/9
f 198/274/7 197/273/10 199/275/10
f 200/276/6 201/277/7 198/274/7
f 202/278/5 203/279/6 200/276/6
f 204/280/36 205/281/5 202/278/5
f 206/282/16 207/283/37 208/284/38
f 206/282/16 187/285/15 209/286/16
f 210/287/39 211/288/40 212/289/20
f 213/290/41 210/287/39 212/289/20
f 214/291/42 213/290/41 212/289/20
f 215/292/43 214/291/42 212/289/20
f 216/293/44 215/292/43 212/289/20
f 217/294/45 216/293/44 212/289/20
f 218/295/20 217/294/45 212/289/20
f 219/296/46 218/295/20 212/289/20
f 220/297/47 219/296/46 212/289/20
f 221/298/48 220/297/47 212/289/20
f 222/299/20 221/298/48 212/289/20
f 223/300/19 224/301/49 225/302/50
f 226/303/51 227/304/52 212/289/20
f 228/305/53 226/303/51 212/289/20
f 211/288/40 228/305/53 212/289/20
f 229/306/18 230/307/18 231/308/18
f 230/307/18 232/309/18 231/308/18
f 232/309/18 233/310/17 231/308/18
f 233/310/17 234/311/18 231/308/18
f 234/311/18 235/312/17 231/308/18
f 235/312/17 236/313/17 231/308/18
f 236/313/17 237/314/18 231/308/18
f 237/314/18 238/315/18 231/308/18
f 238/315/18 239/316/18 231/308/18
f 239/316/18 240/317/17 231/308/18
f 240/317/17 241/318/17 231/308/18
f 242/319/17 243/320/54 244/321/55
f 245/322/18 246/323/18 231/308/18
f 246/323/18 247/324/18 231/308/18
f 247/324/18 229/306/18 231/308/18
f 248/325/56 249/326/57 250/327/58
f 251/328/13 249/326/57 252/329/59
f 253/330/12 254/331/13 251/328/13
f 253/330/12 255/332/60 256/333/12
f 257/334/60 258/335/61 255/332/60
f 259/336/62 260/337/63 258/335/61
f 261/338/64 260/337/63 262/339/65
f 263/340/6 264/341/64 261/338/64
f 265/342/5 266/343/6 263/340/6
f 267/344/66 268/345/5 265/342/5
f 269/346/67 270/347/68 267/344/66
f 271/348/69 272/349/70 273/350/71
f 274/351/72 275/352/73 276/353/74
f 277/354/73 278/355/75 275/352/73
f 279/356/75 250/327/58 278/355/75
f 187/357/17 252/329/18 248/325/17
f 280/358/18 250/359/17 249/360/17
f 186/361/18 251/328/17 252/329/18
f 281/362/18 249/360/17 254/363/17
f 191/364/17 253/330/17 251/328/17
f 282/365/17 254/363/17 256/366/17
f 193/367/17 257/334/17 253/330/17
f 282/365/17 255/368/17 283/369/17
f 195/370/17 259/336/18 257/334/17
f 283/369/17 258/371/17 284/372/18
f 194/373/18 262/339/18 259/336/18
f 284/372/18 260/374/17 285/375/17
f 201/376/18 262/339/18 197/377/18
f 285/375/17 264/378/17 286/379/17
f 203/380/18 261/338/18 201/376/18
f 286/379/17 266/381/17 287/382/17
f 205/383/18 263/340/18 203/380/18
f 287/382/17 268/384/17 288/385/18
f 289/386/17 265/342/18 205/383/18
f 288/385/18 270/387/17 290/388/17
f 291/389/17 290/388/17 270/387/17
f 272/390/18 292/391/17 273/392/17
f 293/393/18 276/394/18 275/395/17
f 209/396/18 277/354/17 207/397/17
f 294/398/17 275/395/17 278/399/17
f 209/396/18 248/325/17 279/356/18
f 295/400/17 278/399/17 250/359/17
f 296/401/58 297/402/76 298/403/77
f 298/403/77 299/404/13 300/405/13
f 300/405/13 301/406/12 302/407/12
f 302/407/12 303/408/78 304/409/79
f 304/409/79 305/410/80 306/411/81
f 307/412/82 305/410/80 308/413/83
f 309/414/64 308/413/83 310/415/84
f 309/414/64 311/416/85 312/417/86
f 313/418/87 311/416/85 314/419/88
f 315/420/89 314/419/88 316/421/90
f 317/422/91 315/420/89 316/421/90
f 318/423/92 319/424/93 320/425/92
f 321/426/94 322/427/95 323/428/96
f 323/428/96 324/429/97 325/430/98
f 325/430/98 326/431/56 296/401/58
f 189/432/99 296/433/100 298/434/101
f 210/287/39 326/435/102 211/288/40
f 188/436/103 298/434/101 300/437/104
f 213/290/41 297/438/105 210/287/39
f 190/439/106 300/437/104 302/440/107
f 214/291/42 299/441/108 213/290/41
f 190/439/106 304/442/109 192/443/110
f 214/291/42 303/444/111 301/445/112
f 192/443/110 306/446/113 196/447/114
f 215/292/43 305/448/115 303/444/111
f 196/447/114 307/449/116 199/450/117
f 216/293/44 308/451/118 305/448/115
f 199/450/117 309/452/119 198/453/120
f 217/294/45 310/454/121 308/451/118
f 198/453/120 312/455/122 200/456/123
f 218/295/20 311/457/124 310/454/121
f 200/456/123 313/458/125 202/459/126
f 219/296/46 314/460/127 311/457/124
f 202/459/126 315/461/128 204/462/129
f 220/297/47 316/463/130 314/460/127
f 327/464/131 316/463/130 221/298/48
f 224/465/49 319/466/132 225/467/50
f 226/303/51 328/468/133 227/304/52
f 206/469/134 323/470/135 325/471/136
f 228/305/53 322/472/137 226/303/51
f 185/473/138 325/471/136 296/433/100
f 211/288/40 324/474/139 228/305/53
f 295/475/15 230/307/14 229/306/15
f 280/476/14 232/309/140 230/307/14
f 282/477/12 232/309/140 281/478/13
f 283/479/33 233/310/12 282/477/12
f 283/479/33 235/312/34 234/311/11
f 285/480/8 235/312/34 284/481/34
f 285/480/8 237/314/7 236/313/30
f 286/482/7 238/315/6 237/314/7
f 288/483/5 238/315/6 287/484/6
f 290/485/141 239/316/5 288/483/5
f 290/485/141 329/486/142 240/317/143
f 292/487/144 242/319/145 244/321/146
f 293/488/1 245/322/147 330/489/148
f 294/490/16 246/323/149 293/488/1
f 295/475/15 247/324/32 294/490/16
f 331/491/150 332/492/151 333/493/152
f 334/494/153 335/495/154 336/496/155
f 337/497/156 338/498/157 339/499/158
f 335/495/159 340/500/160 336/501/161
f 341/502/162 289/503/163 204/280/36
f 337/504/156 207/283/37 342/505/164
f 343/506/17 267/344/17 289/386/17
f 340/507/17 271/348/18 336/508/18
f 342/509/17 277/354/17 274/351/17
f 341/510/165 315/461/128 344/511/166
f 332/512/167 345/513/168 318/514/169
f 208/515/170 321/516/171 323/470/135
f 331/517/172 346/518/172 347/519/172
f 338/520/173 348/521/173 339/522/173
f 349/523/174 335/524/174 350/525/174
f 331/526/175 350/527/175 335/528/175
f 351/529/176 352/530/177 353/531/178
f 354/532/173 355/533/179 356/534/180
f 357/535/181 358/536/182 359/537/183
f 360/538/184 361/539/184 362/540/184
f 363/541/26 364/542/26 365/543/26
f 366/544/185 367/545/186 368/546/187
f 369/547/145 370/548/145 371/549/145
f 372/550/188 373/551/189 374/552/190
f 347/553/11 362/540/11 350/554/11
f 353/531/178 375/555/191 351/529/176
f 376/556/192 377/557/193 378/558/194
f 359/537/183 379/559/195 380/560/196
f 347/553/11 381/561/11 351/529/11
f 382/562/197 378/558/194 383/563/198
f 348/564/11 373/565/33 384/566/33
f 356/567/180 374/568/199 373/569/173
f 385/570/200 386/571/200 387/572/145
f 377/573/193 383/574/198 378/575/194
f 388/576/184 375/577/184 389/578/184
f 347/579/11 375/580/11 360/581/11
f 349/582/11 358/583/11 390/584/11
f 376/585/192 391/586/201 392/587/202
f 393/588/200 394/589/200 395/590/145
f 396/591/203 368/592/173 367/593/204
f 354/594/11 366/595/11 368/592/33
f 362/596/11 358/597/11 350/598/11
f 362/540/184 380/560/175 379/559/184
f 397/599/205 392/600/202 398/601/206
f 399/602/207 365/543/207 348/603/207
f 354/532/187 363/541/187 399/602/187
f 354/532/173 364/542/173 400/604/173
f 348/603/189 364/542/189 356/534/189
f 396/605/203 401/606/208 355/533/179
f 361/539/184 377/557/175 397/599/175
f 353/531/178 382/562/209 383/563/178
f 374/568/190 402/607/210 372/608/188
f 355/609/179 403/610/211 374/568/199
f 388/611/184 404/612/175 377/573/175
f 389/613/212 383/574/178 404/612/213
f 391/586/214 359/614/183 392/587/215
f 396/591/203 405/615/216 370/616/208
f 367/593/186 406/617/217 405/615/218
f 380/560/196 392/600/215 359/537/183
f 361/539/184 398/601/175 380/560/175
f 401/618/219 407/619/219 385/570/219
f 402/607/220 407/619/220 369/620/220
f 403/610/221 386/571/222 402/607/210
f 403/610/211 385/570/223 387/572/223
f 370/616/222 393/588/222 371/621/222
f 370/616/208 394/589/224 408/622/223
f 405/615/218 395/590/219 394/589/219
f 371/621/225 395/590/225 406/617/225
f 409/623/226 410/624/227 411/625/228
f 412/626/229 413/627/230 378/558/231
f 369/547/232 414/628/233 415/629/234
f 416/630/235 417/631/236 418/632/237
f 378/558/238 417/631/239 376/556/239
f 413/633/240 419/634/241 420/635/242
f 415/636/243 421/637/244 422/638/245
f 423/639/246 417/640/247 424/641/248
f 417/640/249 420/635/250 424/641/250
f 420/635/242 425/642/251 426/643/252
f 422/644/245 427/645/253 428/646/253
f 429/647/254 424/641/248 430/648/255
f 420/635/250 430/648/256 424/641/250
f 425/649/251 431/650/257 426/651/252
f 427/652/258 432/653/259 428/654/260
f 429/655/254 433/656/261 434/657/262
f 426/651/263 433/656/264 430/658/256
f 320/659/265 435/660/266 436/661/265
f 437/662/267 320/425/92 436/663/267
f 438/664/268 318/514/169 437/665/269
f 333/493/152 438/666/270 439/667/271
f 333/668/172 440/669/172 346/518/172
f 346/670/11 441/671/11 381/561/11
f 381/561/172 442/672/272 352/530/177
f 352/530/177 443/673/273 382/562/209
f 443/673/274 412/626/275 382/562/197
f 412/626/229 444/674/276 445/675/277
f 419/634/241 444/676/278 446/677/279
f 425/642/251 446/677/279 447/678/280
f 425/649/251 448/679/281 449/680/282
f 434/657/283 448/679/284 450/681/285
f 450/681/286 429/655/254 434/657/262
f 451/682/287 429/647/254 452/683/288
f 453/684/289 423/639/246 451/682/287
f 453/685/290 416/630/235 418/632/237
f 416/686/291 454/687/292 391/586/201
f 454/687/293 357/688/181 391/586/214
f 455/689/294 390/690/174 357/535/181
f 456/691/33 390/584/11 457/692/11
f 456/693/174 458/694/174 349/523/174
f 458/695/295 459/696/296 340/500/160
f 460/697/17 459/698/18 461/699/18
f 460/697/297 462/700/297 272/349/70
f 462/701/17 463/702/17 272/390/18
f 463/703/298 464/704/299 242/319/145
f 227/304/52 222/299/20 212/289/20
f 465/705/300 227/304/52 328/468/133
f 321/426/94 465/706/301 328/707/302
f 466/708/303 321/516/171 337/709/304
f 466/710/305 339/499/306 467/711/307
f 467/712/172 348/713/172 468/714/172
f 469/715/11 348/603/11 384/716/33
f 470/717/308 384/716/309 372/550/188
f 471/718/310 372/550/188 402/719/210
f 472/720/311 402/719/312 369/547/313
f 472/720/314 415/629/315 473/721/316
f 474/722/317 415/636/318 422/638/319
f 475/723/320 422/638/319 428/724/321
f 476/725/322 428/726/321 432/653/323
f 427/652/324 477/727/325 478/728/326
f 421/637/327 479/729/328 427/730/324
f 414/731/329 480/732/330 421/733/327
f 481/734/331 414/731/332 371/735/333
f 481/736/334 406/737/335 482/738/336
f 483/739/337 482/738/338 406/737/217
f 484/740/174 483/741/337 366/742/185
f 485/743/33 366/744/11 399/745/33
f 338/746/339 485/747/174 399/748/339
f 486/749/340 338/498/341 342/750/342
f 486/751/18 274/351/17 487/752/18
f 487/752/313 276/353/74 488/753/313
f 330/754/18 488/755/18 276/394/18
f 489/756/299 330/489/148 245/322/147
f 241/318/17 245/322/18 231/308/18
f 490/757/343 244/321/146 491/758/67
f 491/758/55 243/320/54 492/759/17
f 243/320/54 493/760/344 492/759/17
f 464/704/299 494/761/145 493/760/345
f 494/762/17 462/701/17 495/763/17
f 461/699/346 495/764/347 462/700/297
f 459/698/18 496/765/18 461/699/18
f 459/696/296 497/766/348 498/767/349
f 499/768/174 500/769/174 456/693/174
f 499/770/11 457/692/11 501/771/11
f 502/772/350 457/773/174 455/689/294
f 502/774/350 454/687/293 503/775/351
f 504/776/352 503/775/353 454/687/292
f 505/777/354 504/778/355 453/685/290
f 505/779/356 451/682/287 506/780/357
f 506/780/357 452/683/288 507/781/358
f 508/782/359 452/783/288 450/681/286
f 509/784/360 510/785/361 511/786/360
f 447/787/280 512/788/362 448/679/281
f 447/678/280 513/789/363 514/790/364
f 446/677/279 515/791/365 513/789/363
f 516/792/366 515/793/367 444/674/276
f 517/794/368 516/792/369 443/673/274
f 443/673/273 518/795/370 517/794/371
f 441/671/172 518/795/370 442/672/272
f 440/796/11 519/797/11 441/671/11
f 440/669/172 520/798/172 521/799/172
f 438/666/270 520/800/372 439/667/271
f 522/801/373 437/665/269 523/802/374
f 523/803/375 436/663/267 524/804/301
f 436/661/265 525/805/376 524/806/265
f 525/807/376 223/300/19 526/808/20
f 527/809/377 223/300/19 225/302/50
f 528/810/378 225/467/50 319/466/132
f 529/811/379 319/424/93 345/812/380
f 334/813/381 529/814/382 345/513/168
f 530/815/383 334/816/153 336/817/155
f 531/818/18 336/508/18 271/348/18
f 532/819/67 271/348/69 273/350/71
f 292/391/17 532/820/17 273/392/17
f 329/486/142 490/757/343 491/758/67
f 329/486/17 492/759/17 241/318/17
f 492/759/17 489/756/18 241/318/17
f 494/761/145 489/756/299 493/760/345
f 533/821/17 495/763/17 488/755/18
f 496/765/313 488/753/313 495/764/347
f 498/822/18 487/752/18 496/765/18
f 498/823/349 534/824/384 486/749/340
f 485/747/174 497/825/174 499/768/174
f 484/826/11 499/770/11 501/771/11
f 535/827/385 501/828/174 502/772/350
f 535/829/385 503/775/351 482/738/338
f 536/830/386 482/738/336 503/775/353
f 537/831/387 536/832/388 505/777/354
f 537/833/389 506/780/357 480/732/330
f 480/732/330 507/781/358 479/729/328
f 477/727/325 507/834/358 508/782/359
f 508/782/390 476/725/391 477/727/392
f 514/835/364 476/725/322 512/788/362
f 514/790/364 474/722/317 475/723/320
f 513/789/363 473/836/393 474/722/317
f 538/837/394 473/721/316 515/793/367
f 471/718/395 538/837/396 517/794/368
f 517/794/371 470/717/308 471/718/310
f 519/797/172 470/717/308 518/795/370
f 519/797/11 468/838/11 469/715/11
f 521/799/172 467/712/172 468/714/172
f 522/839/397 467/711/307 520/840/372
f 539/841/398 522/842/373 523/843/374
f 539/844/301 524/804/301 465/845/301
f 524/806/265 540/846/399 465/847/300
f 540/848/399 526/808/20 222/299/20
f 526/808/20 327/464/131 222/299/20
f 317/849/400 527/809/377 528/850/378
f 528/851/379 344/852/91 317/422/91
f 541/853/382 344/511/401 529/854/382
f 343/855/402 541/856/403 530/857/383
f 269/346/17 530/858/18 531/818/18
f 291/859/67 531/818/67 532/819/67
f 490/860/18 291/389/17 532/820/17
f 449/680/404 542/861/405 431/650/406
f 434/657/407 543/862/408 449/680/409
f 434/657/410 544/863/411 545/864/412
f 433/656/264 542/861/413 544/863/414
f 476/725/415 546/865/416 477/727/417
f 432/653/418 547/866/419 476/725/420
f 432/653/421 548/867/422 549/868/421
f 478/728/423 546/865/424 548/867/425
f 448/679/426 550/869/427 450/681/428
f 512/788/429 551/870/430 448/679/431
f 512/788/432 552/871/433 553/872/432
f 508/782/434 550/869/435 552/871/436
f 543/862/437 554/873/438 542/861/405
f 545/864/439 555/874/440 543/862/408
f 545/864/412 556/875/441 557/876/442
f 544/863/414 554/873/443 556/875/444
f 546/865/416 558/877/445 559/878/446
f 549/868/447 558/877/448 547/866/419
f 549/868/449 560/879/450 561/880/449
f 548/867/425 559/878/451 560/879/452
f 550/869/427 562/881/453 563/882/454
f 551/870/430 564/883/455 562/881/456
f 550/869/435 565/884/457 552/871/436
f 554/873/438 566/885/458 567/886/459
f 556/875/441 568/887/460 557/876/442
f 556/875/444 567/886/461 569/888/462
f 561/880/463 570/889/464 558/877/448
f 561/880/465 571/890/466 572/891/467
f 560/879/452 573/892/468 571/890/469
f 562/881/456 574/893/470 575/894/471
f 565/884/472 574/893/472 564/883/473
f 563/882/474 576/895/385 565/884/457
f 568/887/460 563/882/474 557/876/442
f 577/896/475 578/897/476 579/898/477
f 566/885/458 562/881/478 575/894/471
f 557/876/479 562/881/480 555/874/480
f 552/871/481 580/899/482 553/872/483
f 565/884/457 581/900/484 552/871/436
f 565/884/485 582/901/486 583/902/487
f 564/883/455 580/899/488 582/901/489
f 582/901/489 558/877/448 570/889/464
f 583/902/487 570/889/490 573/892/491
f 583/902/492 559/878/451 581/900/484
f 581/900/493 558/877/494 580/899/482
f 567/886/459 584/903/495 585/904/496
f 569/888/497 577/896/498 568/887/460
f 567/886/461 586/905/499 569/888/462
f 575/894/471 587/906/500 578/897/501
f 574/893/502 588/907/503 587/906/504
f 589/908/505 588/907/506 576/895/385
f 566/885/458 578/897/501 584/903/495
f 568/887/460 579/898/507 589/908/505
f 570/889/508 590/909/509 573/892/508
f 572/891/510 591/910/511 570/889/464
f 571/890/466 592/911/512 572/891/467
f 571/890/469 590/909/513 593/912/514
f 590/909/509 594/913/515 595/914/516
f 591/910/511 596/915/517 594/913/518
f 593/912/519 596/915/520 592/911/512
f 590/909/513 597/916/385 593/912/514
f 595/914/516 598/917/521 599/918/522
f 594/913/518 600/919/523 598/917/524
f 597/916/525 600/919/526 596/915/520
f 595/914/527 601/920/528 597/916/385
f 599/918/522 602/921/529 603/922/529
f 598/917/524 604/923/530 602/921/531
f 601/920/532 604/923/533 600/919/526
f 599/918/534 605/924/535 601/920/528
f 585/904/496 606/925/536 607/926/537
f 577/896/538 606/925/539 584/903/538
f 586/905/540 608/927/541 577/896/498
f 585/904/542 609/928/543 586/905/499
f 578/897/544 610/929/545 579/898/546
f 587/906/500 611/930/547 578/897/501
f 587/906/504 612/931/548 613/932/549
f 588/907/506 610/929/550 612/931/551
f 607/926/537 614/933/552 615/934/553
f 608/927/554 614/933/555 606/925/539
f 609/928/556 616/935/557 608/927/541
f 607/926/558 617/936/559 609/928/543
f 611/930/560 618/937/561 610/929/545
f 613/932/562 619/938/563 611/930/547
f 613/932/549 620/939/564 621/940/564
f 612/931/551 618/937/565 620/939/566
f 615/934/553 622/941/567 623/942/568
f 614/933/569 624/943/569 622/941/569
f 617/936/570 624/943/571 616/935/557
f 617/936/572 623/942/572 625/944/572
f 618/937/561 626/945/573 627/946/573
f 621/940/574 626/945/575 619/938/563
f 620/939/566 627/946/576 628/947/577
f 602/921/531 629/948/578 621/940/574
f 630/949/579 511/786/580 510/785/581
f 603/922/582 628/947/577 605/924/535
f 602/921/583 620/939/584 603/922/585
f 622/941/567 411/625/586 623/942/568
f 624/943/571 410/624/587 631/950/588
f 625/944/589 411/625/589 410/624/589
f 629/948/578 632/951/590 626/945/575
f 628/947/577 509/784/591 511/786/592
f 605/924/593 630/949/594 604/923/594
f 628/947/577 633/952/595 605/924/535
f 629/948/578 630/949/596 510/785/597
f 631/950/588 627/946/576 624/943/571
f 631/950/598 632/951/599 509/784/600
f 409/623/601 626/945/575 632/951/590
f 624/943/602 626/945/603 622/941/604
f 1/1/1 5/5/2 2/2/2
f 4/4/3 7/7/3 2/2/2
f 6/6/4 9/9/4 7/7/3
f 8/8/5 11/11/5 9/9/4
f 8/8/5 13/13/6 10/10/6
f 12/12/7 15/15/7 10/10/6
f 12/12/7 17/17/10 14/14/8
f 16/16/9 19/19/9 14/14/8
f 16/16/9 21/21/11 18/18/11
f 20/20/12 23/23/12 18/18/11
f 22/22/13 25/25/13 23/23/12
f 22/22/13 27/27/14 24/24/14
f 26/26/15 29/29/15 24/24/14
f 28/28/16 30/31/16 29/29/15
f 28/28/16 1/953/1 3/30/1
f 63/64/2 67/68/2 64/65/1
f 66/67/3 69/70/3 67/68/2
f 68/69/4 71/72/4 69/70/3
f 70/71/5 73/74/5 71/72/4
f 70/71/5 74/75/6 72/73/6
f 74/75/6 77/78/7 75/76/7
f 76/77/21 79/80/22 75/76/7
f 78/79/9 81/82/9 79/80/22
f 78/79/9 82/83/11 80/81/11
f 82/83/11 85/86/12 83/84/12
f 84/85/13 87/88/13 83/84/12
f 84/85/13 89/90/14 86/87/14
f 88/89/15 91/92/15 86/87/14
f 90/91/16 92/93/16 91/92/15
f 65/66/1 64/65/1 92/93/16
f 2/94/23 63/64/23 65/66/17
f 93/96/20 107/123/20 64/65/20
f 7/97/17 66/67/17 63/64/23
f 94/98/19 93/96/20 67/68/20
f 9/99/18 68/69/18 66/67/17
f 95/100/20 94/98/19 69/70/20
f 11/101/18 70/71/18 68/69/18
f 95/100/20 71/72/20 73/74/20
f 10/103/17 74/75/17 70/71/18
f 96/102/20 73/74/20 72/73/20
f 15/105/18 77/78/18 74/75/17
f 97/104/20 72/73/20 75/76/20
f 15/105/18 14/108/18 76/77/18
f 98/106/20 75/76/20 79/80/20
f 14/108/18 19/110/17 78/79/17
f 99/107/19 79/80/20 81/82/20
f 19/110/17 18/112/24 82/83/24
f 100/109/19 81/82/20 80/81/20
f 18/112/24 23/114/17 85/86/17
f 101/111/20 80/81/20 83/84/20
f 23/114/17 25/116/17 84/85/17
f 103/115/20 102/113/20 83/84/20
f 25/116/17 24/118/17 89/90/17
f 104/117/20 103/115/20 87/88/20
f 24/118/17 29/120/17 88/89/17
f 105/119/20 104/117/20 86/87/20
f 29/120/17 30/122/18 90/91/18
f 106/121/19 105/119/20 91/92/20
f 3/95/17 65/66/17 90/91/18
f 107/123/20 106/121/19 92/93/20
f 108/124/1 137/153/1 109/125/25
f 110/126/25 109/125/25 111/127/3
f 113/129/4 112/128/3 111/127/3
f 113/129/4 114/130/4 115/131/5
f 116/132/5 115/131/5 117/133/6
f 118/134/6 117/133/6 119/135/7
f 120/136/7 119/135/7 121/137/22
f 123/139/9 122/138/22 121/137/22
f 125/141/26 123/139/9 124/140/9
f 127/143/12 125/141/26 126/142/26
f 129/145/13 127/143/12 128/144/12
f 131/147/27 129/145/13 130/146/13
f 133/149/28 131/147/27 132/148/27
f 135/151/16 133/149/28 134/150/28
f 108/124/1 135/151/16 136/152/16
f 1/154/19 108/124/19 110/126/20
f 32/156/18 31/159/17 109/125/17
f 5/155/20 110/126/20 112/128/20
f 34/158/17 111/127/17 109/125/17
f 4/157/20 112/128/20 113/129/19
f 35/161/17 114/130/17 111/127/17
f 8/162/20 6/160/19 113/129/19
f 35/161/17 36/165/18 115/131/18
f 13/163/19 8/162/20 116/132/20
f 37/164/17 117/133/17 115/131/18
f 12/166/20 13/163/19 118/134/19
f 38/167/17 119/135/17 117/133/17
f 17/168/20 12/166/20 120/136/20
f 39/169/17 121/137/17 119/135/17
f 16/170/20 17/168/20 122/138/20
f 40/171/17 124/140/17 121/137/17
f 21/172/19 16/170/20 123/139/20
f 41/173/17 126/142/17 124/140/17
f 21/172/19 125/141/19 127/143/20
f 42/175/18 128/144/18 126/142/17
f 20/174/20 127/143/20 129/145/20
f 43/177/17 130/146/17 128/144/18
f 22/176/20 129/145/20 131/147/19
f 44/179/18 132/148/18 130/146/17
f 26/180/20 27/178/19 131/147/19
f 45/181/18 134/150/18 132/148/18
f 28/182/19 26/180/20 133/149/20
f 46/183/17 136/152/17 134/150/18
f 28/182/19 135/151/19 108/124/19
f 46/183/17 32/156/18 137/153/18
f 107/184/29 93/187/2 48/185/2
f 93/187/2 94/190/3 50/188/3
f 95/189/4 51/192/4 50/188/3
f 96/191/5 52/194/5 51/192/4
f 96/191/5 97/196/6 53/193/6
f 98/195/7 54/198/7 53/193/6
f 99/197/8 55/200/30 54/198/7
f 99/197/8 100/201/9 56/199/9
f 100/201/9 101/204/11 57/202/11
f 102/203/12 58/206/12 57/202/11
f 103/205/13 59/208/13 58/206/12
f 104/207/14 60/210/14 59/208/13
f 104/207/14 105/212/31 61/209/15
f 106/211/16 62/213/32 61/209/15
f 107/184/29 47/186/1 62/213/32
f 154/230/16 168/244/1 138/214/1
f 155/231/31 154/230/16 153/229/32
f 155/231/31 152/228/31 151/227/14
f 157/233/13 156/232/14 151/227/14
f 158/234/12 157/233/13 150/226/13
f 159/235/33 158/234/12 149/225/12
f 160/236/34 159/235/33 148/224/11
f 160/236/34 147/223/9 146/222/30
f 162/238/7 161/237/30 146/222/30
f 163/239/6 162/238/7 145/221/7
f 163/239/6 144/220/6 143/219/5
f 165/241/4 164/240/5 143/219/5
f 165/241/4 142/218/4 141/217/3
f 166/242/3 141/217/3 139/215/25
f 167/243/2 139/215/25 138/214/1
f 184/260/16 169/245/1 168/244/1
f 155/231/31 183/259/31 184/260/16
f 156/232/14 182/258/14 183/259/31
f 181/257/13 182/258/14 156/232/14
f 180/256/12 181/257/13 157/233/13
f 159/235/33 179/255/11 180/256/12
f 160/236/34 178/254/9 179/255/11
f 161/237/30 177/253/30 178/254/9
f 176/252/7 177/253/30 161/237/30
f 175/251/6 176/252/7 162/238/7
f 164/240/5 174/250/5 175/251/6
f 173/249/4 174/250/5 164/240/5
f 166/242/3 172/248/3 173/249/4
f 167/243/2 171/247/25 172/248/3
f 169/245/1 171/247/25 167/243/2
f 185/261/31 189/265/14 186/262/14
f 188/264/13 191/267/13 186/262/14
f 190/266/12 193/269/12 191/267/13
f 192/268/11 195/271/26 193/269/12
f 192/268/11 196/272/35 194/270/9
f 196/272/35 199/275/10 197/273/10
f 198/274/7 201/277/7 197/273/10
f 200/276/6 203/279/6 201/277/7
f 202/278/5 205/281/5 203/279/6
f 204/280/36 289/503/163 205/281/5
f 206/282/16 209/286/16 207/283/37
f 206/282/16 185/954/31 187/285/15
f 222/299/20 327/464/131 221/298/48
f 223/300/19 435/955/266 224/301/49
f 240/317/17 329/486/17 241/318/17
f 242/319/17 464/704/18 243/320/54
f 248/325/56 252/329/59 249/326/57
f 251/328/13 254/331/13 249/326/57
f 253/330/12 256/333/12 254/331/13
f 253/330/12 257/334/60 255/332/60
f 257/334/60 259/336/62 258/335/61
f 259/336/62 262/339/65 260/337/63
f 261/338/64 264/341/64 260/337/63
f 263/340/6 266/343/6 264/341/64
f 265/342/5 268/345/5 266/343/6
f 267/344/66 270/347/68 268/345/5
f 269/346/67 291/859/67 270/347/68
f 271/348/69 460/697/297 272/349/70
f 274/351/72 277/354/73 275/352/73
f 277/354/73 279/356/75 278/355/75
f 279/356/75 248/325/56 250/327/58
f 187/357/17 186/361/18 252/329/18
f 280/358/18 295/400/17 250/359/17
f 186/361/18 191/364/17 251/328/17
f 281/362/18 280/358/18 249/360/17
f 191/364/17 193/367/17 253/330/17
f 282/365/17 281/362/18 254/363/17
f 193/367/17 195/370/17 257/334/17
f 282/365/17 256/366/17 255/368/17
f 195/370/17 194/373/18 259/336/18
f 283/369/17 255/368/17 258/371/17
f 194/373/18 197/377/18 262/339/18
f 284/372/18 258/371/17 260/374/17
f 201/376/18 261/338/18 262/339/18
f 285/375/17 260/374/17 264/378/17
f 203/380/18 263/340/18 261/338/18
f 286/379/17 264/378/17 266/381/17
f 205/383/18 265/342/18 263/340/18
f 287/382/17 266/381/17 268/384/17
f 289/386/17 267/344/17 265/342/18
f 288/385/18 268/384/17 270/387/17
f 291/389/17 634/956/17 290/388/17
f 272/390/18 463/702/17 292/391/17
f 293/393/18 330/754/18 276/394/18
f 209/396/18 279/356/18 277/354/17
f 294/398/17 293/393/18 275/395/17
f 209/396/18 187/357/17 248/325/17
f 295/400/17 294/398/17 278/399/17
f 296/401/58 326/431/56 297/402/76
f 298/403/77 297/402/76 299/404/13
f 300/405/13 299/404/13 301/406/12
f 302/407/12 301/406/12 303/408/78
f 304/409/79 303/408/78 305/410/80
f 307/412/82 306/411/81 305/410/80
f 309/414/64 307/412/82 308/413/83
f 309/414/64 310/415/84 311/416/85
f 313/418/87 312/417/86 311/416/85
f 315/420/89 313/418/87 314/419/88
f 317/422/91 344/852/91 315/420/89
f 318/423/92 345/812/380 319/424/93
f 321/426/94 328/707/302 322/427/95
f 323/428/96 322/427/95 324/429/97
f 325/430/98 324/429/97 326/431/56
f 189/432/99 185/473/138 296/433/100
f 210/287/39 297/438/105 326/435/102
f 188/436/103 189/432/99 298/434/101
f 213/290/41 299/441/108 297/438/105
f 190/439/106 188/436/103 300/437/104
f 214/291/42 301/445/112 299/441/108
f 190/439/106 302/440/107 304/442/109
f 214/291/42 215/292/43 303/444/111
f 192/443/110 304/442/109 306/446/113
f 215/292/43 216/293/44 305/448/115
f 196/447/114 306/446/113 307/449/116
f 216/293/44 217/294/45 308/451/118
f 199/450/117 307/449/116 309/452/119
f 217/294/45 218/295/20 310/454/121
f 198/453/120 309/452/119 312/455/122
f 218/295/20 219/296/46 311/457/124
f 200/456/123 312/455/122 313/458/125
f 219/296/46 220/297/47 314/460/127
f 202/459/126 313/458/125 315/461/128
f 220/297/47 221/298/48 316/463/130
f 327/464/131 317/849/400 316/463/130
f 224/465/49 320/659/265 319/466/132
f 226/303/51 322/472/137 328/468/133
f 206/469/134 208/515/170 323/470/135
f 228/305/53 324/474/139 322/472/137
f 185/473/138 206/469/134 325/471/136
f 211/288/40 326/435/102 324/474/139
f 295/475/15 280/476/14 230/307/14
f 280/476/14 281/478/13 232/309/140
f 282/477/12 233/310/12 232/309/140
f 283/479/33 234/311/11 233/310/12
f 283/479/33 284/481/34 235/312/34
f 285/480/8 236/313/30 235/312/34
f 285/480/8 286/482/7 237/314/7
f 286/482/7 287/484/6 238/315/6
f 288/483/5 239/316/5 238/315/6
f 290/485/141 240/317/143 239/316/5
f 290/485/141 634/957/605 329/486/142
f 292/487/144 463/703/298 242/319/145
f 293/488/1 246/323/149 245/322/147
f 294/490/16 247/324/32 246/323/149
f 295/475/15 229/306/15 247/324/32
f 331/491/150 334/958/606 332/492/151
f 334/494/153 331/491/607 335/495/154
f 337/497/156 342/750/164 338/498/157
f 335/495/159 458/695/295 340/500/160
f 341/502/162 343/855/402 289/503/163
f 337/504/156 208/284/38 207/283/37
f 343/506/17 269/346/17 267/344/17
f 340/507/17 460/697/17 271/348/18
f 342/509/17 207/397/17 277/354/17
f 341/510/165 204/462/129 315/461/128
f 332/512/167 334/813/381 345/513/168
f 208/515/170 337/709/304 321/516/171
f 331/517/172 333/668/172 346/518/172
f 338/520/173 399/959/173 348/521/173
f 349/523/174 458/694/174 335/524/174
f 331/526/175 347/960/175 350/527/175
f 351/529/176 381/561/172 352/530/177
f 354/532/173 396/605/203 355/533/179
f 357/535/181 390/690/174 358/536/182
f 360/538/184 388/961/184 361/539/184
f 363/541/26 400/604/26 364/542/26
f 366/544/185 483/962/337 367/545/186
f 369/547/145 401/606/145 370/548/145
f 372/550/188 384/716/309 373/551/189
f 347/553/11 360/538/11 362/540/11
f 353/531/178 389/963/212 375/555/191
f 376/556/192 397/599/205 377/557/193
f 359/537/183 358/536/182 379/559/195
f 347/553/11 346/670/11 381/561/11
f 382/562/197 412/626/275 378/558/194
f 348/564/11 356/964/33 373/565/33
f 356/567/180 355/609/179 374/568/199
f 385/570/200 407/619/200 386/571/200
f 377/573/193 404/612/206 383/574/198
f 388/576/184 360/965/184 375/577/184
f 347/579/11 351/966/11 375/580/11
f 349/582/11 350/967/11 358/583/11
f 376/585/192 416/686/291 391/586/201
f 393/588/200 408/622/200 394/589/200
f 396/591/203 354/594/173 368/592/173
f 354/594/11 399/968/33 366/595/11
f 362/596/11 379/969/11 358/597/11
f 362/540/184 361/539/184 380/560/175
f 397/599/205 376/556/192 392/600/202
f 399/602/207 363/541/207 365/543/207
f 354/532/187 400/604/187 363/541/187
f 354/532/173 356/534/180 364/542/173
f 348/603/189 365/543/189 364/542/189
f 396/605/203 370/548/208 401/606/208
f 361/539/184 388/961/184 377/557/175
f 353/531/178 352/530/177 382/562/209
f 374/568/190 403/610/221 402/607/210
f 355/609/179 401/618/208 403/610/211
f 388/611/184 389/970/184 404/612/175
f 389/613/212 353/971/178 383/574/178
f 391/586/214 357/688/181 359/614/183
f 396/591/203 367/593/204 405/615/216
f 367/593/186 483/972/337 406/617/217
f 380/560/196 398/601/608 392/600/215
f 361/539/184 397/599/175 398/601/175
f 401/618/219 369/620/219 407/619/219
f 402/607/220 386/571/220 407/619/220
f 403/610/221 387/572/222 386/571/222
f 403/610/211 401/618/208 385/570/223
f 370/616/222 408/622/222 393/588/222
f 370/616/208 405/615/216 394/589/224
f 405/615/218 406/617/217 395/590/219
f 371/621/225 393/588/225 395/590/225
f 409/623/226 631/950/609 410/624/227
f 412/626/229 445/675/277 413/627/230
f 369/547/232 371/735/610 414/628/233
f 416/630/235 376/556/611 417/631/236
f 378/558/238 413/627/612 417/631/239
f 413/633/240 445/973/613 419/634/241
f 415/636/243 414/731/243 421/637/244
f 423/639/246 418/974/614 417/640/247
f 417/640/249 413/633/615 420/635/250
f 420/635/242 419/634/241 425/642/251
f 422/644/245 421/733/244 427/645/253
f 429/647/254 423/639/246 424/641/248
f 420/635/250 426/643/263 430/648/256
f 425/649/251 449/680/282 431/650/257
f 427/652/258 478/728/616 432/653/259
f 429/655/254 430/658/255 433/656/261
f 426/651/263 431/650/617 433/656/264
f 320/659/265 224/465/49 435/660/266
f 437/662/267 318/423/92 320/425/92
f 438/664/268 332/512/167 318/514/169
f 333/493/152 332/492/151 438/666/270
f 333/668/172 439/975/172 440/669/172
f 346/670/11 440/796/11 441/671/11
f 381/561/172 441/671/172 442/672/272
f 352/530/177 442/672/272 443/673/273
f 443/673/274 516/792/369 412/626/275
f 412/626/229 516/792/366 444/674/276
f 419/634/241 445/973/613 444/676/278
f 425/642/251 419/634/241 446/677/279
f 425/649/251 447/787/280 448/679/281
f 434/657/283 449/680/284 448/679/284
f 450/681/286 452/783/288 429/655/254
f 451/682/287 423/639/246 429/647/254
f 453/684/289 418/974/614 423/639/246
f 453/685/290 504/778/355 416/630/235
f 416/686/291 504/776/352 454/687/292
f 454/687/293 455/976/294 357/688/181
f 455/689/294 457/773/174 390/690/174
f 456/691/33 349/582/11 390/584/11
f 456/693/174 500/769/174 458/694/174
f 458/695/295 500/977/618 459/696/296
f 460/697/17 340/507/17 459/698/18
f 460/697/297 461/699/346 462/700/297
f 462/701/17 635/978/619 463/702/17
f 463/703/298 635/979/620 464/704/299
f 227/304/52 540/848/399 222/299/20
f 465/705/300 540/848/399 227/304/52
f 321/426/94 539/980/301 465/706/301
f 466/708/303 539/841/398 321/516/171
f 466/710/305 337/497/621 339/499/306
f 467/712/172 339/981/172 348/713/172
f 469/715/11 468/838/11 348/603/11
f 470/717/308 469/715/172 384/716/309
f 471/718/310 470/717/308 372/550/188
f 472/720/311 471/718/395 402/719/312
f 472/720/314 369/547/622 415/629/315
f 474/722/317 473/836/393 415/636/318
f 475/723/320 474/722/317 422/638/319
f 476/725/322 475/982/320 428/726/321
f 427/652/324 479/983/328 477/727/325
f 421/637/327 480/732/330 479/729/328
f 414/731/329 537/833/389 480/732/330
f 481/734/331 537/831/387 414/731/332
f 481/736/334 371/735/313 406/737/335
f 483/739/337 535/829/385 482/738/338
f 484/740/174 535/827/385 483/741/337
f 485/743/33 484/826/11 366/744/11
f 338/746/339 534/984/174 485/747/174
f 486/749/340 534/824/384 338/498/341
f 486/751/18 342/509/17 274/351/17
f 487/752/313 274/351/72 276/353/74
f 330/754/18 533/821/17 488/755/18
f 489/756/299 533/985/620 330/489/148
f 241/318/17 489/756/18 245/322/18
f 490/757/343 292/487/144 244/321/146
f 491/758/55 244/321/55 243/320/54
f 243/320/54 464/704/18 493/760/344
f 464/704/299 635/979/620 494/761/145
f 494/762/17 635/978/619 462/701/17
f 461/699/346 496/765/313 495/764/347
f 459/698/18 498/822/18 496/765/18
f 459/696/296 500/977/618 497/766/348
f 499/768/174 497/825/174 500/769/174
f 499/770/11 456/691/33 457/692/11
f 502/772/350 501/828/174 457/773/174
f 502/774/350 455/976/294 454/687/293
f 504/776/352 536/830/386 503/775/353
f 505/777/354 536/832/388 504/778/355
f 505/779/356 453/684/289 451/682/287
f 506/780/357 451/682/287 452/683/288
f 508/782/359 507/834/358 452/783/288
f 509/784/360 632/951/361 510/785/361
f 447/787/280 514/835/364 512/788/362
f 447/678/280 446/677/279 513/789/363
f 446/677/279 444/676/278 515/791/365
f 516/792/366 538/837/394 515/793/367
f 517/794/368 538/837/396 516/792/369
f 443/673/273 442/672/272 518/795/370
f 441/671/172 519/797/172 518/795/370
f 440/796/11 521/986/11 519/797/11
f 440/669/172 439/975/172 520/798/172
f 438/666/270 522/987/397 520/800/372
f 522/801/373 438/664/268 437/665/269
f 523/803/375 437/662/267 436/663/267
f 436/661/265 435/660/266 525/805/376
f 525/807/376 435/955/266 223/300/19
f 527/809/377 526/808/20 223/300/19
f 528/810/378 527/988/377 225/467/50
f 529/811/379 528/989/379 319/424/93
f 334/813/381 541/990/382 529/814/382
f 530/815/383 541/991/403 334/816/153
f 531/818/18 530/858/18 336/508/18
f 532/819/67 531/818/67 271/348/69
f 292/391/17 490/860/18 532/820/17
f 329/486/142 634/957/605 490/757/343
f 329/486/17 491/758/55 492/759/17
f 492/759/17 493/760/344 489/756/18
f 494/761/145 533/985/620 489/756/299
f 533/821/17 494/762/17 495/763/17
f 496/765/313 487/752/313 488/753/313
f 498/822/18 486/751/18 487/752/18
f 498/823/349 497/992/348 534/824/384
f 485/747/174 534/984/174 497/825/174
f 484/826/11 485/743/33 499/770/11
f 535/827/385 484/740/174 501/828/174
f 535/829/385 502/774/350 503/775/351
f 536/830/386 481/736/334 482/738/336
f 537/831/387 481/734/331 536/832/388
f 537/833/389 505/779/356 506/780/357
f 480/732/330 506/780/357 507/781/358
f 477/727/325 479/983/328 507/834/358
f 508/782/390 512/788/391 476/725/391
f 514/835/364 475/982/320 476/725/322
f 514/790/364 513/789/363 474/722/317
f 513/789/363 515/791/365 473/836/393
f 538/837/394 472/720/314 473/721/316
f 471/718/395 472/720/311 538/837/396
f 517/794/371 518/795/370 470/717/308
f 519/797/172 469/715/172 470/717/308
f 519/797/11 521/986/11 468/838/11
f 521/799/172 520/798/172 467/712/172
f 522/839/397 466/710/305 467/711/307
f 539/841/398 466/708/303 522/842/373
f 539/844/301 523/803/375 524/804/301
f 524/806/265 525/805/376 540/846/399
f 540/848/399 525/807/376 526/808/20
f 526/808/20 527/809/377 327/464/131
f 317/849/400 327/464/131 527/809/377
f 528/851/379 529/993/379 344/852/91
f 541/853/382 341/510/401 344/511/401
f 343/855/402 341/502/162 541/856/403
f 269/346/17 343/506/17 530/858/18
f 291/859/67 269/346/67 531/818/67
f 490/860/18 634/956/17 291/389/17
f 449/680/404 543/862/437 542/861/405
f 434/657/407 545/864/439 543/862/408
f 434/657/410 433/656/623 544/863/411
f 433/656/264 431/650/617 542/861/413
f 476/725/415 547/866/624 546/865/416
f 432/653/418 549/868/447 547/866/419
f 432/653/421 478/728/422 548/867/422
f 478/728/423 477/727/625 546/865/424
f 448/679/426 551/870/626 550/869/427
f 512/788/429 553/872/590 551/870/430
f 512/788/432 508/782/433 552/871/433
f 508/782/434 450/681/627 550/869/435
f 543/862/437 555/874/628 554/873/438
f 545/864/439 557/876/440 555/874/440
f 545/864/412 544/863/411 556/875/441
f 544/863/414 542/861/413 554/873/443
f 546/865/416 547/866/624 558/877/445
f 549/868/447 561/880/463 558/877/448
f 549/868/449 548/867/450 560/879/450
f 548/867/425 546/865/424 559/878/451
f 550/869/427 551/870/626 562/881/453
f 551/870/430 553/872/590 564/883/455
f 550/869/435 563/882/474 565/884/457
f 554/873/438 555/874/628 566/885/458
f 556/875/441 569/888/497 568/887/460
f 556/875/444 554/873/443 567/886/461
f 561/880/463 572/891/510 570/889/464
f 561/880/465 560/879/629 571/890/466
f 560/879/452 559/878/451 573/892/468
f 562/881/456 564/883/455 574/893/470
f 565/884/472 576/895/472 574/893/472
f 563/882/474 589/908/505 576/895/385
f 568/887/460 589/908/505 563/882/474
f 577/896/475 584/903/630 578/897/476
f 566/885/458 555/874/628 562/881/478
f 557/876/479 563/882/631 562/881/480
f 552/871/481 581/900/493 580/899/482
f 565/884/457 583/902/492 581/900/484
f 565/884/485 564/883/632 582/901/486
f 564/883/455 553/872/590 580/899/488
f 582/901/489 580/899/488 558/877/448
f 583/902/487 582/901/486 570/889/490
f 583/902/492 573/892/468 559/878/451
f 581/900/493 559/878/633 558/877/494
f 567/886/459 566/885/458 584/903/495
f 569/888/497 586/905/540 577/896/498
f 567/886/461 585/904/542 586/905/499
f 575/894/471 574/893/470 587/906/500
f 574/893/502 576/895/502 588/907/503
f 589/908/505 579/898/507 588/907/506
f 566/885/458 575/894/471 578/897/501
f 568/887/460 577/896/498 579/898/507
f 570/889/508 591/910/634 590/909/509
f 572/891/510 592/911/635 591/910/511
f 571/890/466 593/912/519 592/911/512
f 571/890/469 573/892/468 590/909/513
f 590/909/509 591/910/634 594/913/515
f 591/910/511 592/911/635 596/915/517
f 593/912/519 597/916/525 596/915/520
f 590/909/513 595/914/527 597/916/385
f 595/914/516 594/913/515 598/917/521
f 594/913/518 596/915/517 600/919/523
f 597/916/525 601/920/532 600/919/526
f 595/914/527 599/918/534 601/920/528
f 599/918/522 598/917/521 602/921/529
f 598/917/524 600/919/523 604/923/530
f 601/920/532 605/924/533 604/923/533
f 599/918/534 603/922/582 605/924/535
f 585/904/496 584/903/495 606/925/536
f 577/896/538 608/927/554 606/925/539
f 586/905/540 609/928/556 608/927/541
f 585/904/542 607/926/558 609/928/543
f 578/897/544 611/930/560 610/929/545
f 587/906/500 613/932/562 611/930/547
f 587/906/504 588/907/503 612/931/548
f 588/907/506 579/898/507 610/929/550
f 607/926/537 606/925/536 614/933/552
f 608/927/554 616/935/555 614/933/555
f 609/928/556 617/936/570 616/935/557
f 607/926/558 615/934/559 617/936/559
f 611/930/560 619/938/636 618/937/561
f 613/932/562 621/940/574 619/938/563
f 613/932/549 612/931/548 620/939/564
f 612/931/551 610/929/550 618/937/565
f 615/934/553 614/933/552 622/941/567
f 614/933/569 616/935/569 624/943/569
f 617/936/570 625/944/637 624/943/571
f 617/936/572 615/934/572 623/942/572
f 618/937/561 619/938/636 626/945/573
f 621/940/574 629/948/578 626/945/575
f 620/939/566 618/937/565 627/946/576
f 602/921/531 604/923/530 629/948/578
f 630/949/579 633/952/638 511/786/580
f 603/922/582 620/939/566 628/947/577
f 602/921/583 621/940/639 620/939/584
f 622/941/567 409/623/601 411/625/586
f 624/943/571 625/944/637 410/624/587
f 625/944/589 623/942/589 411/625/589
f 629/948/578 510/785/597 632/951/590
f 628/947/577 627/946/576 509/784/591
f 605/924/593 633/952/593 630/949/594
f 628/947/577 511/786/592 633/952/595
f 629/948/578 604/923/530 630/949/596
f 631/950/588 509/784/591 627/946/576
f 631/950/598 409/623/640 632/951/599
f 409/623/601 622/941/567 626/945/575
f 624/943/602 627/946/641 626/945/603
