# This file uses centimeters as units for non-parametric coordinates.

mtllib Tibia.mtl
g default
v 0.165156 -0.158163 0.358003
v 0.085413 -0.212590 0.358156
v -0.009573 -0.229878 0.358167
v -0.103378 -0.207037 0.358033
v -0.179784 -0.148017 0.357778
v -0.225578 -0.063022 0.357447
v -0.232842 0.033250 0.357095
v -0.200320 0.124154 0.356785
v -0.133637 0.193971 0.356569
v -0.044321 0.230630 0.356486
v 0.052185 0.227791 0.356549
v 0.139192 0.185946 0.356747
v 0.201656 0.112330 0.357047
v 0.228778 0.019672 0.357396
v 0.215867 -0.076007 0.357734
v 0.165483 -0.160325 -0.241246
v 0.085740 -0.214753 -0.241093
v -0.009246 -0.232040 -0.241083
v -0.103052 -0.209199 -0.241216
v -0.179457 -0.150179 -0.241471
v -0.225251 -0.065184 -0.241803
v -0.232515 0.031088 -0.242154
v -0.199994 0.121992 -0.242464
v -0.133310 0.191809 -0.242680
v -0.043994 0.228468 -0.242763
v 0.052512 0.225629 -0.242701
v 0.139519 0.183784 -0.242502
v 0.201983 0.110168 -0.242202
v 0.229105 0.017509 -0.241853
v 0.216194 -0.078170 -0.241515
v 0.062269 0.038315 -0.278852
v 0.044989 0.026520 -0.278818
v 0.024406 0.022774 -0.278816
v 0.004078 0.027724 -0.278845
v -0.012479 0.040514 -0.278900
v -0.022402 0.058932 -0.278972
v -0.023976 0.079793 -0.279048
v -0.016929 0.099492 -0.279116
v -0.002479 0.114621 -0.279162
v 0.016876 0.122565 -0.279180
v 0.037788 0.121950 -0.279167
v 0.056642 0.112882 -0.279124
v 0.070178 0.096930 -0.279059
v 0.076055 0.076851 -0.278983
v 0.073258 0.056118 -0.278910
v 0.174165 -0.168667 -0.241212
v 0.090259 -0.225935 -0.241051
v 0.090279 -0.226068 -0.277882
v 0.174185 -0.168800 -0.278043
v -0.009685 -0.244126 -0.241040
v -0.009665 -0.244259 -0.277871
v -0.108388 -0.220092 -0.241180
v -0.108368 -0.220225 -0.278012
v -0.188781 -0.157991 -0.241448
v -0.188761 -0.158124 -0.278280
v -0.236966 -0.068560 -0.241797
v -0.236946 -0.068693 -0.278629
v -0.244609 0.032738 -0.242167
v -0.244589 0.032605 -0.278998
v -0.210390 0.128387 -0.242493
v -0.210370 0.128255 -0.279325
v -0.140225 0.201849 -0.242720
v -0.140205 0.201716 -0.279552
v -0.046246 0.240421 -0.242808
v -0.046226 0.240288 -0.279640
v 0.055296 0.237435 -0.242742
v 0.055316 0.237302 -0.279573
v 0.146845 0.193405 -0.242533
v 0.146865 0.193272 -0.279365
v 0.212570 0.115946 -0.242218
v 0.212590 0.115813 -0.279049
v 0.241108 0.018451 -0.241850
v 0.241128 0.018318 -0.278682
v 0.227523 -0.082223 -0.241494
v 0.227543 -0.082356 -0.278326
v 0.165147 -0.158107 0.373617
v 0.085405 -0.212534 0.373770
v -0.002754 0.002258 0.372947
v -0.009581 -0.229822 0.373781
v -0.103387 -0.206981 0.373647
v -0.179792 -0.147960 0.373393
v -0.225587 -0.062966 0.373061
v -0.232851 0.033306 0.372710
v -0.200329 0.124210 0.372399
v -0.133645 0.194028 0.372184
v -0.044329 0.230686 0.372100
v 0.052176 0.227847 0.372163
v 0.139183 0.186002 0.372362
v 0.201648 0.112386 0.372661
v 0.228769 0.019728 0.373010
v 0.215859 -0.075951 0.373349
v 0.176558 -0.169053 0.358049
v 0.091400 -0.227177 0.358212
v 0.176549 -0.168997 0.373663
v 0.091392 -0.227120 0.373826
v -0.010036 -0.245638 0.358223
v -0.010045 -0.245582 0.373838
v -0.110212 -0.221246 0.358080
v -0.110221 -0.221190 0.373695
v -0.191807 -0.158218 0.357809
v -0.191815 -0.158162 0.373423
v -0.240711 -0.067451 0.357454
v -0.240719 -0.067395 0.373069
v -0.248468 0.035359 0.357079
v -0.248476 0.035415 0.372694
v -0.213738 0.132436 0.356748
v -0.213746 0.132492 0.372362
v -0.142525 0.206994 0.356518
v -0.142534 0.207051 0.372132
v -0.047144 0.246142 0.356428
v -0.047152 0.246199 0.372043
v 0.055915 0.243111 0.356496
v 0.055907 0.243167 0.372110
v 0.148830 0.198424 0.356707
v 0.148822 0.198480 0.372322
v 0.215537 0.119809 0.357028
v 0.215529 0.119865 0.372642
v 0.244500 0.020858 0.357400
v 0.244492 0.020914 0.373015
v 0.230713 -0.081318 0.357762
v 0.230705 -0.081262 0.373376
v 0.062320 0.037975 -0.373060
v 0.045040 0.026181 -0.373027
v 0.026020 0.072696 -0.373205
v 0.024457 0.022434 -0.373024
v 0.004130 0.027384 -0.373053
v -0.012427 0.040174 -0.373109
v -0.022351 0.058592 -0.373180
v -0.023925 0.079454 -0.373257
v -0.016878 0.099152 -0.373324
v -0.002427 0.114281 -0.373371
v 0.016927 0.122225 -0.373389
v 0.037840 0.121610 -0.373375
v 0.056694 0.112542 -0.373332
v 0.070230 0.096590 -0.373267
v 0.076107 0.076511 -0.373191
v 0.073309 0.055778 -0.373118
vt 0.553341 0.649801
vt 0.545041 0.638376
vt 0.532811 0.631316
vt 0.518767 0.629839
vt 0.505336 0.634203
vt 0.494842 0.643652
vt 0.489098 0.656553
vt 0.489098 0.670675
vt 0.494842 0.683575
vt 0.505336 0.693025
vt 0.518767 0.697388
vt 0.532811 0.695912
vt 0.545041 0.688851
vt 0.553341 0.677427
vt 0.556277 0.663614
vt 0.256288 0.280681
vt 0.263004 0.280681
vt 0.269719 0.280681
vt 0.276435 0.280681
vt 0.283150 0.280681
vt 0.289865 0.280681
vt 0.296581 0.280681
vt 0.303296 0.280681
vt 0.310012 0.280681
vt 0.316727 0.280681
vt 0.323442 0.280681
vt 0.330158 0.280681
vt 0.336873 0.280681
vt 0.343589 0.280681
vt 0.350304 0.280681
vt 0.357020 0.280681
vt 0.256288 0.431778
vt 0.263004 0.431778
vt 0.269719 0.431778
vt 0.276435 0.431778
vt 0.283150 0.431778
vt 0.289865 0.431778
vt 0.296581 0.431778
vt 0.303296 0.431778
vt 0.310012 0.431778
vt 0.316727 0.431778
vt 0.323442 0.431778
vt 0.330158 0.431778
vt 0.336873 0.431778
vt 0.343589 0.431778
vt 0.350304 0.431778
vt 0.357020 0.431778
vt 0.563658 0.646133
vt 0.553147 0.631667
vt 0.537662 0.622726
vt 0.519878 0.620857
vt 0.502871 0.626382
vt 0.489583 0.638348
vt 0.482309 0.654683
vt 0.482309 0.672565
vt 0.489583 0.688901
vt 0.502871 0.700866
vt 0.519878 0.706392
vt 0.537661 0.704522
vt 0.553147 0.695582
vt 0.563658 0.681115
vt 0.567376 0.663624
vt 0.522317 0.664332
vt 0.706319 0.323203
vt 0.731814 0.460956
vt 0.723514 0.472380
vt 0.711284 0.479441
vt 0.697240 0.480917
vt 0.683810 0.476553
vt 0.673315 0.467104
vt 0.667571 0.454203
vt 0.667571 0.440082
vt 0.673315 0.427181
vt 0.683810 0.417732
vt 0.697240 0.413368
vt 0.711284 0.414844
vt 0.723514 0.421905
vt 0.731814 0.433330
vt 0.734750 0.447143
vt 0.563658 0.681115
vt 0.553147 0.695582
vt 0.553147 0.695582
vt 0.563658 0.681115
vt 0.537661 0.704522
vt 0.537661 0.704522
vt 0.519878 0.706392
vt 0.519878 0.706392
vt 0.502871 0.700866
vt 0.502871 0.700866
vt 0.489583 0.688901
vt 0.489583 0.688901
vt 0.482309 0.672565
vt 0.482309 0.672565
vt 0.482309 0.654683
vt 0.482309 0.654683
vt 0.489583 0.638348
vt 0.489583 0.638348
vt 0.502871 0.626382
vt 0.502871 0.626382
vt 0.519878 0.620857
vt 0.519878 0.620857
vt 0.537662 0.622726
vt 0.537662 0.622726
vt 0.553147 0.631667
vt 0.553147 0.631667
vt 0.563658 0.646133
vt 0.563658 0.646133
vt 0.567376 0.663624
vt 0.567376 0.663624
vt 0.545041 0.638376
vt 0.553341 0.649801
vt 0.532811 0.631316
vt 0.518767 0.629839
vt 0.505336 0.634203
vt 0.494842 0.643652
vt 0.489098 0.656553
vt 0.489098 0.670675
vt 0.494842 0.683575
vt 0.505336 0.693025
vt 0.518767 0.697388
vt 0.532811 0.695912
vt 0.545041 0.688851
vt 0.553341 0.677427
vt 0.556277 0.663614
vt 0.545041 0.638376
vt 0.553341 0.649801
vt 0.553341 0.649801
vt 0.545041 0.638376
vt 0.532811 0.631316
vt 0.532811 0.631316
vt 0.518767 0.629839
vt 0.518767 0.629839
vt 0.505336 0.634203
vt 0.505336 0.634203
vt 0.494842 0.643652
vt 0.494842 0.643652
vt 0.489098 0.656553
vt 0.489098 0.656553
vt 0.489098 0.670675
vt 0.489098 0.670675
vt 0.494842 0.683575
vt 0.494842 0.683575
vt 0.505336 0.693025
vt 0.505336 0.693025
vt 0.518767 0.697388
vt 0.518767 0.697388
vt 0.532811 0.695912
vt 0.532811 0.695912
vt 0.545041 0.688851
vt 0.545041 0.688851
vt 0.553341 0.677427
vt 0.553341 0.677427
vt 0.556277 0.663614
vt 0.556277 0.663614
vt 0.731585 0.334452
vt 0.723514 0.472380
vt 0.711284 0.479441
vt 0.697240 0.480917
vt 0.683810 0.476553
vt 0.673315 0.467104
vt 0.667571 0.454203
vt 0.667571 0.440082
vt 0.673315 0.427181
vt 0.683810 0.417732
vt 0.697240 0.413368
vt 0.711284 0.414844
vt 0.723514 0.421905
vt 0.731814 0.433330
vt 0.734750 0.447143
vt 0.734750 0.447143
vt 0.733976 0.323203
vt 0.733976 0.323203
vt 0.731585 0.334452
vt 0.731814 0.460956
vt 0.731814 0.460956
vt 0.706319 0.323203
vt 0.706319 0.323203
vt 0.706319 0.323203
vt 0.706319 0.323203
vt 0.706319 0.323203
vt 0.706319 0.323203
vt 0.706319 0.323203
vt 0.706319 0.323203
vt 0.706319 0.323203
vt 0.706319 0.323203
vt 0.706319 0.323203
vt 0.706319 0.323203
vt 0.706319 0.323203
vt 0.706319 0.323203
vt 0.731814 0.433330
vt 0.731585 0.311954
vt 0.731585 0.311954
vt 0.567376 0.663624
vt 0.567376 0.663624
vt 0.734750 0.447143
vt 0.723514 0.421905
vt 0.724825 0.302650
vt 0.724825 0.302650
vt 0.563658 0.646133
vt 0.563658 0.646133
vt 0.731814 0.433330
vt 0.711284 0.414844
vt 0.714865 0.296900
vt 0.714865 0.296900
vt 0.553147 0.631667
vt 0.553147 0.631667
vt 0.723514 0.421905
vt 0.697240 0.413368
vt 0.703428 0.295697
vt 0.703428 0.295697
vt 0.537662 0.622726
vt 0.537662 0.622726
vt 0.711284 0.414844
vt 0.683810 0.417732
vt 0.692490 0.299251
vt 0.692490 0.299251
vt 0.519878 0.620857
vt 0.519878 0.620857
vt 0.697240 0.413368
vt 0.673315 0.427181
vt 0.683944 0.306947
vt 0.683944 0.306947
vt 0.502871 0.626382
vt 0.502871 0.626382
vt 0.683810 0.417732
vt 0.667571 0.440082
vt 0.679266 0.317453
vt 0.679266 0.317453
vt 0.489583 0.638348
vt 0.489583 0.638348
vt 0.673315 0.427181
vt 0.667571 0.454203
vt 0.679266 0.328953
vt 0.679266 0.328953
vt 0.482309 0.654683
vt 0.482309 0.654683
vt 0.667571 0.440082
vt 0.673315 0.467104
vt 0.683944 0.339459
vt 0.683944 0.339459
vt 0.482309 0.672565
vt 0.482309 0.672565
vt 0.667571 0.454203
vt 0.683810 0.476553
vt 0.692490 0.347154
vt 0.692490 0.347154
vt 0.489583 0.688901
vt 0.489583 0.688901
vt 0.673315 0.467104
vt 0.697240 0.480917
vt 0.703428 0.350708
vt 0.703428 0.350708
vt 0.502871 0.700866
vt 0.502871 0.700866
vt 0.683810 0.476553
vt 0.711284 0.479441
vt 0.714865 0.349506
vt 0.714865 0.349506
vt 0.519878 0.706392
vt 0.519878 0.706392
vt 0.697240 0.480917
vt 0.723514 0.472380
vt 0.724825 0.343756
vt 0.724825 0.343756
vt 0.537661 0.704522
vt 0.537661 0.704522
vt 0.711284 0.479441
vt 0.553147 0.695582
vt 0.553147 0.695582
vt 0.723514 0.472380
vt 0.563658 0.681115
vt 0.563658 0.681115
vt 0.731814 0.460956
vt 0.556277 0.663614
vt 0.556277 0.663614
vt 0.556277 0.663614
vt 0.553341 0.649801
vt 0.553341 0.649801
vt 0.553341 0.649801
vt 0.556277 0.663614
vt 0.556277 0.663614
vt 0.556277 0.663614
vt 0.553341 0.649801
vt 0.553341 0.649801
vt 0.553341 0.649801
vt 0.553341 0.677427
vt 0.553341 0.677427
vt 0.553341 0.677427
vt 0.556277 0.664332
vt 0.556277 0.664332
vt 0.556277 0.663614
vt 0.553341 0.677427
vt 0.553341 0.677427
vt 0.553341 0.677427
vt 0.350304 0.280681
vt 0.556277 0.663614
vt 0.545041 0.688851
vt 0.545041 0.688851
vt 0.545041 0.688851
vt 0.553341 0.678145
vt 0.553341 0.678145
vt 0.553341 0.677427
vt 0.545041 0.688851
vt 0.545041 0.688851
vt 0.545041 0.688851
vt 0.343589 0.280681
vt 0.553341 0.677427
vt 0.532811 0.695912
vt 0.532811 0.695912
vt 0.532811 0.695912
vt 0.545041 0.689570
vt 0.545041 0.689570
vt 0.545041 0.688851
vt 0.532811 0.695912
vt 0.532811 0.695912
vt 0.532811 0.695912
vt 0.336873 0.280681
vt 0.545041 0.688851
vt 0.518767 0.697388
vt 0.518767 0.697388
vt 0.518767 0.697388
vt 0.532811 0.696631
vt 0.532811 0.696631
vt 0.532811 0.695912
vt 0.518767 0.697388
vt 0.518767 0.697388
vt 0.518767 0.697388
vt 0.330158 0.280681
vt 0.532811 0.695912
vt 0.505336 0.693025
vt 0.505336 0.693025
vt 0.505336 0.693025
vt 0.518767 0.698107
vt 0.518767 0.698107
vt 0.518767 0.697388
vt 0.505336 0.693025
vt 0.505336 0.693025
vt 0.505336 0.693025
vt 0.323442 0.280681
vt 0.518767 0.697388
vt 0.494842 0.683575
vt 0.494842 0.683575
vt 0.494842 0.683575
vt 0.505336 0.693743
vt 0.505336 0.693743
vt 0.505336 0.693025
vt 0.494842 0.683575
vt 0.494842 0.683575
vt 0.494842 0.683575
vt 0.316727 0.280681
vt 0.505336 0.693025
vt 0.489098 0.670675
vt 0.489098 0.670675
vt 0.489098 0.670675
vt 0.494842 0.684294
vt 0.494842 0.684294
vt 0.494842 0.683575
vt 0.489098 0.670675
vt 0.489098 0.670675
vt 0.489098 0.670675
vt 0.310012 0.280681
vt 0.494842 0.683575
vt 0.489098 0.656553
vt 0.489098 0.656553
vt 0.489098 0.656553
vt 0.489098 0.671393
vt 0.489098 0.671393
vt 0.489098 0.670675
vt 0.489098 0.656553
vt 0.489098 0.656553
vt 0.489098 0.656553
vt 0.303296 0.280681
vt 0.489098 0.670675
vt 0.494842 0.643652
vt 0.494842 0.643652
vt 0.494842 0.643652
vt 0.489098 0.657271
vt 0.489098 0.657271
vt 0.489098 0.656553
vt 0.494842 0.643652
vt 0.494842 0.643652
vt 0.494842 0.643652
vt 0.296581 0.280681
vt 0.489098 0.656553
vt 0.505336 0.634203
vt 0.505336 0.634203
vt 0.505336 0.634203
vt 0.494842 0.644371
vt 0.494842 0.644371
vt 0.494842 0.643652
vt 0.505336 0.634203
vt 0.505336 0.634203
vt 0.505336 0.634203
vt 0.289865 0.280681
vt 0.494842 0.643652
vt 0.518767 0.629839
vt 0.518767 0.629839
vt 0.518767 0.629839
vt 0.505336 0.634922
vt 0.505336 0.634922
vt 0.505336 0.634203
vt 0.518767 0.629839
vt 0.518767 0.629839
vt 0.518767 0.629839
vt 0.283150 0.280681
vt 0.505336 0.634203
vt 0.532811 0.631316
vt 0.532811 0.631316
vt 0.532811 0.631316
vt 0.518767 0.630558
vt 0.518767 0.630558
vt 0.518767 0.629839
vt 0.532811 0.631316
vt 0.532811 0.631316
vt 0.532811 0.631316
vt 0.276435 0.280681
vt 0.518767 0.629839
vt 0.545041 0.638376
vt 0.545041 0.638376
vt 0.545041 0.638376
vt 0.532811 0.632034
vt 0.532811 0.632034
vt 0.532811 0.631316
vt 0.545041 0.638376
vt 0.545041 0.638376
vt 0.545041 0.638376
vt 0.269719 0.280681
vt 0.532811 0.631316
vt 0.545041 0.639095
vt 0.545041 0.639095
vt 0.545041 0.638376
vt 0.553341 0.650519
vt 0.553341 0.650519
vt 0.553341 0.649801
vt 0.263004 0.280681
vt 0.545041 0.638376
vt 0.553341 0.649801
vt 0.522317 0.664332
vt 0.522317 0.664332
vt 0.522317 0.664332
vt 0.522317 0.664332
vt 0.522317 0.664332
vt 0.522317 0.664332
vt 0.522317 0.664332
vt 0.522317 0.664332
vt 0.522317 0.664332
vt 0.522317 0.664332
vt 0.522317 0.664332
vt 0.522317 0.664332
vt 0.522317 0.664332
vt 0.522317 0.664332
vt 0.567376 0.663624
vt 0.567376 0.663624
vt 0.567376 0.663624
vt 0.563658 0.681115
vt 0.563658 0.681115
vt 0.563658 0.681115
vt 0.567376 0.663624
vt 0.567376 0.663624
vt 0.567376 0.663624
vt 0.563658 0.681115
vt 0.563658 0.681115
vt 0.563658 0.681115
vt 0.563658 0.646133
vt 0.563658 0.646133
vt 0.563658 0.646133
vt 0.563658 0.646133
vt 0.563658 0.646133
vt 0.563658 0.646133
vt 0.350304 0.431778
vt 0.567376 0.663624
vt 0.553147 0.631667
vt 0.553147 0.631667
vt 0.553147 0.631667
vt 0.553147 0.631667
vt 0.553147 0.631667
vt 0.553147 0.631667
vt 0.343589 0.431778
vt 0.563658 0.646133
vt 0.537662 0.622726
vt 0.537662 0.622726
vt 0.537662 0.622726
vt 0.537662 0.622726
vt 0.537662 0.622726
vt 0.537662 0.622726
vt 0.336873 0.431778
vt 0.553147 0.631667
vt 0.519878 0.620857
vt 0.519878 0.620857
vt 0.519878 0.620857
vt 0.519878 0.620857
vt 0.519878 0.620857
vt 0.519878 0.620857
vt 0.330158 0.431778
vt 0.537662 0.622726
vt 0.502871 0.626382
vt 0.502871 0.626382
vt 0.502871 0.626382
vt 0.502871 0.626382
vt 0.502871 0.626382
vt 0.502871 0.626382
vt 0.323442 0.431778
vt 0.519878 0.620857
vt 0.489583 0.638348
vt 0.489583 0.638348
vt 0.489583 0.638348
vt 0.489583 0.638348
vt 0.489583 0.638348
vt 0.489583 0.638348
vt 0.316727 0.431778
vt 0.502871 0.626382
vt 0.482309 0.654683
vt 0.482309 0.654683
vt 0.482309 0.654683
vt 0.482309 0.654683
vt 0.482309 0.654683
vt 0.482309 0.654683
vt 0.310012 0.431778
vt 0.489583 0.638348
vt 0.482309 0.672565
vt 0.482309 0.672565
vt 0.482309 0.672565
vt 0.482309 0.672565
vt 0.482309 0.672565
vt 0.482309 0.672565
vt 0.303296 0.431778
vt 0.482309 0.654683
vt 0.489583 0.688901
vt 0.489583 0.688901
vt 0.489583 0.688901
vt 0.489583 0.688901
vt 0.489583 0.688901
vt 0.489583 0.688901
vt 0.296581 0.431778
vt 0.482309 0.672565
vt 0.502871 0.700866
vt 0.502871 0.700866
vt 0.502871 0.700866
vt 0.502871 0.700866
vt 0.502871 0.700866
vt 0.502871 0.700866
vt 0.289865 0.431778
vt 0.489583 0.688901
vt 0.519878 0.706392
vt 0.519878 0.706392
vt 0.519878 0.706392
vt 0.519878 0.706392
vt 0.519878 0.706392
vt 0.519878 0.706392
vt 0.283150 0.431778
vt 0.502871 0.700866
vt 0.537661 0.704522
vt 0.537661 0.704522
vt 0.537661 0.704522
vt 0.537661 0.704522
vt 0.537661 0.704522
vt 0.537661 0.704522
vt 0.276435 0.431778
vt 0.519878 0.706392
vt 0.553147 0.695582
vt 0.553147 0.695582
vt 0.553147 0.695582
vt 0.553147 0.695582
vt 0.553147 0.695582
vt 0.553147 0.695582
vt 0.269719 0.431778
vt 0.537661 0.704522
vt 0.263004 0.431778
vt 0.553147 0.695582
vt 0.563658 0.681115
vn 0.723146 -0.690689 0.002887
vn 0.379700 -0.925103 0.003545
vn 0.379700 -0.925103 0.003545
vn 0.723146 -0.690689 0.002887
vn -0.029404 -0.999561 0.003591
vn -0.029404 -0.999561 0.003591
vn -0.433423 -0.901186 0.003015
vn -0.433423 -0.901186 0.003015
vn -0.762498 -0.646988 0.001919
vn -0.762498 -0.646988 0.001919
vn -0.959731 -0.280919 0.000490
vn -0.959731 -0.280919 0.000490
vn -0.991018 0.133725 -0.001023
vn -0.991018 0.133725 -0.001023
vn -0.850949 0.525243 -0.002359
vn -0.850949 0.525243 -0.002359
vn -0.563744 0.825943 -0.003288
vn -0.563744 0.825943 -0.003288
vn -0.179059 0.983831 -0.003648
vn -0.179059 0.983831 -0.003648
vn 0.236584 0.971605 -0.003377
vn 0.236584 0.971605 -0.003377
vn 0.611320 0.791379 -0.002522
vn 0.611320 0.791379 -0.002522
vn 0.880354 0.474316 -0.001231
vn 0.880354 0.474316 -0.001231
vn 0.997165 0.075244 0.000272
vn 0.997165 0.075244 0.000272
vn 0.941558 -0.336845 0.001729
vn 0.941558 -0.336845 0.001729
vn -0.000545 0.003608 0.999993
vn -0.000545 0.003608 0.999993
vn -0.000545 0.003608 0.999993
vn -0.000545 0.003608 0.999993
vn -0.000545 0.003608 0.999993
vn -0.000546 0.003608 0.999993
vn -0.000546 0.003608 0.999993
vn -0.000546 0.003608 0.999993
vn -0.000545 0.003608 0.999993
vn -0.000545 0.003608 0.999993
vn -0.000545 0.003608 0.999993
vn -0.000545 0.003608 0.999993
vn -0.000545 0.003608 0.999993
vn -0.000545 0.003608 0.999993
vn -0.000545 0.003608 0.999993
vn -0.000545 0.003608 0.999993
vn 0.000545 -0.003608 -0.999993
vn 0.000545 -0.003610 -0.999993
vn 0.000545 -0.003608 -0.999993
vn 0.000545 -0.003609 -0.999993
vn 0.000546 -0.003608 -0.999993
vn 0.000545 -0.003608 -0.999993
vn 0.000546 -0.003607 -0.999993
vn 0.000546 -0.003606 -0.999993
vn 0.000545 -0.003610 -0.999993
vn 0.000545 -0.003608 -0.999993
vn 0.000546 -0.003607 -0.999993
vn 0.000545 -0.003609 -0.999993
vn 0.000546 -0.003608 -0.999993
vn 0.000546 -0.003607 -0.999993
vn 0.000545 -0.003609 -0.999993
vn 0.000545 -0.003608 -0.999993
vn 0.723146 -0.690689 0.002887
vn 0.379698 -0.925104 0.003545
vn 0.379698 -0.925104 0.003545
vn 0.723146 -0.690689 0.002887
vn -0.029404 -0.999561 0.003590
vn -0.029404 -0.999561 0.003590
vn -0.433423 -0.901186 0.003015
vn -0.433423 -0.901185 0.003015
vn -0.762498 -0.646988 0.001918
vn -0.762498 -0.646988 0.001918
vn -0.959731 -0.280919 0.000490
vn -0.959731 -0.280919 0.000490
vn -0.991018 0.133725 -0.001023
vn -0.991018 0.133725 -0.001023
vn -0.850949 0.525243 -0.002359
vn -0.850949 0.525243 -0.002359
vn -0.563742 0.825944 -0.003287
vn -0.563742 0.825944 -0.003287
vn -0.179060 0.983831 -0.003647
vn -0.179060 0.983831 -0.003647
vn 0.236583 0.971605 -0.003377
vn 0.236583 0.971605 -0.003377
vn 0.611320 0.791380 -0.002522
vn 0.611320 0.791380 -0.002522
vn 0.880353 0.474318 -0.001232
vn 0.880353 0.474318 -0.001232
vn 0.997165 0.075244 0.000272
vn 0.997165 0.075243 0.000272
vn 0.941559 -0.336845 0.001729
vn 0.941558 -0.336845 0.001729
vn -0.000545 0.003608 0.999993
vn -0.000546 0.003608 0.999993
vn -0.000546 0.003608 0.999993
vn -0.000545 0.003608 0.999993
vn 0.000545 -0.003608 -0.999993
vn 0.000545 -0.003608 -0.999993
vn 0.000545 -0.003608 -0.999993
vn 0.000545 -0.003608 -0.999993
vn -0.000546 0.003608 0.999993
vn -0.000546 0.003608 0.999993
vn 0.000545 -0.003608 -0.999993
vn 0.000545 -0.003608 -0.999993
vn -0.000546 0.003608 0.999993
vn -0.000546 0.003608 0.999993
vn 0.000545 -0.003608 -0.999993
vn 0.000545 -0.003608 -0.999993
vn -0.000545 0.003609 0.999993
vn -0.000545 0.003609 0.999993
vn 0.000545 -0.003608 -0.999993
vn 0.000545 -0.003608 -0.999993
vn -0.000545 0.003609 0.999993
vn -0.000545 0.003609 0.999993
vn 0.000545 -0.003608 -0.999993
vn 0.000545 -0.003608 -0.999993
vn -0.000546 0.003608 0.999993
vn -0.000546 0.003608 0.999993
vn 0.000545 -0.003608 -0.999993
vn 0.000545 -0.003608 -0.999993
vn -0.000545 0.003609 0.999993
vn -0.000545 0.003609 0.999993
vn 0.000545 -0.003608 -0.999993
vn 0.000545 -0.003608 -0.999993
vn -0.000545 0.003609 0.999993
vn -0.000545 0.003609 0.999993
vn 0.000545 -0.003608 -0.999993
vn 0.000545 -0.003608 -0.999993
vn -0.000546 0.003608 0.999993
vn -0.000546 0.003608 0.999993
vn 0.000545 -0.003608 -0.999993
vn 0.000546 -0.003608 -0.999993
vn -0.000546 0.003608 0.999993
vn -0.000546 0.003608 0.999993
vn 0.000545 -0.003608 -0.999993
vn 0.000545 -0.003608 -0.999993
vn -0.000546 0.003608 0.999993
vn -0.000546 0.003608 0.999993
vn 0.000545 -0.003608 -0.999993
vn 0.000545 -0.003608 -0.999993
vn -0.000545 0.003608 0.999993
vn -0.000545 0.003608 0.999993
vn 0.000545 -0.003608 -0.999993
vn 0.000545 -0.003608 -0.999993
vn -0.000545 0.003609 0.999993
vn -0.000545 0.003609 0.999993
vn 0.000545 -0.003608 -0.999993
vn 0.000545 -0.003608 -0.999993
vn -0.000545 0.003608 0.999993
vn -0.000545 0.003608 0.999993
vn 0.000545 -0.003608 -0.999993
vn 0.000545 -0.003608 -0.999993
vn 0.379699 -0.925103 0.003545
vn 0.723147 -0.690688 0.002887
vn 0.723147 -0.690688 0.002887
vn 0.379699 -0.925103 0.003545
vn -0.029403 -0.999561 0.003591
vn -0.029403 -0.999561 0.003591
vn -0.433423 -0.901186 0.003015
vn -0.433423 -0.901186 0.003015
vn -0.762498 -0.646987 0.001919
vn -0.762498 -0.646987 0.001919
vn -0.959732 -0.280918 0.000490
vn -0.959732 -0.280919 0.000490
vn -0.991018 0.133724 -0.001024
vn -0.991018 0.133724 -0.001024
vn -0.850949 0.525243 -0.002360
vn -0.850949 0.525243 -0.002360
vn -0.563743 0.825944 -0.003288
vn -0.563743 0.825944 -0.003288
vn -0.179059 0.983831 -0.003649
vn -0.179059 0.983831 -0.003649
vn 0.236584 0.971605 -0.003379
vn 0.236584 0.971605 -0.003379
vn 0.611320 0.791380 -0.002523
vn 0.611320 0.791380 -0.002523
vn 0.880353 0.474317 -0.001231
vn 0.880353 0.474317 -0.001231
vn 0.997165 0.075242 0.000272
vn 0.997165 0.075242 0.000272
vn 0.941559 -0.336845 0.001729
vn 0.941559 -0.336845 0.001729
vn 0.000545 -0.003609 -0.999993
vn 0.000545 -0.003609 -0.999993
vn 0.000545 -0.003609 -0.999993
vn 0.000545 -0.003609 -0.999993
vn -0.000545 0.003609 0.999993
vn -0.000545 0.003608 0.999993
vn 0.000545 -0.003609 -0.999993
vn 0.000545 -0.003609 -0.999993
vn -0.000545 0.003609 0.999993
vn 0.000545 -0.003609 -0.999993
vn 0.000545 -0.003609 -0.999993
vn -0.000545 0.003609 0.999993
vn 0.000547 -0.003608 -0.999993
vn 0.000547 -0.003608 -0.999993
vn -0.000546 0.003608 0.999993
vn 0.000549 -0.003608 -0.999993
vn 0.000549 -0.003608 -0.999993
vn -0.000547 0.003608 0.999993
vn 0.000549 -0.003608 -0.999993
vn 0.000549 -0.003608 -0.999993
vn -0.000547 0.003608 0.999993
vn 0.000547 -0.003608 -0.999993
vn 0.000547 -0.003608 -0.999993
vn -0.000546 0.003609 0.999993
vn 0.000546 -0.003608 -0.999993
vn 0.000546 -0.003608 -0.999993
vn -0.000545 0.003609 0.999993
vn 0.000546 -0.003607 -0.999993
vn 0.000546 -0.003607 -0.999993
vn -0.000545 0.003608 0.999993
vn 0.000546 -0.003608 -0.999993
vn 0.000546 -0.003608 -0.999993
vn -0.000545 0.003609 0.999993
vn 0.000546 -0.003608 -0.999993
vn 0.000546 -0.003608 -0.999993
vn -0.000545 0.003609 0.999993
vn 0.000545 -0.003609 -0.999993
vn 0.000545 -0.003609 -0.999993
vn -0.000545 0.003609 0.999993
vn 0.000545 -0.003608 -0.999993
vn 0.000545 -0.003608 -0.999993
vn -0.000545 0.003609 0.999993
vn 0.000545 -0.003608 -0.999993
vn 0.000545 -0.003608 -0.999993
vn -0.000545 0.003608 0.999993
vn 0.723144 -0.690691 0.002887
vn 0.379701 -0.925103 0.003545
vn 0.379701 -0.925103 0.003545
vn 0.723144 -0.690691 0.002887
vn -0.029412 -0.999561 0.003590
vn -0.029412 -0.999561 0.003590
vn -0.433429 -0.901183 0.003014
vn -0.433429 -0.901183 0.003014
vn -0.762494 -0.646993 0.001918
vn -0.762494 -0.646993 0.001918
vn -0.959730 -0.280923 0.000490
vn -0.959730 -0.280923 0.000490
vn -0.991018 0.133725 -0.001023
vn -0.991018 0.133725 -0.001023
vn -0.850949 0.525243 -0.002359
vn -0.850949 0.525243 -0.002359
vn -0.563741 0.825945 -0.003288
vn -0.563741 0.825945 -0.003288
vn -0.179055 0.983832 -0.003649
vn -0.179055 0.983832 -0.003649
vn 0.236581 0.971606 -0.003379
vn 0.236581 0.971606 -0.003379
vn 0.611316 0.791382 -0.002523
vn 0.611316 0.791382 -0.002523
vn 0.880354 0.474315 -0.001231
vn 0.880354 0.474315 -0.001231
vn 0.997165 0.075247 0.000272
vn 0.997165 0.075247 0.000272
vn 0.941559 -0.336845 0.001729
vn 0.941559 -0.336845 0.001729
s 1
g Tibia
usemtl lambert2SG
f 1/16/1 2/17/2 17/568/3 16/32/4
f 2/435/2 3/18/5 18/566/6 17/33/3
f 3/427/5 4/19/7 19/558/8 18/34/6
f 4/416/7 5/20/9 20/550/10 19/35/8
f 5/405/9 6/21/11 21/542/12 20/36/10
f 6/394/11 7/22/13 22/534/14 21/37/12
f 7/383/13 8/23/15 23/526/16 22/38/14
f 8/372/15 9/24/17 24/518/18 23/39/16
f 9/361/17 10/25/19 25/510/20 24/40/18
f 10/350/19 11/26/21 26/502/22 25/41/20
f 11/339/21 12/27/23 27/494/24 26/42/22
f 12/328/23 13/28/25 28/486/26 27/43/24
f 13/317/25 14/29/27 29/478/28 28/44/26
f 14/306/27 15/30/29 30/470/30 29/45/28
f 15/295/29 1/31/1 16/47/4 30/46/30
s 2
f 77/430/31 76/432/32 78/438/33
f 79/422/34 77/429/31 78/439/33
f 80/411/35 79/421/34 78/440/33
f 81/400/36 80/410/35 78/441/33
f 82/389/37 81/399/36 78/442/33
f 83/378/38 82/388/37 78/443/33
f 84/367/39 83/377/38 78/444/33
f 85/356/40 84/366/39 78/445/33
f 86/345/41 85/355/40 78/446/33
f 87/334/42 86/344/41 78/447/33
f 88/323/43 87/333/42 78/448/33
f 89/312/44 88/322/43 78/449/33
f 90/301/45 89/311/44 78/450/33
f 91/290/46 90/300/45 78/451/33
f 76/433/32 91/289/46 78/63/33
s 3
f 122/173/47 123/263/48 124/188/49
f 123/264/48 125/257/50 124/187/49
f 125/258/50 126/251/51 124/186/49
f 126/252/51 127/245/52 124/185/49
f 127/246/52 128/239/53 124/184/49
f 128/240/53 129/233/54 124/183/49
f 129/234/54 130/227/55 124/182/49
f 130/228/55 131/221/56 124/181/49
f 131/222/56 132/215/57 124/180/49
f 132/216/57 133/209/58 124/179/49
f 133/210/58 134/203/59 124/178/49
f 134/204/59 135/197/60 124/177/49
f 135/198/60 136/191/61 124/176/49
f 136/192/61 137/171/62 124/64/49
f 137/172/62 122/155/47 124/189/49
s 4
f 46/461/63 47/564/64 48/560/65 49/456/66
f 47/565/64 50/556/67 51/552/68 48/82/65
f 50/557/67 52/548/69 53/544/70 51/85/68
f 52/549/69 54/540/71 55/536/72 53/87/70
f 54/541/71 56/532/73 57/528/74 55/89/72
f 56/533/73 58/524/75 59/520/76 57/91/74
f 58/525/75 60/516/77 61/512/78 59/93/76
f 60/517/77 62/508/79 63/504/80 61/95/78
f 62/509/79 64/500/81 65/496/82 63/97/80
f 64/501/81 66/492/83 67/488/84 65/99/82
f 66/493/83 68/484/85 69/480/86 67/101/84
f 68/485/85 70/476/87 71/472/88 69/103/86
f 70/477/87 72/468/89 73/464/90 71/105/88
f 72/469/89 74/459/91 75/452/92 73/107/90
f 74/460/91 46/80/63 49/457/66 75/109/92
s 5
f 16/61/93 17/569/94 47/563/95 46/462/96
s 6
f 32/269/97 31/271/98 49/455/99 48/561/100
s 5
f 17/60/94 18/567/101 50/555/102 47/81/95
s 6
f 33/266/103 32/268/97 48/562/100 51/553/104
s 5
f 18/59/101 19/559/105 52/547/106 50/84/102
s 6
f 34/260/107 33/265/103 51/554/104 53/545/108
s 5
f 19/58/105 20/551/109 54/539/110 52/86/106
s 6
f 35/254/111 34/259/107 53/546/108 55/537/112
s 5
f 20/57/109 21/543/113 56/531/114 54/88/110
s 6
f 36/248/115 35/253/111 55/538/112 57/529/116
s 5
f 21/56/113 22/535/117 58/523/118 56/90/114
s 6
f 37/242/119 36/247/115 57/530/116 59/521/120
s 5
f 22/55/117 23/527/121 60/515/122 58/92/118
s 6
f 38/236/123 37/241/119 59/522/120 61/513/124
s 5
f 23/54/121 24/519/125 62/507/126 60/94/122
s 6
f 39/230/127 38/235/123 61/514/124 63/505/128
s 5
f 24/53/125 25/511/129 64/499/130 62/96/126
s 6
f 40/224/131 39/229/127 63/506/128 65/497/132
s 5
f 25/52/129 26/503/133 66/491/134 64/98/130
s 6
f 41/218/135 40/223/131 65/498/132 67/489/136
s 5
f 26/51/133 27/495/137 68/483/138 66/100/134
s 6
f 42/212/139 41/217/135 67/490/136 69/481/140
s 5
f 27/50/137 28/487/141 70/475/142 68/102/138
s 6
f 43/206/143 42/211/139 69/482/140 71/473/144
s 5
f 28/49/141 29/479/145 72/467/146 70/104/142
s 6
f 44/200/147 43/205/143 71/474/144 73/465/148
s 5
f 29/48/145 30/471/149 74/458/150 72/106/146
s 6
f 45/194/151 44/199/147 73/466/148 75/453/152
s 5
f 30/62/149 16/570/93 46/463/96 74/108/150
s 6
f 31/272/98 45/193/151 75/454/152 49/83/99
s 7
f 93/424/153 92/284/154 94/277/155 95/419/156
f 96/413/157 93/125/153 95/420/156 97/408/158
f 98/402/159 96/129/157 97/409/158 99/397/160
f 100/391/161 98/131/159 99/398/160 101/386/162
f 102/380/163 100/133/161 101/387/162 103/375/164
f 104/369/165 102/135/163 103/376/164 105/364/166
f 106/358/167 104/137/165 105/365/166 107/353/168
f 108/347/169 106/139/167 107/354/168 109/342/170
f 110/336/171 108/141/169 109/343/170 111/331/172
f 112/325/173 110/143/171 111/332/172 113/320/174
f 114/314/175 112/145/173 113/321/174 115/309/176
f 116/303/177 114/147/175 115/310/176 117/298/178
f 118/292/179 116/149/177 117/299/178 119/287/180
f 120/280/181 118/151/179 119/288/180 121/275/182
f 92/285/154 120/153/181 121/276/182 94/127/155
s 8
f 2/2/183 1/437/184 92/283/185 93/425/186
s 2
f 76/111/32 77/431/31 95/418/187 94/278/188
s 8
f 3/3/189 2/436/183 93/426/186 96/414/190
s 2
f 77/110/31 79/423/34 97/407/191 95/128/187
s 8
f 4/4/192 3/428/189 96/415/190 98/403/193
s 2
f 79/112/34 80/412/35 99/396/194 97/130/191
s 8
f 5/5/195 4/417/192 98/404/193 100/392/196
s 2
f 80/113/35 81/401/36 101/385/197 99/132/194
s 8
f 6/6/198 5/406/195 100/393/196 102/381/199
s 2
f 81/114/36 82/390/37 103/374/200 101/134/197
s 8
f 7/7/201 6/395/198 102/382/199 104/370/202
s 2
f 82/115/37 83/379/38 105/363/203 103/136/200
s 8
f 8/8/204 7/384/201 104/371/202 106/359/205
s 2
f 83/116/38 84/368/39 107/352/206 105/138/203
s 8
f 9/9/207 8/373/204 106/360/205 108/348/208
s 2
f 84/117/39 85/357/40 109/341/209 107/140/206
s 8
f 10/10/210 9/362/207 108/349/208 110/337/211
s 2
f 85/118/40 86/346/41 111/330/212 109/142/209
s 8
f 11/11/213 10/351/210 110/338/211 112/326/214
s 2
f 86/119/41 87/335/42 113/319/215 111/144/212
s 8
f 12/12/216 11/340/213 112/327/214 114/315/217
s 2
f 87/120/42 88/324/43 115/308/218 113/146/215
s 8
f 13/13/219 12/329/216 114/316/217 116/304/220
s 2
f 88/121/43 89/313/44 117/297/221 115/148/218
s 8
f 14/14/222 13/318/219 116/305/220 118/293/223
s 2
f 89/122/44 90/302/45 119/286/224 117/150/221
s 8
f 15/15/225 14/307/222 118/294/223 120/281/226
s 2
f 90/123/45 91/291/46 121/274/227 119/152/224
s 8
f 1/1/184 15/296/225 120/282/226 92/126/185
s 2
f 91/124/46 76/434/32 94/279/188 121/154/227
s 9
f 31/65/228 32/270/229 123/262/230 122/174/231
f 32/66/229 33/267/232 125/256/233 123/156/230
f 33/67/232 34/261/234 126/250/235 125/157/233
f 34/68/234 35/255/236 127/244/237 126/158/235
f 35/69/236 36/249/238 128/238/239 127/159/237
f 36/70/238 37/243/240 129/232/241 128/160/239
f 37/71/240 38/237/242 130/226/243 129/161/241
f 38/72/242 39/231/244 131/220/245 130/162/243
f 39/73/244 40/225/246 132/214/247 131/163/245
f 40/74/246 41/219/248 133/208/249 132/164/247
f 41/75/248 42/213/250 134/202/251 133/165/249
f 42/76/250 43/207/252 135/196/253 134/166/251
f 43/77/252 44/201/254 136/190/255 135/167/253
f 44/78/254 45/195/256 137/170/257 136/168/255
f 45/79/256 31/273/228 122/175/231 137/169/257
g default
v 0.007500 -0.115242 -0.370305
v -0.009779 -0.127037 -0.370272
v -0.028800 -0.080522 -0.370450
v -0.030363 -0.130783 -0.370270
v -0.050690 -0.125833 -0.370299
v -0.067247 -0.113043 -0.370354
v -0.077171 -0.094625 -0.370426
v -0.078745 -0.073764 -0.370502
v -0.071697 -0.054065 -0.370569
v -0.057247 -0.038936 -0.370616
v -0.037892 -0.030992 -0.370634
v -0.016980 -0.031607 -0.370620
v 0.001874 -0.040675 -0.370577
v 0.015410 -0.056627 -0.370512
v 0.021287 -0.076706 -0.370437
v 0.018490 -0.097440 -0.370363
v 0.007471 -0.115050 -0.316937
v 0.018461 -0.097247 -0.316996
v 0.021258 -0.076513 -0.317069
v 0.015381 -0.056435 -0.317144
v 0.001845 -0.040482 -0.317209
v -0.017009 -0.031415 -0.317252
v -0.037921 -0.030800 -0.317266
v -0.057276 -0.038743 -0.317248
v -0.071726 -0.053872 -0.317201
v -0.078774 -0.073571 -0.317134
v -0.077200 -0.094433 -0.317058
v -0.067276 -0.112851 -0.316986
v -0.050719 -0.125640 -0.316931
v -0.030392 -0.130590 -0.316902
v -0.009808 -0.126844 -0.316904
v 0.007442 -0.114857 -0.263570
v -0.009838 -0.126651 -0.263536
v -0.028858 -0.080136 -0.263715
v -0.030421 -0.130398 -0.263534
v -0.050748 -0.125448 -0.263563
v -0.067305 -0.112658 -0.263618
v -0.077229 -0.094240 -0.263690
v -0.078803 -0.073378 -0.263766
v -0.071756 -0.053680 -0.263833
v -0.057305 -0.038551 -0.263880
v -0.037951 -0.030607 -0.263898
v -0.017038 -0.031222 -0.263885
v 0.001816 -0.040290 -0.263842
v 0.015352 -0.056242 -0.263777
v 0.021229 -0.076321 -0.263701
v 0.018432 -0.097054 -0.263628
vt 0.699461 0.344686
vt 0.745458 0.365165
vt 0.733151 0.382103
vt 0.715020 0.392571
vt 0.694198 0.394760
vt 0.674286 0.388290
vt 0.658727 0.374281
vt 0.650211 0.355154
vt 0.650211 0.334217
vt 0.658727 0.315091
vt 0.674286 0.301082
vt 0.694198 0.294612
vt 0.715020 0.296800
vt 0.733151 0.307269
vt 0.745458 0.324207
vt 0.749811 0.344686
vt 0.745458 0.365165
vt 0.749811 0.344686
vt 0.745458 0.324207
vt 0.733151 0.307269
vt 0.715020 0.296800
vt 0.694198 0.294612
vt 0.674286 0.301082
vt 0.658727 0.315091
vt 0.650211 0.334217
vt 0.650211 0.355154
vt 0.658727 0.374281
vt 0.674286 0.388290
vt 0.694198 0.394760
vt 0.715020 0.392571
vt 0.733151 0.382103
vt 0.745458 0.365165
vt 0.733151 0.382103
vt 0.699461 0.344686
vt 0.715020 0.392571
vt 0.694198 0.394760
vt 0.674286 0.388290
vt 0.658727 0.374281
vt 0.650211 0.355154
vt 0.650211 0.334217
vt 0.658727 0.315091
vt 0.674286 0.301082
vt 0.694198 0.294612
vt 0.715020 0.296800
vt 0.733151 0.307269
vt 0.745458 0.324207
vt 0.749811 0.344686
vt 0.749811 0.344686
vt 0.745458 0.365165
vt 0.745458 0.324207
vt 0.733151 0.307269
vt 0.715020 0.296800
vt 0.694198 0.294612
vt 0.674286 0.301082
vt 0.658727 0.315091
vt 0.650211 0.334217
vt 0.650211 0.355154
vt 0.658727 0.374281
vt 0.674286 0.388290
vt 0.694198 0.394760
vt 0.715020 0.392571
vt 0.733151 0.382103
vn 0.000545 -0.003608 -0.999993
vn 0.000545 -0.003608 -0.999993
vn 0.000545 -0.003608 -0.999993
vn 0.000546 -0.003608 -0.999993
vn 0.000546 -0.003608 -0.999993
vn 0.000546 -0.003607 -0.999993
vn 0.000546 -0.003607 -0.999993
vn 0.000545 -0.003608 -0.999993
vn 0.000545 -0.003608 -0.999993
vn 0.000545 -0.003608 -0.999993
vn 0.000545 -0.003608 -0.999993
vn 0.000545 -0.003609 -0.999993
vn 0.000546 -0.003608 -0.999993
vn 0.000545 -0.003609 -0.999993
vn 0.000545 -0.003609 -0.999993
vn 0.000545 -0.003608 -0.999993
vn 0.941559 -0.336845 0.001729
vn 0.723145 -0.690690 0.002887
vn 0.723145 -0.690690 0.002887
vn 0.941559 -0.336845 0.001729
vn 0.997165 0.075244 0.000272
vn 0.997165 0.075244 0.000272
vn 0.880355 0.474315 -0.001231
vn 0.880355 0.474315 -0.001231
vn 0.611313 0.791385 -0.002522
vn 0.611313 0.791385 -0.002523
vn 0.236580 0.971606 -0.003377
vn 0.236580 0.971606 -0.003379
vn -0.179053 0.983833 -0.003648
vn -0.179054 0.983832 -0.003649
vn -0.563737 0.825948 -0.003288
vn -0.563738 0.825947 -0.003288
vn -0.850950 0.525242 -0.002359
vn -0.850950 0.525242 -0.002359
vn -0.991018 0.133726 -0.001023
vn -0.991018 0.133726 -0.001023
vn -0.959729 -0.280925 0.000490
vn -0.959729 -0.280925 0.000490
vn -0.762493 -0.646994 0.001919
vn -0.762493 -0.646993 0.001918
vn -0.433429 -0.901182 0.003015
vn -0.433429 -0.901182 0.003014
vn -0.029415 -0.999561 0.003591
vn -0.029415 -0.999561 0.003590
vn 0.379702 -0.925102 0.003545
vn 0.379702 -0.925102 0.003545
vn -0.000545 0.003608 0.999993
vn -0.000545 0.003608 0.999993
vn -0.000546 0.003608 0.999993
vn -0.000545 0.003609 0.999993
vn -0.000545 0.003609 0.999993
vn -0.000545 0.003609 0.999993
vn -0.000546 0.003608 0.999993
vn -0.000546 0.003608 0.999993
vn -0.000545 0.003609 0.999993
vn -0.000545 0.003609 0.999993
vn -0.000546 0.003608 0.999993
vn -0.000546 0.003608 0.999993
vn -0.000546 0.003608 0.999993
vn -0.000545 0.003609 0.999993
vn -0.000545 0.003608 0.999993
vn -0.000545 0.003608 0.999993
vn 0.941559 -0.336845 0.001729
vn 0.723145 -0.690690 0.002887
vn 0.997165 0.075244 0.000272
vn 0.880355 0.474314 -0.001231
vn 0.611313 0.791385 -0.002521
vn 0.236580 0.971606 -0.003375
vn -0.179054 0.983833 -0.003646
vn -0.563737 0.825947 -0.003287
vn -0.850950 0.525242 -0.002359
vn -0.991018 0.133726 -0.001023
vn -0.959729 -0.280925 0.000490
vn -0.762493 -0.646993 0.001919
vn -0.433429 -0.901182 0.003016
vn -0.029415 -0.999561 0.003591
vn 0.379702 -0.925102 0.003545
s 1
g Tibia TibiaCanisterButton
usemtl lambert2SG
f 138/572/258 139/573/259 140/571/260
f 139/573/259 141/574/261 140/571/260
f 141/574/261 142/575/262 140/571/260
f 142/575/262 143/576/263 140/571/260
f 143/576/263 144/577/264 140/571/260
f 144/577/264 145/578/265 140/571/260
f 145/578/265 146/579/266 140/571/260
f 146/579/266 147/580/267 140/571/260
f 147/580/267 148/581/268 140/571/260
f 148/581/268 149/582/269 140/571/260
f 149/582/269 150/583/270 140/571/260
f 150/583/270 151/584/271 140/571/260
f 151/584/271 152/585/272 140/571/260
f 152/585/272 153/586/273 140/571/260
f 153/586/273 138/572/258 140/571/260
s 2
f 155/588/274 154/587/275 138/572/276 153/586/277
f 156/589/278 155/588/274 153/586/277 152/585/279
f 157/590/280 156/589/278 152/585/279 151/584/281
f 158/591/282 157/590/280 151/584/281 150/583/283
f 159/592/284 158/591/282 150/583/283 149/582/285
f 160/593/286 159/592/284 149/582/285 148/581/287
f 161/594/288 160/593/286 148/581/287 147/580/289
f 162/595/290 161/594/288 147/580/289 146/579/291
f 163/596/292 162/595/290 146/579/291 145/578/293
f 164/597/294 163/596/292 145/578/293 144/577/295
f 165/598/296 164/597/294 144/577/295 143/576/297
f 166/599/298 165/598/296 143/576/297 142/575/299
f 167/600/300 166/599/298 142/575/299 141/574/301
f 168/601/302 167/600/300 141/574/301 139/573/303
f 154/587/275 168/601/302 139/573/303 138/572/276
s 3
f 169/602/304 171/604/305 170/603/306
f 170/603/306 171/604/305 172/605/307
f 172/605/307 171/604/305 173/606/308
f 173/606/308 171/604/305 174/607/309
f 174/607/309 171/604/305 175/608/310
f 175/608/310 171/604/305 176/609/311
f 176/609/311 171/604/305 177/610/312
f 177/610/312 171/604/305 178/611/313
f 178/611/313 171/604/305 179/612/314
f 179/612/314 171/604/305 180/613/315
f 180/613/315 171/604/305 181/614/316
f 181/614/316 171/604/305 182/615/317
f 182/615/317 171/604/305 183/616/318
f 183/616/318 171/604/305 184/617/319
f 184/617/319 171/604/305 169/602/304
s 2
f 155/618/274 184/617/320 169/602/321 154/619/275
f 156/620/278 183/616/322 184/617/320 155/618/274
f 157/621/280 182/615/323 183/616/322 156/620/278
f 158/622/282 181/614/324 182/615/323 157/621/280
f 159/623/284 180/613/325 181/614/324 158/622/282
f 160/624/286 179/612/326 180/613/325 159/623/284
f 161/625/288 178/611/327 179/612/326 160/624/286
f 162/626/290 177/610/328 178/611/327 161/625/288
f 163/627/292 176/609/329 177/610/328 162/626/290
f 164/628/294 175/608/330 176/609/329 163/627/292
f 165/629/296 174/607/331 175/608/330 164/628/294
f 166/630/298 173/606/332 174/607/331 165/629/296
f 167/631/300 172/605/333 173/606/332 166/630/298
f 168/632/302 170/603/334 172/605/333 167/631/300
f 154/619/275 169/602/321 170/603/334 168/632/302
g default
v 0.331853 -0.006298 0.403303
v 0.301826 0.096284 0.402916
v 0.232670 0.177787 0.402585
v 0.136341 0.224115 0.402365
v 0.029497 0.227257 0.402296
v -0.069389 0.186672 0.402388
v -0.143211 0.109375 0.402626
v -0.179222 0.008732 0.402970
v -0.171177 -0.097852 0.403359
v -0.120482 -0.191952 0.403726
v -0.035889 -0.257295 0.404008
v 0.261416 -0.203189 0.403975
v 0.317559 -0.112231 0.403677
v 0.331785 -0.005851 0.528337
v 0.301757 0.096735 0.527951
v 0.232602 0.178243 0.527619
v 0.136273 0.224566 0.527399
v 0.029429 0.227709 0.527330
v -0.069455 0.187123 0.527422
v -0.143281 0.109826 0.527661
v -0.179291 0.009183 0.528004
v -0.171248 -0.097404 0.528393
v -0.120549 -0.191503 0.528760
v -0.035957 -0.256849 0.529043
v 0.261348 -0.202738 0.529009
v 0.317491 -0.111780 0.528712
v 0.114955 -0.029793 0.535991
v 0.110303 -0.013901 0.535931
v 0.099590 -0.001275 0.535879
v 0.084667 0.005901 0.535845
v 0.068116 0.006388 0.535835
v 0.052797 0.000104 0.535849
v 0.041360 -0.011873 0.535886
v 0.035783 -0.027464 0.535939
v 0.037028 -0.043976 0.535999
v 0.044882 -0.058553 0.536056
v 0.057987 -0.068676 0.536100
v 0.074075 -0.072590 0.536123
v 0.090366 -0.069628 0.536121
v 0.104043 -0.060294 0.536095
v 0.112740 -0.046203 0.536049
v 0.314175 -0.007276 0.528333
v 0.286237 0.088165 0.527973
v 0.286233 0.088196 0.535658
v 0.314170 -0.007252 0.536018
v 0.221895 0.163995 0.527665
v 0.221890 0.164023 0.535350
v 0.132270 0.207099 0.527460
v 0.132266 0.207127 0.535145
v 0.032863 0.210023 0.527395
v 0.032859 0.210051 0.535080
v -0.059140 0.172262 0.527482
v -0.059144 0.172294 0.535166
v -0.127827 0.100345 0.527704
v -0.127833 0.100373 0.535389
v -0.161328 0.006707 0.528023
v -0.161333 0.006735 0.535708
v -0.153847 -0.092460 0.528385
v -0.153851 -0.092433 0.536070
v -0.106675 -0.180011 0.528727
v -0.106679 -0.179984 0.536412
v -0.027972 -0.240807 0.528989
v -0.027976 -0.240779 0.536674
v 0.068655 -0.264334 0.529127
v 0.068651 -0.264307 0.536811
v 0.166499 -0.246527 0.529116
v 0.166494 -0.246499 0.536801
v 0.248639 -0.190462 0.528958
v 0.248635 -0.190435 0.536643
v 0.300876 -0.105836 0.528681
v 0.300871 -0.105808 0.536366
v 0.331855 -0.006314 0.400045
v 0.301828 0.096272 0.399658
v 0.075528 -0.025655 0.399975
v 0.232672 0.177774 0.399327
v 0.136343 0.224103 0.399107
v 0.029498 0.227246 0.399037
v -0.069388 0.186660 0.399130
v -0.143215 0.109362 0.399369
v -0.179221 0.008720 0.399712
v -0.171180 -0.097867 0.400101
v -0.120479 -0.191968 0.400468
v -0.035887 -0.257312 0.400750
v 0.067968 -0.282596 0.400898
v 0.173131 -0.263459 0.400886
v 0.261418 -0.203198 0.400717
v 0.317561 -0.112240 0.400419
v 0.335131 -0.003305 0.403317
v 0.304858 0.100117 0.402927
v 0.335133 -0.003316 0.400059
v 0.304860 0.100103 0.399669
v 0.235140 0.182280 0.402592
v 0.235142 0.182268 0.399334
v 0.138030 0.228984 0.402371
v 0.138032 0.228972 0.399113
v 0.030317 0.232152 0.402301
v 0.030319 0.232145 0.399043
v -0.069371 0.191237 0.402394
v -0.069370 0.191225 0.399136
v -0.143796 0.113313 0.402635
v -0.143798 0.113300 0.399377
v -0.180098 0.011851 0.402981
v -0.180096 0.011840 0.399723
v -0.171991 -0.095601 0.403373
v -0.171988 -0.095611 0.400116
v -0.120877 -0.190467 0.403743
v -0.120869 -0.190478 0.400485
v -0.035598 -0.256341 0.404028
v -0.035598 -0.256353 0.400769
v 0.069100 -0.281834 0.404177
v 0.069102 -0.281843 0.400919
v 0.175116 -0.262539 0.404165
v 0.175118 -0.262549 0.400907
v 0.264120 -0.201788 0.403994
v 0.264122 -0.201803 0.400736
v 0.320721 -0.110091 0.403694
v 0.320723 -0.110107 0.400436
v 0.114904 -0.029454 0.629947
v 0.110252 -0.013562 0.629887
v 0.075262 -0.032474 0.629936
v 0.099539 -0.000936 0.629835
v 0.084617 0.006243 0.629801
v 0.068065 0.006727 0.629790
v 0.052746 0.000440 0.629804
v 0.041309 -0.011530 0.629842
v 0.035731 -0.027125 0.629895
v 0.036977 -0.043637 0.629955
v 0.044831 -0.058214 0.630012
v 0.057936 -0.068336 0.630056
v 0.074024 -0.072254 0.630078
v 0.090315 -0.069290 0.630077
v 0.103992 -0.059954 0.630051
v 0.112688 -0.045864 0.630005
v 0.077423 -0.280822 0.416204
v 0.063464 -0.277812 0.404218
v 0.163993 -0.265061 0.416495
v 0.177180 -0.257078 0.404358
v 0.077941 -0.280356 0.516409
v 0.063643 -0.277624 0.529172
v 0.163215 -0.264836 0.516614
v 0.175371 -0.257468 0.529160
v 0.410809 -1.621155 0.421518
v 0.324239 -1.636914 0.421227
v 0.410032 -1.620927 0.521637
v 0.324757 -1.636448 0.521432
v 0.465853 -1.610766 0.522048
v 0.466636 -1.610995 0.421929
v 0.479876 -1.687814 0.522334
v 0.480654 -1.688043 0.422215
v 0.268418 -1.647073 0.421562
v 0.268935 -1.646607 0.521768
v 0.282442 -1.724120 0.421847
v 0.282960 -1.723655 0.522053
v 0.411158 -1.621312 0.361992
v 0.324208 -1.637140 0.361700
v 0.425181 -1.698361 0.362278
v 0.338226 -1.714189 0.361986
v 0.467094 -1.611131 0.362404
v 0.481117 -1.688179 0.362689
v 0.282137 -1.724397 0.362322
v 0.268111 -1.647349 0.362036
v 0.324825 -1.636216 0.580959
v 0.409711 -1.620765 0.581163
v 0.338845 -1.713264 0.581244
v 0.423733 -1.697812 0.581449
v 0.479412 -1.687678 0.581859
v 0.465392 -1.610630 0.581574
v 0.269242 -1.646331 0.581294
v 0.283266 -1.723378 0.581579
v 0.333081 -1.198105 0.520073
v 0.333859 -1.198335 0.419954
v 0.388903 -1.187944 0.520484
v 0.389681 -1.188174 0.420364
v 0.466386 -1.780853 0.422820
v 0.345881 -1.802794 0.421828
v 0.465609 -1.780625 0.522939
v 0.346395 -1.802328 0.522034
v 0.541469 -1.767198 0.422869
v 0.540690 -1.766969 0.522988
v 0.298855 -1.810987 0.522377
v 0.298338 -1.811452 0.422171
v 0.336834 -1.804791 0.362310
v 0.466735 -1.781011 0.363294
v 0.541930 -1.767331 0.363344
v 0.298031 -1.811728 0.362646
v 0.465290 -1.780462 0.582466
v 0.337453 -1.803866 0.581568
v 0.540226 -1.766833 0.582514
v 0.299161 -1.810710 0.581903
v 0.558212 -1.902794 0.423272
v 0.633296 -1.889141 0.423321
v 0.558562 -1.902954 0.363747
v 0.633758 -1.889277 0.363796
v 0.557437 -1.902568 0.523392
v 0.632517 -1.888913 0.523441
v 0.632053 -1.888776 0.582967
v 0.557120 -1.902405 0.582919
v 0.452022 -1.783812 0.428644
v 0.350536 -1.802070 0.427764
v 0.451541 -1.783573 0.517025
v 0.350829 -1.801690 0.516221
v 0.494290 -1.848248 0.429027
v 0.342812 -1.862769 0.428166
v 0.493812 -1.848009 0.517408
v 0.343105 -1.862387 0.516623
v 0.655348 -1.899119 0.429197
v 0.337344 -1.913641 0.428350
v 0.654863 -1.898878 0.517578
v 0.337629 -1.913257 0.516807
v 0.661871 -1.986300 0.369519
v 0.341303 -1.984890 0.367550
v 0.661355 -1.985595 0.578654
v 0.341504 -1.984095 0.576866
v 0.094325 -0.277799 0.400895
v 0.095673 -0.277009 0.400916
v 0.095670 -0.276998 0.404174
v 0.091964 -0.272616 0.404253
v 0.099120 -0.276873 0.416277
v 0.345938 -1.632965 0.421300
v 0.346000 -1.633174 0.361773
v 0.360019 -1.710222 0.362059
v 0.369392 -1.798832 0.362557
v 0.376080 -1.797293 0.422076
v 0.375971 -1.797495 0.427984
v 0.380780 -1.859130 0.428382
v 0.388581 -1.910000 0.428562
v 0.394389 -1.984091 0.368041
v 0.394410 -1.983320 0.577311
v 0.388682 -1.909653 0.517000
v 0.380881 -1.858783 0.516820
v 0.376070 -1.797149 0.516422
v 0.376273 -1.796889 0.522261
v 0.369494 -1.798001 0.581793
v 0.360120 -1.709391 0.581296
v 0.346099 -1.632344 0.581010
v 0.346130 -1.632558 0.521484
v 0.099313 -0.276467 0.516460
v 0.091645 -0.272572 0.529169
v 0.093178 -0.259872 0.529124
v 0.093173 -0.259842 0.536809
v 0.078159 -0.071849 0.536122
v 0.078107 -0.071511 0.630078
v 0.070411 -0.199562 0.400600
v 0.119792 -0.273167 0.400892
v 0.121347 -0.272336 0.400913
v 0.121345 -0.272325 0.404171
v 0.119503 -0.267593 0.404287
v 0.120085 -0.273054 0.416347
v 0.366903 -1.629148 0.421370
v 0.367056 -1.629340 0.361844
v 0.381078 -1.706389 0.362130
v 0.400849 -1.793072 0.362795
v 0.405265 -1.791980 0.422317
v 0.400548 -1.793073 0.428198
v 0.417459 -1.855611 0.428591
v 0.438098 -1.906483 0.428768
v 0.435013 -1.982870 0.368513
v 0.434863 -1.982120 0.577740
v 0.438009 -1.906171 0.517187
v 0.417373 -1.855301 0.517010
v 0.400460 -1.792762 0.516617
v 0.405144 -1.791633 0.522480
v 0.400448 -1.792330 0.582011
v 0.380677 -1.705648 0.581345
v 0.366660 -1.628602 0.581060
v 0.366781 -1.628798 0.521533
v 0.119964 -0.272708 0.516510
v 0.118703 -0.267690 0.529166
v 0.116873 -0.255559 0.529121
v 0.116868 -0.255529 0.536806
v 0.082104 -0.071131 0.536122
v 0.082053 -0.070794 0.630077
v 0.074425 -0.059398 0.630032
v 0.070627 -0.071751 0.536118
v 0.070576 -0.071415 0.630074
v 0.074603 -0.053628 0.630012
v 0.083825 -0.070471 0.630077
v 0.083875 -0.070809 0.536122
v 0.127504 -0.253595 0.536805
v 0.127509 -0.253623 0.529120
v 0.130848 -0.265500 0.529165
v 0.129234 -0.271021 0.516532
v 0.376050 -1.627112 0.521556
v 0.375886 -1.626922 0.581082
v 0.389906 -1.703970 0.581367
v 0.414349 -1.789787 0.582108
v 0.418103 -1.789273 0.522578
v 0.411408 -1.790792 0.516704
v 0.433757 -1.853738 0.517095
v 0.484489 -1.904608 0.517271
v 0.482548 -1.978680 0.577938
v 0.482777 -1.979421 0.368732
v 0.484659 -1.904904 0.428859
v 0.433928 -1.854033 0.428684
v 0.411580 -1.791087 0.428293
v 0.418365 -1.789596 0.422424
v 0.414970 -1.790487 0.362902
v 0.390531 -1.704668 0.362162
v 0.376508 -1.627619 0.361876
v 0.376312 -1.627435 0.421402
v 0.129495 -0.271343 0.416379
v 0.131865 -0.265340 0.404302
v 0.132869 -0.270228 0.404169
v 0.132873 -0.270238 0.400912
v 0.131224 -0.271086 0.400891
v 0.071508 -0.162289 0.400466
v 0.045709 -0.277177 0.400866
v 0.046662 -0.276382 0.400887
v 0.046660 -0.276370 0.404145
v 0.042172 -0.273416 0.404173
v 0.042296 -0.273170 0.529144
v 0.047946 -0.259291 0.529097
v 0.047942 -0.259264 0.536782
v 0.062414 -0.069754 0.536106
v 0.062363 -0.069414 0.630062
v 0.075031 -0.039884 0.629962
v 0.088041 -0.069704 0.630077
v 0.088092 -0.070042 0.536121
v 0.152837 -0.248985 0.536802
v 0.152842 -0.249013 0.529117
v 0.159776 -0.260281 0.529162
v 0.151313 -0.267000 0.516586
v 0.398129 -1.623091 0.521609
v 0.397863 -1.622922 0.581135
v 0.411884 -1.699969 0.581420
v 0.447447 -1.783729 0.582340
v 0.448971 -1.783654 0.522812
v 0.437484 -1.786102 0.516913
v 0.472774 -1.850014 0.517299
v 0.595186 -1.900885 0.517470
v 0.589045 -1.980981 0.578403
v 0.589464 -1.981700 0.369243
v 0.595558 -1.901145 0.429079
v 0.473153 -1.850274 0.428907
v 0.437856 -1.786361 0.428521
v 0.449569 -1.783915 0.422681
v 0.448607 -1.784330 0.363157
v 0.413044 -1.700568 0.362237
v 0.399021 -1.623521 0.361952
v 0.398726 -1.623355 0.421478
v 0.151909 -0.267263 0.416454
v 0.161309 -0.259970 0.404339
v 0.160319 -0.265233 0.404167
v 0.160322 -0.265243 0.400908
v 0.158452 -0.266131 0.400888
v 0.074120 -0.073514 0.400147
v -0.007306 -0.264270 0.400791
v -0.006784 -0.263368 0.400811
v -0.006785 -0.263357 0.404069
v -0.008546 -0.262943 0.404066
v -0.008547 -0.262566 0.529078
v -0.001380 -0.247279 0.529027
v -0.001384 -0.247252 0.536712
v 0.391886 -2.007150 0.368129
v 0.346398 -2.008269 0.367640
v 0.391909 -2.006378 0.577400
v 0.346599 -2.007474 0.576956
v 0.613028 -1.996964 0.578487
v 0.613442 -1.997682 0.369327
v 0.686239 -2.010552 0.369597
v 0.685723 -2.009845 0.578731
v 0.442086 -2.006205 0.368599
v 0.441932 -2.005455 0.577826
v 0.502205 -2.000850 0.368821
v 0.501978 -2.000110 0.578027
v 0.407888 -2.027441 0.368226
v 0.351216 -2.032458 0.367732
v 0.407911 -2.026669 0.577497
v 0.351421 -2.031663 0.577048
v 0.612358 -2.018079 0.578566
v 0.612770 -2.018795 0.369407
v 0.703603 -2.035341 0.369677
v 0.703090 -2.034635 0.578811
v 0.435866 -2.025949 0.368689
v 0.435715 -2.025199 0.577916
v 0.505296 -2.045750 0.368894
v 0.505062 -2.045008 0.578101
v 0.410580 -2.053832 0.368308
v 0.350992 -2.054354 0.367817
v 0.410604 -2.053059 0.577578
v 0.351192 -2.053560 0.577133
v 0.618360 -2.061117 0.578620
v 0.618775 -2.061835 0.369460
v 0.703725 -2.068421 0.369736
v 0.703210 -2.067714 0.578871
v 0.436087 -2.055667 0.368762
v 0.435937 -2.054918 0.577988
v 0.467787 -2.055910 0.368975
v 0.467559 -2.055170 0.578182
v 0.558201 -2.013494 0.369111
v 0.562035 -2.053792 0.369177
v 0.561711 -2.053061 0.578361
v 0.557881 -2.012766 0.578294
v 0.387439 -2.082263 0.368386
v 0.339566 -2.077759 0.367902
v 0.387463 -2.081491 0.577656
v 0.339766 -2.076964 0.577218
v 0.415750 -2.084372 0.368838
v 0.415598 -2.083622 0.578064
v 0.467676 -2.090313 0.369049
v 0.467449 -2.089573 0.578256
v 0.635793 -2.107409 0.578764
v 0.636206 -2.108126 0.369605
v 0.685455 -2.117970 0.369874
v 0.684941 -2.117264 0.579008
v 0.611070 -2.138892 0.578859
v 0.611485 -2.139609 0.369699
v 0.655855 -2.158791 0.369961
v 0.655339 -2.158085 0.579095
v 0.576016 -2.167310 0.578914
v 0.576428 -2.168026 0.369755
v 0.620797 -2.187209 0.370016
v 0.620280 -2.186501 0.579151
v 0.533231 -2.186397 0.578954
v 0.533645 -2.187114 0.369795
v 0.557200 -2.216155 0.370047
v 0.556686 -2.215449 0.579181
v 0.361955 -2.126785 0.368563
v 0.293762 -2.122168 0.368078
v 0.361979 -2.126014 0.577833
v 0.293961 -2.121373 0.577394
v 0.432557 -2.130567 0.368996
v 0.432407 -2.129817 0.578223
v 0.477156 -2.136199 0.369207
v 0.476928 -2.135458 0.578413
v 0.337506 -2.156939 0.368683
v 0.265983 -2.152182 0.368198
v 0.337530 -2.156168 0.577953
v 0.266182 -2.151386 0.577514
v 0.437945 -2.168472 0.369100
v 0.437795 -2.167722 0.578326
v 0.498148 -2.180728 0.369308
v 0.497921 -2.179988 0.578514
v 0.345314 -2.202999 0.368839
v 0.218420 -2.180393 0.368358
v 0.345338 -2.202227 0.578109
v 0.218619 -2.179597 0.577674
v 0.433782 -2.209244 0.369244
v 0.433632 -2.208493 0.578471
v 0.503004 -2.215318 0.369458
v 0.502779 -2.214578 0.578665
v 0.348319 -2.242649 0.368932
v 0.236742 -2.206373 0.368463
v 0.348343 -2.241877 0.578202
v 0.236941 -2.205578 0.577779
v 0.437562 -2.250091 0.369325
v 0.437412 -2.249340 0.578551
v 0.499668 -2.249910 0.369541
v 0.499441 -2.249171 0.578747
v 0.546364 -2.232458 0.579273
v 0.546879 -2.233165 0.370139
vt 0.504041 0.261141
vt 0.499746 0.255230
vt 0.493418 0.251577
vt 0.486152 0.250813
vt 0.479203 0.253071
vt 0.473773 0.257960
vt 0.470801 0.264634
vt 0.470801 0.271941
vt 0.473773 0.278616
vt 0.479203 0.283505
vt 0.486152 0.285763
vt 0.505560 0.268288
vt 0.473931 0.285859
vt 0.475806 0.285859
vt 0.477680 0.285859
vt 0.479554 0.285859
vt 0.481429 0.285859
vt 0.483303 0.285859
vt 0.485177 0.285859
vt 0.487051 0.285859
vt 0.488926 0.285859
vt 0.490800 0.285859
vt 0.498297 0.285859
vt 0.500171 0.285859
vt 0.502045 0.285859
vt 0.473931 0.328030
vt 0.475806 0.328030
vt 0.477680 0.328030
vt 0.479554 0.328030
vt 0.481429 0.328030
vt 0.483303 0.328030
vt 0.485177 0.328030
vt 0.487051 0.328030
vt 0.488926 0.328030
vt 0.490800 0.328030
vt 0.492674 0.328030
vt 0.500171 0.328030
vt 0.502045 0.328030
vt 0.504041 0.338454
vt 0.479203 0.330384
vt 0.473773 0.335273
vt 0.470801 0.341948
vt 0.470801 0.349254
vt 0.473773 0.355929
vt 0.479203 0.360818
vt 0.486152 0.363076
vt 0.493418 0.362312
vt 0.499746 0.358659
vt 0.504041 0.352748
vt 0.505560 0.345601
vt 0.487988 0.268288
vt 0.499477 0.645495
vt 0.525894 0.657257
vt 0.518826 0.666985
vt 0.508413 0.672998
vt 0.496454 0.674254
vt 0.485018 0.670539
vt 0.476082 0.662493
vt 0.471191 0.651507
vt 0.471191 0.639483
vt 0.476082 0.628498
vt 0.485018 0.620452
vt 0.496454 0.616736
vt 0.508413 0.617993
vt 0.518826 0.624005
vt 0.525894 0.633733
vt 0.528394 0.645495
vt 0.504041 0.352748
vt 0.499746 0.358659
vt 0.499746 0.358659
vt 0.513218 0.734727
vt 0.493418 0.362312
vt 0.493418 0.362312
vt 0.486152 0.363076
vt 0.486152 0.363076
vt 0.479203 0.360818
vt 0.479203 0.360818
vt 0.473773 0.355929
vt 0.473773 0.355929
vt 0.470801 0.349254
vt 0.470801 0.349254
vt 0.470801 0.341948
vt 0.470801 0.341948
vt 0.473773 0.335273
vt 0.473773 0.335273
vt 0.479203 0.330384
vt 0.479203 0.330384
vt 0.486152 0.328126
vt 0.486152 0.328126
vt 0.495736 0.695463
vt 0.506150 0.701475
vt 0.504041 0.338454
vt 0.504041 0.338454
vt 0.505560 0.345601
vt 0.505560 0.345601
vt 0.499746 0.255230
vt 0.504041 0.261141
vt 0.493418 0.251577
vt 0.486152 0.250813
vt 0.479203 0.253071
vt 0.473773 0.257960
vt 0.470801 0.264634
vt 0.470801 0.271941
vt 0.473773 0.278616
vt 0.479203 0.283505
vt 0.486152 0.285763
vt 0.836465 0.303183
vt 0.499746 0.281346
vt 0.504041 0.275435
vt 0.505560 0.268288
vt 0.560746 0.292321
vt 0.504041 0.261141
vt 0.565041 0.298232
vt 0.499746 0.255230
vt 0.554419 0.288667
vt 0.493418 0.251577
vt 0.547152 0.287904
vt 0.486152 0.250813
vt 0.540203 0.290161
vt 0.479203 0.253071
vt 0.534774 0.295050
vt 0.473773 0.257960
vt 0.531802 0.301725
vt 0.470801 0.264634
vt 0.531802 0.309032
vt 0.470801 0.271941
vt 0.534774 0.315707
vt 0.473773 0.278616
vt 0.540203 0.320596
vt 0.479203 0.283505
vt 0.486152 0.285763
vt 0.553193 0.319024
vt 0.560746 0.318437
vt 0.565041 0.312525
vt 0.504041 0.275435
vt 0.566560 0.305379
vt 0.505560 0.268288
vt 0.525894 0.657257
vt 0.518826 0.666985
vt 0.508413 0.672998
vt 0.496454 0.674254
vt 0.485018 0.670539
vt 0.476082 0.662493
vt 0.471191 0.651507
vt 0.471191 0.639483
vt 0.476082 0.628498
vt 0.485018 0.620452
vt 0.496454 0.616736
vt 0.508413 0.617993
vt 0.518826 0.624005
vt 0.525894 0.633733
vt 0.528394 0.645495
vt 0.438412 0.385517
vt 0.537435 0.356053
vt 0.438585 0.390035
vt 0.555143 0.299251
vt 0.438412 0.476043
vt 0.990155 0.339464
vt 0.555144 0.309419
vt 0.492674 0.285859
vt 0.438216 0.476043
vt 0.994364 0.246917
vt 0.555123 0.308863
vt 0.496544 0.285938
vt 0.498297 0.328030
vt 0.496511 0.328030
vt 0.486152 0.328126
vt 0.493087 0.328855
vt 0.499918 0.332781
vt 0.493418 0.328890
vt 0.499746 0.332543
vt 0.547152 0.322853
vt 0.836465 0.303183
vt 0.835823 0.303251
vt 0.499746 0.281346
vt 0.504041 0.275435
vt 0.499651 0.281401
vt 0.923232 0.257342
vt 0.847804 0.315191
vt 0.975599 0.492029
vt 0.850257 0.492451
vt 0.841151 0.314753
vt 0.847804 0.315191
vt 0.847749 0.460808
vt 0.841195 0.460496
vt 0.847804 0.315191
vt 0.847749 0.460808
vt 0.847749 0.460808
vt 0.847804 0.315191
vt 0.841195 0.460496
vt 0.841151 0.314753
vt 0.841151 0.314753
vt 0.841195 0.460496
vt 0.841151 0.314753
vt 0.847804 0.315191
vt 0.847804 0.315191
vt 0.841151 0.314753
vt 0.856811 0.492763
vt 0.850257 0.492451
vt 0.841195 0.460496
vt 0.847749 0.460808
vt 0.856811 0.460808
vt 0.856811 0.460808
vt 0.847804 0.315191
vt 0.847804 0.315191
vt 0.841151 0.314753
vt 0.841151 0.314753
vt 0.841195 0.460496
vt 0.841195 0.460496
vt 0.847804 0.315191
vt 0.847749 0.460808
vt 0.847749 0.460808
vt 0.847804 0.315191
vt 0.847804 0.315191
vt 0.847749 0.460808
vt 0.841195 0.460496
vt 0.841151 0.314753
vt 0.841151 0.314753
vt 0.847804 0.315191
vt 0.847749 0.460808
vt 0.847749 0.460808
vt 0.847749 0.460808
vt 0.847749 0.460808
vt 0.847749 0.460808
vt 0.847804 0.315191
vt 0.841151 0.314753
vt 0.841195 0.460496
vt 0.841195 0.460496
vt 0.847749 0.460808
vt 0.847749 0.460808
vt 0.847749 0.460808
vt 0.847749 0.460808
vt 0.841151 0.314753
vt 0.841151 0.314753
vt 0.841151 0.314753
vt 0.841151 0.314753
vt 0.841151 0.314753
vt 0.783585 0.352652
vt 0.776976 0.497957
vt 0.776932 0.352214
vt 0.697960 0.510524
vt 0.776976 0.497957
vt 0.776932 0.352214
vt 0.641768 0.358003
vt 0.699378 0.465847
vt 0.699334 0.320104
vt 0.705987 0.320542
vt 0.699378 0.465847
vt 0.842603 0.299640
vt 0.554778 0.318109
vt 0.842602 0.299640
vt 0.439419 0.385544
vt 0.842029 0.299744
vt 0.439511 0.390096
vt 0.924294 0.257411
vt 0.842818 0.314862
vt 0.842818 0.314862
vt 0.842818 0.314862
vt 0.842818 0.314862
vt 0.842818 0.314862
vt 0.778599 0.352324
vt 0.778599 0.352324
vt 0.701001 0.320214
vt 0.701034 0.429430
vt 0.778632 0.461540
vt 0.778632 0.461540
vt 0.842851 0.424079
vt 0.847804 0.315191
vt 0.842851 0.424079
vt 0.847804 0.315191
vt 0.842837 0.460574
vt 0.847804 0.315191
vt 0.847804 0.315191
vt 0.842837 0.460574
vt 0.972471 0.459925
vt 0.847804 0.315191
vt 0.439521 0.470971
vt 0.439421 0.476043
vt 0.494799 0.329839
vt 0.495004 0.329806
vt 0.498346 0.696970
vt 0.511023 0.619500
vt 0.511023 0.619500
vt 0.491664 0.279598
vt 0.848533 0.296216
vt 0.556311 0.317224
vt 0.848533 0.296216
vt 0.440392 0.385569
vt 0.848026 0.296355
vt 0.440405 0.390154
vt 0.925320 0.257479
vt 0.844430 0.314969
vt 0.844430 0.314969
vt 0.844430 0.314969
vt 0.844430 0.314969
vt 0.844430 0.314969
vt 0.780210 0.352430
vt 0.780210 0.352430
vt 0.702612 0.320320
vt 0.702635 0.394241
vt 0.780233 0.426350
vt 0.780233 0.426350
vt 0.844452 0.388889
vt 0.847804 0.315191
vt 0.844452 0.388889
vt 0.847804 0.315191
vt 0.844424 0.460649
vt 0.847804 0.315191
vt 0.847804 0.315191
vt 0.844424 0.460649
vt 0.973481 0.459973
vt 0.847804 0.315191
vt 0.440402 0.471013
vt 0.440396 0.476043
vt 0.496454 0.330790
vt 0.496537 0.330690
vt 0.500868 0.698426
vt 0.513545 0.620956
vt 0.513545 0.620956
vt 0.505525 0.626881
vt 0.505850 0.617723
vt 0.505850 0.617723
vt 0.504229 0.630870
vt 0.514677 0.621609
vt 0.502000 0.699079
vt 0.497224 0.331087
vt 0.497224 0.331087
vt 0.554964 0.309419
vt 0.497196 0.331216
vt 0.973935 0.459994
vt 0.973935 0.459994
vt 0.847804 0.315191
vt 0.847804 0.315191
vt 0.845137 0.460683
vt 0.845137 0.460683
vt 0.847804 0.315191
vt 0.847804 0.315191
vt 0.847804 0.315191
vt 0.845170 0.373094
vt 0.780951 0.410555
vt 0.780951 0.410555
vt 0.703353 0.378445
vt 0.703353 0.378445
vt 0.703336 0.320368
vt 0.780934 0.352477
vt 0.780934 0.352477
vt 0.845153 0.315016
vt 0.845153 0.315016
vt 0.845153 0.315016
vt 0.845153 0.315016
vt 0.845153 0.315016
vt 0.925781 0.257509
vt 0.554961 0.299763
vt 0.440829 0.385581
vt 0.850717 0.294834
vt 0.556999 0.316827
vt 0.851195 0.294679
vt 0.497224 0.282802
vt 0.490876 0.277174
vt 0.491861 0.285163
vt 0.552861 0.322253
vt 0.491861 0.285163
vt 0.494071 0.285881
vt 0.829933 0.303870
vt 0.536409 0.470766
vt 0.491601 0.328699
vt 0.491861 0.328726
vt 0.493173 0.695193
vt 0.487068 0.694552
vt 0.499745 0.617082
vt 0.501141 0.640373
vt 0.517373 0.623166
vt 0.504696 0.700636
vt 0.498863 0.332033
vt 0.498863 0.332033
vt 0.555081 0.309419
vt 0.498965 0.332233
vt 0.975016 0.460046
vt 0.975016 0.460046
vt 0.847804 0.315191
vt 0.847804 0.315191
vt 0.846834 0.460764
vt 0.846834 0.460764
vt 0.847804 0.315191
vt 0.847804 0.315191
vt 0.847804 0.315191
vt 0.846882 0.335472
vt 0.782663 0.372934
vt 0.782663 0.372934
vt 0.705065 0.340824
vt 0.705065 0.340824
vt 0.705058 0.320481
vt 0.782656 0.352591
vt 0.782656 0.352591
vt 0.846876 0.315130
vt 0.846876 0.315130
vt 0.846876 0.315130
vt 0.846876 0.315130
vt 0.846876 0.315130
vt 0.926878 0.257582
vt 0.555068 0.299770
vt 0.555080 0.299249
vt 0.498758 0.281905
vt 0.558637 0.315881
vt 0.857535 0.291019
vt 0.498863 0.281856
vt 0.489000 0.271400
vt 0.488151 0.285553
vt 0.549152 0.322643
vt 0.488151 0.285553
vt 0.493163 0.285867
vt 0.488106 0.285557
vt 0.493165 0.328030
vt 0.488060 0.328327
vt 0.488151 0.328336
vt 0.487068 0.694552
vt 0.699334 0.320104
vt 0.701001 0.320214
vt 0.701034 0.429430
vt 0.699378 0.465847
vt 0.705065 0.340824
vt 0.705058 0.320481
vt 0.705987 0.320542
vt 0.702635 0.394241
vt 0.702612 0.320320
vt 0.703336 0.320368
vt 0.703353 0.378445
vt 0.699334 0.320104
vt 0.701001 0.320214
vt 0.701034 0.429430
vt 0.699378 0.465847
vt 0.705065 0.340824
vt 0.705058 0.320481
vt 0.705987 0.320542
vt 0.702635 0.394241
vt 0.702612 0.320320
vt 0.703336 0.320368
vt 0.703353 0.378445
vt 0.699334 0.320104
vt 0.701001 0.320214
vt 0.701034 0.429430
vt 0.699378 0.465847
vt 0.705065 0.340824
vt 0.705058 0.320481
vt 0.705987 0.320542
vt 0.702635 0.394241
vt 0.702612 0.320320
vt 0.703336 0.320368
vt 0.703353 0.378445
vt 0.704197 0.320424
vt 0.704197 0.320424
vt 0.704209 0.359635
vt 0.704209 0.359635
vt 0.699334 0.320104
vt 0.701001 0.320214
vt 0.701034 0.429430
vt 0.699378 0.465847
vt 0.702612 0.320320
vt 0.703336 0.320368
vt 0.703353 0.378445
vt 0.702635 0.394241
vt 0.705065 0.340824
vt 0.705058 0.320481
vt 0.705987 0.320542
vt 0.705065 0.340824
vt 0.705058 0.320481
vt 0.705987 0.320542
vt 0.705065 0.340824
vt 0.705058 0.320481
vt 0.705987 0.320542
vt 0.705065 0.340824
vt 0.705058 0.320481
vt 0.705987 0.320542
vt 0.699334 0.320104
vt 0.701001 0.320214
vt 0.701034 0.429430
vt 0.699378 0.465847
vt 0.702635 0.394241
vt 0.702612 0.320320
vt 0.703336 0.320368
vt 0.703353 0.378445
vt 0.699334 0.320104
vt 0.701001 0.320214
vt 0.701034 0.429430
vt 0.699378 0.465847
vt 0.702635 0.394241
vt 0.702612 0.320320
vt 0.703336 0.320368
vt 0.703353 0.378445
vt 0.699334 0.320104
vt 0.701001 0.320214
vt 0.701034 0.429430
vt 0.699378 0.465847
vt 0.702635 0.394241
vt 0.702612 0.320320
vt 0.703336 0.320368
vt 0.703353 0.378445
vt 0.699334 0.320104
vt 0.701001 0.320214
vt 0.701034 0.429430
vt 0.699378 0.465847
vt 0.702635 0.394241
vt 0.702612 0.320320
vt 0.703336 0.320368
vt 0.703353 0.378445
vt 0.705987 0.320542
vt 0.701001 0.320214
vt 0.701001 0.320214
vt 0.701001 0.320214
vt 0.701001 0.320214
vt 0.702612 0.320320
vt 0.702612 0.320320
vt 0.702612 0.320320
vt 0.702612 0.320320
vt 0.701001 0.320214
vt 0.701001 0.320214
vt 0.701001 0.320214
vt 0.702612 0.320320
vt 0.702612 0.320320
vt 0.702612 0.320320
vt 0.701034 0.429430
vt 0.701034 0.429430
vt 0.701034 0.429430
vt 0.702635 0.394241
vt 0.702635 0.394241
vt 0.702635 0.394241
vt 0.701034 0.429430
vt 0.701034 0.429430
vt 0.701034 0.429430
vt 0.701034 0.429430
vt 0.702635 0.394241
vt 0.702635 0.394241
vt 0.702635 0.394241
vt 0.702635 0.394241
vt 0.705987 0.320542
vt 0.705987 0.320542
vt 0.703336 0.320368
vt 0.703336 0.320368
vt 0.703336 0.320368
vt 0.705987 0.320542
vt 0.705987 0.320542
vt 0.703353 0.378445
vt 0.703353 0.378445
vt 0.703353 0.378445
vt 0.705987 0.320542
vt 0.705987 0.320542
vt 0.705987 0.320542
vt 0.705987 0.320542
vt 0.705987 0.320542
vt 0.705987 0.320542
vt 0.705987 0.320542
vt 0.705987 0.320542
vt 0.703353 0.378445
vt 0.703353 0.378445
vt 0.703353 0.378445
vt 0.703336 0.320368
vt 0.703336 0.320368
vt 0.703336 0.320368
vt 0.699334 0.320104
vt 0.699334 0.320104
vt 0.699378 0.465847
vt 0.699378 0.465847
vt 0.699378 0.465847
vt 0.699378 0.465847
vt 0.699378 0.465847
vt 0.699334 0.320104
vt 0.699334 0.320104
vt 0.699334 0.320104
vt 0.705065 0.340824
vt 0.705065 0.340824
vt 0.705065 0.340824
vt 0.703353 0.378445
vt 0.703353 0.378445
vt 0.703353 0.378445
vt 0.703353 0.378445
vt 0.705058 0.320481
vt 0.705058 0.320481
vt 0.705058 0.320481
vt 0.703336 0.320368
vt 0.703336 0.320368
vt 0.703336 0.320368
vt 0.703336 0.320368
vt 0.702635 0.394241
vt 0.702635 0.394241
vt 0.702635 0.394241
vt 0.702612 0.320320
vt 0.702612 0.320320
vt 0.702612 0.320320
vt 0.699378 0.465847
vt 0.699378 0.465847
vt 0.699378 0.465847
vt 0.701034 0.429430
vt 0.701034 0.429430
vt 0.701034 0.429430
vt 0.699334 0.320104
vt 0.699334 0.320104
vt 0.699334 0.320104
vt 0.701001 0.320214
vt 0.701001 0.320214
vt 0.701001 0.320214
vt 0.703353 0.378445
vt 0.703353 0.378445
vt 0.703353 0.378445
vt 0.703336 0.320368
vt 0.703336 0.320368
vt 0.703336 0.320368
vt 0.702635 0.394241
vt 0.702635 0.394241
vt 0.702635 0.394241
vt 0.702612 0.320320
vt 0.702612 0.320320
vt 0.702612 0.320320
vt 0.699378 0.465847
vt 0.699378 0.465847
vt 0.699378 0.465847
vt 0.701034 0.429430
vt 0.701034 0.429430
vt 0.701034 0.429430
vt 0.699334 0.320104
vt 0.699334 0.320104
vt 0.699334 0.320104
vt 0.701001 0.320214
vt 0.701001 0.320214
vt 0.701001 0.320214
vt 0.703353 0.378445
vt 0.703353 0.378445
vt 0.703353 0.378445
vt 0.703336 0.320368
vt 0.703336 0.320368
vt 0.703336 0.320368
vt 0.702635 0.394241
vt 0.702635 0.394241
vt 0.702635 0.394241
vt 0.702635 0.394241
vt 0.702612 0.320320
vt 0.702612 0.320320
vt 0.702612 0.320320
vt 0.702612 0.320320
vt 0.699378 0.465847
vt 0.699378 0.465847
vt 0.699378 0.465847
vt 0.701034 0.429430
vt 0.701034 0.429430
vt 0.701034 0.429430
vt 0.701034 0.429430
vt 0.699334 0.320104
vt 0.699334 0.320104
vt 0.699334 0.320104
vt 0.701001 0.320214
vt 0.701001 0.320214
vt 0.701001 0.320214
vt 0.701001 0.320214
vt 0.705987 0.320542
vt 0.705987 0.320542
vt 0.705987 0.320542
vt 0.705987 0.320542
vt 0.705987 0.320542
vt 0.705987 0.320542
vt 0.705058 0.320481
vt 0.705058 0.320481
vt 0.705058 0.320481
vt 0.705065 0.340824
vt 0.705065 0.340824
vt 0.705065 0.340824
vt 0.705987 0.320542
vt 0.705987 0.320542
vt 0.705987 0.320542
vt 0.705987 0.320542
vt 0.705987 0.320542
vt 0.705987 0.320542
vt 0.705058 0.320481
vt 0.705058 0.320481
vt 0.705058 0.320481
vt 0.705065 0.340824
vt 0.705065 0.340824
vt 0.705065 0.340824
vt 0.705987 0.320542
vt 0.705987 0.320542
vt 0.705987 0.320542
vt 0.705987 0.320542
vt 0.705987 0.320542
vt 0.705987 0.320542
vt 0.705058 0.320481
vt 0.705058 0.320481
vt 0.705058 0.320481
vt 0.705065 0.340824
vt 0.705065 0.340824
vt 0.705065 0.340824
vt 0.705987 0.320542
vt 0.705987 0.320542
vt 0.705987 0.320542
vt 0.705987 0.320542
vt 0.705987 0.320542
vt 0.705987 0.320542
vt 0.705058 0.320481
vt 0.705058 0.320481
vt 0.705058 0.320481
vt 0.705058 0.320481
vt 0.705065 0.340824
vt 0.705065 0.340824
vt 0.705065 0.340824
vt 0.705065 0.340824
vt 0.703353 0.378445
vt 0.703353 0.378445
vt 0.703353 0.378445
vt 0.703336 0.320368
vt 0.703336 0.320368
vt 0.703336 0.320368
vt 0.702635 0.394241
vt 0.702635 0.394241
vt 0.702635 0.394241
vt 0.702612 0.320320
vt 0.702612 0.320320
vt 0.702612 0.320320
vt 0.699378 0.465847
vt 0.699378 0.465847
vt 0.699378 0.465847
vt 0.701034 0.429430
vt 0.701034 0.429430
vt 0.701034 0.429430
vt 0.699334 0.320104
vt 0.699334 0.320104
vt 0.699334 0.320104
vt 0.701001 0.320214
vt 0.701001 0.320214
vt 0.701001 0.320214
vt 0.704209 0.359635
vt 0.704209 0.359635
vt 0.704209 0.359635
vt 0.704197 0.320424
vt 0.704197 0.320424
vt 0.704197 0.320424
vt 0.704209 0.359635
vt 0.704209 0.359635
vt 0.704209 0.359635
vt 0.704197 0.320424
vt 0.704197 0.320424
vt 0.704197 0.320424
vt 0.705065 0.340824
vt 0.705065 0.340824
vt 0.705065 0.340824
vt 0.705065 0.340824
vt 0.705058 0.320481
vt 0.705058 0.320481
vt 0.705058 0.320481
vt 0.705058 0.320481
vt 0.703336 0.320368
vt 0.703336 0.320368
vt 0.703336 0.320368
vt 0.703336 0.320368
vt 0.703353 0.378445
vt 0.703353 0.378445
vt 0.703353 0.378445
vt 0.703353 0.378445
vt 0.703353 0.378445
vt 0.703353 0.378445
vt 0.703353 0.378445
vt 0.703353 0.378445
vt 0.703336 0.320368
vt 0.703336 0.320368
vt 0.703336 0.320368
vt 0.703336 0.320368
vt 0.701001 0.320214
vt 0.701001 0.320214
vt 0.701001 0.320214
vt 0.701001 0.320214
vt 0.702612 0.320320
vt 0.702612 0.320320
vt 0.702612 0.320320
vt 0.702612 0.320320
vt 0.701034 0.429430
vt 0.701034 0.429430
vt 0.701034 0.429430
vt 0.701034 0.429430
vt 0.702635 0.394241
vt 0.702635 0.394241
vt 0.702635 0.394241
vt 0.702635 0.394241
vt 0.705987 0.320542
vt 0.705987 0.320542
vt 0.705987 0.320542
vt 0.705987 0.320542
vt 0.705987 0.320542
vt 0.705987 0.320542
vt 0.699378 0.465847
vt 0.699378 0.465847
vt 0.699378 0.465847
vt 0.699334 0.320104
vt 0.699334 0.320104
vt 0.699334 0.320104
vt 0.702635 0.394241
vt 0.702635 0.394241
vt 0.702635 0.394241
vt 0.702612 0.320320
vt 0.702612 0.320320
vt 0.702612 0.320320
vt 0.705987 0.320542
vt 0.705987 0.320542
vt 0.705987 0.320542
vt 0.705987 0.320542
vt 0.705987 0.320542
vt 0.705987 0.320542
vt 0.705058 0.320481
vt 0.705058 0.320481
vt 0.705058 0.320481
vt 0.705065 0.340824
vt 0.705065 0.340824
vt 0.705065 0.340824
vt 0.699378 0.465847
vt 0.699378 0.465847
vt 0.699378 0.465847
vt 0.701034 0.429430
vt 0.701034 0.429430
vt 0.701034 0.429430
vt 0.699334 0.320104
vt 0.699334 0.320104
vt 0.699334 0.320104
vt 0.701001 0.320214
vt 0.701001 0.320214
vt 0.701001 0.320214
vt 0.703353 0.378445
vt 0.703353 0.378445
vt 0.703353 0.378445
vt 0.703353 0.378445
vt 0.703336 0.320368
vt 0.703336 0.320368
vt 0.703336 0.320368
vt 0.703336 0.320368
vt 0.702635 0.394241
vt 0.702635 0.394241
vt 0.702635 0.394241
vt 0.702635 0.394241
vt 0.702612 0.320320
vt 0.702612 0.320320
vt 0.702612 0.320320
vt 0.702612 0.320320
vt 0.705987 0.320542
vt 0.705987 0.320542
vt 0.705987 0.320542
vt 0.705987 0.320542
vt 0.705987 0.320542
vt 0.705987 0.320542
vt 0.705058 0.320481
vt 0.705058 0.320481
vt 0.705058 0.320481
vt 0.705058 0.320481
vt 0.705065 0.340824
vt 0.705065 0.340824
vt 0.705065 0.340824
vt 0.705065 0.340824
vt 0.699378 0.465847
vt 0.699378 0.465847
vt 0.699378 0.465847
vt 0.701034 0.429430
vt 0.701034 0.429430
vt 0.701034 0.429430
vt 0.701034 0.429430
vt 0.699334 0.320104
vt 0.699334 0.320104
vt 0.699334 0.320104
vt 0.701001 0.320214
vt 0.701001 0.320214
vt 0.701001 0.320214
vt 0.701001 0.320214
vt 0.488151 0.328336
vt 0.488151 0.328336
vt 0.487068 0.694552
vt 0.499745 0.617082
vt 0.499745 0.617082
vt 0.487068 0.694552
vt 0.488151 0.328336
vt 0.488151 0.328336
vt 0.488151 0.328336
vt 0.493165 0.328030
vt 0.488060 0.328327
vt 0.488106 0.285557
vt 0.493163 0.285867
vt 0.549152 0.322643
vt 0.549152 0.322643
vt 0.488151 0.285553
vt 0.488151 0.285553
vt 0.488151 0.285553
vt 0.549152 0.322643
vt 0.488151 0.285553
vt 0.488151 0.285553
vt 0.488151 0.285553
vt 0.489000 0.271400
vt 0.489000 0.271400
vt 0.489000 0.271400
vt 0.857535 0.291019
vt 0.498863 0.281856
vt 0.498863 0.281856
vt 0.558637 0.315881
vt 0.559863 0.318947
vt 0.498863 0.281856
vt 0.498863 0.281856
vt 0.498863 0.281856
vt 0.559863 0.318946
vt 0.555080 0.299249
vt 0.498758 0.281905
vt 0.926878 0.257582
vt 0.926878 0.257582
vt 0.555068 0.299770
vt 0.846876 0.315130
vt 0.846876 0.315130
vt 0.926878 0.257582
vt 0.846876 0.315130
vt 0.846876 0.315130
vt 0.846876 0.315130
vt 0.846876 0.315130
vt 0.846876 0.315130
vt 0.846876 0.315130
vt 0.846876 0.315130
vt 0.846876 0.315130
vt 0.846876 0.315130
vt 0.846876 0.315130
vt 0.846876 0.315130
vt 0.846876 0.315130
vt 0.782656 0.352591
vt 0.782656 0.352591
vt 0.846876 0.315130
vt 0.782656 0.352591
vt 0.782656 0.352591
vt 0.782656 0.352591
vt 0.705058 0.320481
vt 0.705058 0.320481
vt 0.782656 0.352591
vt 0.782663 0.372934
vt 0.782663 0.372934
vt 0.705065 0.340824
vt 0.782663 0.372934
vt 0.782663 0.372934
vt 0.782663 0.372934
vt 0.846882 0.335472
vt 0.846882 0.335472
vt 0.782663 0.372934
vt 0.847804 0.315191
vt 0.846882 0.335472
vt 0.847804 0.315191
vt 0.847804 0.315191
vt 0.847804 0.315191
vt 0.846834 0.460764
vt 0.847804 0.315191
vt 0.847804 0.315191
vt 0.846834 0.460764
vt 0.975016 0.460046
vt 0.847804 0.315191
vt 0.555066 0.308861
vt 0.555066 0.308861
vt 0.975016 0.460046
vt 0.498965 0.332233
vt 0.555081 0.309419
vt 0.498863 0.332033
vt 0.498863 0.332033
vt 0.498863 0.332033
vt 0.504696 0.700636
vt 0.504696 0.700636
vt 0.498863 0.332033
vt 0.517373 0.623166
vt 0.517373 0.623166
vt 0.504696 0.700636
vt 0.517373 0.623166
vt 0.517373 0.623166
vt 0.517373 0.623166
vt 0.501141 0.640373
vt 0.501141 0.640373
vt 0.501141 0.640373
vt 0.499745 0.617082
vt 0.499745 0.617082
vt 0.499745 0.617082
vt 0.493173 0.695193
vt 0.491861 0.328726
vt 0.491861 0.328726
vt 0.491861 0.328726
vt 0.491861 0.328726
vt 0.491861 0.328726
vt 0.492674 0.328030
vt 0.486152 0.328126
vt 0.536398 0.356037
vt 0.491730 0.285176
vt 0.830438 0.303817
vt 0.551635 0.319188
vt 0.552861 0.322253
vt 0.551635 0.319188
vt 0.830438 0.303817
vt 0.491861 0.285163
vt 0.830438 0.303817
vt 0.491861 0.285163
vt 0.491861 0.285163
vt 0.490876 0.277174
vt 0.490876 0.277174
vt 0.490876 0.277174
vt 0.499746 0.281346
vt 0.499746 0.281346
vt 0.499746 0.281346
vt 0.560746 0.318437
vt 0.499746 0.281346
vt 0.499746 0.281346
vt 0.499746 0.281346
vt 0.560746 0.318437
vt 0.560746 0.318437
vt 0.555143 0.299251
vt 0.499651 0.281401
vt 0.440806 0.390181
vt 0.925781 0.257509
vt 0.925781 0.257509
vt 0.925781 0.257509
vt 0.845153 0.315016
vt 0.845153 0.315016
vt 0.845153 0.315016
vt 0.845153 0.315016
vt 0.845153 0.315016
vt 0.845153 0.315016
vt 0.845153 0.315016
vt 0.845153 0.315016
vt 0.845153 0.315016
vt 0.845153 0.315016
vt 0.845153 0.315016
vt 0.845153 0.315016
vt 0.845153 0.315016
vt 0.845153 0.315016
vt 0.845153 0.315016
vt 0.780934 0.352477
vt 0.780934 0.352477
vt 0.780934 0.352477
vt 0.780934 0.352477
vt 0.780934 0.352477
vt 0.780934 0.352477
vt 0.703336 0.320368
vt 0.703336 0.320368
vt 0.697960 0.510524
vt 0.705987 0.320542
vt 0.705987 0.320542
vt 0.783585 0.352652
vt 0.697960 0.510524
vt 0.783585 0.352652
vt 0.847804 0.315191
vt 0.783585 0.352652
vt 0.783585 0.352652
vt 0.841151 0.314753
vt 0.847804 0.315191
vt 0.847804 0.315191
vt 0.841151 0.314753
vt 0.841151 0.314753
vt 0.847804 0.315191
vt 0.856811 0.460808
vt 0.847749 0.460808
vt 0.994329 0.339663
vt 0.847749 0.460808
vt 0.847749 0.460808
vt 0.555123 0.308863
vt 0.994329 0.339663
vt 0.975599 0.460074
vt 0.440834 0.476043
vt 0.497196 0.331216
vt 0.499746 0.332543
vt 0.499746 0.332543
vt 0.499746 0.332543
vt 0.506150 0.701475
vt 0.499746 0.332543
vt 0.499746 0.332543
vt 0.518826 0.624005
vt 0.506150 0.701475
vt 0.506150 0.701475
vt 0.518826 0.624005
vt 0.518826 0.624005
vt 0.518826 0.624005
vt 0.499477 0.645495
vt 0.499477 0.645495
vt 0.499477 0.645495
vt 0.499477 0.645495
vt 0.499477 0.645495
vt 0.499477 0.645495
vt 0.499477 0.645495
vt 0.499477 0.645495
vt 0.499477 0.645495
vt 0.499477 0.645495
vt 0.499477 0.645495
vt 0.499477 0.645495
vt 0.499477 0.645495
vt 0.499477 0.645495
vt 0.505850 0.617723
vt 0.505850 0.617723
vt 0.505850 0.617723
vt 0.505850 0.617723
vt 0.493173 0.695193
vt 0.493173 0.695193
vt 0.494075 0.328030
vt 0.491601 0.328699
vt 0.851195 0.294679
vt 0.851195 0.294679
vt 0.497224 0.282802
vt 0.556999 0.316827
vt 0.556999 0.316827
vt 0.851195 0.294679
vt 0.851195 0.294679
vt 0.497224 0.282802
vt 0.556999 0.316827
vt 0.554963 0.299246
vt 0.497101 0.282842
vt 0.780951 0.410555
vt 0.780951 0.410555
vt 0.703353 0.378445
vt 0.780951 0.410555
vt 0.780951 0.410555
vt 0.780951 0.410555
vt 0.845170 0.373094
vt 0.845170 0.373094
vt 0.780951 0.410555
vt 0.847804 0.315191
vt 0.845170 0.373094
vt 0.847804 0.315191
vt 0.847804 0.315191
vt 0.847804 0.315191
vt 0.845137 0.460683
vt 0.847804 0.315191
vt 0.847804 0.315191
vt 0.845137 0.460683
vt 0.973935 0.459994
vt 0.847804 0.315191
vt 0.440798 0.471032
vt 0.554960 0.308856
vt 0.973935 0.459994
vt 0.497224 0.331087
vt 0.497224 0.331087
vt 0.497224 0.331087
vt 0.502000 0.699079
vt 0.502000 0.699079
vt 0.497224 0.331087
vt 0.514677 0.621609
vt 0.514677 0.621609
vt 0.502000 0.699079
vt 0.514677 0.621609
vt 0.514677 0.621609
vt 0.514677 0.621609
vt 0.504229 0.630870
vt 0.504229 0.630870
vt 0.504229 0.630870
vt 0.495736 0.695463
vt 0.493418 0.328890
vt 0.493418 0.328890
vt 0.493418 0.328890
vt 0.493418 0.328890
vt 0.493418 0.328890
vt 0.438205 0.385520
vt 0.835823 0.303251
vt 0.836465 0.303183
vt 0.553193 0.319024
vt 0.553193 0.319024
vt 0.553193 0.319024
vt 0.836465 0.303183
vt 0.836465 0.303183
vt 0.836465 0.303183
vt 0.493418 0.284999
vt 0.493418 0.284999
vt 0.491664 0.279598
vt 0.491664 0.279598
vt 0.440405 0.390154
vt 0.925320 0.257479
vt 0.925320 0.257479
vt 0.925320 0.257479
vt 0.844430 0.314969
vt 0.844430 0.314969
vt 0.844430 0.314969
vt 0.844430 0.314969
vt 0.844430 0.314969
vt 0.844430 0.314969
vt 0.844430 0.314969
vt 0.844430 0.314969
vt 0.844430 0.314969
vt 0.844430 0.314969
vt 0.844430 0.314969
vt 0.844430 0.314969
vt 0.844430 0.314969
vt 0.844430 0.314969
vt 0.844430 0.314969
vt 0.780210 0.352430
vt 0.780210 0.352430
vt 0.780210 0.352430
vt 0.780210 0.352430
vt 0.780210 0.352430
vt 0.780210 0.352430
vt 0.702612 0.320320
vt 0.702612 0.320320
vt 0.440396 0.476043
vt 0.496454 0.330790
vt 0.508413 0.617993
vt 0.508413 0.617993
vt 0.508413 0.617993
vt 0.508413 0.617993
vt 0.495736 0.695463
vt 0.495736 0.695463
vt 0.513545 0.620956
vt 0.513545 0.620956
vt 0.513545 0.620956
vt 0.505525 0.626881
vt 0.505525 0.626881
vt 0.500868 0.698426
vt 0.500868 0.698426
vt 0.513545 0.620956
vt 0.496537 0.330690
vt 0.496537 0.330690
vt 0.500868 0.698426
vt 0.496537 0.330690
vt 0.496537 0.330690
vt 0.496537 0.330690
vt 0.973481 0.459973
vt 0.973481 0.459973
vt 0.440402 0.471013
vt 0.847804 0.315191
vt 0.973481 0.459973
vt 0.844424 0.460649
vt 0.847804 0.315191
vt 0.847804 0.315191
vt 0.844424 0.460649
vt 0.847804 0.315191
vt 0.847804 0.315191
vt 0.847804 0.315191
vt 0.844452 0.388889
vt 0.847804 0.315191
vt 0.780233 0.426350
vt 0.780233 0.426350
vt 0.844452 0.388889
vt 0.780233 0.426350
vt 0.780233 0.426350
vt 0.780233 0.426350
vt 0.702635 0.394241
vt 0.702635 0.394241
vt 0.780233 0.426350
vt 0.848026 0.296355
vt 0.440392 0.385569
vt 0.556311 0.317224
vt 0.556311 0.317224
vt 0.848533 0.296216
vt 0.848533 0.296216
vt 0.848533 0.296216
vt 0.556311 0.317224
vt 0.496537 0.283199
vt 0.496537 0.283199
vt 0.848533 0.296216
vt 0.439421 0.476043
vt 0.494799 0.329839
vt 0.778599 0.352324
vt 0.701001 0.320214
vt 0.701001 0.320214
vt 0.778599 0.352324
vt 0.778599 0.352324
vt 0.778599 0.352324
vt 0.842818 0.314862
vt 0.778599 0.352324
vt 0.778599 0.352324
vt 0.842818 0.314862
vt 0.842818 0.314862
vt 0.842818 0.314862
vt 0.842818 0.314862
vt 0.842818 0.314862
vt 0.842818 0.314862
vt 0.842818 0.314862
vt 0.842818 0.314862
vt 0.842818 0.314862
vt 0.842818 0.314862
vt 0.842818 0.314862
vt 0.842818 0.314862
vt 0.924294 0.257411
vt 0.842818 0.314862
vt 0.842818 0.314862
vt 0.439511 0.390096
vt 0.924294 0.257411
vt 0.924294 0.257411
vt 0.498346 0.696970
vt 0.498346 0.696970
vt 0.511023 0.619500
vt 0.511023 0.619500
vt 0.511023 0.619500
vt 0.495004 0.329806
vt 0.495004 0.329806
vt 0.498346 0.696970
vt 0.495004 0.329806
vt 0.495004 0.329806
vt 0.495004 0.329806
vt 0.972471 0.459925
vt 0.972471 0.459925
vt 0.439521 0.470971
vt 0.847804 0.315191
vt 0.972471 0.459925
vt 0.842837 0.460574
vt 0.847804 0.315191
vt 0.847804 0.315191
vt 0.842837 0.460574
vt 0.847804 0.315191
vt 0.847804 0.315191
vt 0.847804 0.315191
vt 0.842851 0.424079
vt 0.847804 0.315191
vt 0.778632 0.461540
vt 0.778632 0.461540
vt 0.842851 0.424079
vt 0.778632 0.461540
vt 0.778632 0.461540
vt 0.778632 0.461540
vt 0.701034 0.429430
vt 0.701034 0.429430
vt 0.778632 0.461540
vt 0.842029 0.299744
vt 0.439419 0.385544
vt 0.554778 0.318109
vt 0.554778 0.318109
vt 0.842602 0.299640
vt 0.842603 0.299640
vt 0.842603 0.299640
vt 0.554778 0.318109
vt 0.495004 0.284083
vt 0.842603 0.299640
vt 0.537450 0.470766
vt 0.493087 0.328855
vt 0.776932 0.352214
vt 0.699334 0.320104
vt 0.699334 0.320104
vt 0.776932 0.352214
vt 0.776932 0.352214
vt 0.776932 0.352214
vt 0.841151 0.314753
vt 0.776932 0.352214
vt 0.776932 0.352214
vt 0.841151 0.314753
vt 0.841151 0.314753
vt 0.841151 0.314753
vt 0.847749 0.460808
vt 0.841151 0.314753
vt 0.841151 0.314753
vt 0.841151 0.314753
vt 0.841151 0.314753
vt 0.841151 0.314753
vt 0.990127 0.246638
vt 0.841151 0.314753
vt 0.841151 0.314753
vt 0.438585 0.390035
vt 0.990127 0.246638
vt 0.923232 0.257342
vt 0.776976 0.497957
vt 0.776976 0.497957
vt 0.699378 0.465847
vt 0.697960 0.510524
vt 0.783585 0.352652
vt 0.705987 0.320542
vt 0.776976 0.497957
vt 0.776976 0.497957
vt 0.776976 0.497957
vt 0.783585 0.352652
vt 0.783585 0.352652
vt 0.783585 0.352652
vt 0.841195 0.460496
vt 0.841195 0.460496
vt 0.776976 0.497957
vt 0.847804 0.315191
vt 0.847804 0.315191
vt 0.783585 0.352652
vt 0.841195 0.460496
vt 0.841195 0.460496
vt 0.841195 0.460496
vt 0.847804 0.315191
vt 0.847749 0.460808
vt 0.847804 0.315191
vt 0.847804 0.315191
vt 0.841151 0.314753
vt 0.841151 0.314753
vt 0.841151 0.314753
vt 0.841151 0.314753
vt 0.841151 0.314753
vt 0.841151 0.314753
vt 0.841151 0.314753
vt 0.841151 0.314753
vt 0.841151 0.314753
vt 0.841151 0.314753
vt 0.841151 0.314753
vt 0.841151 0.314753
vt 0.847749 0.460808
vt 0.841151 0.314753
vt 0.847749 0.460808
vt 0.847749 0.460808
vt 0.847749 0.460808
vt 0.847749 0.460808
vt 0.847749 0.460808
vt 0.847749 0.460808
vt 0.847749 0.460808
vt 0.847749 0.460808
vt 0.847749 0.460808
vt 0.847749 0.460808
vt 0.847749 0.460808
vt 0.847749 0.460808
vt 0.847804 0.315191
vt 0.847749 0.460808
vt 0.847804 0.315191
vt 0.847749 0.460808
vt 0.847749 0.460808
vt 0.841195 0.460496
vt 0.841195 0.460496
vt 0.841195 0.460496
vt 0.841195 0.460496
vt 0.841195 0.460496
vt 0.847804 0.315191
vt 0.841195 0.460496
vt 0.841195 0.460496
vt 0.841195 0.460496
vt 0.841195 0.460496
vt 0.841151 0.314753
vt 0.841151 0.314753
vt 0.841195 0.460496
vt 0.841195 0.460496
vt 0.847749 0.460808
vt 0.847749 0.460808
vt 0.841151 0.314753
vt 0.847749 0.460808
vt 0.847749 0.492763
vt 0.847749 0.460808
vt 0.847749 0.460808
vt 0.847749 0.460808
vt 0.847804 0.315191
vt 0.847804 0.315191
vt 0.847749 0.492763
vt 0.841151 0.314753
vt 0.841195 0.460496
vt 0.841195 0.460496
vt 0.841195 0.460496
vt 0.841151 0.314753
vt 0.847749 0.460808
vt 0.847804 0.315191
vt 0.847749 0.460808
vt 0.847804 0.315191
vt 0.847804 0.315191
vt 0.847804 0.315191
vt 0.847804 0.315191
vt 0.847749 0.460808
vt 0.847749 0.460808
vt 0.847804 0.315191
vt 0.847804 0.315191
vt 0.847749 0.460808
vt 0.847749 0.460808
vt 0.847749 0.460808
vt 0.841151 0.314753
vt 0.847749 0.460808
vt 0.994364 0.246917
vt 0.927470 0.257621
vt 0.847804 0.315191
vt 0.847804 0.315191
vt 0.850257 0.460496
vt 0.841195 0.460496
vt 0.841195 0.460496
vt 0.841195 0.460496
vt 0.841195 0.460496
vt 0.841195 0.460496
vt 0.850257 0.460496
vt 0.841151 0.314753
vt 0.841195 0.460496
vt 0.990155 0.339464
vt 0.971424 0.459875
vt 0.841151 0.314753
vt 0.847804 0.315191
vt 0.847804 0.315191
vt 0.438609 0.470928
vt 0.438609 0.470928
vt 0.971424 0.459875
vt 0.555126 0.299774
vt 0.555126 0.299774
vt 0.927470 0.257621
vt 0.555144 0.309419
vt 0.499918 0.332781
vt 0.504041 0.338454
vt 0.498297 0.328030
vt 0.498297 0.285859
vt 0.504041 0.275435
vt 0.486152 0.285763
vt 0.492674 0.285859
vt 0.528394 0.645495
vt 0.528394 0.645495
vt 0.528394 0.645495
vt 0.525894 0.657257
vt 0.525894 0.657257
vt 0.525894 0.657257
vt 0.525894 0.633733
vt 0.525894 0.633733
vt 0.525894 0.633733
vt 0.515718 0.722965
vt 0.515718 0.722965
vt 0.528394 0.645495
vt 0.513218 0.711203
vt 0.513218 0.711203
vt 0.525894 0.633733
vt 0.496454 0.616736
vt 0.496454 0.616736
vt 0.496454 0.616736
vt 0.485018 0.620452
vt 0.485018 0.620452
vt 0.485018 0.620452
vt 0.483777 0.694206
vt 0.483777 0.694206
vt 0.496454 0.616736
vt 0.476082 0.628498
vt 0.476082 0.628498
vt 0.476082 0.628498
vt 0.472341 0.697922
vt 0.472341 0.697922
vt 0.485018 0.620452
vt 0.471191 0.639483
vt 0.471191 0.639483
vt 0.471191 0.639483
vt 0.463405 0.705968
vt 0.463405 0.705968
vt 0.476082 0.628498
vt 0.471191 0.651507
vt 0.471191 0.651507
vt 0.471191 0.651507
vt 0.458514 0.716953
vt 0.458514 0.716953
vt 0.471191 0.639483
vt 0.476082 0.662493
vt 0.476082 0.662493
vt 0.476082 0.662493
vt 0.458514 0.728977
vt 0.458514 0.728977
vt 0.471191 0.651507
vt 0.485018 0.670539
vt 0.485018 0.670539
vt 0.485018 0.670539
vt 0.463405 0.739963
vt 0.463405 0.739963
vt 0.476082 0.662493
vt 0.496454 0.674254
vt 0.496454 0.674254
vt 0.496454 0.674254
vt 0.472341 0.748009
vt 0.472341 0.748009
vt 0.485018 0.670539
vt 0.508413 0.672998
vt 0.508413 0.672998
vt 0.508413 0.672998
vt 0.483777 0.751724
vt 0.483777 0.751724
vt 0.496454 0.674254
vt 0.518826 0.666985
vt 0.518826 0.666985
vt 0.518826 0.666985
vt 0.495736 0.750468
vt 0.495736 0.750468
vt 0.508413 0.672998
vt 0.506150 0.744455
vt 0.506150 0.744455
vt 0.518826 0.666985
vt 0.513218 0.734727
vt 0.513218 0.734727
vt 0.525894 0.657257
vt 0.505560 0.268288
vt 0.566560 0.305379
vt 0.566560 0.305379
vt 0.565041 0.298232
vt 0.504041 0.261141
vt 0.504041 0.261141
vt 0.566560 0.305379
vt 0.505560 0.268288
vt 0.505560 0.268288
vt 0.504041 0.261141
vt 0.565041 0.298232
vt 0.565041 0.298232
vt 0.504041 0.275435
vt 0.565041 0.312525
vt 0.565041 0.312525
vt 0.505560 0.268288
vt 0.505560 0.268288
vt 0.505560 0.268288
vt 0.565041 0.312525
vt 0.504041 0.275435
vt 0.504041 0.275435
vt 0.500171 0.285859
vt 0.505560 0.268288
vt 0.504041 0.275435
vt 0.504041 0.275435
vt 0.504041 0.275435
vt 0.486152 0.285763
vt 0.547152 0.322853
vt 0.547152 0.322853
vt 0.547152 0.322853
vt 0.486152 0.285763
vt 0.486152 0.285763
vt 0.479203 0.283505
vt 0.540203 0.320596
vt 0.540203 0.320596
vt 0.486152 0.285763
vt 0.486152 0.285763
vt 0.486152 0.285763
vt 0.540203 0.320596
vt 0.479203 0.283505
vt 0.479203 0.283505
vt 0.473773 0.278616
vt 0.534774 0.315707
vt 0.534774 0.315707
vt 0.479203 0.283505
vt 0.479203 0.283505
vt 0.479203 0.283505
vt 0.534774 0.315707
vt 0.473773 0.278616
vt 0.473773 0.278616
vt 0.490800 0.285859
vt 0.479203 0.283505
vt 0.470801 0.271941
vt 0.531802 0.309032
vt 0.531802 0.309032
vt 0.473773 0.278616
vt 0.473773 0.278616
vt 0.473773 0.278616
vt 0.531802 0.309032
vt 0.470801 0.271941
vt 0.470801 0.271941
vt 0.488926 0.285859
vt 0.473773 0.278616
vt 0.470801 0.264634
vt 0.531802 0.301725
vt 0.531802 0.301725
vt 0.470801 0.271941
vt 0.470801 0.271941
vt 0.470801 0.271941
vt 0.531802 0.301725
vt 0.470801 0.264634
vt 0.470801 0.264634
vt 0.487051 0.285859
vt 0.470801 0.271941
vt 0.473773 0.257960
vt 0.534774 0.295050
vt 0.534774 0.295050
vt 0.470801 0.264634
vt 0.470801 0.264634
vt 0.470801 0.264634
vt 0.534774 0.295050
vt 0.473773 0.257960
vt 0.473773 0.257960
vt 0.485177 0.285859
vt 0.470801 0.264634
vt 0.479203 0.253071
vt 0.540203 0.290161
vt 0.540203 0.290161
vt 0.473773 0.257960
vt 0.473773 0.257960
vt 0.473773 0.257960
vt 0.540203 0.290161
vt 0.479203 0.253071
vt 0.479203 0.253071
vt 0.483303 0.285859
vt 0.473773 0.257960
vt 0.486152 0.250813
vt 0.547152 0.287904
vt 0.547152 0.287904
vt 0.479203 0.253071
vt 0.479203 0.253071
vt 0.479203 0.253071
vt 0.547152 0.287904
vt 0.486152 0.250813
vt 0.486152 0.250813
vt 0.481429 0.285859
vt 0.479203 0.253071
vt 0.493418 0.251577
vt 0.554419 0.288667
vt 0.554419 0.288667
vt 0.486152 0.250813
vt 0.486152 0.250813
vt 0.486152 0.250813
vt 0.554419 0.288667
vt 0.493418 0.251577
vt 0.493418 0.251577
vt 0.479554 0.285859
vt 0.486152 0.250813
vt 0.499746 0.255230
vt 0.560746 0.292321
vt 0.560746 0.292321
vt 0.493418 0.251577
vt 0.493418 0.251577
vt 0.493418 0.251577
vt 0.560746 0.292321
vt 0.499746 0.255230
vt 0.499746 0.255230
vt 0.477680 0.285859
vt 0.493418 0.251577
vt 0.499746 0.255230
vt 0.499746 0.255230
vt 0.499746 0.255230
vt 0.504041 0.261141
vt 0.504041 0.261141
vt 0.504041 0.261141
vt 0.475806 0.285859
vt 0.499746 0.255230
vt 0.504041 0.261141
vt 0.487988 0.268288
vt 0.487988 0.268288
vt 0.487988 0.268288
vt 0.487988 0.268288
vt 0.487988 0.268288
vt 0.487988 0.268288
vt 0.487988 0.268288
vt 0.487988 0.268288
vt 0.487988 0.268288
vt 0.487988 0.268288
vt 0.487988 0.268288
vt 0.487988 0.268288
vt 0.487988 0.268288
vt 0.487988 0.268288
vt 0.505560 0.345601
vt 0.515718 0.722965
vt 0.515718 0.722965
vt 0.513218 0.734727
vt 0.504041 0.352748
vt 0.504041 0.352748
vt 0.505560 0.345601
vt 0.505560 0.345601
vt 0.505560 0.345601
vt 0.504041 0.352748
vt 0.504041 0.352748
vt 0.504041 0.352748
vt 0.504041 0.338454
vt 0.513218 0.711203
vt 0.513218 0.711203
vt 0.504041 0.338454
vt 0.504041 0.338454
vt 0.504041 0.338454
vt 0.500171 0.328030
vt 0.505560 0.345601
vt 0.486152 0.328126
vt 0.483777 0.694206
vt 0.483777 0.694206
vt 0.486152 0.328126
vt 0.486152 0.328126
vt 0.486152 0.328126
vt 0.479203 0.330384
vt 0.472341 0.697922
vt 0.472341 0.697922
vt 0.479203 0.330384
vt 0.479203 0.330384
vt 0.479203 0.330384
vt 0.473773 0.335273
vt 0.463405 0.705968
vt 0.463405 0.705968
vt 0.473773 0.335273
vt 0.473773 0.335273
vt 0.473773 0.335273
vt 0.490800 0.328030
vt 0.479203 0.330384
vt 0.470801 0.341948
vt 0.458514 0.716953
vt 0.458514 0.716953
vt 0.470801 0.341948
vt 0.470801 0.341948
vt 0.470801 0.341948
vt 0.488926 0.328030
vt 0.473773 0.335273
vt 0.470801 0.349254
vt 0.458514 0.728977
vt 0.458514 0.728977
vt 0.470801 0.349254
vt 0.470801 0.349254
vt 0.470801 0.349254
vt 0.487051 0.328030
vt 0.470801 0.341948
vt 0.473773 0.355929
vt 0.463405 0.739963
vt 0.463405 0.739963
vt 0.473773 0.355929
vt 0.473773 0.355929
vt 0.473773 0.355929
vt 0.485177 0.328030
vt 0.470801 0.349254
vt 0.479203 0.360818
vt 0.472341 0.748009
vt 0.472341 0.748009
vt 0.479203 0.360818
vt 0.479203 0.360818
vt 0.479203 0.360818
vt 0.483303 0.328030
vt 0.473773 0.355929
vt 0.486152 0.363076
vt 0.483777 0.751724
vt 0.483777 0.751724
vt 0.486152 0.363076
vt 0.486152 0.363076
vt 0.486152 0.363076
vt 0.481429 0.328030
vt 0.479203 0.360818
vt 0.493418 0.362312
vt 0.495736 0.750468
vt 0.495736 0.750468
vt 0.493418 0.362312
vt 0.493418 0.362312
vt 0.493418 0.362312
vt 0.479554 0.328030
vt 0.486152 0.363076
vt 0.499746 0.358659
vt 0.506150 0.744455
vt 0.506150 0.744455
vt 0.499746 0.358659
vt 0.499746 0.358659
vt 0.499746 0.358659
vt 0.477680 0.328030
vt 0.493418 0.362312
vt 0.475806 0.328030
vt 0.499746 0.358659
vt 0.504041 0.352748
vt 0.856811 0.492763
vt 0.975599 0.492029
vt 0.856811 0.492763
vt 0.847804 0.315191
vt 0.847804 0.315191
vt 0.847804 0.315191
vt 0.841151 0.314753
vt 0.923232 0.257342
vt 0.841151 0.314753
vt 0.841151 0.314753
vt 0.850257 0.492451
vt 0.850257 0.492451
vt 0.847804 0.315191
vt 0.847804 0.315191
vt 0.847804 0.315191
vt 0.847749 0.460808
vt 0.856811 0.460808
vt 0.847749 0.460808
vt 0.856811 0.460808
vt 0.856811 0.460808
vt 0.847804 0.315191
vt 0.841151 0.314753
vt 0.841151 0.314753
vt 0.841151 0.314753
vt 0.841151 0.314753
vt 0.841195 0.460496
vt 0.847749 0.460808
vt 0.847749 0.460808
vt 0.847749 0.460808
vt 0.841151 0.314753
vt 0.841151 0.314753
vt 0.841195 0.460496
vt 0.847804 0.315191
vt 0.641768 0.358003
vt 0.697960 0.510524
vt 0.783585 0.352652
vt 0.847804 0.315191
vt 0.847804 0.315191
vt 0.847804 0.315191
vt 0.847749 0.460808
vt 0.847804 0.315191
vt 0.847804 0.315191
vt 0.975599 0.492029
vt 0.705987 0.320542
vt 0.705987 0.320542
vt 0.705987 0.320542
vt 0.705987 0.320542
vt 0.705987 0.320542
vt 0.705987 0.320542
vt 0.705987 0.320542
vt 0.705987 0.320542
vt 0.705987 0.320542
vn 0.997165 0.075240 0.000272
vn 0.880356 0.474311 -0.001236
vn 0.880356 0.474312 -0.001236
vn 0.997166 0.075239 0.000272
vn 0.611322 0.791378 -0.002536
vn 0.611321 0.791379 -0.002536
vn 0.236570 0.971609 -0.003386
vn 0.236570 0.971609 -0.003386
vn -0.179057 0.983832 -0.003647
vn -0.179057 0.983832 -0.003647
vn -0.563751 0.825938 -0.003287
vn -0.563749 0.825939 -0.003287
vn -0.850949 0.525242 -0.002364
vn -0.850950 0.525242 -0.002364
vn -0.991016 0.133738 -0.001034
vn -0.991016 0.133737 -0.001034
vn -0.959734 -0.280911 0.000477
vn -0.959733 -0.280912 0.000477
vn -0.762502 -0.646983 0.001900
vn -0.762502 -0.646983 0.001900
vn -0.535807 -0.844336 0.002684
vn -0.535669 -0.844424 0.002684
vn 0.717542 -0.696507 0.003356
vn 0.941561 -0.336839 0.001727
vn 0.941561 -0.336838 0.001727
vn 0.717032 -0.697032 0.003359
vn 0.000747 -0.003513 -0.999994
vn 0.000771 -0.003609 -0.999993
vn 0.000545 -0.003608 -0.999993
vn 0.000684 -0.003436 -0.999994
vn 0.000595 -0.003393 -0.999994
vn 0.000496 -0.003391 -0.999994
vn 0.000405 -0.003432 -0.999994
vn 0.000338 -0.003508 -0.999994
vn 0.000309 -0.003609 -0.999993
vn 0.000349 -0.003705 -0.999993
vn 0.000429 -0.003748 -0.999993
vn 0.000465 -0.003738 -0.999993
vn 0.000544 -0.003608 -0.999993
vn 0.000509 -0.003757 -0.999993
vn 0.000544 -0.003609 -0.999993
vn 0.000600 -0.003914 -0.999992
vn 0.000600 -0.003892 -0.999992
vn 0.000495 -0.003914 -0.999992
vn 0.000689 -0.003793 -0.999993
vn 0.000564 -0.003664 -0.999993
vn 0.000752 -0.003709 -0.999993
vn -0.000545 0.003609 0.999993
vn -0.000551 0.003620 0.999993
vn -0.000545 0.003611 0.999993
vn -0.000542 0.003620 0.999993
vn -0.000531 0.003609 0.999993
vn -0.000552 0.003607 0.999993
vn -0.000553 0.003616 0.999993
vn -0.000541 0.003618 0.999993
vn -0.000547 0.003609 0.999993
vn -0.000546 0.003609 0.999993
vn -0.000546 0.003606 0.999993
vn -0.000542 0.003604 0.999993
vn -0.000532 0.003599 0.999993
vn -0.000544 0.003600 0.999993
vn -0.000533 0.003600 0.999993
vn -0.000545 0.003606 0.999993
vn -0.000573 0.003587 0.999993
vn -0.000553 0.003585 0.999993
vn -0.000549 0.003605 0.999993
vn -0.000546 0.003607 0.999993
vn -0.000546 0.003608 0.999993
vn 0.997164 0.075256 0.000288
vn 0.880359 0.474306 -0.001267
vn 0.880347 0.474328 -0.001267
vn 0.997166 0.075228 0.000289
vn 0.611319 0.791380 -0.002553
vn 0.611314 0.791384 -0.002553
vn 0.236584 0.971605 -0.003343
vn 0.236582 0.971606 -0.003343
vn -0.179048 0.983833 -0.003767
vn -0.179048 0.983833 -0.003767
vn -0.563753 0.825936 -0.003571
vn -0.563738 0.825946 -0.003571
vn -0.850954 0.525235 -0.002593
vn -0.850955 0.525232 -0.002593
vn -0.991017 0.133733 -0.001132
vn -0.991017 0.133731 -0.001132
vn -0.959732 -0.280916 0.000485
vn -0.959732 -0.280918 0.000485
vn -0.762499 -0.646987 0.001950
vn -0.762497 -0.646989 0.001950
vn -0.538374 -0.842701 0.002747
vn -0.538375 -0.842701 0.002747
vn -0.236578 -0.971607 0.003281
vn -0.236578 -0.971607 0.003281
vn -0.012801 -0.999911 0.003650
vn 0.179083 -0.983826 0.003850
vn 0.179083 -0.983827 0.003850
vn -0.012801 -0.999911 0.003650
vn 0.521499 -0.853245 0.003404
vn 0.723149 -0.690686 0.002904
vn 0.723148 -0.690687 0.002904
vn 0.521497 -0.853246 0.003404
vn 0.941560 -0.336840 0.001727
vn 0.941560 -0.336841 0.001727
vn -0.000552 0.003608 0.999993
vn -0.000548 0.003607 0.999993
vn -0.000548 0.003607 0.999993
vn -0.000552 0.003608 0.999993
vn -0.000546 0.003608 0.999993
vn -0.000545 0.003608 0.999993
vn -0.000545 0.003608 0.999993
vn -0.000546 0.003608 0.999993
vn -0.000544 0.003610 0.999993
vn -0.000544 0.003610 0.999993
vn -0.000545 0.003608 0.999993
vn -0.000545 0.003608 0.999993
vn -0.000545 0.003610 0.999993
vn -0.000545 0.003610 0.999993
vn -0.000545 0.003608 0.999993
vn -0.000545 0.003608 0.999993
vn -0.000546 0.003609 0.999993
vn -0.000546 0.003609 0.999993
vn -0.000546 0.003609 0.999993
vn -0.000546 0.003609 0.999993
vn -0.000546 0.003609 0.999993
vn -0.000546 0.003609 0.999993
vn -0.000546 0.003609 0.999993
vn -0.000546 0.003609 0.999993
vn -0.000545 0.003608 0.999993
vn -0.000545 0.003608 0.999993
vn -0.000545 0.003609 0.999993
vn -0.000545 0.003609 0.999993
vn -0.000545 0.003608 0.999993
vn -0.000545 0.003608 0.999993
vn -0.000545 0.003609 0.999993
vn -0.000545 0.003609 0.999993
vn -0.000549 0.003606 0.999993
vn -0.000549 0.003606 0.999993
vn -0.000546 0.003608 0.999993
vn -0.000546 0.003608 0.999993
vn -0.000551 0.003604 0.999993
vn -0.000551 0.003604 0.999993
vn -0.000546 0.003608 0.999993
vn -0.000546 0.003608 0.999993
vn -0.000549 0.003605 0.999993
vn -0.000549 0.003605 0.999993
vn -0.000545 0.003608 0.999993
vn -0.000545 0.003608 0.999993
vn -0.000543 0.003607 0.999993
vn -0.000543 0.003607 0.999993
vn -0.000553 0.003607 0.999993
vn -0.000552 0.003607 0.999993
vn -0.000548 0.003606 0.999993
vn -0.000548 0.003606 0.999993
vn -0.000546 0.003608 0.999993
vn -0.000547 0.003608 0.999993
vn -0.000547 0.003608 0.999993
vn -0.000546 0.003608 0.999993
vn -0.000546 0.003609 0.999993
vn -0.000549 0.003609 0.999993
vn -0.000549 0.003609 0.999993
vn -0.000546 0.003609 0.999993
vn -0.000545 0.003608 0.999993
vn -0.000545 0.003608 0.999993
vn 0.880344 0.474333 -0.001353
vn 0.997165 0.075250 0.000333
vn 0.997165 0.075246 0.000333
vn 0.880360 0.474305 -0.001352
vn 0.611319 0.791380 -0.002630
vn 0.611319 0.791380 -0.002630
vn 0.236593 0.971604 -0.003069
vn 0.236588 0.971605 -0.003069
vn -0.179064 0.983833 -0.002999
vn -0.179048 0.983836 -0.002999
vn -0.563748 0.825942 -0.002733
vn -0.563763 0.825932 -0.002733
vn -0.850931 0.525274 -0.001923
vn -0.850961 0.525225 -0.001923
vn -0.991016 0.133740 -0.000962
vn -0.991014 0.133752 -0.000962
vn -0.959721 -0.280953 -0.000253
vn -0.959727 -0.280934 -0.000253
vn -0.762512 -0.646973 0.001066
vn -0.762470 -0.647023 0.001067
vn -0.538384 -0.842696 0.002356
vn -0.538402 -0.842685 0.002355
vn -0.236575 -0.971608 0.003334
vn -0.236575 -0.971608 0.003334
vn 0.179046 -0.983835 0.003249
vn 0.179046 -0.983835 0.003249
vn -0.012823 -0.999913 0.003020
vn -0.012804 -0.999913 0.003020
vn 0.723161 -0.690672 0.003309
vn 0.521492 -0.853249 0.003480
vn 0.521504 -0.853242 0.003480
vn 0.723131 -0.690703 0.003309
vn 0.941570 -0.336810 0.002134
vn 0.941545 -0.336881 0.002134
vn -0.005216 0.001380 0.999985
vn -0.007530 0.003637 0.999965
vn -0.006511 0.002531 0.999976
vn -0.004727 0.001003 0.999988
vn 0.004743 -0.000989 -0.999988
vn 0.006496 -0.002534 -0.999976
vn -0.003351 0.000110 0.999994
vn -0.003183 0.000016 0.999995
vn 0.003199 0.000004 -0.999995
vn -0.001543 -0.000697 0.999999
vn -0.001653 -0.000660 0.999998
vn 0.001659 0.000686 -0.999998
vn 0.000535 -0.001194 0.999999
vn 0.000053 -0.001114 0.999999
vn -0.000058 0.001150 -0.999999
vn 0.003454 -0.001414 0.999993
vn 0.002219 -0.001377 0.999997
vn -0.002221 0.001396 -0.999997
vn 0.008723 -0.000864 0.999962
vn 0.005484 -0.001346 0.999984
vn -0.005425 0.001295 -0.999985
vn 0.025650 0.003680 0.999664
vn 0.011628 -0.000346 0.999932
vn -0.011627 0.000333 -0.999932
vn 0.074329 0.032922 -0.996690
vn 0.037417 0.007261 0.999273
vn -0.038669 -0.007385 -0.999225
vn 0.016856 0.016004 -0.999730
vn 0.041060 0.022414 -0.998905
vn -0.041275 -0.022516 0.998894
vn 0.015397 0.015617 -0.999759
vn 0.015397 0.015617 -0.999759
vn -0.013534 -0.016221 0.999777
vn -0.005979 -0.018704 0.999807
vn 0.007067 -0.038254 0.999243
vn 0.002853 -0.032028 0.999483
vn 0.013135 -0.011713 -0.999845
vn 0.035856 -0.055889 -0.997793
vn -0.011317 0.008876 0.999897
vn 0.023102 -0.031824 0.999226
vn -0.010721 0.008623 0.999905
vn -0.008898 0.005283 0.999946
vn 0.008866 -0.005281 -0.999947
vn 0.997167 0.075212 0.000273
vn 0.880357 0.474309 -0.001231
vn 0.880361 0.474303 -0.001231
vn 0.997168 0.075211 0.000273
vn 0.611346 0.791359 -0.002532
vn 0.611348 0.791358 -0.002532
vn 0.236575 0.971607 -0.003393
vn 0.236568 0.971609 -0.003393
vn -0.179038 0.983835 -0.003645
vn -0.179037 0.983835 -0.003645
vn -0.563696 0.825976 -0.003281
vn -0.563695 0.825977 -0.003281
vn -0.850972 0.525205 -0.002366
vn -0.850973 0.525205 -0.002366
vn -0.991018 0.133725 -0.001029
vn -0.991018 0.133722 -0.001029
vn -0.959734 -0.280911 0.000488
vn -0.959734 -0.280911 0.000488
vn -0.762492 -0.646995 0.001920
vn -0.762492 -0.646995 0.001920
vn -0.538367 -0.842706 0.002751
vn -0.538370 -0.842704 0.002751
vn -0.236505 -0.971624 0.003371
vn -0.236505 -0.971624 0.003371
vn -0.012934 -0.999910 0.003575
vn 0.178872 -0.983866 0.003630
vn 0.178872 -0.983866 0.003630
vn -0.012932 -0.999910 0.003575
vn 0.521482 -0.853256 0.003361
vn 0.723168 -0.690666 0.002885
vn 0.723169 -0.690665 0.002885
vn 0.521490 -0.853251 0.003361
vn 0.941560 -0.336841 0.001728
vn 0.941560 -0.336841 0.001728
vn 0.163953 -0.894906 -0.415046
vn 0.163953 -0.894906 -0.415046
vn 0.164017 -0.895114 -0.414570
vn 0.164029 -0.895153 -0.414482
vn -0.202844 -0.979209 0.002086
vn -0.199064 -0.979980 0.003461
vn -0.199064 -0.979980 0.003461
vn -0.202858 -0.979206 0.002081
vn 0.518014 -0.855356 0.005331
vn 0.537481 -0.843265 0.004271
vn 0.537514 -0.843244 0.004269
vn 0.518014 -0.855356 0.005331
vn 0.164560 -0.910714 0.378840
vn 0.164560 -0.910714 0.378840
vn 0.164599 -0.910878 0.378430
vn 0.164594 -0.910854 0.378489
vn -0.203221 -0.979129 0.002759
vn -0.203221 -0.979129 0.002758
vn -0.000545 0.003609 0.999993
vn -0.000545 0.003609 0.999993
vn -0.000546 0.003608 0.999993
vn -0.000547 0.003605 0.999993
vn -0.000547 0.003603 0.999993
vn -0.000546 0.003608 0.999993
vn -0.000546 0.003609 0.999993
vn -0.000546 0.003609 0.999993
vn 0.005996 0.018797 -0.999805
vn 0.005996 0.018797 -0.999805
vn 0.005996 0.018797 -0.999805
vn 0.005996 0.018797 -0.999805
vn 0.002545 -0.017196 0.999849
vn 0.002112 -0.014817 0.999888
vn -0.002556 -0.015842 0.999871
vn 0.001250 -0.012808 0.999917
vn 0.025379 -0.038051 0.998953
vn 0.015607 -0.036905 0.999197
vn 0.003913 -0.002992 -0.999988
vn 0.003914 -0.002992 -0.999988
vn 0.003914 -0.002992 -0.999988
vn 0.003913 -0.002992 -0.999988
vn 0.983807 0.179085 0.007235
vn 0.983807 0.179085 0.007235
vn 0.983807 0.179085 0.007235
vn 0.983807 0.179085 0.007235
vn -0.002979 0.003162 0.999991
vn -0.002979 0.003162 0.999991
vn -0.002980 0.003162 0.999991
vn -0.002980 0.003162 0.999991
vn -0.983824 -0.179040 0.005914
vn -0.983824 -0.179040 0.005914
vn -0.983824 -0.179040 0.005914
vn -0.983824 -0.179040 0.005914
vn -0.002612 -0.004179 -0.999988
vn 0.003905 -0.002994 -0.999988
vn 0.005592 -0.004115 -0.999976
vn -0.001692 -0.004197 -0.999990
vn 0.983809 0.179071 0.007260
vn 0.983809 0.179073 0.007262
vn 0.901699 0.432323 0.006032
vn 0.901926 0.431849 0.006027
vn -0.004808 0.004230 0.999979
vn -0.002986 0.003163 0.999991
vn 0.002921 0.004237 0.999987
vn 0.002026 0.004233 0.999989
vn -0.983821 -0.179057 0.005903
vn -0.983821 -0.179059 0.005904
vn -0.983822 -0.179053 0.005904
vn -0.983822 -0.179053 0.005903
vn -0.179054 0.983832 -0.003648
vn -0.179054 0.983832 -0.003648
vn -0.179054 0.983832 -0.003648
vn -0.179054 0.983833 -0.003648
vn -0.006942 0.002442 0.999973
vn -0.006053 0.005236 0.999968
vn -0.005915 0.005449 0.999968
vn -0.007784 0.002288 0.999967
vn 0.178930 -0.983855 0.003632
vn 0.178930 -0.983855 0.003632
vn 0.178930 -0.983855 0.003632
vn 0.178930 -0.983855 0.003632
vn 0.006209 -0.005181 -0.999967
vn 0.007082 -0.002415 -0.999972
vn 0.007772 -0.002289 -0.999967
vn 0.005913 -0.005445 -0.999968
vn -0.179064 0.983831 -0.003641
vn -0.179064 0.983831 -0.003647
vn -0.179066 0.983830 -0.003647
vn -0.179063 0.983831 -0.003642
vn -0.005723 -0.004404 -0.999974
vn -0.005144 -0.004640 -0.999976
vn 0.178885 -0.983860 0.004365
vn 0.178893 -0.983864 0.002964
vn 0.178684 -0.983901 0.003230
vn 0.178705 -0.983894 0.004052
vn 0.005182 0.004649 0.999976
vn 0.005770 0.004411 0.999974
vn -0.179083 0.983827 -0.003643
vn -0.179083 0.983827 -0.003643
vn -0.179062 0.983831 -0.003647
vn 0.179594 -0.983727 0.005249
vn 0.179592 -0.983727 0.005230
vn 0.178519 -0.983923 0.005089
vn -0.179033 0.983836 -0.003630
vn -0.179029 0.983837 -0.003630
vn -0.179029 0.983837 -0.003630
vn -0.179033 0.983836 -0.003630
vn 0.902259 0.431152 0.006013
vn 0.983814 0.179050 0.007199
vn 0.178919 -0.983857 0.003667
vn 0.178919 -0.983857 0.003667
vn 0.178919 -0.983857 0.003667
vn 0.178920 -0.983857 0.003667
vn 0.177759 -0.984062 0.004818
vn -0.983820 -0.179063 0.005898
vn -0.983822 -0.179053 0.005896
vn -0.179066 0.983830 -0.003648
vn -0.179073 0.983829 -0.003632
vn -0.179073 0.983829 -0.003632
vn -0.179062 0.983831 -0.003635
vn 0.179627 -0.983733 0.002086
vn 0.179627 -0.983733 0.002087
vn 0.178509 -0.983936 0.002201
vn 0.178938 -0.983853 0.003649
vn 0.178938 -0.983853 0.003649
vn 0.178938 -0.983853 0.003649
vn 0.178938 -0.983854 0.003649
vn 0.983810 0.179068 0.007233
vn 0.901367 0.433014 0.006022
vn -0.179050 0.983833 -0.003638
vn -0.179039 0.983835 -0.003635
vn -0.179039 0.983835 -0.003635
vn -0.179050 0.983833 -0.003638
vn -0.179060 0.983832 -0.003635
vn -0.983822 -0.179052 0.005893
vn -0.983821 -0.179058 0.005896
vn 0.177761 -0.984071 0.002467
vn -0.983809 -0.179073 -0.007231
vn -0.983809 -0.179073 -0.007231
vn -0.983809 -0.179073 -0.007231
vn -0.983809 -0.179073 -0.007231
vn -0.007779 0.002285 0.999967
vn -0.007779 0.002285 0.999967
vn -0.007779 0.002285 0.999967
vn -0.007779 0.002285 0.999967
vn 0.983808 0.179077 0.007265
vn 0.983808 0.179077 0.007265
vn 0.007776 -0.002285 -0.999967
vn 0.007776 -0.002285 -0.999967
vn 0.007776 -0.002285 -0.999967
vn 0.007776 -0.002285 -0.999967
vn 0.795097 0.606463 0.004805
vn 0.795088 0.606475 0.004798
vn -0.983823 -0.179047 0.005904
vn -0.983823 -0.179048 0.005902
vn 0.006774 -0.004850 -0.999965
vn -0.002312 -0.004199 -0.999988
vn 0.002031 -0.003864 -0.999990
vn 0.003282 -0.005226 -0.999981
vn 0.796499 0.604621 0.004814
vn -0.983824 -0.179043 0.005894
vn -0.006327 -0.004158 -0.999971
vn -0.006079 0.004920 0.999969
vn 0.002591 0.004211 0.999988
vn 0.796521 0.604592 0.004825
vn -0.003226 0.005253 0.999981
vn -0.002024 0.003875 0.999990
vn 0.006383 0.004163 0.999971
vn -0.983823 -0.179047 0.005891
vn -0.001169 0.002829 0.999995
vn -0.001169 0.002829 0.999995
vn -0.001169 0.002829 0.999995
vn -0.001169 0.002829 0.999995
vn -0.798825 -0.601555 -0.003082
vn -0.798825 -0.601555 -0.003082
vn -0.798825 -0.601555 -0.003082
vn -0.798825 -0.601555 -0.003082
vn 0.001174 -0.002825 -0.999995
vn 0.001174 -0.002825 -0.999995
vn 0.798822 0.601549 0.004839
vn 0.798822 0.601548 0.004839
vn 0.001169 -0.002836 -0.999995
vn 0.001169 -0.002836 -0.999995
vn 0.001169 -0.002836 -0.999995
vn 0.001169 -0.002836 -0.999995
vn 0.798819 0.601551 0.004850
vn 0.798819 0.601551 0.004850
vn -0.001165 0.002837 0.999995
vn -0.001165 0.002837 0.999995
vn -0.798821 -0.601562 -0.002621
vn -0.798821 -0.601562 -0.002621
vn -0.798821 -0.601562 -0.002621
vn -0.798821 -0.601562 -0.002621
vn -0.309509 -0.950889 0.003725
vn -0.309509 -0.950889 0.003725
vn -0.309509 -0.950889 0.003725
vn -0.309509 -0.950889 0.003725
vn 0.178365 -0.983645 -0.025070
vn 0.178354 -0.983512 -0.029891
vn 0.178354 -0.983506 -0.030082
vn 0.178365 -0.983645 -0.025070
vn 0.203427 -0.979083 0.003781
vn 0.203427 -0.979083 0.003781
vn 0.203427 -0.979083 0.003781
vn 0.203427 -0.979083 0.003781
vn 0.177760 -0.983362 0.037432
vn 0.177756 -0.983352 0.037702
vn 0.177828 -0.983517 0.032722
vn 0.177828 -0.983517 0.032722
vn 0.148201 -0.988950 0.003801
vn 0.148201 -0.988950 0.003801
vn 0.148201 -0.988950 0.003801
vn 0.148201 -0.988950 0.003801
vn 0.007756 -0.006727 -0.999947
vn 0.007642 -0.005832 -0.999954
vn 0.006241 -0.004238 -0.999971
vn 0.006133 -0.004742 -0.999970
vn 0.836137 0.548513 0.003050
vn 0.836137 0.548513 0.003050
vn 0.493046 0.870003 0.000320
vn 0.493551 0.869717 0.000324
vn -0.005759 0.004286 0.999974
vn -0.007079 0.005879 0.999958
vn -0.007189 0.006714 0.999952
vn -0.005658 0.004739 0.999973
vn -0.991994 0.126254 0.002747
vn -0.991994 0.126254 0.002747
vn -0.993068 0.117508 0.002764
vn -0.993077 0.117430 0.002764
vn -0.015580 0.448289 -0.893753
vn -0.015008 0.478776 -0.877809
vn 0.301187 0.953565 -0.000946
vn 0.301187 0.953565 -0.000946
vn -0.026106 0.449721 0.892787
vn -0.024948 0.476064 0.879057
vn -0.999699 -0.024449 0.002028
vn -0.999700 -0.024399 0.002028
vn -0.024332 0.633206 -0.773601
vn -0.022055 0.639791 -0.768233
vn 0.997204 0.074655 0.003120
vn 0.997205 0.074655 0.003120
vn 0.997204 0.074655 0.003120
vn 0.997205 0.074655 0.003120
vn -0.034741 0.633185 0.773221
vn -0.031607 0.638465 0.769001
vn -0.985160 -0.171627 0.001779
vn -0.985266 -0.171021 0.001779
vn 0.007050 -0.038103 0.999249
vn 0.179066 -0.983831 0.003393
vn 0.179066 -0.983831 0.003393
vn 0.003334 -0.021510 0.999763
vn 0.003237 -0.020982 0.999775
vn 0.164056 -0.895478 -0.413769
vn 0.164055 -0.895479 -0.413768
vn 0.003913 -0.002992 -0.999988
vn 0.003913 -0.002992 -0.999988
vn -0.179115 0.983821 -0.003639
vn -0.179115 0.983821 -0.003639
vn 0.003909 -0.002994 -0.999988
vn 0.005692 -0.004612 -0.999973
vn 0.006943 -0.005764 -0.999959
vn 0.179565 -0.983734 0.004878
vn 0.179564 -0.983734 0.004867
vn 0.178365 -0.983255 -0.037344
vn 0.178359 -0.983277 -0.036799
vn 0.007498 -0.004723 -0.999961
vn 0.005598 -0.002986 -0.999980
vn -0.019968 0.457448 -0.889012
vn -0.028822 0.624687 -0.780344
vn 0.029810 -0.999549 0.003643
vn 0.029810 -0.999549 0.003643
vn 0.029810 -0.999549 0.003643
vn 0.029810 -0.999549 0.003643
vn -0.036869 0.628205 0.777173
vn -0.028206 0.461870 0.886499
vn -0.005164 0.003112 0.999982
vn -0.006944 0.004842 0.999964
vn 0.177649 -0.983093 0.044367
vn 0.177633 -0.983057 0.045224
vn 0.179607 -0.983735 0.002479
vn 0.179606 -0.983736 0.002481
vn -0.006257 0.005899 0.999963
vn -0.004913 0.004763 0.999977
vn -0.002988 0.003163 0.999991
vn -0.179075 0.983829 -0.003627
vn -0.179075 0.983829 -0.003627
vn -0.002980 0.003162 0.999991
vn -0.002980 0.003162 0.999991
vn 0.164625 -0.911104 0.377874
vn 0.164625 -0.911104 0.377874
vn -0.000543 0.003600 0.999993
vn -0.000543 0.003600 0.999993
vn 0.179033 -0.983835 0.003878
vn 0.179033 -0.983835 0.003878
vn -0.000546 0.003607 0.999993
vn -0.000546 0.003607 0.999993
vn 0.179004 -0.983842 0.003634
vn 0.179004 -0.983842 0.003634
vn 0.000569 -0.003736 -0.999993
vn 0.007031 -0.038019 0.999252
vn 0.179065 -0.983832 0.003196
vn 0.179065 -0.983832 0.003196
vn 0.005369 -0.032691 0.999451
vn 0.005145 -0.031480 0.999491
vn 0.164194 -0.896137 -0.412286
vn 0.164200 -0.896181 -0.412187
vn 0.164236 -0.896417 -0.411660
vn 0.164236 -0.896417 -0.411660
vn 0.003913 -0.002992 -0.999988
vn 0.003913 -0.002992 -0.999988
vn 0.003915 -0.002991 -0.999988
vn 0.003915 -0.002991 -0.999988
vn -0.179066 0.983830 -0.003630
vn -0.179066 0.983830 -0.003630
vn 0.005900 -0.005692 -0.999966
vn 0.003901 -0.002994 -0.999988
vn 0.007280 -0.007647 -0.999944
vn 0.179603 -0.983732 0.003807
vn 0.179582 -0.983734 0.004068
vn 0.179582 -0.983735 0.004077
vn 0.179603 -0.983732 0.003807
vn 0.178351 -0.982671 -0.050485
vn 0.178359 -0.982571 -0.052359
vn 0.178375 -0.982344 -0.056408
vn 0.178375 -0.982344 -0.056408
vn 0.004115 0.000574 -0.999991
vn 0.007212 -0.002527 -0.999971
vn 0.007105 -0.001698 -0.999973
vn 0.003481 0.003241 -0.999989
vn 0.004342 0.479516 -0.877522
vn 0.013120 0.546923 -0.837080
vn 0.004318 0.599944 -0.800031
vn 0.013725 0.580248 -0.814324
vn 0.008759 0.556756 0.830630
vn -0.000694 0.486423 0.873723
vn -0.000229 0.608207 0.793779
vn 0.009467 0.590340 0.807099
vn -0.003202 -0.002669 0.999991
vn -0.003792 -0.000195 0.999993
vn -0.006576 0.002019 0.999976
vn -0.006679 0.002791 0.999974
vn 0.177274 -0.982006 0.065105
vn 0.177365 -0.982249 0.061059
vn 0.177414 -0.982375 0.058844
vn 0.177274 -0.982006 0.065105
vn 0.179584 -0.983737 0.003239
vn 0.179584 -0.983737 0.003233
vn 0.179573 -0.983738 0.003506
vn 0.179573 -0.983738 0.003506
vn -0.005144 0.005918 0.999969
vn -0.006625 0.007912 0.999947
vn -0.002986 0.003162 0.999991
vn -0.179061 0.983831 -0.003622
vn -0.179061 0.983831 -0.003622
vn -0.002963 0.003165 0.999991
vn -0.002979 0.003162 0.999991
vn -0.002979 0.003162 0.999991
vn -0.002963 0.003165 0.999991
vn 0.164723 -0.911666 0.376473
vn 0.164732 -0.911638 0.376536
vn 0.164676 -0.911823 0.376113
vn 0.164676 -0.911823 0.376113
vn -0.000547 0.003607 0.999993
vn -0.000546 0.003609 0.999993
vn 0.179058 -0.983832 0.003698
vn 0.179058 -0.983832 0.003698
vn -0.000547 0.003607 0.999993
vn -0.000548 0.003607 0.999993
vn 0.179024 -0.983838 0.003639
vn 0.179024 -0.983838 0.003639
vn -0.000559 0.003599 0.999993
vn -0.236489 -0.971628 0.003360
vn -0.236489 -0.971628 0.003360
vn -0.000544 0.003598 0.999993
vn -0.000527 0.003597 0.999993
vn -0.000566 0.003595 0.999993
vn 0.179069 -0.983830 0.003637
vn 0.179069 -0.983830 0.003637
vn -0.000545 0.003608 0.999993
vn -0.000545 0.003608 0.999993
vn 0.179027 -0.983837 0.003724
vn 0.179027 -0.983837 0.003724
vn -0.000544 0.003604 0.999993
vn -0.000543 0.003604 0.999993
vn 0.164708 -0.911473 0.376945
vn 0.164712 -0.911481 0.376924
vn -0.002986 0.003161 0.999991
vn -0.002986 0.003161 0.999991
vn -0.179090 0.983826 -0.003623
vn -0.179090 0.983826 -0.003623
vn -0.005021 0.005489 0.999972
vn -0.002987 0.003162 0.999991
vn -0.006498 0.007219 0.999953
vn 0.179559 -0.983743 0.002983
vn 0.179560 -0.983743 0.002986
vn 0.177492 -0.982629 0.054199
vn 0.177476 -0.982565 0.055384
vn -0.004365 0.001500 0.999989
vn -0.006762 0.003417 0.999971
vn -0.011773 0.448370 0.893771
vn -0.015191 0.622343 0.782597
vn 0.002810 -0.999990 0.003563
vn 0.002810 -0.999990 0.003563
vn 0.002810 -0.999990 0.003563
vn 0.002810 -0.999990 0.003563
vn -0.006290 0.443486 -0.896259
vn -0.010480 0.615693 -0.787917
vn 0.004730 -0.001241 -0.999988
vn 0.007298 -0.003199 -0.999968
vn 0.178360 -0.982845 -0.046934
vn 0.178369 -0.982886 -0.046048
vn 0.179563 -0.983737 0.004336
vn 0.179564 -0.983737 0.004326
vn 0.005790 -0.005288 -0.999969
vn 0.007164 -0.006998 -0.999950
vn 0.003906 -0.002995 -0.999988
vn -0.179086 0.983827 -0.003631
vn -0.179087 0.983827 -0.003631
vn 0.003910 -0.002992 -0.999988
vn 0.003910 -0.002992 -0.999988
vn 0.164118 -0.895935 -0.412754
vn 0.164112 -0.895926 -0.412775
vn 0.004603 -0.028503 0.999583
vn 0.004592 -0.028442 0.999585
vn 0.179054 -0.983834 0.003257
vn 0.179054 -0.983834 0.003257
vn 0.000558 -0.003682 -0.999993
vn 0.007047 -0.038089 0.999250
vn 0.000547 -0.003609 -0.999993
vn 0.000484 -0.003869 -0.999992
vn -0.005979 -0.018710 0.999807
vn -0.236565 -0.971611 0.003138
vn -0.236565 -0.971611 0.003138
vn -0.005925 -0.018487 0.999812
vn -0.005935 -0.018531 0.999811
vn -0.203208 -0.979133 0.002363
vn -0.203208 -0.979133 0.002363
vn -0.000545 0.003608 0.999993
vn -0.000545 0.003609 0.999993
vn -0.236606 -0.971600 0.003280
vn -0.236606 -0.971600 0.003280
vn -0.000540 0.003606 0.999993
vn -0.000539 0.003606 0.999993
vn -0.021499 -0.999763 0.003454
vn -0.021499 -0.999763 0.003454
vn -0.021499 -0.999763 0.003454
vn -0.021499 -0.999763 0.003454
vn -0.005923 -0.018480 0.999812
vn -0.005923 -0.018480 0.999812
vn 0.010002 -0.003277 -0.999945
vn 0.010002 -0.003277 -0.999945
vn 0.009779 -0.001272 -0.999951
vn 0.009827 -0.001703 -0.999950
vn 0.994165 -0.107867 0.000294
vn 0.994165 -0.107867 0.000294
vn 0.954629 0.297794 -0.001201
vn 0.954919 0.296866 -0.001198
vn -0.009113 0.003327 0.999953
vn -0.009113 0.003327 0.999953
vn -0.008961 0.001905 0.999958
vn -0.008919 0.001516 0.999959
vn -0.978958 -0.204055 0.001721
vn -0.978959 -0.204050 0.001721
vn -0.554594 -0.832119 0.001753
vn -0.554594 -0.832119 0.001753
vn -0.846491 -0.532404 0.000151
vn -0.846940 -0.531688 0.000148
vn 0.003831 0.000598 -0.999992
vn 0.003831 0.000598 -0.999992
vn 0.003013 -0.001965 -0.999994
vn 0.003421 -0.000688 -0.999994
vn 0.705410 0.708800 -0.000650
vn 0.705410 0.708800 -0.000650
vn 0.705410 0.708800 -0.000650
vn 0.705410 0.708800 -0.000650
vn -0.003428 -0.000116 0.999994
vn -0.003428 -0.000116 0.999994
vn -0.003050 0.001015 0.999995
vn -0.002674 0.002140 0.999994
vn -0.957026 -0.290001 0.000343
vn -0.957026 -0.290001 0.000343
vn -0.999796 -0.020205 -0.000656
vn -0.999812 -0.019389 -0.000659
vn 0.004193 -0.001420 -0.999990
vn 0.004193 -0.001420 -0.999990
vn 0.003311 -0.002348 -0.999992
vn 0.003417 -0.002236 -0.999992
vn 0.740841 0.671678 -0.001569
vn 0.740841 0.671678 -0.001569
vn 0.740841 0.671678 -0.001569
vn 0.740841 0.671678 -0.001569
vn -0.003846 0.001625 0.999991
vn -0.003846 0.001625 0.999991
vn -0.003100 0.002300 0.999992
vn -0.002998 0.002392 0.999993
vn 0.008954 -0.001888 -0.999958
vn 0.009067 -0.001522 -0.999958
vn 0.785212 0.619222 -0.002371
vn 0.785212 0.619222 -0.002371
vn -0.008273 0.001722 0.999964
vn -0.008169 0.002048 0.999965
vn -0.995064 -0.099225 0.001340
vn -0.995074 -0.099128 0.001340
vn -0.999494 0.031738 -0.002082
vn -0.999494 0.031738 -0.002082
vn 0.002927 -0.001478 -0.999995
vn 0.002909 -0.001751 -0.999994
vn 0.819030 0.573751 0.000077
vn 0.819030 0.573751 0.000077
vn 0.819030 0.573751 0.000077
vn 0.819030 0.573751 0.000077
vn -0.002605 0.001815 0.999995
vn -0.002632 0.001520 0.999995
vn -0.953815 0.300389 -0.001773
vn -0.953815 0.300389 -0.001773
vn 0.002965 -0.003453 -0.999990
vn 0.002947 -0.003915 -0.999988
vn -0.002639 0.003806 0.999989
vn -0.002660 0.003381 0.999991
vn 0.012350 -0.007162 -0.999898
vn 0.008685 -0.006412 -0.999942
vn -0.007902 0.006123 0.999950
vn -0.011218 0.006774 0.999914
vn -0.968508 0.248981 -0.000016
vn -0.968438 0.249253 -0.000017
vn 0.003288 -0.002040 -0.999992
vn 0.003230 -0.001908 -0.999993
vn 0.999990 0.003656 0.002443
vn 0.999990 0.003656 0.002443
vn 0.976832 -0.213986 0.003124
vn 0.976599 -0.215046 0.003127
vn -0.002910 0.001922 0.999994
vn -0.002962 0.002052 0.999994
vn 0.003590 -0.005524 -0.999978
vn 0.007629 -0.005626 -0.999955
vn 0.261497 -0.965197 0.003707
vn 0.261497 -0.965197 0.003707
vn 0.261497 -0.965197 0.003707
vn 0.261497 -0.965197 0.003707
vn -0.006894 0.005355 0.999962
vn -0.003218 0.005280 0.999981
vn -0.015588 0.001945 0.999877
vn -0.015588 0.001945 0.999877
vn -0.074946 -0.997181 0.003604
vn -0.074946 -0.997181 0.003604
vn -0.074946 -0.997181 0.003604
vn -0.074946 -0.997181 0.003604
vn 0.017139 -0.001867 -0.999851
vn 0.017139 -0.001867 -0.999851
vn -0.052966 0.998590 -0.003649
vn -0.052966 0.998590 -0.003649
vn -0.052966 0.998590 -0.003649
vn -0.052966 0.998590 -0.003649
vn 0.220545 0.975372 -0.003134
vn 0.220545 0.975372 -0.003134
vn 0.159847 0.987136 -0.003207
vn 0.161144 0.986926 -0.003205
vn -0.004441 0.001287 0.999989
vn -0.004441 0.001287 0.999989
vn -0.004574 0.001061 0.999989
vn -0.004538 0.001122 0.999989
vn -0.140553 -0.990068 0.003298
vn -0.140553 -0.990068 0.003298
vn -0.140571 -0.990065 0.003240
vn -0.140571 -0.990065 0.003238
vn 0.004858 -0.001251 -0.999987
vn 0.004858 -0.001251 -0.999987
vn 0.004956 -0.001079 -0.999987
vn 0.004992 -0.001016 -0.999987
vn 0.005095 -0.000837 -0.999987
vn 0.005095 -0.000837 -0.999987
vn -0.140589 -0.990063 0.003180
vn -0.140589 -0.990063 0.003180
vn -0.004675 0.000888 0.999989
vn -0.004675 0.000888 0.999989
vn 0.096894 0.995289 -0.003268
vn 0.096894 0.995289 -0.003268
vn 0.008990 -0.010086 -0.999909
vn 0.007810 -0.009800 -0.999921
vn -0.007075 0.009232 0.999932
vn -0.008150 0.009466 0.999922
vn -0.764323 0.644831 -0.001720
vn -0.764122 0.645070 -0.001721
vn 0.004325 -0.002803 -0.999987
vn 0.007890 -0.006538 -0.999948
vn 0.999994 -0.003215 0.001099
vn 0.999994 -0.003215 0.001099
vn 0.993287 0.115671 0.000671
vn 0.993232 0.116149 0.000669
vn -0.007126 0.006196 0.999955
vn -0.003897 0.002835 0.999988
vn -0.935840 -0.352424 -0.000644
vn -0.935840 -0.352424 -0.000644
vn -0.995582 0.093869 -0.002292
vn -0.995687 0.092743 -0.002289
vn 0.003777 -0.003728 -0.999986
vn 0.003800 -0.003938 -0.999985
vn 0.883792 -0.467865 0.003756
vn 0.883556 -0.468310 0.003757
vn -0.003404 0.003811 0.999987
vn -0.003387 0.003628 0.999988
vn -0.707763 0.706439 -0.003821
vn -0.707901 0.706302 -0.003821
vn 0.003723 -0.005682 -0.999977
vn 0.003569 -0.005803 -0.999977
vn 0.731015 -0.682349 0.004109
vn 0.730692 -0.682695 0.004109
vn -0.003177 0.005402 0.999980
vn -0.003315 0.005310 0.999980
vn -0.520851 0.853639 -0.003953
vn -0.521033 0.853527 -0.003953
vn 0.003063 -0.006342 -0.999975
vn 0.002766 -0.006755 -0.999973
vn 0.502809 -0.864387 0.004164
vn 0.502524 -0.864553 0.004164
vn -0.002458 0.006177 0.999978
vn -0.002723 0.005833 0.999979
vn -0.407436 0.913225 -0.003933
vn -0.407436 0.913225 -0.003933
vn 0.002536 -0.007076 -0.999972
vn 0.002536 -0.007076 -0.999972
vn 0.414280 -0.910140 0.004099
vn 0.414280 -0.910140 0.004099
vn -0.002252 0.006443 0.999977
vn -0.002252 0.006443 0.999977
vn 0.007205 -0.009867 -0.999925
vn 0.006695 -0.009633 -0.999931
vn 0.867889 -0.496756 0.001733
vn 0.867889 -0.496756 0.001733
vn 0.831217 -0.555944 0.001956
vn 0.831357 -0.555735 0.001955
vn -0.006057 0.009094 0.999940
vn -0.006521 0.009305 0.999935
vn -0.711075 0.703113 -0.001993
vn -0.711132 0.703055 -0.001993
vn -0.939730 -0.341916 0.000549
vn -0.939730 -0.341916 0.000549
vn -0.966939 -0.255009 0.000219
vn -0.966846 -0.255360 0.000220
vn 0.003901 -0.001648 -0.999991
vn 0.003979 -0.001889 -0.999990
vn 0.947718 0.319110 -0.000097
vn 0.947539 0.319640 -0.000099
vn -0.003570 0.002010 0.999992
vn -0.003498 0.001770 0.999992
vn 0.004921 -0.007631 -0.999959
vn 0.004364 -0.006895 -0.999967
vn 0.776758 -0.629795 0.002234
vn 0.776758 -0.629795 0.002234
vn -0.003913 0.006620 0.999970
vn -0.004426 0.007284 0.999964
vn -0.733896 0.679259 -0.001882
vn -0.733896 0.679259 -0.001882
vn -0.999881 -0.015414 -0.000662
vn -0.999876 -0.015726 -0.000661
vn 0.003019 -0.003134 -0.999991
vn 0.003267 -0.002526 -0.999991
vn 0.904525 0.426419 -0.000524
vn 0.904525 0.426419 -0.000524
vn -0.002917 0.002593 0.999992
vn -0.002690 0.003173 0.999991
vn 0.003717 -0.003787 -0.999986
vn 0.003752 -0.004129 -0.999984
vn 0.985934 0.167130 -0.000728
vn 0.985934 0.167130 -0.000728
vn 0.985934 0.167130 -0.000728
vn 0.985935 0.167130 -0.000728
vn -0.003336 0.004084 0.999986
vn -0.003302 0.003767 0.999987
vn -0.510151 0.860080 -0.002783
vn -0.510151 0.860080 -0.002783
vn -0.510151 0.860080 -0.002783
vn -0.510151 0.860080 -0.002783
vn -0.994827 0.101575 -0.001078
vn -0.994827 0.101575 -0.001078
vn 0.006547 -0.003230 -0.999973
vn 0.002932 -0.003057 -0.999991
vn -0.002631 0.003060 0.999992
vn -0.005833 0.003203 0.999978
vn 0.011906 -0.001005 -0.999929
vn 0.012353 -0.004008 -0.999916
vn 0.011906 -0.001005 -0.999929
vn 0.334858 -0.942261 0.003851
vn 0.334858 -0.942261 0.003851
vn 0.334858 -0.942261 0.003851
vn 0.334858 -0.942261 0.003851
vn -0.010989 0.003905 0.999932
vn -0.010611 0.001203 0.999943
vn -0.010611 0.001203 0.999943
vn 0.177875 0.984048 -0.003155
vn 0.177875 0.984048 -0.003155
vn 0.177875 0.984048 -0.003155
vn 0.177875 0.984048 -0.003155
vn 0.003521 -0.001861 -0.999992
vn 0.003521 -0.001861 -0.999992
vn -0.003111 0.001994 0.999993
vn -0.003111 0.001994 0.999993
vn -0.817223 -0.576314 0.002968
vn -0.817223 -0.576314 0.002968
vn -0.817223 -0.576314 0.002968
vn -0.817223 -0.576314 0.002968
vn 0.005631 -0.003323 -0.999979
vn 0.003177 -0.002137 -0.999993
vn -0.002879 0.002139 0.999994
vn -0.005034 0.003223 0.999982
vn 0.854913 -0.518758 0.003857
vn 0.854913 -0.518758 0.003857
vn 0.854912 -0.518758 0.003857
vn 0.854912 -0.518758 0.003857
vn -0.011337 0.006394 0.999915
vn 0.012764 -0.006770 -0.999896
vn -0.003866 0.001824 0.999991
vn -0.003866 0.001824 0.999991
vn -0.003866 0.001824 0.999991
vn -0.003866 0.001824 0.999991
vn -0.083318 -0.996516 0.003600
vn -0.083318 -0.996517 0.003600
vn -0.083318 -0.996517 0.003600
vn -0.083318 -0.996517 0.003600
vn 0.004357 -0.001782 -0.999989
vn 0.004357 -0.001782 -0.999989
vn 0.004357 -0.001782 -0.999989
vn 0.004357 -0.001782 -0.999989
vn 0.070614 0.997497 -0.003607
vn 0.070614 0.997497 -0.003607
vn 0.070614 0.997497 -0.003607
vn 0.070614 0.997497 -0.003607
s 1
g Tibia TibiaLeg
usemtl lambert2SG
f 185/645/335 186/646/336 199/2432/337 198/658/338
f 186/2319/336 187/647/339 200/2430/340 199/659/337
f 187/2311/339 188/648/341 201/2422/342 200/660/340
f 188/2300/341 189/649/343 202/2414/344 201/661/342
f 189/2289/343 190/650/345 203/2406/346 202/662/344
f 190/2278/345 191/651/347 204/2398/348 203/663/346
f 191/2267/347 192/652/349 205/2390/350 204/664/348
f 192/2256/349 193/653/351 206/2382/352 205/665/350
f 193/2245/351 194/654/353 207/2374/354 206/666/352
f 194/2234/353 195/792/355 208/1609/356 207/667/354
f 196/2102/357 197/656/358 210/2354/359 209/797/360
f 197/2205/358 185/657/335 198/670/338 210/669/359
s 2
f 257/2314/361 256/2316/362 258/2322/363
f 259/2306/364 257/2313/361 258/2323/363
f 260/2295/365 259/2305/364 258/2324/363
f 261/2284/366 260/2294/365 258/2325/363
f 262/2273/367 261/2283/366 258/2326/363
f 263/2262/368 262/2272/367 258/2327/363
f 264/2251/369 263/2261/368 258/2328/363
f 265/2240/370 264/2250/369 258/2329/363
f 266/2229/371 265/2239/370 258/2330/363
f 267/2220/372 266/2228/371 258/2331/363
f 530/1521/373 531/1517/374 267/2219/372 258/2332/363
f 427/1788/375 428/1871/376 398/1944/377 268/1786/378
f 270/2208/379 269/1626/380 258/2334/363
f 271/2200/381 270/2207/379 258/2335/363
f 256/2317/362 271/2199/381 258/683/363
s 5
f 302/2109/382 303/2173/383 304/1709/384
f 303/2174/383 305/2167/385 304/1708/384
f 305/2168/385 306/2161/386 304/1707/384
f 306/2162/386 307/2155/387 304/1706/384
f 307/2156/387 308/2149/388 304/1705/384
f 308/2150/388 309/2143/389 304/1704/384
f 309/2144/389 310/2137/390 304/1703/384
f 310/2138/390 311/2131/391 304/1702/384
f 311/2132/391 312/2125/392 304/1701/384
f 312/2126/392 313/2122/393 304/1700/384
f 313/2123/393 499/1602/394 500/1598/395 304/684/384
f 314/1819/396 426/1905/397 456/1827/398 457/952/399
f 315/1697/400 316/2113/401 304/1712/384
f 316/2114/401 317/2107/402 304/1711/384
f 317/2108/402 302/770/382 304/1710/384
s 8
f 226/2345/403 227/2428/404 228/2424/405 229/2340/406
f 227/2429/404 230/2420/407 231/2416/408 228/702/405
f 230/2421/407 232/2412/409 233/2408/410 231/705/408
f 232/2413/409 234/2404/411 235/2400/412 233/707/410
f 234/2405/411 236/2396/413 237/2392/414 235/709/412
f 236/2397/413 238/2388/415 239/2384/416 237/711/414
f 238/2389/415 240/2380/417 241/2376/418 239/713/416
f 240/2381/417 242/2372/419 243/2368/420 241/715/418
f 242/2373/419 244/2366/421 245/2362/422 243/717/420
f 244/2367/421 246/2360/423 247/2356/424 245/719/422
f 246/2361/423 536/1505/425 537/1498/426 247/721/424
f 248/1774/427 423/1912/428 424/1908/429 249/1772/430
f 250/1688/431 252/2352/432 253/2348/433 251/1692/434
f 252/2353/432 254/2343/435 255/2336/436 253/725/433
f 254/2344/435 226/700/403 229/2341/406 255/727/436
s 11
f 198/681/437 199/2433/438 227/2427/439 226/2346/440
s 12
f 212/2179/441 211/2181/442 229/2339/443 228/2425/444
s 11
f 199/680/438 200/2431/445 230/2419/446 227/701/439
s 12
f 213/2176/447 212/2178/441 228/2426/444 231/2417/448
s 11
f 200/679/445 201/2423/449 232/2411/450 230/704/446
s 12
f 214/2170/451 213/2175/447 231/2418/448 233/2409/452
s 11
f 201/678/449 202/2415/453 234/2403/454 232/706/450
s 12
f 215/2164/455 214/2169/451 233/2410/452 235/2401/456
s 11
f 202/677/453 203/2407/457 236/2395/458 234/708/454
s 12
f 216/2158/459 215/2163/455 235/2402/456 237/2393/460
s 11
f 203/676/457 204/2399/461 238/2387/462 236/710/458
s 12
f 217/2152/463 216/2157/459 237/2394/460 239/2385/464
s 11
f 204/675/461 205/2391/465 240/2379/466 238/712/462
s 12
f 218/2146/467 217/2151/463 239/2386/464 241/2377/468
s 11
f 205/674/465 206/2383/469 242/2371/470 240/714/466
s 12
f 219/2140/471 218/2145/467 241/2378/468 243/2369/472
s 11
f 206/673/469 207/2375/473 244/2365/474 242/716/470
s 12
f 220/2134/475 219/2139/471 243/2370/472 245/2363/476
s 11
f 207/672/473 208/799/477 246/2359/478 244/718/474
s 12
f 221/2128/479 220/2133/475 245/2364/476 247/2357/480
f 537/1499/481 498/1001/482 221/2127/479 247/2358/480
f 424/1909/483 425/1903/484 222/1823/485 249/1771/486
f 224/2119/487 223/1695/488 251/1691/489 253/2349/490
s 11
f 209/2100/491 210/2355/492 254/2342/493 252/724/494
s 12
f 225/2116/495 224/2118/487 253/2350/490 255/2337/496
s 11
f 210/682/492 198/2434/437 226/2347/440 254/726/493
s 12
f 211/2182/442 225/2115/495 255/2338/496 229/703/443
s 15
f 273/2308/497 272/2194/498 274/2187/499 275/2303/500
f 276/2297/501 273/743/497 275/2304/500 277/2292/502
f 278/2286/503 276/747/501 277/2293/502 279/2281/504
f 280/2275/505 278/749/503 279/2282/504 281/2270/506
f 282/2264/507 280/751/505 281/2271/506 283/2259/508
f 284/2253/509 282/753/507 283/2260/508 285/2248/510
f 286/2242/511 284/755/509 285/2249/510 287/2237/512
f 288/2231/513 286/757/511 287/2238/512 289/2226/514
f 290/2222/515 288/759/513 289/2227/514 291/2217/516
f 292/2213/517 290/761/515 291/2218/516 293/2211/518
f 532/1515/519 533/1511/520 292/804/517 293/2212/518
f 399/1943/521 400/1939/522 294/1780/523 295/1782/524
f 298/2202/525 296/1632/526 297/1628/527 299/2197/528
f 300/2190/529 298/766/525 299/2198/528 301/2185/530
f 272/2195/498 300/768/529 301/2186/530 274/745/499
s 18
f 186/634/531 185/2321/532 272/2193/533 273/2309/534
s 2
f 256/729/362 257/2315/361 275/2302/535 274/2188/536
s 18
f 187/635/537 186/2320/531 273/2310/534 276/2298/538
s 2
f 257/728/361 259/2307/364 277/2291/539 275/746/535
s 18
f 188/636/540 187/2312/537 276/2299/538 278/2287/541
s 2
f 259/730/364 260/2296/365 279/2280/542 277/748/539
s 18
f 189/637/543 188/2301/540 278/2288/541 280/2276/544
s 2
f 260/731/365 261/2285/366 281/2269/545 279/750/542
s 18
f 190/638/546 189/2290/543 280/2277/544 282/2265/547
s 2
f 261/732/366 262/2274/367 283/2258/548 281/752/545
s 18
f 191/639/549 190/2279/546 282/2266/547 284/2254/550
s 2
f 262/733/367 263/2263/368 285/2247/551 283/754/548
s 18
f 192/640/552 191/2268/549 284/2255/550 286/2243/553
s 2
f 263/734/368 264/2252/369 287/2236/554 285/756/551
s 18
f 193/641/555 192/2257/552 286/2244/553 288/2232/556
s 2
f 264/735/369 265/2241/370 289/2225/557 287/758/554
s 18
f 194/642/558 193/2246/555 288/2233/556 290/2223/559
s 2
f 265/736/370 266/2230/371 291/2216/560 289/760/557
s 18
f 195/2104/561 194/2235/558 290/2224/559 292/2214/562
s 2
f 266/737/371 267/2221/372 293/2210/563 291/762/560
f 267/738/372 531/1518/374 532/1514/564 293/763/563
f 268/1785/378 398/1945/377 399/1942/565 295/1783/566
f 269/1625/380 270/2209/379 299/2196/567 297/1629/568
s 18
f 197/644/569 196/808/570 298/2204/571 300/2191/572
s 2
f 270/741/379 271/2201/381 301/2184/573 299/767/567
s 18
f 185/633/532 197/2206/569 300/2192/572 272/744/533
s 2
f 271/742/381 256/2318/362 274/2189/536 301/769/573
s 20
f 211/685/574 212/2180/575 303/2172/576 302/2110/577
f 212/686/575 213/2177/578 305/2166/579 303/771/576
f 213/687/578 214/2171/580 306/2160/581 305/772/579
f 214/688/580 215/2165/582 307/2154/583 306/773/581
f 215/689/582 216/2159/584 308/2148/585 307/774/583
f 216/690/584 217/2153/586 309/2142/587 308/775/585
f 217/691/586 218/2147/588 310/2136/589 309/776/587
f 218/692/588 219/2141/590 311/2130/591 310/777/589
f 219/693/590 220/2135/592 312/2124/593 311/778/591
f 220/694/592 221/2129/594 313/2121/595 312/779/593
f 221/695/594 498/1500/596 499/1601/597 313/780/595
f 222/1822/598 425/1904/599 426/915/600 314/1820/601
f 223/1694/602 224/2120/603 316/2112/604 315/1698/605
f 224/698/603 225/2117/606 317/2106/607 316/783/604
f 225/699/606 211/2183/574 302/2111/577 317/784/607
s 23
f 318/787/608 319/785/609 401/1937/610 402/1899/611
s 1
f 319/1777/612 318/1969/613 322/2092/614 323/793/615
f 320/2095/616 321/1634/617 325/791/618 324/1683/619
s 25
f 323/789/620 322/2093/621 421/1915/622 422/1873/623
s 1
f 195/2105/355 534/1509/624 535/1506/625 208/668/356
f 321/796/617 196/655/357 209/2101/360 325/798/618
s 11
f 208/1610/477 535/1507/626 536/1504/627 246/720/478
f 323/1947/628 422/911/629 423/1911/630 248/1775/631
f 325/801/632 209/671/491 252/2351/494 250/1689/633
s off
f 533/1512/634 534/1508/635 195/643/636 292/2215/637
s 18
f 400/1940/638 401/1936/639 319/806/640 294/1779/641
f 196/2103/570 321/809/642 296/1631/643 298/2203/571
s 28
f 318/1971/644 402/1900/645 403/1896/646 327/810/647
s off
f 320/794/648 324/1684/649 328/1680/650 326/2074/651
s 29
f 420/1917/652 421/1914/653 322/2094/654 329/2088/655
s off
f 322/790/656 318/1970/657 327/1966/658 329/2087/659
s 30
f 339/1965/660 404/1894/661 405/1890/662 341/829/663
s 31
f 331/2067/664 330/2071/665 332/820/666 333/2059/667
s 32
f 418/1921/668 419/1918/669 346/2080/670 348/2041/671
s 33
f 335/2082/672 334/2089/673 336/824/674 337/2054/675
s off
f 355/842/676 354/2070/677 356/2066/678 357/2064/679
s 32
f 347/830/680 349/1678/681 350/834/682 351/835/683
s off
f 360/854/684 358/1993/685 362/846/686 363/2009/687
s 30
f 340/828/688 338/2091/689 342/836/690 343/837/691
s 36
f 329/2086/692 327/1967/693 334/823/694 335/2083/695
s 30
f 339/1964/660 341/1962/663 344/838/696 345/839/697
s 37
f 359/1957/698 361/1990/699 364/2028/700 365/2044/701
s 32
f 348/2040/671 346/2081/670 352/2079/702 353/2036/703
s 36
f 327/1968/693 403/1897/704 404/1893/705 339/826/706
s 37
f 406/1888/707 407/1884/708 359/814/698 366/1961/709
s 36
f 326/812/710 331/813/711 342/831/712 338/2435/713
s 31
f 331/817/664 333/816/667 343/2048/714 342/832/715
s off
f 375/861/716 374/2021/717 376/2016/718 377/2014/719
s 37
f 359/847/698 365/2045/701 369/2043/720 366/1960/709
s 33
f 336/2052/674 334/2436/673 345/2437/721 344/2046/722
s 36
f 334/811/694 327/818/693 339/2438/706 345/827/723
f 419/1919/724 420/1916/725 329/821/692 346/2439/726
s 37
f 361/2440/699 416/1926/727 417/1923/728 371/2033/729
s off
f 378/865/730 379/2004/731 380/2002/732 381/2000/733
s 31
f 332/2057/666 330/2441/665 351/2085/734 350/2038/735
s 36
f 330/2072/736 328/2442/737 347/2443/738 351/2444/739
f 329/2445/692 335/2084/695 352/2078/740 346/2446/726
s 33
f 335/822/672 337/2055/675 353/2035/741 352/840/742
s 37
f 364/848/700 361/1991/699 371/2034/729 373/2032/743
s off
f 326/2447/744 328/1681/745 354/2069/746 355/2061/747
f 328/1682/748 330/2073/749 356/2065/750 354/843/751
s 31
f 330/819/665 331/2068/664 357/2063/752 356/844/753
s off
f 331/2448/754 326/2077/755 355/2062/756 357/845/757
s 31
f 333/2449/667 332/2058/666 363/2450/758 362/2025/759
s 33
f 337/825/675 336/2053/674 365/849/760 364/2029/761
s 30
f 341/1963/663 405/1891/662 406/1887/762 366/850/763
f 340/2451/688 343/2049/691 368/2018/764 367/2022/765
s 31
f 343/833/714 333/2060/667 362/2026/759 368/2017/766
s 33
f 336/2452/674 344/2047/722 369/2042/767 365/855/760
s 30
f 344/2453/696 341/2454/663 366/852/763 369/856/768
s 32
f 417/1924/769 418/1920/668 348/2455/671 371/857/770
s 31
f 332/2456/666 350/2039/735 372/2006/771 363/2008/758
s 32
f 350/2457/682 349/2458/681 370/2459/772 372/2005/773
f 348/2460/671 353/2037/703 373/2031/774 371/859/770
s 33
f 353/841/741 337/2056/675 364/2030/761 373/860/775
s off
f 362/2461/776 358/2462/777 374/2020/778 375/2011/779
f 358/1994/780 367/2024/781 376/2015/782 374/862/783
s 30
f 367/2463/765 368/2019/764 377/2013/784 376/863/785
s 31
f 368/853/766 362/2027/759 375/2012/786 377/864/787
s off
f 360/1672/788 363/2010/789 379/2003/790 378/1997/791
s 31
f 363/2464/758 372/2007/771 380/2001/792 379/866/793
s 32
f 372/858/773 370/1675/772 381/1999/794 380/867/795
s off
f 370/1676/796 360/2465/797 378/1998/798 381/868/799
f 627/1130/800 626/1148/801 628/1153/802 629/1194/803
s 44
f 359/1959/804 407/1885/805 408/1881/806 383/869/807
s off
f 358/815/808 360/1673/809 384/1669/810 382/1987/811
s 45
f 415/1929/812 416/1925/813 361/1992/814 385/1985/815
s off
f 361/2466/816 359/1958/817 383/1954/818 385/1984/819
s 46
f 383/1956/820 408/1882/821 409/1878/822 387/872/823
s 47
f 382/870/824 384/1670/825 388/1666/826 386/1981/827
s 48
f 414/1932/828 415/1928/829 385/1986/830 389/1979/831
s 49
f 385/871/832 383/1955/833 387/1951/834 389/1978/835
s 46
f 387/1953/823 409/1879/822 410/1875/836 391/875/837
s 47
f 386/873/827 388/1667/826 392/1663/838 390/1975/839
s 48
f 413/1935/840 414/1931/828 389/1980/831 393/1973/841
s 49
f 389/874/835 387/1952/834 391/1948/842 393/1972/843
s 46
f 391/1950/837 410/1876/836 411/1495/844 395/1490/845
s off
f 390/876/846 392/1664/847 396/1470/848 394/1472/849
s 48
f 412/1486/850 413/1934/840 393/1974/841 397/1484/851
s 49
f 393/877/843 391/1949/842 395/1491/852 397/1483/853
s 2
f 399/1941/565 398/881/377 428/1872/376 429/1868/854
s 15
f 429/1869/855 430/1865/856 400/1938/522 399/882/521
s 18
f 430/1866/857 431/1862/858 401/885/639 400/883/638
s 23
f 402/886/611 401/884/610 431/1863/859 432/1790/860
s 28
f 403/887/646 402/1901/645 432/1791/861 433/1793/862
s 36
f 404/888/705 403/1898/704 433/1794/863 434/1796/864
s 30
f 405/889/662 404/1895/661 434/1797/865 435/1799/866
f 406/890/762 405/1892/662 435/1800/866 436/1802/867
s 37
f 436/1803/868 437/1805/869 407/891/708 406/1889/707
s 44
f 408/892/806 407/1886/805 437/1806/870 438/1808/871
s 46
f 409/893/822 408/1883/821 438/1809/872 439/1811/873
f 410/894/836 409/1880/822 439/1812/873 440/1814/874
f 411/1494/844 410/1877/836 440/1815/874 441/1466/875
s off
f 412/1488/876 411/1493/877 441/1467/878 442/1461/879
s 48
f 442/1462/880 443/1860/881 413/1933/840 412/1487/850
f 443/1861/881 444/1857/882 414/1930/828 413/897/840
f 444/1858/882 445/1854/883 415/1927/829 414/898/828
s 45
f 445/1855/884 446/1851/885 416/901/813 415/899/812
s 37
f 417/1922/728 416/900/727 446/1852/886 447/1849/887
s 32
f 447/1850/888 448/1846/889 418/904/668 417/902/769
f 448/1847/889 449/1844/890 419/906/669 418/903/668
s 36
f 449/1845/891 450/1842/892 420/908/725 419/905/724
s 29
f 450/1843/893 451/1840/894 421/1913/653 420/907/652
s 25
f 422/910/623 421/909/622 451/1841/895 452/1817/896
s 11
f 423/1910/630 422/1874/629 452/947/897 453/1837/898
s 8
f 424/1907/429 423/912/428 453/1838/899 454/1834/900
s 12
f 454/1835/901 455/1831/902 425/1902/484 424/913/483
s 20
f 426/1906/600 425/914/599 455/1832/903 456/1826/904
s 2
f 269/1627/380 529/1524/905 530/1520/373 258/2333/363
f 528/1527/906 529/1523/905 269/740/380 297/1630/568
s 15
f 296/1633/526 527/1530/907 528/1526/908 297/765/527
s 18
f 321/1635/642 526/1532/909 527/1529/910 296/807/643
s 23
f 525/1535/911 526/1531/912 321/788/913 320/2096/914
s 28
f 524/1538/915 525/1534/916 320/2097/917 326/2075/918
s 36
f 523/1541/919 524/1537/920 326/2076/710 338/2467/713
s 30
f 522/1544/921 523/1540/922 338/2090/689 340/2050/688
f 521/1547/923 522/1543/921 340/2051/688 367/851/765
s 37
f 358/1995/924 520/1550/925 521/1546/926 367/2023/927
s 44
f 519/1553/928 520/1549/929 358/1996/930 382/1988/931
s 46
f 518/1556/932 519/1552/933 382/1989/934 386/1982/935
f 517/1559/936 518/1555/932 386/1983/935 390/1976/937
f 516/1475/938 517/1558/936 390/1977/937 394/1473/939
s 48
f 392/1665/940 514/1562/941 515/1481/942 396/1469/943
f 388/1668/944 513/1565/945 514/1561/941 392/2468/940
f 384/1671/946 512/1568/947 513/1564/945 388/2469/944
s 45
f 360/1674/948 511/1570/949 512/1567/950 384/2470/951
s 37
f 510/1573/952 511/1569/953 360/2471/954 370/1677/955
s 32
f 349/2472/681 509/1575/956 510/1572/957 370/2473/772
f 347/1679/680 508/1577/958 509/1574/956 349/2474/681
s 36
f 328/2475/737 507/1579/959 508/1576/960 347/2476/738
s 29
f 324/1685/961 506/1582/962 507/1578/963 328/2477/964
s 25
f 505/1584/965 506/1581/966 324/795/967 325/2098/968
s 11
f 504/1587/969 505/1583/970 325/2099/632 250/1690/633
s 8
f 503/1590/971 504/1586/972 250/803/431 251/1693/434
s 12
f 223/1696/488 502/1593/973 503/1589/974 251/723/489
s 20
f 501/1596/975 502/1592/976 223/697/602 315/1699/605
s 5
f 500/1599/395 501/1595/977 315/782/400 304/1713/384
s 20
f 459/1715/978 458/1717/979 222/696/598 314/1821/601
s 5
f 460/1768/980 459/1714/981 314/781/396 457/1828/399
f 457/1829/399 456/951/398 461/1765/982 460/955/980
s 20
f 456/1825/904 455/950/903 462/1762/983 461/956/984
s 12
f 463/1759/985 462/957/986 455/1830/902 454/949/901
s 8
f 454/1833/900 453/948/899 464/1756/987 463/958/988
s 11
f 453/1836/898 452/1818/897 465/961/989 464/959/990
s 25
f 452/946/896 451/945/895 466/1753/991 465/1686/992
s 29
f 467/963/993 466/962/994 451/1839/894 450/943/893
s 36
f 468/965/995 467/964/996 450/944/892 449/941/891
s 32
f 469/967/997 468/966/998 449/942/890 448/939/889
f 470/1744/999 469/968/997 448/940/889 447/938/888
s 37
f 447/1848/887 446/936/886 471/970/1000 470/969/1001
s 45
f 472/1739/1002 471/971/1003 446/937/885 445/935/884
s 48
f 473/1736/1004 472/972/1005 445/1853/883 444/934/882
f 474/1733/1006 473/973/1004 444/1856/882 443/933/881
f 475/1453/1007 474/974/1006 443/1859/881 442/1463/880
s off
f 631/1157/1008 630/1150/1009 632/1170/1010 633/1174/1011
s 46
f 441/1465/875 440/1816/874 477/1661/1012 476/1459/1013
f 440/930/874 439/1813/873 478/1658/1014 477/1660/1012
f 439/929/873 438/1810/872 479/1655/1015 478/1657/1014
s 44
f 438/928/871 437/1807/870 480/1652/1016 479/1654/1017
s 37
f 481/1649/1018 480/1651/1019 437/927/869 436/1804/868
s 30
f 436/926/867 435/1801/866 482/1646/1020 481/1648/1021
f 435/925/866 434/1798/865 483/1643/1022 482/1645/1020
s 36
f 434/924/864 433/1795/863 484/1640/1023 483/1642/1024
s 28
f 433/923/862 432/1792/861 485/1637/1025 484/1639/1026
s 23
f 432/922/860 431/920/859 486/986/1027 485/1636/1028
s 18
f 487/1728/1029 486/987/1030 431/921/858 430/919/857
s 15
f 488/1725/1031 487/988/1032 430/1864/856 429/918/855
s 2
f 429/1867/854 428/917/376 489/1722/1033 488/989/1034
f 490/1623/1035 489/990/1033 428/1870/376 427/1789/375
f 268/1787/378 491/1620/1036 490/1622/1035 427/916/375
f 492/1617/1037 491/1619/1036 268/739/378 295/1784/566
s 15
f 294/1781/523 493/1614/1038 492/1616/1039 295/764/524
s 18
f 319/1778/640 494/996/1040 493/1613/1041 294/805/641
s 1
f 495/997/1042 494/1611/1043 319/786/612 323/1946/615
s 11
f 496/1607/1044 495/998/1045 323/800/628 248/1776/631
s 8
f 497/1604/1046 496/1606/1047 248/802/427 249/1773/430
s 12
f 222/1824/485 458/1718/1048 497/1603/1049 249/722/486
s 20
f 499/1600/597 498/1501/596 458/953/979 459/1716/978
s 5
f 500/1597/395 499/1002/394 459/954/981 460/1769/980
f 460/1770/980 461/1766/982 501/1594/977 500/1003/395
s 20
f 461/1767/984 462/1763/983 502/1591/976 501/1004/975
s 12
f 503/1588/974 502/1005/973 462/1764/986 463/1760/985
s 8
f 463/1761/988 464/1757/987 504/1585/972 503/1006/971
s 11
f 464/1758/990 465/1687/989 505/1009/970 504/1007/969
s 25
f 465/960/992 466/1754/991 506/1580/966 505/1008/965
s 29
f 507/1011/963 506/1010/962 466/1755/994 467/1751/993
s 36
f 508/1013/960 507/1012/959 467/1752/996 468/1749/995
s 32
f 509/1015/956 508/1014/958 468/1750/998 469/1747/997
f 510/1571/957 509/1016/956 469/1748/997 470/1745/999
s 37
f 470/1746/1001 471/1742/1000 511/1018/953 510/1017/952
s 45
f 512/1566/950 511/1019/949 471/1743/1003 472/1740/1002
s 48
f 513/1563/945 512/1020/947 472/1741/1005 473/1737/1004
f 514/1560/941 513/1021/945 473/1738/1004 474/1734/1006
f 515/1480/942 514/1022/941 474/1735/1006 475/1454/1007
s off
f 475/1455/1050 476/1457/1051 516/1477/1052 515/1479/1053
s 46
f 476/1458/1013 477/1662/1012 517/1557/936 516/1476/938
f 477/977/1012 478/1659/1014 518/1554/932 517/1025/936
f 478/978/1014 479/1656/1015 519/1551/933 518/1026/932
s 44
f 479/979/1017 480/1653/1016 520/1548/929 519/1027/928
s 37
f 521/1545/926 520/1028/925 480/980/1019 481/1650/1018
s 30
f 481/981/1021 482/1647/1020 522/1542/921 521/1029/923
f 482/982/1020 483/1644/1022 523/1539/922 522/1030/921
s 36
f 483/983/1024 484/1641/1023 524/1536/920 523/1031/919
s 28
f 484/984/1026 485/1638/1025 525/1533/916 524/1032/915
s 23
f 485/985/1028 486/1731/1027 526/1034/912 525/1033/911
s 18
f 527/1528/910 526/1035/909 486/1732/1030 487/1729/1029
s 15
f 528/1525/908 527/1036/907 487/1730/1032 488/1726/1031
s 2
f 488/1727/1034 489/1723/1033 529/1522/905 528/1037/906
f 530/1519/373 529/1038/905 489/1724/1033 490/1624/1035
f 490/991/1035 491/1621/1036 531/1516/374 530/1039/373
f 532/1513/564 531/1040/374 491/992/1036 492/1618/1037
s 15
f 492/993/1039 493/1615/1038 533/1510/520 532/1041/519
s 18
f 493/994/1041 494/1612/1040 534/1044/1054 533/1042/1055
s 1
f 535/1045/625 534/1043/624 494/995/1043 495/1720/1042
s 11
f 536/1503/627 535/1046/626 495/1721/1045 496/1608/1044
s 8
f 537/1497/426 536/1047/425 496/999/1047 497/1605/1046
s 12
f 497/1000/1049 458/1719/1048 498/1502/482 537/1048/481
s 60
f 395/878/1056 411/1496/1057 538/1451/1058 539/1447/1059
s 61
f 411/895/1060 412/1489/1061 540/1445/1062 538/1450/1063
s 62
f 412/896/1064 397/1485/1065 541/1442/1066 540/1444/1067
s 49
f 397/880/853 395/1492/852 539/1448/1068 541/1441/1069
s 63
f 515/1023/1070 516/1478/1071 543/1436/1072 542/1438/1073
s 64
f 516/1024/1074 394/1474/1075 544/1433/1076 543/1435/1077
s off
f 394/879/1078 396/1471/1079 545/1430/1080 544/1432/1081
s 65
f 396/2478/1082 515/1482/1083 542/1439/1084 545/1429/1085
s 66
f 442/932/1086 441/1468/1087 546/1427/1088 547/1423/1089
s 60
f 441/931/1090 476/1460/1091 548/1392/1092 546/1426/1093
s off
f 476/976/1094 475/1456/1095 549/1389/1096 548/1391/1097
s 62
f 475/975/1098 442/1464/1099 547/1424/1100 549/1388/1101
s 60
f 539/1049/1059 538/1452/1058 550/1396/1102 551/1420/1103
s 61
f 538/1050/1063 540/1446/1062 552/1405/1104 550/1395/1105
s 62
f 540/1051/1067 541/1443/1066 553/1418/1106 552/1404/1107
s 49
f 541/1052/1069 539/1449/1068 551/1421/1108 553/1417/1109
s 63
f 542/1053/1073 543/1437/1072 555/1377/1110 554/1371/1111
s 64
f 543/1054/1077 544/1434/1076 556/1415/1112 555/1376/1113
s off
f 544/1055/1114 545/1431/1115 557/1412/1116 556/1414/1117
s 65
f 545/2479/1085 542/1440/1084 554/1372/1118 557/1411/1119
s 66
f 547/1056/1089 546/1428/1088 558/1401/1120 559/1407/1121
s 60
f 546/1057/1093 548/1393/1092 560/1379/1122 558/1400/1123
s 62
f 549/1387/1101 547/1425/1100 559/1408/1124 561/1385/1125
s 60
f 551/1060/1103 550/1397/1102 562/1357/1126 563/1353/1127
s 62
f 552/1403/1107 553/1419/1106 565/1348/1128 564/1350/1129
s 49
f 553/1063/1109 551/1422/1108 563/1354/1130 565/1347/1131
s 64
f 555/1375/1113 556/1416/1112 568/1325/1132 567/1327/1133
s 69
f 556/1066/1134 557/1413/1135 569/1322/1136 568/1324/1137
s 65
f 557/2480/1119 554/1373/1118 566/1333/1138 569/1321/1139
s 60
f 558/1399/1123 560/1380/1122 572/1339/1140 570/1344/1141
s off
f 560/1381/1142 561/1383/1143 573/1336/1144 572/1338/1145
s 62
f 561/1384/1125 559/1409/1124 571/1342/1146 573/1335/1147
f 552/1062/1148 564/1351/1129 571/1341/1146 559/1410/1149
s off
f 580/1276/1150 578/1281/1151 582/1269/1152 583/1263/1153
s 60
f 562/1356/1126 550/1398/1154 558/1068/1155 570/1345/1141
s off
f 550/1061/1156 552/1406/1157 559/1067/1158 558/1402/1159
s 72
f 548/1058/1160 549/1390/1161 577/1361/1162 574/1082/1163
s 73
f 549/1059/1164 561/1386/1165 576/1367/1166 577/1360/1167
s 74
f 561/1070/1168 560/1382/1169 575/1370/1170 576/1366/1171
s 75
f 560/1069/1172 548/1394/1173 574/1362/1174 575/1369/1175
f 575/1368/1175 574/1363/1174 555/1065/1176 567/1328/1177
s 74
f 576/1365/1171 575/1083/1170 567/1329/1178 566/1331/1179
s 73
f 577/1359/1167 576/1084/1166 566/1332/1180 554/1374/1181
s 72
f 574/1364/1163 577/1085/1162 554/1064/1182 555/1378/1183
s 60
f 563/1071/1127 562/1358/1126 578/1283/1184 579/1278/1185
s 62
f 564/1073/1129 565/1349/1128 581/1272/1186 580/1274/1187
s 49
f 565/1074/1131 563/1355/1130 579/1279/1188 581/1271/1189
s 60
f 570/1079/1141 572/1340/1140 584/1261/1190 582/1267/1191
s 76
f 572/1080/1192 573/1337/1193 585/1258/1194 584/1260/1195
s 62
f 573/1081/1147 571/1343/1146 583/1265/1196 585/1257/1197
s 60
f 562/1072/1126 570/1346/1141 582/1268/1191 578/1282/1184
s 62
f 571/1078/1146 564/1352/1129 580/1275/1187 583/1264/1196
s 77
f 566/1075/1198 567/1330/1199 587/1316/1200 586/1318/1201
s 64
f 567/1076/1133 568/1326/1132 588/1313/1202 587/1315/1203
s 69
f 568/1077/1137 569/1323/1136 589/1310/1204 588/1312/1205
s 65
f 569/2481/1139 566/1334/1138 586/1319/1206 589/1309/1207
s 77
f 586/1094/1201 587/1317/1200 591/1304/1208 590/1306/1209
s 64
f 587/1095/1203 588/1314/1202 592/1301/1210 591/1303/1211
s 69
f 588/1096/1205 589/1311/1204 593/1298/1212 592/1300/1213
s 65
f 589/2482/1207 586/1320/1206 590/1307/1214 593/1297/1215
s 77
f 590/1097/1209 591/1305/1208 595/1292/1216 594/1294/1217
s 64
f 591/1098/1211 592/1302/1210 596/1289/1218 595/1291/1219
s 69
f 592/1099/1213 593/1299/1212 597/1286/1220 596/1288/1221
s 65
f 593/2483/1215 590/1308/1214 594/1295/1222 597/1285/1223
s 77
f 594/1100/1217 595/1293/1216 599/1209/1224 598/1201/1225
s 64
f 595/1101/1219 596/1290/1218 600/1178/1226 599/1208/1227
s 69
f 596/1102/1221 597/1287/1220 601/1183/1228 600/1177/1229
s 65
f 597/2484/1223 594/1296/1222 598/1202/1230 601/1182/1231
s 60
f 579/1086/1185 578/1284/1184 602/1255/1232 603/1251/1233
s 78
f 578/1087/1234 580/1277/1235 604/1249/1236 602/1254/1237
s 62
f 580/1088/1187 581/1273/1186 605/1246/1238 604/1248/1239
s 49
f 581/1089/1189 579/1280/1188 603/1252/1240 605/1245/1241
s 79
f 583/1093/1242 582/1270/1243 606/1243/1244 607/1239/1245
s 60
f 582/1090/1191 584/1262/1190 608/1237/1246 606/1242/1247
s 76
f 584/1091/1195 585/1259/1194 609/1234/1248 608/1236/1249
s 62
f 585/1092/1197 583/1266/1196 607/1240/1250 609/1233/1251
s 60
f 603/1106/1233 602/1256/1232 610/1231/1252 611/1227/1253
s 78
f 602/1107/1237 604/1250/1236 612/1225/1254 610/1230/1255
s 62
f 604/1108/1239 605/1247/1238 613/1222/1256 612/1224/1257
s 49
f 605/1109/1241 603/1253/1240 611/1228/1258 613/1221/1259
s 79
f 607/1110/1245 606/1244/1244 614/1219/1260 615/1215/1261
s 60
f 606/1111/1247 608/1238/1246 616/1212/1262 614/1218/1263
s 76
f 608/1112/1249 609/1235/1248 617/1206/1264 616/1211/1265
s 62
f 609/1113/1251 607/1241/1250 615/1216/1266 617/1205/1267
s 60
f 611/1114/1253 610/1232/1252 618/1140/1268 619/1198/1269
s off
f 610/1115/1270 612/1226/1271 620/1161/1272 618/1139/1273
s 62
f 612/1116/1257 613/1223/1256 621/1196/1274 620/1160/1275
s off
f 613/1117/1276 611/1229/1277 619/1199/1278 621/1195/1279
s 79
f 615/1118/1261 614/1220/1260 622/1145/1280 623/1163/1281
s 60
f 614/1119/1263 616/1213/1262 624/1189/1282 622/1144/1283
s 62
f 617/1204/1267 615/1217/1266 623/1164/1284 625/1185/1285
s 60
f 599/1104/1286 600/1179/1287 624/1188/1282 616/1214/1288
s off
f 635/1138/1289 634/1173/1290 633/1137/1291 632/1171/1292
s 62
f 601/1181/1293 598/1203/1294 617/1121/1295 625/1186/1285
s off
f 598/1103/1296 599/1210/1297 616/1120/1298 617/1207/1299
s 60
f 619/1122/1269 618/1141/1268 626/1147/1300 627/1191/1301
s 62
f 620/1159/1275 621/1197/1274 629/1193/1302 628/1154/1303
s off
f 621/1125/1304 619/1200/1305 627/1192/1306 629/1133/1307
s 60
f 622/1143/1283 624/1190/1282 632/1169/1308 630/1151/1309
s 62
f 625/1129/1285 623/1165/1284 631/1156/1310 633/1175/1311
s off
f 600/1105/1312 601/1184/1313 634/1172/1314 635/1167/1315
s 62
f 601/2485/1293 625/1187/1285 633/1176/1311 634/2486/1316
s 60
f 624/1128/1282 600/1180/1287 635/1168/1317 632/1136/1308
s off
f 620/1124/1318 628/1155/1319 631/1134/1320 623/1166/1321
f 628/1132/1322 626/1149/1323 630/1135/1324 631/1158/1325
f 626/1131/1326 618/1142/1327 622/1127/1328 630/1152/1329
f 618/1123/1330 620/1162/1331 623/1126/1332 622/1146/1333
