# This file uses centimeters as units for non-parametric coordinates.

mtllib Tibia_Mirrored.mtl
g default
v 0.165632 -0.160579 -0.357545
v 0.085889 -0.215006 -0.357698
v -0.009096 -0.232294 -0.357709
v -0.102902 -0.209453 -0.357575
v -0.179308 -0.150433 -0.357320
v -0.225102 -0.065438 -0.356989
v -0.232366 0.030834 -0.356638
v -0.199844 0.121738 -0.356327
v -0.133160 0.191555 -0.356112
v -0.043844 0.228214 -0.356028
v 0.052661 0.225375 -0.356091
v 0.139669 0.183530 -0.356289
v 0.202133 0.109914 -0.356589
v 0.229253 0.017256 -0.356939
v 0.216343 -0.078423 -0.357276
v 0.165959 -0.162741 0.241704
v 0.086216 -0.217169 0.241551
v -0.008769 -0.234456 0.241541
v -0.102575 -0.211615 0.241674
v -0.178981 -0.152595 0.241929
v -0.224775 -0.067600 0.242261
v -0.232039 0.028672 0.242612
v -0.199517 0.119576 0.242922
v -0.132834 0.189393 0.243138
v -0.043518 0.226052 0.243221
v 0.052987 0.223213 0.243158
v 0.139994 0.181368 0.242960
v 0.202459 0.107752 0.242661
v 0.229581 0.015093 0.242310
v 0.216671 -0.080586 0.241973
v 0.062744 0.035899 0.279309
v 0.045465 0.024104 0.279276
v 0.024882 0.020358 0.279274
v 0.004554 0.025308 0.279303
v -0.012002 0.038097 0.279358
v -0.021926 0.056516 0.279430
v -0.023501 0.077378 0.279506
v -0.016452 0.097076 0.279573
v -0.002003 0.112205 0.279620
v 0.017352 0.120149 0.279638
v 0.038264 0.119534 0.279624
v 0.057118 0.110466 0.279582
v 0.070654 0.094514 0.279516
v 0.076532 0.074435 0.279441
v 0.073734 0.053701 0.279367
v 0.174641 -0.171083 0.241669
v 0.090735 -0.228351 0.241509
v 0.090755 -0.228484 0.278340
v 0.174661 -0.171216 0.278501
v -0.009209 -0.246542 0.241497
v -0.009189 -0.246675 0.278329
v -0.107911 -0.222508 0.241638
v -0.107891 -0.222641 0.278470
v -0.188305 -0.160407 0.241905
v -0.188285 -0.160540 0.278737
v -0.236490 -0.070976 0.242254
v -0.236470 -0.071109 0.279086
v -0.244134 0.030322 0.242624
v -0.244113 0.030189 0.279456
v -0.209914 0.125971 0.242951
v -0.209894 0.125839 0.279783
v -0.139749 0.199433 0.243177
v -0.139729 0.199301 0.280009
v -0.045770 0.238005 0.243265
v -0.045750 0.237872 0.280097
v 0.055772 0.235018 0.243199
v 0.055792 0.234885 0.280031
v 0.147321 0.190989 0.242990
v 0.147341 0.190856 0.279822
v 0.213047 0.113530 0.242675
v 0.213066 0.113397 0.279507
v 0.241585 0.016035 0.242308
v 0.241604 0.015902 0.279140
v 0.227999 -0.084638 0.241951
v 0.228020 -0.084772 0.278783
v 0.165624 -0.160523 -0.373159
v 0.085880 -0.214950 -0.373312
v -0.002278 -0.000158 -0.372490
v -0.009106 -0.232238 -0.373323
v -0.102911 -0.209397 -0.373189
v -0.179316 -0.150377 -0.372935
v -0.225111 -0.065382 -0.372603
v -0.232374 0.030890 -0.372253
v -0.199853 0.121794 -0.371941
v -0.133169 0.191611 -0.371726
v -0.043853 0.228270 -0.371643
v 0.052652 0.225431 -0.371705
v 0.139660 0.183586 -0.371904
v 0.202124 0.109970 -0.372203
v 0.229245 0.017312 -0.372553
v 0.216335 -0.078367 -0.372891
v 0.177034 -0.171469 -0.357591
v 0.091876 -0.229593 -0.357754
v 0.177025 -0.171413 -0.373205
v 0.091867 -0.229536 -0.373368
v -0.009560 -0.248054 -0.357766
v -0.009568 -0.247998 -0.373379
v -0.109736 -0.223662 -0.357623
v -0.109745 -0.223606 -0.373237
v -0.191330 -0.160634 -0.357350
v -0.191339 -0.160578 -0.372965
v -0.240235 -0.069867 -0.356997
v -0.240243 -0.069811 -0.372611
v -0.247992 0.032942 -0.356621
v -0.248000 0.032999 -0.372236
v -0.213262 0.130020 -0.356290
v -0.213270 0.130076 -0.371905
v -0.142050 0.204578 -0.356060
v -0.142058 0.204634 -0.371674
v -0.046668 0.243726 -0.355971
v -0.046676 0.243783 -0.371585
v 0.056391 0.240695 -0.356037
v 0.056382 0.240751 -0.371652
v 0.149306 0.196008 -0.356250
v 0.149299 0.196064 -0.371864
v 0.216013 0.117392 -0.356570
v 0.216004 0.117449 -0.372184
v 0.244977 0.018442 -0.356943
v 0.244968 0.018498 -0.372557
v 0.231189 -0.083735 -0.357304
v 0.231181 -0.083678 -0.372919
v 0.062797 0.035559 0.373518
v 0.045516 0.023764 0.373484
v 0.026496 0.070280 0.373663
v 0.024933 0.020018 0.373482
v 0.004606 0.024968 0.373511
v -0.011951 0.037758 0.373566
v -0.021874 0.056175 0.373638
v -0.023448 0.077037 0.373714
v -0.016401 0.096736 0.373782
v -0.001951 0.111865 0.373827
v 0.017404 0.119809 0.373846
v 0.038316 0.119194 0.373833
v 0.057170 0.110126 0.373789
v 0.070706 0.094174 0.373725
v 0.076583 0.074095 0.373649
v 0.073786 0.053361 0.373576
vt 0.256288 0.280681
vt 0.256288 0.431778
vt 0.263004 0.431778
vt 0.263004 0.280681
vt 0.263004 0.280681
vt 0.263004 0.431778
vt 0.269719 0.431778
vt 0.269719 0.280681
vt 0.269719 0.280681
vt 0.269719 0.431778
vt 0.276435 0.431778
vt 0.276435 0.280681
vt 0.276435 0.280681
vt 0.276435 0.431778
vt 0.283150 0.431778
vt 0.283150 0.280681
vt 0.283150 0.280681
vt 0.283150 0.431778
vt 0.289865 0.431778
vt 0.289865 0.280681
vt 0.289865 0.280681
vt 0.289865 0.431778
vt 0.296581 0.431778
vt 0.296581 0.280681
vt 0.296581 0.280681
vt 0.296581 0.431778
vt 0.303296 0.431778
vt 0.303296 0.280681
vt 0.303296 0.280681
vt 0.303296 0.431778
vt 0.310012 0.431778
vt 0.310012 0.280681
vt 0.310012 0.280681
vt 0.310012 0.431778
vt 0.316727 0.431778
vt 0.316727 0.280681
vt 0.316727 0.280681
vt 0.316727 0.431778
vt 0.323442 0.431778
vt 0.323442 0.280681
vt 0.323442 0.280681
vt 0.323442 0.431778
vt 0.330158 0.431778
vt 0.330158 0.280681
vt 0.330158 0.280681
vt 0.330158 0.431778
vt 0.336873 0.431778
vt 0.336873 0.280681
vt 0.336873 0.280681
vt 0.336873 0.431778
vt 0.343589 0.431778
vt 0.343589 0.280681
vt 0.343589 0.280681
vt 0.343589 0.431778
vt 0.350304 0.431778
vt 0.350304 0.280681
vt 0.350304 0.280681
vt 0.350304 0.431778
vt 0.357020 0.431778
vt 0.357020 0.280681
vt 0.545041 0.639095
vt 0.522317 0.664332
vt 0.553341 0.650519
vt 0.532811 0.632034
vt 0.522317 0.664332
vt 0.545041 0.639095
vt 0.518767 0.630558
vt 0.522317 0.664332
vt 0.532811 0.632034
vt 0.505336 0.634922
vt 0.522317 0.664332
vt 0.518767 0.630558
vt 0.494842 0.644371
vt 0.522317 0.664332
vt 0.505336 0.634922
vt 0.489098 0.657271
vt 0.522317 0.664332
vt 0.494842 0.644371
vt 0.489098 0.671393
vt 0.522317 0.664332
vt 0.489098 0.657271
vt 0.494842 0.684294
vt 0.522317 0.664332
vt 0.489098 0.671393
vt 0.505336 0.693743
vt 0.522317 0.664332
vt 0.494842 0.684294
vt 0.518767 0.698107
vt 0.522317 0.664332
vt 0.505336 0.693743
vt 0.532811 0.696631
vt 0.522317 0.664332
vt 0.518767 0.698107
vt 0.545041 0.689570
vt 0.522317 0.664332
vt 0.532811 0.696631
vt 0.553341 0.678145
vt 0.522317 0.664332
vt 0.545041 0.689570
vt 0.556277 0.664332
vt 0.522317 0.664332
vt 0.553341 0.678145
vt 0.553341 0.650519
vt 0.522317 0.664332
vt 0.556277 0.664332
vt 0.731585 0.334452
vt 0.706319 0.323203
vt 0.724825 0.343756
vt 0.724825 0.343756
vt 0.706319 0.323203
vt 0.714865 0.349506
vt 0.714865 0.349506
vt 0.706319 0.323203
vt 0.703428 0.350708
vt 0.703428 0.350708
vt 0.706319 0.323203
vt 0.692490 0.347154
vt 0.692490 0.347154
vt 0.706319 0.323203
vt 0.683944 0.339459
vt 0.683944 0.339459
vt 0.706319 0.323203
vt 0.679266 0.328953
vt 0.679266 0.328953
vt 0.706319 0.323203
vt 0.679266 0.317453
vt 0.679266 0.317453
vt 0.706319 0.323203
vt 0.683944 0.306947
vt 0.683944 0.306947
vt 0.706319 0.323203
vt 0.692490 0.299251
vt 0.692490 0.299251
vt 0.706319 0.323203
vt 0.703428 0.295697
vt 0.703428 0.295697
vt 0.706319 0.323203
vt 0.714865 0.296900
vt 0.714865 0.296900
vt 0.706319 0.323203
vt 0.724825 0.302650
vt 0.724825 0.302650
vt 0.706319 0.323203
vt 0.731585 0.311954
vt 0.731585 0.311954
vt 0.706319 0.323203
vt 0.733976 0.323203
vt 0.733976 0.323203
vt 0.706319 0.323203
vt 0.731585 0.334452
vt 0.563658 0.681115
vt 0.563658 0.681115
vt 0.553147 0.695582
vt 0.553147 0.695582
vt 0.553147 0.695582
vt 0.553147 0.695582
vt 0.537661 0.704522
vt 0.537661 0.704522
vt 0.537661 0.704522
vt 0.537661 0.704522
vt 0.519878 0.706392
vt 0.519878 0.706392
vt 0.519878 0.706392
vt 0.519878 0.706392
vt 0.502871 0.700866
vt 0.502871 0.700866
vt 0.502871 0.700866
vt 0.502871 0.700866
vt 0.489583 0.688901
vt 0.489583 0.688901
vt 0.489583 0.688901
vt 0.489583 0.688901
vt 0.482309 0.672565
vt 0.482309 0.672565
vt 0.482309 0.672565
vt 0.482309 0.672565
vt 0.482309 0.654683
vt 0.482309 0.654683
vt 0.482309 0.654683
vt 0.482309 0.654683
vt 0.489583 0.638348
vt 0.489583 0.638348
vt 0.489583 0.638348
vt 0.489583 0.638348
vt 0.502871 0.626382
vt 0.502871 0.626382
vt 0.502871 0.626382
vt 0.502871 0.626382
vt 0.519878 0.620857
vt 0.519878 0.620857
vt 0.519878 0.620857
vt 0.519878 0.620857
vt 0.537662 0.622726
vt 0.537662 0.622726
vt 0.537662 0.622726
vt 0.537662 0.622726
vt 0.553147 0.631667
vt 0.553147 0.631667
vt 0.553147 0.631667
vt 0.553147 0.631667
vt 0.563658 0.646133
vt 0.563658 0.646133
vt 0.563658 0.646133
vt 0.563658 0.646133
vt 0.567376 0.663624
vt 0.567376 0.663624
vt 0.567376 0.663624
vt 0.567376 0.663624
vt 0.563658 0.681115
vt 0.563658 0.681115
vt 0.563658 0.681115
vt 0.563658 0.681115
vt 0.553147 0.695582
vt 0.553147 0.695582
vt 0.553147 0.695582
vt 0.553147 0.695582
vt 0.563658 0.681115
vt 0.563658 0.681115
vt 0.553147 0.695582
vt 0.553147 0.695582
vt 0.537661 0.704522
vt 0.537661 0.704522
vt 0.537661 0.704522
vt 0.537661 0.704522
vt 0.553147 0.695582
vt 0.553147 0.695582
vt 0.537661 0.704522
vt 0.537661 0.704522
vt 0.519878 0.706392
vt 0.519878 0.706392
vt 0.519878 0.706392
vt 0.519878 0.706392
vt 0.537661 0.704522
vt 0.537661 0.704522
vt 0.519878 0.706392
vt 0.519878 0.706392
vt 0.502871 0.700866
vt 0.502871 0.700866
vt 0.502871 0.700866
vt 0.502871 0.700866
vt 0.519878 0.706392
vt 0.519878 0.706392
vt 0.502871 0.700866
vt 0.502871 0.700866
vt 0.489583 0.688901
vt 0.489583 0.688901
vt 0.489583 0.688901
vt 0.489583 0.688901
vt 0.502871 0.700866
vt 0.502871 0.700866
vt 0.489583 0.688901
vt 0.489583 0.688901
vt 0.482309 0.672565
vt 0.482309 0.672565
vt 0.482309 0.672565
vt 0.482309 0.672565
vt 0.489583 0.688901
vt 0.489583 0.688901
vt 0.482309 0.672565
vt 0.482309 0.672565
vt 0.482309 0.654683
vt 0.482309 0.654683
vt 0.482309 0.654683
vt 0.482309 0.654683
vt 0.482309 0.672565
vt 0.482309 0.672565
vt 0.482309 0.654683
vt 0.482309 0.654683
vt 0.489583 0.638348
vt 0.489583 0.638348
vt 0.489583 0.638348
vt 0.489583 0.638348
vt 0.482309 0.654683
vt 0.482309 0.654683
vt 0.489583 0.638348
vt 0.489583 0.638348
vt 0.502871 0.626382
vt 0.502871 0.626382
vt 0.502871 0.626382
vt 0.502871 0.626382
vt 0.489583 0.638348
vt 0.489583 0.638348
vt 0.502871 0.626382
vt 0.502871 0.626382
vt 0.519878 0.620857
vt 0.519878 0.620857
vt 0.519878 0.620857
vt 0.519878 0.620857
vt 0.502871 0.626382
vt 0.502871 0.626382
vt 0.519878 0.620857
vt 0.519878 0.620857
vt 0.537662 0.622726
vt 0.537662 0.622726
vt 0.537662 0.622726
vt 0.537662 0.622726
vt 0.519878 0.620857
vt 0.519878 0.620857
vt 0.537662 0.622726
vt 0.537662 0.622726
vt 0.553147 0.631667
vt 0.553147 0.631667
vt 0.553147 0.631667
vt 0.553147 0.631667
vt 0.537662 0.622726
vt 0.537662 0.622726
vt 0.553147 0.631667
vt 0.553147 0.631667
vt 0.563658 0.646133
vt 0.563658 0.646133
vt 0.563658 0.646133
vt 0.563658 0.646133
vt 0.553147 0.631667
vt 0.553147 0.631667
vt 0.563658 0.646133
vt 0.563658 0.646133
vt 0.567376 0.663624
vt 0.567376 0.663624
vt 0.567376 0.663624
vt 0.567376 0.663624
vt 0.563658 0.646133
vt 0.563658 0.646133
vt 0.567376 0.663624
vt 0.567376 0.663624
vt 0.563658 0.681115
vt 0.563658 0.681115
vt 0.563658 0.681115
vt 0.563658 0.681115
vt 0.567376 0.663624
vt 0.567376 0.663624
vt 0.545041 0.638376
vt 0.545041 0.638376
vt 0.553341 0.649801
vt 0.553341 0.649801
vt 0.532811 0.631316
vt 0.532811 0.631316
vt 0.545041 0.638376
vt 0.545041 0.638376
vt 0.518767 0.629839
vt 0.518767 0.629839
vt 0.532811 0.631316
vt 0.532811 0.631316
vt 0.505336 0.634203
vt 0.505336 0.634203
vt 0.518767 0.629839
vt 0.518767 0.629839
vt 0.494842 0.643652
vt 0.494842 0.643652
vt 0.505336 0.634203
vt 0.505336 0.634203
vt 0.489098 0.656553
vt 0.489098 0.656553
vt 0.494842 0.643652
vt 0.494842 0.643652
vt 0.489098 0.670675
vt 0.489098 0.670675
vt 0.489098 0.656553
vt 0.489098 0.656553
vt 0.494842 0.683575
vt 0.494842 0.683575
vt 0.489098 0.670675
vt 0.489098 0.670675
vt 0.505336 0.693025
vt 0.505336 0.693025
vt 0.494842 0.683575
vt 0.494842 0.683575
vt 0.518767 0.697388
vt 0.518767 0.697388
vt 0.505336 0.693025
vt 0.505336 0.693025
vt 0.532811 0.695912
vt 0.532811 0.695912
vt 0.518767 0.697388
vt 0.518767 0.697388
vt 0.545041 0.688851
vt 0.545041 0.688851
vt 0.532811 0.695912
vt 0.532811 0.695912
vt 0.553341 0.677427
vt 0.553341 0.677427
vt 0.545041 0.688851
vt 0.545041 0.688851
vt 0.556277 0.663614
vt 0.556277 0.663614
vt 0.553341 0.677427
vt 0.553341 0.677427
vt 0.553341 0.649801
vt 0.553341 0.649801
vt 0.556277 0.663614
vt 0.556277 0.663614
vt 0.545041 0.638376
vt 0.545041 0.638376
vt 0.553341 0.649801
vt 0.553341 0.649801
vt 0.553341 0.649801
vt 0.553341 0.649801
vt 0.545041 0.638376
vt 0.545041 0.638376
vt 0.532811 0.631316
vt 0.532811 0.631316
vt 0.545041 0.638376
vt 0.545041 0.638376
vt 0.545041 0.638376
vt 0.545041 0.638376
vt 0.532811 0.631316
vt 0.532811 0.631316
vt 0.518767 0.629839
vt 0.518767 0.629839
vt 0.532811 0.631316
vt 0.532811 0.631316
vt 0.532811 0.631316
vt 0.532811 0.631316
vt 0.518767 0.629839
vt 0.518767 0.629839
vt 0.505336 0.634203
vt 0.505336 0.634203
vt 0.518767 0.629839
vt 0.518767 0.629839
vt 0.518767 0.629839
vt 0.518767 0.629839
vt 0.505336 0.634203
vt 0.505336 0.634203
vt 0.494842 0.643652
vt 0.494842 0.643652
vt 0.505336 0.634203
vt 0.505336 0.634203
vt 0.505336 0.634203
vt 0.505336 0.634203
vt 0.494842 0.643652
vt 0.494842 0.643652
vt 0.489098 0.656553
vt 0.489098 0.656553
vt 0.494842 0.643652
vt 0.494842 0.643652
vt 0.494842 0.643652
vt 0.494842 0.643652
vt 0.489098 0.656553
vt 0.489098 0.656553
vt 0.489098 0.670675
vt 0.489098 0.670675
vt 0.489098 0.656553
vt 0.489098 0.656553
vt 0.489098 0.656553
vt 0.489098 0.656553
vt 0.489098 0.670675
vt 0.489098 0.670675
vt 0.494842 0.683575
vt 0.494842 0.683575
vt 0.489098 0.670675
vt 0.489098 0.670675
vt 0.489098 0.670675
vt 0.489098 0.670675
vt 0.494842 0.683575
vt 0.494842 0.683575
vt 0.505336 0.693025
vt 0.505336 0.693025
vt 0.494842 0.683575
vt 0.494842 0.683575
vt 0.494842 0.683575
vt 0.494842 0.683575
vt 0.505336 0.693025
vt 0.505336 0.693025
vt 0.518767 0.697388
vt 0.518767 0.697388
vt 0.505336 0.693025
vt 0.505336 0.693025
vt 0.505336 0.693025
vt 0.505336 0.693025
vt 0.518767 0.697388
vt 0.518767 0.697388
vt 0.532811 0.695912
vt 0.532811 0.695912
vt 0.518767 0.697388
vt 0.518767 0.697388
vt 0.518767 0.697388
vt 0.518767 0.697388
vt 0.532811 0.695912
vt 0.532811 0.695912
vt 0.545041 0.688851
vt 0.545041 0.688851
vt 0.532811 0.695912
vt 0.532811 0.695912
vt 0.532811 0.695912
vt 0.532811 0.695912
vt 0.545041 0.688851
vt 0.545041 0.688851
vt 0.553341 0.677427
vt 0.553341 0.677427
vt 0.545041 0.688851
vt 0.545041 0.688851
vt 0.545041 0.688851
vt 0.545041 0.688851
vt 0.553341 0.677427
vt 0.553341 0.677427
vt 0.556277 0.663614
vt 0.556277 0.663614
vt 0.553341 0.677427
vt 0.553341 0.677427
vt 0.553341 0.677427
vt 0.553341 0.677427
vt 0.556277 0.663614
vt 0.556277 0.663614
vt 0.553341 0.649801
vt 0.553341 0.649801
vt 0.556277 0.663614
vt 0.556277 0.663614
vt 0.556277 0.663614
vt 0.556277 0.663614
vt 0.553341 0.649801
vt 0.553341 0.649801
vt 0.731814 0.460956
vt 0.731814 0.460956
vt 0.723514 0.472380
vt 0.723514 0.472380
vt 0.723514 0.472380
vt 0.723514 0.472380
vt 0.711284 0.479441
vt 0.711284 0.479441
vt 0.711284 0.479441
vt 0.711284 0.479441
vt 0.697240 0.480917
vt 0.697240 0.480917
vt 0.697240 0.480917
vt 0.697240 0.480917
vt 0.683810 0.476553
vt 0.683810 0.476553
vt 0.683810 0.476553
vt 0.683810 0.476553
vt 0.673315 0.467104
vt 0.673315 0.467104
vt 0.673315 0.467104
vt 0.673315 0.467104
vt 0.667571 0.454203
vt 0.667571 0.454203
vt 0.667571 0.454203
vt 0.667571 0.454203
vt 0.667571 0.440082
vt 0.667571 0.440082
vt 0.667571 0.440082
vt 0.667571 0.440082
vt 0.673315 0.427181
vt 0.673315 0.427181
vt 0.673315 0.427181
vt 0.673315 0.427181
vt 0.683810 0.417732
vt 0.683810 0.417732
vt 0.683810 0.417732
vt 0.683810 0.417732
vt 0.697240 0.413368
vt 0.697240 0.413368
vt 0.697240 0.413368
vt 0.697240 0.413368
vt 0.711284 0.414844
vt 0.711284 0.414844
vt 0.711284 0.414844
vt 0.711284 0.414844
vt 0.723514 0.421905
vt 0.723514 0.421905
vt 0.723514 0.421905
vt 0.723514 0.421905
vt 0.731814 0.433330
vt 0.731814 0.433330
vt 0.731814 0.433330
vt 0.731814 0.433330
vt 0.734750 0.447143
vt 0.734750 0.447143
vt 0.734750 0.447143
vt 0.734750 0.447143
vt 0.731814 0.460956
vt 0.731814 0.460956
vn 0.723325 -0.690502 -0.002886
vn 0.722965 -0.690879 -0.002887
vn 0.379607 -0.925141 -0.003545
vn 0.379794 -0.925064 -0.003545
vn -0.029327 -0.999563 -0.003590
vn -0.029479 -0.999559 -0.003590
vn -0.433205 -0.901290 -0.003016
vn -0.433637 -0.901083 -0.003015
vn -0.762263 -0.647265 -0.001919
vn -0.762732 -0.646712 -0.001917
vn -0.959613 -0.281322 -0.000491
vn -0.959850 -0.280513 -0.000488
vn -0.991072 0.133321 0.001022
vn -0.990963 0.134131 0.001025
vn -0.851120 0.524967 0.002358
vn -0.850779 0.525519 0.002360
vn -0.563898 0.825838 0.003287
vn -0.563593 0.826046 0.003288
vn -0.179073 0.983829 0.003648
vn -0.179048 0.983834 0.003648
vn 0.236741 0.971567 0.003377
vn 0.236428 0.971643 0.003377
vn 0.611562 0.791192 0.002522
vn 0.611076 0.791568 0.002524
vn 0.880543 0.473964 0.001231
vn 0.880164 0.474668 0.001233
vn 0.997197 0.074821 -0.000275
vn 0.997133 0.075667 -0.000272
vn 0.941432 -0.337198 -0.001731
vn 0.941685 -0.336492 -0.001729
vn -0.000544 0.003604 -0.999993
vn -0.000545 0.003608 -0.999993
vn -0.000548 0.003606 -0.999993
vn -0.000545 0.003603 -0.999993
vn -0.000548 0.003603 -0.999993
vn -0.000548 0.003606 -0.999993
vn -0.000549 0.003606 -0.999993
vn -0.000548 0.003608 -0.999993
vn -0.000546 0.003611 -0.999993
vn -0.000549 0.003610 -0.999993
vn -0.000545 0.003613 -0.999993
vn -0.000543 0.003612 -0.999993
vn -0.000544 0.003610 -0.999993
vn -0.000543 0.003609 -0.999993
vn -0.000545 0.003609 -0.999993
vn -0.000547 0.003607 -0.999993
vn 0.000544 -0.003620 0.999993
vn 0.000544 -0.003609 0.999993
vn 0.000542 -0.003630 0.999993
vn 0.000548 -0.003620 0.999993
vn 0.000537 -0.003615 0.999993
vn 0.000535 -0.003614 0.999993
vn 0.000538 -0.003620 0.999993
vn 0.000542 -0.003609 0.999993
vn 0.000552 -0.003590 0.999993
vn 0.000535 -0.003592 0.999993
vn 0.000521 -0.003605 0.999993
vn 0.000550 -0.003612 0.999993
vn 0.000555 -0.003602 0.999993
vn 0.000550 -0.003596 0.999993
vn 0.000557 -0.003608 0.999993
vn 0.000556 -0.003606 0.999993
vn 0.723326 -0.690501 -0.002901
vn 0.722967 -0.690877 -0.002902
vn 0.379604 -0.925142 -0.003548
vn 0.379794 -0.925064 -0.003548
vn -0.029329 -0.999563 -0.003591
vn -0.029478 -0.999559 -0.003591
vn -0.433209 -0.901289 -0.003016
vn -0.433640 -0.901081 -0.003015
vn -0.762266 -0.647261 -0.001921
vn -0.762733 -0.646711 -0.001919
vn -0.959613 -0.281323 -0.000489
vn -0.959850 -0.280515 -0.000486
vn -0.991073 0.133318 0.001028
vn -0.990963 0.134130 0.001030
vn -0.851120 0.524967 0.002358
vn -0.850779 0.525519 0.002360
vn -0.563895 0.825840 0.003284
vn -0.563591 0.826048 0.003284
vn -0.179071 0.983829 0.003649
vn -0.179047 0.983834 0.003649
vn 0.236742 0.971567 0.003378
vn 0.236427 0.971644 0.003378
vn 0.611562 0.791192 0.002522
vn 0.611075 0.791569 0.002524
vn 0.880540 0.473970 0.001241
vn 0.880162 0.474673 0.001244
vn 0.997197 0.074822 -0.000266
vn 0.997133 0.075667 -0.000262
vn 0.941430 -0.337203 -0.001744
vn 0.941684 -0.336495 -0.001741
vn -0.000543 0.003598 -0.999993
vn -0.000543 0.003598 -0.999993
vn -0.000544 0.003597 -0.999993
vn -0.000543 0.003597 -0.999993
vn 0.000545 -0.003609 0.999993
vn 0.000545 -0.003610 0.999993
vn 0.000547 -0.003606 0.999993
vn 0.000548 -0.003605 0.999993
vn -0.000543 0.003622 -0.999993
vn -0.000543 0.003622 -0.999993
vn 0.000546 -0.003611 0.999993
vn 0.000546 -0.003611 0.999993
vn -0.000532 0.003627 -0.999993
vn -0.000532 0.003627 -0.999993
vn 0.000544 -0.003607 0.999993
vn 0.000544 -0.003608 0.999993
vn -0.000514 0.003623 -0.999993
vn -0.000515 0.003622 -0.999993
vn 0.000545 -0.003609 0.999993
vn 0.000544 -0.003608 0.999993
vn -0.000505 0.003625 -0.999993
vn -0.000505 0.003625 -0.999993
vn 0.000547 -0.003612 0.999993
vn 0.000548 -0.003612 0.999993
vn -0.000527 0.003613 -0.999993
vn -0.000527 0.003613 -0.999993
vn 0.000546 -0.003608 0.999993
vn 0.000545 -0.003609 0.999993
vn -0.000541 0.003604 -0.999993
vn -0.000541 0.003604 -0.999993
vn 0.000546 -0.003607 0.999993
vn 0.000547 -0.003607 0.999993
vn -0.000533 0.003600 -0.999993
vn -0.000533 0.003600 -0.999993
vn 0.000544 -0.003608 0.999993
vn 0.000545 -0.003607 0.999993
vn -0.000536 0.003609 -0.999993
vn -0.000536 0.003609 -0.999993
vn 0.000546 -0.003607 0.999993
vn 0.000545 -0.003608 0.999993
vn -0.000551 0.003590 -0.999993
vn -0.000551 0.003590 -0.999993
vn 0.000547 -0.003607 0.999993
vn 0.000547 -0.003607 0.999993
vn -0.000565 0.003572 -0.999994
vn -0.000565 0.003572 -0.999993
vn 0.000545 -0.003609 0.999993
vn 0.000544 -0.003609 0.999993
vn -0.000561 0.003595 -0.999993
vn -0.000561 0.003595 -0.999993
vn 0.000544 -0.003610 0.999993
vn 0.000543 -0.003611 0.999993
vn -0.000550 0.003611 -0.999993
vn -0.000550 0.003611 -0.999993
vn 0.000543 -0.003612 0.999993
vn 0.000543 -0.003612 0.999993
vn -0.000546 0.003611 -0.999993
vn -0.000546 0.003611 -0.999993
vn 0.000546 -0.003607 0.999993
vn 0.000548 -0.003604 0.999993
vn 0.379615 -0.925138 -0.003540
vn 0.379801 -0.925062 -0.003540
vn 0.723326 -0.690501 -0.002887
vn 0.722967 -0.690876 -0.002888
vn -0.029326 -0.999563 -0.003585
vn -0.029470 -0.999559 -0.003585
vn -0.433204 -0.901291 -0.003013
vn -0.433644 -0.901079 -0.003012
vn -0.762262 -0.647266 -0.001919
vn -0.762735 -0.646709 -0.001916
vn -0.959614 -0.281320 -0.000492
vn -0.959850 -0.280513 -0.000489
vn -0.991072 0.133324 0.001020
vn -0.990962 0.134135 0.001022
vn -0.851120 0.524966 0.002342
vn -0.850781 0.525516 0.002343
vn -0.563895 0.825840 0.003268
vn -0.563586 0.826051 0.003268
vn -0.179071 0.983829 0.003643
vn -0.179041 0.983835 0.003643
vn 0.236738 0.971568 0.003384
vn 0.236424 0.971644 0.003385
vn 0.611558 0.791195 0.002539
vn 0.611083 0.791562 0.002541
vn 0.880542 0.473967 0.001238
vn 0.880162 0.474672 0.001241
vn 0.997197 0.074821 -0.000278
vn 0.997133 0.075664 -0.000275
vn 0.941429 -0.337206 -0.001733
vn 0.941682 -0.336499 -0.001730
vn 0.000544 -0.003616 0.999993
vn 0.000544 -0.003616 0.999993
vn 0.000548 -0.003598 0.999993
vn 0.000548 -0.003598 0.999993
vn -0.000569 0.003614 -0.999993
vn -0.000556 0.003592 -0.999993
vn 0.000540 -0.003631 0.999993
vn 0.000540 -0.003631 0.999993
vn -0.000552 0.003580 -0.999993
vn 0.000546 -0.003611 0.999993
vn 0.000546 -0.003611 0.999993
vn -0.000558 0.003582 -0.999993
vn 0.000545 -0.003599 0.999993
vn 0.000545 -0.003599 0.999993
vn -0.000556 0.003603 -0.999993
vn 0.000547 -0.003606 0.999993
vn 0.000547 -0.003606 0.999993
vn -0.000560 0.003616 -0.999993
vn 0.000562 -0.003616 0.999993
vn 0.000562 -0.003616 0.999993
vn -0.000561 0.003610 -0.999993
vn 0.000558 -0.003609 0.999993
vn 0.000558 -0.003609 0.999993
vn -0.000541 0.003603 -0.999993
vn 0.000538 -0.003608 0.999993
vn 0.000538 -0.003608 0.999993
vn -0.000539 0.003620 -0.999993
vn 0.000537 -0.003619 0.999993
vn 0.000537 -0.003619 0.999993
vn -0.000546 0.003633 -0.999993
vn 0.000546 -0.003611 0.999993
vn 0.000546 -0.003611 0.999993
vn -0.000543 0.003621 -0.999993
vn 0.000552 -0.003602 0.999993
vn 0.000552 -0.003602 0.999993
vn -0.000540 0.003620 -0.999993
vn 0.000557 -0.003610 0.999993
vn 0.000557 -0.003610 0.999993
vn -0.000543 0.003610 -0.999993
vn 0.000557 -0.003609 0.999993
vn 0.000557 -0.003609 0.999993
vn -0.000550 0.003607 -0.999993
vn 0.000549 -0.003604 0.999993
vn 0.000549 -0.003604 0.999993
vn -0.000564 0.003617 -0.999993
vn 0.723322 -0.690505 -0.002890
vn 0.722964 -0.690880 -0.002891
vn 0.379612 -0.925139 -0.003546
vn 0.379800 -0.925062 -0.003546
vn -0.029337 -0.999563 -0.003591
vn -0.029489 -0.999559 -0.003591
vn -0.433211 -0.901288 -0.003017
vn -0.433646 -0.901078 -0.003016
vn -0.762267 -0.647260 -0.001922
vn -0.762734 -0.646709 -0.001920
vn -0.959611 -0.281331 -0.000492
vn -0.959847 -0.280523 -0.000489
vn -0.991073 0.133318 0.001024
vn -0.990963 0.134128 0.001026
vn -0.851120 0.524967 0.002358
vn -0.850777 0.525521 0.002360
vn -0.563893 0.825841 0.003290
vn -0.563590 0.826048 0.003290
vn -0.179067 0.983830 0.003652
vn -0.179045 0.983834 0.003652
vn 0.236735 0.971568 0.003379
vn 0.236423 0.971645 0.003379
vn 0.611556 0.791197 0.002518
vn 0.611068 0.791574 0.002520
vn 0.880544 0.473963 0.001226
vn 0.880163 0.474669 0.001229
vn 0.997197 0.074820 -0.000275
vn 0.997133 0.075665 -0.000272
vn 0.941430 -0.337203 -0.001734
vn 0.941683 -0.336496 -0.001732
s 1
g Tibia_Mirrored
usemtl lambert2SG
f 1/1/1 16/2/2 17/3/3 2/4/4
f 2/5/4 17/6/3 18/7/5 3/8/6
f 3/9/6 18/10/5 19/11/7 4/12/8
f 4/13/8 19/14/7 20/15/9 5/16/10
f 5/17/10 20/18/9 21/19/11 6/20/12
f 6/21/12 21/22/11 22/23/13 7/24/14
f 7/25/14 22/26/13 23/27/15 8/28/16
f 8/29/16 23/30/15 24/31/17 9/32/18
f 9/33/18 24/34/17 25/35/19 10/36/20
f 10/37/20 25/38/19 26/39/21 11/40/22
f 11/41/22 26/42/21 27/43/23 12/44/24
f 12/45/24 27/46/23 28/47/25 13/48/26
f 13/49/26 28/50/25 29/51/27 14/52/28
f 14/53/28 29/54/27 30/55/29 15/56/30
f 15/57/30 30/58/29 16/59/2 1/60/1
s 2
f 77/61/31 78/62/32 76/63/33
f 79/64/34 78/65/32 77/66/31
f 80/67/35 78/68/32 79/69/34
f 81/70/36 78/71/32 80/72/35
f 82/73/37 78/74/32 81/75/36
f 83/76/38 78/77/32 82/78/37
f 84/79/39 78/80/32 83/81/38
f 85/82/40 78/83/32 84/84/39
f 86/85/41 78/86/32 85/87/40
f 87/88/42 78/89/32 86/90/41
f 88/91/43 78/92/32 87/93/42
f 89/94/44 78/95/32 88/96/43
f 90/97/45 78/98/32 89/99/44
f 91/100/46 78/101/32 90/102/45
f 76/103/33 78/104/32 91/105/46
s 3
f 122/106/47 124/107/48 123/108/49
f 123/109/49 124/110/48 125/111/50
f 125/112/50 124/113/48 126/114/51
f 126/115/51 124/116/48 127/117/52
f 127/118/52 124/119/48 128/120/53
f 128/121/53 124/122/48 129/123/54
f 129/124/54 124/125/48 130/126/55
f 130/127/55 124/128/48 131/129/56
f 131/130/56 124/131/48 132/132/57
f 132/133/57 124/134/48 133/135/58
f 133/136/58 124/137/48 134/138/59
f 134/139/59 124/140/48 135/141/60
f 135/142/60 124/143/48 136/144/61
f 136/145/61 124/146/48 137/147/62
f 137/148/62 124/149/48 122/150/47
s 4
f 46/151/63 49/152/64 48/153/65 47/154/66
f 47/155/66 48/156/65 51/157/67 50/158/68
f 50/159/68 51/160/67 53/161/69 52/162/70
f 52/163/70 53/164/69 55/165/71 54/166/72
f 54/167/72 55/168/71 57/169/73 56/170/74
f 56/171/74 57/172/73 59/173/75 58/174/76
f 58/175/76 59/176/75 61/177/77 60/178/78
f 60/179/78 61/180/77 63/181/79 62/182/80
f 62/183/80 63/184/79 65/185/81 64/186/82
f 64/187/82 65/188/81 67/189/83 66/190/84
f 66/191/84 67/192/83 69/193/85 68/194/86
f 68/195/86 69/196/85 71/197/87 70/198/88
f 70/199/88 71/200/87 73/201/89 72/202/90
f 72/203/90 73/204/89 75/205/91 74/206/92
f 74/207/92 75/208/91 49/209/64 46/210/63
s 5
f 16/211/93 46/212/94 47/213/95 17/214/96
s 6
f 32/215/97 48/216/98 49/217/99 31/218/100
s 5
f 17/219/96 47/220/95 50/221/101 18/222/102
s 6
f 33/223/103 51/224/104 48/225/98 32/226/97
s 5
f 18/227/102 50/228/101 52/229/105 19/230/106
s 6
f 34/231/107 53/232/108 51/233/104 33/234/103
s 5
f 19/235/106 52/236/105 54/237/109 20/238/110
s 6
f 35/239/111 55/240/112 53/241/108 34/242/107
s 5
f 20/243/110 54/244/109 56/245/113 21/246/114
s 6
f 36/247/115 57/248/116 55/249/112 35/250/111
s 5
f 21/251/114 56/252/113 58/253/117 22/254/118
s 6
f 37/255/119 59/256/120 57/257/116 36/258/115
s 5
f 22/259/118 58/260/117 60/261/121 23/262/122
s 6
f 38/263/123 61/264/124 59/265/120 37/266/119
s 5
f 23/267/122 60/268/121 62/269/125 24/270/126
s 6
f 39/271/127 63/272/128 61/273/124 38/274/123
s 5
f 24/275/126 62/276/125 64/277/129 25/278/130
s 6
f 40/279/131 65/280/132 63/281/128 39/282/127
s 5
f 25/283/130 64/284/129 66/285/133 26/286/134
s 6
f 41/287/135 67/288/136 65/289/132 40/290/131
s 5
f 26/291/134 66/292/133 68/293/137 27/294/138
s 6
f 42/295/139 69/296/140 67/297/136 41/298/135
s 5
f 27/299/138 68/300/137 70/301/141 28/302/142
s 6
f 43/303/143 71/304/144 69/305/140 42/306/139
s 5
f 28/307/142 70/308/141 72/309/145 29/310/146
s 6
f 44/311/147 73/312/148 71/313/144 43/314/143
s 5
f 29/315/146 72/316/145 74/317/149 30/318/150
s 6
f 45/319/151 75/320/152 73/321/148 44/322/147
s 5
f 30/323/150 74/324/149 46/325/94 16/326/93
s 6
f 31/327/100 49/328/99 75/329/152 45/330/151
s 7
f 93/331/153 95/332/154 94/333/155 92/334/156
f 96/335/157 97/336/158 95/337/154 93/338/153
f 98/339/159 99/340/160 97/341/158 96/342/157
f 100/343/161 101/344/162 99/345/160 98/346/159
f 102/347/163 103/348/164 101/349/162 100/350/161
f 104/351/165 105/352/166 103/353/164 102/354/163
f 106/355/167 107/356/168 105/357/166 104/358/165
f 108/359/169 109/360/170 107/361/168 106/362/167
f 110/363/171 111/364/172 109/365/170 108/366/169
f 112/367/173 113/368/174 111/369/172 110/370/171
f 114/371/175 115/372/176 113/373/174 112/374/173
f 116/375/177 117/376/178 115/377/176 114/378/175
f 118/379/179 119/380/180 117/381/178 116/382/177
f 120/383/181 121/384/182 119/385/180 118/386/179
f 92/387/156 94/388/155 121/389/182 120/390/181
s 8
f 2/391/183 93/392/184 92/393/185 1/394/186
s 2
f 76/395/33 94/396/187 95/397/188 77/398/31
s 8
f 3/399/189 96/400/190 93/401/184 2/402/183
s 2
f 77/403/31 95/404/188 97/405/191 79/406/34
s 8
f 4/407/192 98/408/193 96/409/190 3/410/189
s 2
f 79/411/34 97/412/191 99/413/194 80/414/35
s 8
f 5/415/195 100/416/196 98/417/193 4/418/192
s 2
f 80/419/35 99/420/194 101/421/197 81/422/36
s 8
f 6/423/198 102/424/199 100/425/196 5/426/195
s 2
f 81/427/36 101/428/197 103/429/200 82/430/37
s 8
f 7/431/201 104/432/202 102/433/199 6/434/198
s 2
f 82/435/37 103/436/200 105/437/203 83/438/38
s 8
f 8/439/204 106/440/205 104/441/202 7/442/201
s 2
f 83/443/38 105/444/203 107/445/206 84/446/39
s 8
f 9/447/207 108/448/208 106/449/205 8/450/204
s 2
f 84/451/39 107/452/206 109/453/209 85/454/40
s 8
f 10/455/210 110/456/211 108/457/208 9/458/207
s 2
f 85/459/40 109/460/209 111/461/212 86/462/41
s 8
f 11/463/213 112/464/214 110/465/211 10/466/210
s 2
f 86/467/41 111/468/212 113/469/215 87/470/42
s 8
f 12/471/216 114/472/217 112/473/214 11/474/213
s 2
f 87/475/42 113/476/215 115/477/218 88/478/43
s 8
f 13/479/219 116/480/220 114/481/217 12/482/216
s 2
f 88/483/43 115/484/218 117/485/221 89/486/44
s 8
f 14/487/222 118/488/223 116/489/220 13/490/219
s 2
f 89/491/44 117/492/221 119/493/224 90/494/45
s 8
f 15/495/225 120/496/226 118/497/223 14/498/222
s 2
f 90/499/45 119/500/224 121/501/227 91/502/46
s 8
f 1/503/186 92/504/185 120/505/226 15/506/225
s 2
f 91/507/46 121/508/227 94/509/187 76/510/33
s 9
f 31/511/228 122/512/229 123/513/230 32/514/231
f 32/515/231 123/516/230 125/517/232 33/518/233
f 33/519/233 125/520/232 126/521/234 34/522/235
f 34/523/235 126/524/234 127/525/236 35/526/237
f 35/527/237 127/528/236 128/529/238 36/530/239
f 36/531/239 128/532/238 129/533/240 37/534/241
f 37/535/241 129/536/240 130/537/242 38/538/243
f 38/539/243 130/540/242 131/541/244 39/542/245
f 39/543/245 131/544/244 132/545/246 40/546/247
f 40/547/247 132/548/246 133/549/248 41/550/249
f 41/551/249 133/552/248 134/553/250 42/554/251
f 42/555/251 134/556/250 135/557/252 43/558/253
f 43/559/253 135/560/252 136/561/254 44/562/255
f 44/563/255 136/564/254 137/565/256 45/566/257
f 45/567/257 137/568/256 122/569/229 31/570/228
g default
v 0.007976 -0.117658 0.370763
v -0.009303 -0.129453 0.370730
v -0.028323 -0.082938 0.370908
v -0.029887 -0.133199 0.370727
v -0.050213 -0.128249 0.370756
v -0.066771 -0.115459 0.370811
v -0.076694 -0.097042 0.370884
v -0.078268 -0.076180 0.370960
v -0.071221 -0.056481 0.371027
v -0.056771 -0.041352 0.371074
v -0.037416 -0.033408 0.371092
v -0.016504 -0.034023 0.371078
v 0.002350 -0.043091 0.371035
v 0.015887 -0.059043 0.370970
v 0.021764 -0.079122 0.370894
v 0.018966 -0.099856 0.370821
v 0.007948 -0.117466 0.317395
v 0.018936 -0.099663 0.317453
v 0.021735 -0.078930 0.317527
v 0.015858 -0.058851 0.317602
v 0.002322 -0.042898 0.317667
v -0.016533 -0.033831 0.317710
v -0.037445 -0.033216 0.317724
v -0.056800 -0.041159 0.317706
v -0.071250 -0.056288 0.317659
v -0.078297 -0.075987 0.317592
v -0.076723 -0.096849 0.317516
v -0.066800 -0.115267 0.317444
v -0.050243 -0.128057 0.317388
v -0.029915 -0.133006 0.317360
v -0.009332 -0.129260 0.317362
v 0.007919 -0.117273 0.264027
v -0.009361 -0.129068 0.263994
v -0.028382 -0.082552 0.264172
v -0.029944 -0.132814 0.263992
v -0.050272 -0.127864 0.264021
v -0.066828 -0.115075 0.264076
v -0.076752 -0.096656 0.264148
v -0.078326 -0.075795 0.264224
v -0.071279 -0.056096 0.264292
v -0.056829 -0.040967 0.264338
v -0.037474 -0.033023 0.264356
v -0.016562 -0.033638 0.264342
v 0.002293 -0.042706 0.264299
v 0.015829 -0.058658 0.264235
v 0.021705 -0.078737 0.264159
v 0.018908 -0.099471 0.264086
vt 0.745458 0.365165
vt 0.699461 0.344686
vt 0.733151 0.382103
vt 0.715020 0.392571
vt 0.694198 0.394760
vt 0.674286 0.388290
vt 0.658727 0.374281
vt 0.650211 0.355154
vt 0.650211 0.334217
vt 0.658727 0.315091
vt 0.674286 0.301082
vt 0.694198 0.294612
vt 0.715020 0.296800
vt 0.733151 0.307269
vt 0.745458 0.324207
vt 0.749811 0.344686
vt 0.749811 0.344686
vt 0.745458 0.365165
vt 0.745458 0.324207
vt 0.733151 0.307269
vt 0.715020 0.296800
vt 0.694198 0.294612
vt 0.674286 0.301082
vt 0.658727 0.315091
vt 0.650211 0.334217
vt 0.650211 0.355154
vt 0.658727 0.374281
vt 0.674286 0.388290
vt 0.694198 0.394760
vt 0.715020 0.392571
vt 0.733151 0.382103
vt 0.745458 0.365165
vt 0.733151 0.382103
vt 0.699461 0.344686
vt 0.715020 0.392571
vt 0.694198 0.394760
vt 0.674286 0.388290
vt 0.658727 0.374281
vt 0.650211 0.355154
vt 0.650211 0.334217
vt 0.658727 0.315091
vt 0.674286 0.301082
vt 0.694198 0.294612
vt 0.715020 0.296800
vt 0.733151 0.307269
vt 0.745458 0.324207
vt 0.749811 0.344686
vt 0.749811 0.344686
vt 0.745458 0.365165
vt 0.745458 0.324207
vt 0.733151 0.307269
vt 0.715020 0.296800
vt 0.694198 0.294612
vt 0.674286 0.301082
vt 0.658727 0.315091
vt 0.650211 0.334217
vt 0.650211 0.355154
vt 0.658727 0.374281
vt 0.674286 0.388290
vt 0.694198 0.394760
vt 0.715020 0.392571
vt 0.733151 0.382103
vn 0.000554 -0.003607 0.999993
vn 0.000548 -0.003609 0.999993
vn 0.000545 -0.003615 0.999993
vn 0.000538 -0.003604 0.999993
vn 0.000536 -0.003619 0.999993
vn 0.000549 -0.003635 0.999993
vn 0.000556 -0.003609 0.999993
vn 0.000546 -0.003608 0.999993
vn 0.000548 -0.003605 0.999993
vn 0.000554 -0.003592 0.999993
vn 0.000554 -0.003608 0.999993
vn 0.000551 -0.003608 0.999993
vn 0.000542 -0.003593 0.999993
vn 0.000543 -0.003602 0.999993
vn 0.000549 -0.003621 0.999993
vn 0.000556 -0.003605 0.999993
vn 0.941558 -0.336847 -0.001729
vn 0.941429 -0.337207 -0.001735
vn 0.722970 -0.690873 -0.002885
vn 0.723152 -0.690683 -0.002884
vn 0.997166 0.075231 -0.000276
vn 0.997198 0.074812 -0.000279
vn 0.880354 0.474315 0.001231
vn 0.880541 0.473969 0.001232
vn 0.611311 0.791387 0.002523
vn 0.611554 0.791199 0.002526
vn 0.236578 0.971607 0.003377
vn 0.236732 0.971569 0.003379
vn -0.179058 0.983832 0.003648
vn -0.179070 0.983829 0.003648
vn -0.563731 0.825952 0.003286
vn -0.563883 0.825848 0.003288
vn -0.850953 0.525236 0.002357
vn -0.851124 0.524960 0.002362
vn -0.991019 0.133718 0.001021
vn -0.991073 0.133314 0.001024
vn -0.959733 -0.280913 -0.000494
vn -0.959615 -0.281315 -0.000492
vn -0.762496 -0.646990 -0.001921
vn -0.762258 -0.647270 -0.001918
vn -0.433426 -0.901184 -0.003015
vn -0.433210 -0.901288 -0.003012
vn -0.029410 -0.999561 -0.003590
vn -0.029337 -0.999563 -0.003588
vn 0.379701 -0.925102 -0.003544
vn 0.379609 -0.925140 -0.003542
vn -0.000541 0.003604 -0.999993
vn -0.000550 0.003613 -0.999993
vn -0.000544 0.003610 -0.999993
vn -0.000546 0.003615 -0.999993
vn -0.000540 0.003608 -0.999993
vn -0.000541 0.003612 -0.999993
vn -0.000541 0.003600 -0.999993
vn -0.000537 0.003630 -0.999993
vn -0.000544 0.003632 -0.999993
vn -0.000549 0.003603 -0.999993
vn -0.000545 0.003597 -0.999993
vn -0.000556 0.003597 -0.999993
vn -0.000547 0.003599 -0.999993
vn -0.000539 0.003601 -0.999993
vn -0.000541 0.003613 -0.999993
vn -0.000539 0.003621 -0.999993
vn 0.723330 -0.690497 -0.002884
vn 0.941687 -0.336487 -0.001724
vn 0.997134 0.075653 -0.000272
vn 0.880168 0.474661 0.001231
vn 0.611065 0.791576 0.002521
vn 0.236424 0.971644 0.003375
vn -0.179046 0.983834 0.003647
vn -0.563579 0.826055 0.003284
vn -0.850781 0.525515 0.002352
vn -0.990965 0.134120 0.001018
vn -0.959850 -0.280512 -0.000495
vn -0.762731 -0.646713 -0.001924
vn -0.433642 -0.901080 -0.003018
vn -0.029485 -0.999559 -0.003592
vn 0.379791 -0.925065 -0.003546
s 1
g Tibia_Mirrored TibiaCanisterButton_Mirrored
usemtl lambert2SG
f 138/571/258 140/572/259 139/573/260
f 139/573/260 140/572/259 141/574/261
f 141/574/261 140/572/259 142/575/262
f 142/575/262 140/572/259 143/576/263
f 143/576/263 140/572/259 144/577/264
f 144/577/264 140/572/259 145/578/265
f 145/578/265 140/572/259 146/579/266
f 146/579/266 140/572/259 147/580/267
f 147/580/267 140/572/259 148/581/268
f 148/581/268 140/572/259 149/582/269
f 149/582/269 140/572/259 150/583/270
f 150/583/270 140/572/259 151/584/271
f 151/584/271 140/572/259 152/585/272
f 152/585/272 140/572/259 153/586/273
f 153/586/273 140/572/259 138/571/258
s 2
f 155/587/274 153/586/275 138/571/276 154/588/277
f 156/589/278 152/585/279 153/586/275 155/587/274
f 157/590/280 151/584/281 152/585/279 156/589/278
f 158/591/282 150/583/283 151/584/281 157/590/280
f 159/592/284 149/582/285 150/583/283 158/591/282
f 160/593/286 148/581/287 149/582/285 159/592/284
f 161/594/288 147/580/289 148/581/287 160/593/286
f 162/595/290 146/579/291 147/580/289 161/594/288
f 163/596/292 145/578/293 146/579/291 162/595/290
f 164/597/294 144/577/295 145/578/293 163/596/292
f 165/598/296 143/576/297 144/577/295 164/597/294
f 166/599/298 142/575/299 143/576/297 165/598/296
f 167/600/300 141/574/301 142/575/299 166/599/298
f 168/601/302 139/573/303 141/574/301 167/600/300
f 154/588/277 138/571/276 139/573/303 168/601/302
s 3
f 169/602/304 170/603/305 171/604/306
f 170/603/305 172/605/307 171/604/306
f 172/605/307 173/606/308 171/604/306
f 173/606/308 174/607/309 171/604/306
f 174/607/309 175/608/310 171/604/306
f 175/608/310 176/609/311 171/604/306
f 176/609/311 177/610/312 171/604/306
f 177/610/312 178/611/313 171/604/306
f 178/611/313 179/612/314 171/604/306
f 179/612/314 180/613/315 171/604/306
f 180/613/315 181/614/316 171/604/306
f 181/614/316 182/615/317 171/604/306
f 182/615/317 183/616/318 171/604/306
f 183/616/318 184/617/319 171/604/306
f 184/617/319 169/602/304 171/604/306
s 2
f 155/618/274 154/619/277 169/602/320 184/617/321
f 156/620/278 155/618/274 184/617/321 183/616/322
f 157/621/280 156/620/278 183/616/322 182/615/323
f 158/622/282 157/621/280 182/615/323 181/614/324
f 159/623/284 158/622/282 181/614/324 180/613/325
f 160/624/286 159/623/284 180/613/325 179/612/326
f 161/625/288 160/624/286 179/612/326 178/611/327
f 162/626/290 161/625/288 178/611/327 177/610/328
f 163/627/292 162/626/290 177/610/328 176/609/329
f 164/628/294 163/627/292 176/609/329 175/608/330
f 165/629/296 164/628/294 175/608/330 174/607/331
f 166/630/298 165/629/296 174/607/331 173/606/332
f 167/631/300 166/630/298 173/606/332 172/605/333
f 168/632/302 167/631/300 172/605/333 170/603/334
f 154/619/277 168/632/302 170/603/334 169/602/320
g default
v 0.332330 -0.008714 -0.402845
v 0.302302 0.093868 -0.402459
v 0.233147 0.175371 -0.402127
v 0.136818 0.221699 -0.401907
v 0.029974 0.224841 -0.401838
v -0.068913 0.184256 -0.401929
v -0.142734 0.106959 -0.402168
v -0.178745 0.006316 -0.402512
v -0.170700 -0.100268 -0.402901
v -0.120005 -0.194368 -0.403268
v -0.035413 -0.259710 -0.403550
v 0.261893 -0.205605 -0.403516
v 0.318035 -0.114647 -0.403219
v 0.332262 -0.008267 -0.527880
v 0.302235 0.094319 -0.527493
v 0.233078 0.175827 -0.527161
v 0.136750 0.222150 -0.526941
v 0.029906 0.225293 -0.526871
v -0.068979 0.184707 -0.526964
v -0.142805 0.107410 -0.527203
v -0.178814 0.006767 -0.527547
v -0.170771 -0.099820 -0.527935
v -0.120073 -0.193919 -0.528302
v -0.035480 -0.259265 -0.528584
v 0.261824 -0.205154 -0.528552
v 0.317967 -0.114196 -0.528254
v 0.115432 -0.032209 -0.535533
v 0.110780 -0.016317 -0.535473
v 0.100067 -0.003691 -0.535421
v 0.085144 0.003485 -0.535387
v 0.068592 0.003972 -0.535376
v 0.053274 -0.002311 -0.535391
v 0.041837 -0.014289 -0.535428
v 0.036259 -0.029880 -0.535481
v 0.037505 -0.046392 -0.535541
v 0.045359 -0.060969 -0.535598
v 0.058463 -0.071092 -0.535642
v 0.074552 -0.075006 -0.535665
v 0.090843 -0.072045 -0.535663
v 0.104520 -0.062709 -0.535637
v 0.113216 -0.048619 -0.535590
v 0.314652 -0.009692 -0.527875
v 0.286714 0.085749 -0.527516
v 0.286710 0.085781 -0.535201
v 0.314647 -0.009667 -0.535560
v 0.222372 0.161579 -0.527207
v 0.222367 0.161607 -0.534891
v 0.132747 0.204683 -0.527002
v 0.132743 0.204711 -0.534687
v 0.033340 0.207607 -0.526937
v 0.033336 0.207635 -0.534622
v -0.058663 0.169846 -0.527024
v -0.058667 0.169878 -0.534708
v -0.127350 0.097929 -0.527245
v -0.127356 0.097957 -0.534931
v -0.160851 0.004292 -0.527565
v -0.160856 0.004319 -0.535250
v -0.153370 -0.094876 -0.527927
v -0.153374 -0.094849 -0.535612
v -0.106198 -0.182427 -0.528269
v -0.106202 -0.182400 -0.535953
v -0.027495 -0.243223 -0.528531
v -0.027499 -0.243195 -0.536215
v 0.069132 -0.266750 -0.528669
v 0.069128 -0.266723 -0.536353
v 0.166976 -0.248943 -0.528658
v 0.166970 -0.248915 -0.536343
v 0.249116 -0.192879 -0.528500
v 0.249112 -0.192851 -0.536185
v 0.301352 -0.108252 -0.528223
v 0.301348 -0.108224 -0.535909
v 0.332332 -0.008730 -0.399587
v 0.302304 0.093856 -0.399200
v 0.076004 -0.028071 -0.399517
v 0.233148 0.175359 -0.398868
v 0.136820 0.221687 -0.398649
v 0.029975 0.224829 -0.398579
v -0.068911 0.184244 -0.398672
v -0.142738 0.106947 -0.398910
v -0.178744 0.006304 -0.399254
v -0.170703 -0.100283 -0.399643
v -0.120002 -0.194384 -0.400010
v -0.035410 -0.259728 -0.400292
v 0.068445 -0.285012 -0.400440
v 0.173607 -0.265875 -0.400428
v 0.261895 -0.205614 -0.400259
v 0.318038 -0.114656 -0.399961
v 0.335608 -0.005720 -0.402859
v 0.305335 0.097701 -0.402469
v 0.335610 -0.005732 -0.399601
v 0.305337 0.097687 -0.399211
v 0.235617 0.179864 -0.402134
v 0.235619 0.179852 -0.398876
v 0.138507 0.226568 -0.401913
v 0.138509 0.226556 -0.398655
v 0.030794 0.229736 -0.401843
v 0.030796 0.229729 -0.398585
v -0.068894 0.188821 -0.401936
v -0.068894 0.188809 -0.398678
v -0.143320 0.110897 -0.402177
v -0.143321 0.110884 -0.398919
v -0.179621 0.009435 -0.402523
v -0.179619 0.009424 -0.399265
v -0.171514 -0.098017 -0.402915
v -0.171511 -0.098028 -0.399658
v -0.120401 -0.192883 -0.403285
v -0.120392 -0.192894 -0.400027
v -0.035121 -0.258757 -0.403569
v -0.035121 -0.258769 -0.400311
v 0.069576 -0.284250 -0.403719
v 0.069579 -0.284259 -0.400461
v 0.175592 -0.264955 -0.403707
v 0.175595 -0.264965 -0.400449
v 0.264597 -0.204204 -0.403536
v 0.264599 -0.204219 -0.400278
v 0.321197 -0.112506 -0.403236
v 0.321199 -0.112523 -0.399978
v 0.115380 -0.031870 -0.629489
v 0.110729 -0.015978 -0.629429
v 0.075738 -0.034890 -0.629478
v 0.100016 -0.003352 -0.629377
v 0.085093 0.003827 -0.629343
v 0.068541 0.004311 -0.629332
v 0.053222 -0.001976 -0.629346
v 0.041786 -0.013946 -0.629384
v 0.036208 -0.029541 -0.629437
v 0.037453 -0.046053 -0.629497
v 0.045308 -0.060630 -0.629554
v 0.058412 -0.070752 -0.629598
v 0.074501 -0.074670 -0.629620
v 0.090792 -0.071705 -0.629619
v 0.104469 -0.062370 -0.629593
v 0.113165 -0.048280 -0.629547
v 0.077900 -0.283238 -0.415746
v 0.063941 -0.280228 -0.403760
v 0.164470 -0.267477 -0.416037
v 0.177657 -0.259494 -0.403900
v 0.078417 -0.282773 -0.515951
v 0.064120 -0.280040 -0.528714
v 0.163692 -0.267252 -0.516156
v 0.175848 -0.259884 -0.528702
v 0.411287 -1.623572 -0.421061
v 0.324717 -1.639330 -0.420769
v 0.410509 -1.623343 -0.521179
v 0.325234 -1.638864 -0.520975
v 0.466329 -1.613182 -0.521590
v 0.467113 -1.613411 -0.421471
v 0.480352 -1.690230 -0.521876
v 0.481131 -1.690459 -0.421757
v 0.268895 -1.649488 -0.421104
v 0.269411 -1.649023 -0.521310
v 0.282919 -1.726536 -0.421390
v 0.283437 -1.726071 -0.521596
v 0.411635 -1.623728 -0.361535
v 0.324685 -1.639556 -0.361242
v 0.425658 -1.700777 -0.361820
v 0.338703 -1.716605 -0.361528
v 0.467571 -1.613547 -0.361946
v 0.481593 -1.690595 -0.362231
v 0.282613 -1.726812 -0.361864
v 0.268587 -1.649765 -0.361578
v 0.325301 -1.638632 -0.580500
v 0.410189 -1.623181 -0.580705
v 0.339322 -1.715679 -0.580786
v 0.424211 -1.700229 -0.580991
v 0.479889 -1.690094 -0.581401
v 0.465868 -1.613046 -0.581115
v 0.269718 -1.648747 -0.580836
v 0.283742 -1.725794 -0.581121
v 0.333558 -1.200521 -0.519615
v 0.334336 -1.200751 -0.419495
v 0.389380 -1.190360 -0.520026
v 0.390159 -1.190590 -0.419906
v 0.466863 -1.783269 -0.422362
v 0.346358 -1.805210 -0.421370
v 0.466086 -1.783041 -0.522480
v 0.346871 -1.804744 -0.521576
v 0.541946 -1.769614 -0.422410
v 0.541168 -1.769386 -0.522530
v 0.299332 -1.813403 -0.521919
v 0.298815 -1.813868 -0.421713
v 0.337310 -1.807207 -0.361852
v 0.467212 -1.783427 -0.362836
v 0.542407 -1.769747 -0.362886
v 0.298508 -1.814144 -0.362188
v 0.465766 -1.782878 -0.582008
v 0.337930 -1.806282 -0.581111
v 0.540703 -1.769249 -0.582057
v 0.299639 -1.813126 -0.581445
v 0.558689 -1.905210 -0.422814
v 0.633772 -1.891557 -0.422863
v 0.559039 -1.905370 -0.363289
v 0.634234 -1.891693 -0.363338
v 0.557913 -1.904984 -0.522934
v 0.632994 -1.891329 -0.522983
v 0.632529 -1.891192 -0.582509
v 0.557596 -1.904821 -0.582461
v 0.452498 -1.786228 -0.428186
v 0.351013 -1.804486 -0.427305
v 0.452019 -1.785989 -0.516567
v 0.351307 -1.804106 -0.515763
v 0.494766 -1.850664 -0.428569
v 0.343288 -1.865184 -0.427708
v 0.494288 -1.850425 -0.516950
v 0.343581 -1.864803 -0.516165
v 0.655825 -1.901535 -0.428739
v 0.337822 -1.916057 -0.427892
v 0.655341 -1.901294 -0.517120
v 0.338106 -1.915673 -0.516348
v 0.662348 -1.988715 -0.369061
v 0.341779 -1.987306 -0.367092
v 0.661832 -1.988011 -0.578195
v 0.341982 -1.986511 -0.576408
v 0.094801 -0.280215 -0.400437
v 0.096150 -0.279425 -0.400458
v 0.096147 -0.279414 -0.403715
v 0.092442 -0.275032 -0.403795
v 0.099596 -0.279289 -0.415818
v 0.346415 -1.635380 -0.420842
v 0.346476 -1.635589 -0.361316
v 0.360496 -1.712637 -0.361601
v 0.369869 -1.801248 -0.362099
v 0.376558 -1.799708 -0.421618
v 0.376447 -1.799911 -0.427527
v 0.381256 -1.861545 -0.427924
v 0.389058 -1.912416 -0.428104
v 0.394866 -1.986507 -0.367583
v 0.394887 -1.985736 -0.576853
v 0.389159 -1.912069 -0.516542
v 0.381358 -1.861199 -0.516362
v 0.376547 -1.799565 -0.515965
v 0.376749 -1.799304 -0.521802
v 0.369970 -1.800416 -0.581336
v 0.360597 -1.711807 -0.580837
v 0.346576 -1.634760 -0.580552
v 0.346607 -1.634974 -0.521026
v 0.099790 -0.278882 -0.516002
v 0.092122 -0.274988 -0.528711
v 0.093655 -0.262287 -0.528666
v 0.093650 -0.262258 -0.536351
v 0.078635 -0.074265 -0.535665
v 0.078584 -0.073927 -0.629620
v 0.070888 -0.201978 -0.400142
v 0.120269 -0.275582 -0.400435
v 0.121824 -0.274752 -0.400455
v 0.121821 -0.274741 -0.403713
v 0.119980 -0.270009 -0.403830
v 0.120562 -0.275470 -0.415890
v 0.367380 -1.631563 -0.420913
v 0.367533 -1.631756 -0.361387
v 0.381555 -1.708805 -0.361672
v 0.401327 -1.795488 -0.362337
v 0.405742 -1.794396 -0.421859
v 0.401025 -1.795489 -0.427740
v 0.417936 -1.858027 -0.428133
v 0.438574 -1.908899 -0.428309
v 0.435490 -1.985286 -0.368055
v 0.435340 -1.984536 -0.577282
v 0.438486 -1.908587 -0.516729
v 0.417850 -1.857718 -0.516552
v 0.400937 -1.795178 -0.516159
v 0.405621 -1.794049 -0.522022
v 0.400925 -1.794746 -0.581553
v 0.381154 -1.708064 -0.580886
v 0.367137 -1.631018 -0.580601
v 0.367258 -1.631215 -0.521075
v 0.120441 -0.275124 -0.516052
v 0.119179 -0.270106 -0.528708
v 0.117349 -0.257975 -0.528663
v 0.117345 -0.257945 -0.536349
v 0.082580 -0.073547 -0.535664
v 0.082530 -0.073210 -0.629619
v 0.074902 -0.061814 -0.629575
v 0.071103 -0.074167 -0.535660
v 0.071053 -0.073830 -0.629616
v 0.075080 -0.056044 -0.629553
v 0.084301 -0.072887 -0.629620
v 0.084352 -0.073225 -0.535664
v 0.127981 -0.256011 -0.536347
v 0.127986 -0.256039 -0.528662
v 0.131325 -0.267916 -0.528707
v 0.129710 -0.273437 -0.516074
v 0.376527 -1.629528 -0.521097
v 0.376363 -1.629338 -0.580624
v 0.390384 -1.706386 -0.580909
v 0.414825 -1.792203 -0.581650
v 0.418579 -1.791689 -0.522120
v 0.411886 -1.793208 -0.516247
v 0.434234 -1.856154 -0.516637
v 0.484967 -1.907024 -0.516813
v 0.483025 -1.981096 -0.577481
v 0.483254 -1.981837 -0.368274
v 0.485136 -1.907320 -0.428401
v 0.434404 -1.856449 -0.428227
v 0.412058 -1.793503 -0.427835
v 0.418841 -1.792012 -0.421967
v 0.415447 -1.792903 -0.362444
v 0.391008 -1.707084 -0.361704
v 0.376985 -1.630035 -0.361418
v 0.376789 -1.629851 -0.420945
v 0.129972 -0.273759 -0.415921
v 0.132342 -0.267756 -0.403844
v 0.133346 -0.272644 -0.403711
v 0.133349 -0.272654 -0.400453
v 0.131701 -0.273502 -0.400433
v 0.071985 -0.164705 -0.400008
v 0.046186 -0.279593 -0.400408
v 0.047139 -0.278798 -0.400428
v 0.047137 -0.278786 -0.403687
v 0.042649 -0.275832 -0.403715
v 0.042773 -0.275586 -0.528686
v 0.048423 -0.261707 -0.528640
v 0.048418 -0.261680 -0.536324
v 0.062891 -0.072170 -0.535648
v 0.062840 -0.071830 -0.629604
v 0.075508 -0.042299 -0.629504
v 0.088518 -0.072120 -0.629619
v 0.088569 -0.072458 -0.535663
v 0.153314 -0.251401 -0.536344
v 0.153319 -0.251429 -0.528659
v 0.160252 -0.262697 -0.528704
v 0.151789 -0.269416 -0.516128
v 0.398606 -1.625507 -0.521150
v 0.398340 -1.625338 -0.580677
v 0.412361 -1.702385 -0.580962
v 0.447924 -1.786145 -0.581882
v 0.449447 -1.786069 -0.522354
v 0.437960 -1.788518 -0.516454
v 0.473251 -1.852430 -0.516841
v 0.595662 -1.903301 -0.517012
v 0.589521 -1.983397 -0.577945
v 0.589940 -1.984116 -0.368785
v 0.596035 -1.903561 -0.428621
v 0.473630 -1.852690 -0.428449
v 0.438333 -1.788777 -0.428063
v 0.450046 -1.786331 -0.422223
v 0.449083 -1.786745 -0.362699
v 0.413522 -1.702984 -0.361779
v 0.399499 -1.625937 -0.361494
v 0.399203 -1.625771 -0.421019
v 0.152386 -0.269679 -0.415996
v 0.161785 -0.262386 -0.403881
v 0.160796 -0.267649 -0.403709
v 0.160798 -0.267659 -0.400450
v 0.158929 -0.268546 -0.400429
v 0.074596 -0.075930 -0.399689
v -0.006829 -0.266686 -0.400332
v -0.006308 -0.265784 -0.400352
v -0.006309 -0.265773 -0.403610
v -0.008069 -0.265359 -0.403608
v -0.008070 -0.264982 -0.528620
v -0.000903 -0.249695 -0.528569
v -0.000908 -0.249668 -0.536254
v 0.392364 -2.009566 -0.367671
v 0.346875 -2.010685 -0.367182
v 0.392387 -2.008794 -0.576942
v 0.347076 -2.009890 -0.576498
v 0.613505 -1.999380 -0.578029
v 0.613919 -2.000098 -0.368869
v 0.686716 -2.012968 -0.369139
v 0.686199 -2.012261 -0.578273
v 0.442562 -2.008620 -0.368141
v 0.442409 -2.007871 -0.577367
v 0.502682 -2.003266 -0.368362
v 0.502455 -2.002526 -0.577569
v 0.408364 -2.029857 -0.367768
v 0.351693 -2.034873 -0.367274
v 0.408387 -2.029084 -0.577039
v 0.351898 -2.034078 -0.576591
v 0.612836 -2.020495 -0.578108
v 0.613246 -2.021211 -0.368949
v 0.704079 -2.037757 -0.369219
v 0.703568 -2.037052 -0.578353
v 0.436344 -2.028365 -0.368231
v 0.436192 -2.027615 -0.577457
v 0.505773 -2.048165 -0.368437
v 0.505539 -2.047424 -0.577643
v 0.411056 -2.056248 -0.367850
v 0.351470 -2.056770 -0.367358
v 0.411081 -2.055474 -0.577120
v 0.351669 -2.055976 -0.576674
v 0.618836 -2.063533 -0.578162
v 0.619251 -2.064250 -0.369002
v 0.704202 -2.070837 -0.369278
v 0.703687 -2.070130 -0.578413
v 0.436565 -2.058083 -0.368304
v 0.436414 -2.057334 -0.577530
v 0.468264 -2.058326 -0.368517
v 0.468035 -2.057586 -0.577725
v 0.558678 -2.015910 -0.368653
v 0.562511 -2.056208 -0.368720
v 0.562189 -2.055477 -0.577903
v 0.558359 -2.015182 -0.577836
v 0.387916 -2.084679 -0.367928
v 0.340044 -2.080175 -0.367444
v 0.387940 -2.083907 -0.577198
v 0.340243 -2.079380 -0.576759
v 0.416226 -2.086788 -0.368380
v 0.416075 -2.086038 -0.577606
v 0.468153 -2.092729 -0.368591
v 0.467926 -2.091989 -0.577798
v 0.636269 -2.109825 -0.578307
v 0.636683 -2.110542 -0.369147
v 0.685932 -2.120385 -0.369415
v 0.685418 -2.119679 -0.578550
v 0.611547 -2.141308 -0.578401
v 0.611962 -2.142025 -0.369241
v 0.656332 -2.161207 -0.369503
v 0.655816 -2.160501 -0.578637
v 0.576493 -2.169726 -0.578456
v 0.576905 -2.170441 -0.369297
v 0.621273 -2.189624 -0.369558
v 0.620757 -2.188916 -0.578693
v 0.533708 -2.188813 -0.578496
v 0.534122 -2.189530 -0.369337
v 0.557677 -2.218571 -0.369588
v 0.557163 -2.217864 -0.578723
v 0.362432 -2.129200 -0.368105
v 0.294238 -2.124584 -0.367620
v 0.362456 -2.128429 -0.577376
v 0.294439 -2.123789 -0.576936
v 0.433035 -2.132983 -0.368539
v 0.432885 -2.132234 -0.577765
v 0.477633 -2.138615 -0.368749
v 0.477405 -2.137874 -0.577955
v 0.337983 -2.159356 -0.368225
v 0.266460 -2.154597 -0.367740
v 0.338007 -2.158584 -0.577495
v 0.266659 -2.153802 -0.577056
v 0.438422 -2.170888 -0.368642
v 0.438273 -2.170138 -0.577868
v 0.498625 -2.183144 -0.368850
v 0.498398 -2.182404 -0.578056
v 0.345791 -2.205415 -0.368381
v 0.218897 -2.182809 -0.367900
v 0.345815 -2.204643 -0.577651
v 0.219096 -2.182013 -0.577216
v 0.434259 -2.211660 -0.368786
v 0.434109 -2.210909 -0.578013
v 0.503481 -2.217733 -0.369000
v 0.503255 -2.216994 -0.578207
v 0.348796 -2.245064 -0.368473
v 0.237219 -2.208789 -0.368004
v 0.348820 -2.244292 -0.577744
v 0.237419 -2.207993 -0.577320
v 0.438040 -2.252507 -0.368867
v 0.437889 -2.251756 -0.578093
v 0.500144 -2.252326 -0.369083
v 0.499918 -2.251586 -0.578289
v 0.546841 -2.234874 -0.578815
v 0.547356 -2.235581 -0.369682
vt 0.473931 0.285859
vt 0.473931 0.328030
vt 0.475806 0.328030
vt 0.475806 0.285859
vt 0.475806 0.285859
vt 0.475806 0.328030
vt 0.477680 0.328030
vt 0.477680 0.285859
vt 0.477680 0.285859
vt 0.477680 0.328030
vt 0.479554 0.328030
vt 0.479554 0.285859
vt 0.479554 0.285859
vt 0.479554 0.328030
vt 0.481429 0.328030
vt 0.481429 0.285859
vt 0.481429 0.285859
vt 0.481429 0.328030
vt 0.483303 0.328030
vt 0.483303 0.285859
vt 0.483303 0.285859
vt 0.483303 0.328030
vt 0.485177 0.328030
vt 0.485177 0.285859
vt 0.485177 0.285859
vt 0.485177 0.328030
vt 0.487051 0.328030
vt 0.487051 0.285859
vt 0.487051 0.285859
vt 0.487051 0.328030
vt 0.488926 0.328030
vt 0.488926 0.285859
vt 0.488926 0.285859
vt 0.488926 0.328030
vt 0.490800 0.328030
vt 0.490800 0.285859
vt 0.490800 0.285859
vt 0.490800 0.328030
vt 0.492674 0.328030
vt 0.492674 0.285859
vt 0.498297 0.285859
vt 0.498297 0.328030
vt 0.500171 0.328030
vt 0.500171 0.285859
vt 0.500171 0.285859
vt 0.500171 0.328030
vt 0.502045 0.328030
vt 0.502045 0.285859
vt 0.499746 0.255230
vt 0.487988 0.268288
vt 0.504041 0.261141
vt 0.493418 0.251577
vt 0.487988 0.268288
vt 0.499746 0.255230
vt 0.486152 0.250813
vt 0.487988 0.268288
vt 0.493418 0.251577
vt 0.479203 0.253071
vt 0.487988 0.268288
vt 0.486152 0.250813
vt 0.473773 0.257960
vt 0.487988 0.268288
vt 0.479203 0.253071
vt 0.470801 0.264634
vt 0.487988 0.268288
vt 0.473773 0.257960
vt 0.470801 0.271941
vt 0.487988 0.268288
vt 0.470801 0.264634
vt 0.473773 0.278616
vt 0.487988 0.268288
vt 0.470801 0.271941
vt 0.479203 0.283505
vt 0.487988 0.268288
vt 0.473773 0.278616
vt 0.486152 0.285763
vt 0.487988 0.268288
vt 0.479203 0.283505
vt 0.489000 0.271400
vt 0.487988 0.268288
vt 0.486152 0.285763
vt 0.488151 0.285553
vt 0.491664 0.279598
vt 0.493418 0.284999
vt 0.495004 0.284083
vt 0.496537 0.283199
vt 0.504041 0.275435
vt 0.487988 0.268288
vt 0.499746 0.281346
vt 0.505560 0.268288
vt 0.487988 0.268288
vt 0.504041 0.275435
vt 0.504041 0.261141
vt 0.487988 0.268288
vt 0.505560 0.268288
vt 0.525894 0.657257
vt 0.499477 0.645495
vt 0.518826 0.666985
vt 0.518826 0.666985
vt 0.499477 0.645495
vt 0.508413 0.672998
vt 0.508413 0.672998
vt 0.499477 0.645495
vt 0.496454 0.674254
vt 0.496454 0.674254
vt 0.499477 0.645495
vt 0.485018 0.670539
vt 0.485018 0.670539
vt 0.499477 0.645495
vt 0.476082 0.662493
vt 0.476082 0.662493
vt 0.499477 0.645495
vt 0.471191 0.651507
vt 0.471191 0.651507
vt 0.499477 0.645495
vt 0.471191 0.639483
vt 0.471191 0.639483
vt 0.499477 0.645495
vt 0.476082 0.628498
vt 0.476082 0.628498
vt 0.499477 0.645495
vt 0.485018 0.620452
vt 0.485018 0.620452
vt 0.499477 0.645495
vt 0.496454 0.616736
vt 0.496454 0.616736
vt 0.499477 0.645495
vt 0.501141 0.640373
vt 0.499745 0.617082
vt 0.508413 0.617993
vt 0.505525 0.626881
vt 0.513545 0.620956
vt 0.511023 0.619500
vt 0.518826 0.624005
vt 0.499477 0.645495
vt 0.525894 0.633733
vt 0.525894 0.633733
vt 0.499477 0.645495
vt 0.528394 0.645495
vt 0.528394 0.645495
vt 0.499477 0.645495
vt 0.525894 0.657257
vt 0.504041 0.352748
vt 0.504041 0.352748
vt 0.499746 0.358659
vt 0.499746 0.358659
vt 0.499746 0.358659
vt 0.499746 0.358659
vt 0.493418 0.362312
vt 0.493418 0.362312
vt 0.493418 0.362312
vt 0.493418 0.362312
vt 0.486152 0.363076
vt 0.486152 0.363076
vt 0.486152 0.363076
vt 0.486152 0.363076
vt 0.479203 0.360818
vt 0.479203 0.360818
vt 0.479203 0.360818
vt 0.479203 0.360818
vt 0.473773 0.355929
vt 0.473773 0.355929
vt 0.473773 0.355929
vt 0.473773 0.355929
vt 0.470801 0.349254
vt 0.470801 0.349254
vt 0.470801 0.349254
vt 0.470801 0.349254
vt 0.470801 0.341948
vt 0.470801 0.341948
vt 0.470801 0.341948
vt 0.470801 0.341948
vt 0.473773 0.335273
vt 0.473773 0.335273
vt 0.473773 0.335273
vt 0.473773 0.335273
vt 0.479203 0.330384
vt 0.479203 0.330384
vt 0.479203 0.330384
vt 0.479203 0.330384
vt 0.486152 0.328126
vt 0.486152 0.328126
vt 0.486152 0.328126
vt 0.486152 0.328126
vt 0.488151 0.328336
vt 0.488151 0.328336
vt 0.493418 0.328890
vt 0.493418 0.328890
vt 0.495004 0.329806
vt 0.495004 0.329806
vt 0.499746 0.332543
vt 0.499746 0.332543
vt 0.504041 0.338454
vt 0.504041 0.338454
vt 0.504041 0.338454
vt 0.504041 0.338454
vt 0.505560 0.345601
vt 0.505560 0.345601
vt 0.505560 0.345601
vt 0.505560 0.345601
vt 0.504041 0.352748
vt 0.504041 0.352748
vt 0.504041 0.352748
vt 0.504041 0.352748
vt 0.499746 0.358659
vt 0.499746 0.358659
vt 0.506150 0.744455
vt 0.506150 0.744455
vt 0.513218 0.734727
vt 0.513218 0.734727
vt 0.499746 0.358659
vt 0.499746 0.358659
vt 0.493418 0.362312
vt 0.493418 0.362312
vt 0.495736 0.750468
vt 0.495736 0.750468
vt 0.506150 0.744455
vt 0.506150 0.744455
vt 0.493418 0.362312
vt 0.493418 0.362312
vt 0.486152 0.363076
vt 0.486152 0.363076
vt 0.483777 0.751724
vt 0.483777 0.751724
vt 0.495736 0.750468
vt 0.495736 0.750468
vt 0.486152 0.363076
vt 0.486152 0.363076
vt 0.479203 0.360818
vt 0.479203 0.360818
vt 0.472341 0.748009
vt 0.472341 0.748009
vt 0.483777 0.751724
vt 0.483777 0.751724
vt 0.479203 0.360818
vt 0.479203 0.360818
vt 0.473773 0.355929
vt 0.473773 0.355929
vt 0.463405 0.739963
vt 0.463405 0.739963
vt 0.472341 0.748009
vt 0.472341 0.748009
vt 0.473773 0.355929
vt 0.473773 0.355929
vt 0.470801 0.349254
vt 0.470801 0.349254
vt 0.458514 0.728977
vt 0.458514 0.728977
vt 0.463405 0.739963
vt 0.463405 0.739963
vt 0.470801 0.349254
vt 0.470801 0.349254
vt 0.470801 0.341948
vt 0.470801 0.341948
vt 0.458514 0.716953
vt 0.458514 0.716953
vt 0.458514 0.728977
vt 0.458514 0.728977
vt 0.470801 0.341948
vt 0.470801 0.341948
vt 0.473773 0.335273
vt 0.473773 0.335273
vt 0.463405 0.705968
vt 0.463405 0.705968
vt 0.458514 0.716953
vt 0.458514 0.716953
vt 0.473773 0.335273
vt 0.473773 0.335273
vt 0.479203 0.330384
vt 0.479203 0.330384
vt 0.472341 0.697922
vt 0.472341 0.697922
vt 0.463405 0.705968
vt 0.463405 0.705968
vt 0.479203 0.330384
vt 0.479203 0.330384
vt 0.486152 0.328126
vt 0.486152 0.328126
vt 0.483777 0.694206
vt 0.483777 0.694206
vt 0.472341 0.697922
vt 0.472341 0.697922
vt 0.487068 0.694552
vt 0.483777 0.694206
vt 0.483777 0.694206
vt 0.487068 0.694552
vt 0.498346 0.696970
vt 0.495736 0.695463
vt 0.495736 0.695463
vt 0.498346 0.696970
vt 0.513218 0.711203
vt 0.513218 0.711203
vt 0.506150 0.701475
vt 0.506150 0.701475
vt 0.504041 0.338454
vt 0.504041 0.338454
vt 0.505560 0.345601
vt 0.505560 0.345601
vt 0.515718 0.722965
vt 0.515718 0.722965
vt 0.513218 0.711203
vt 0.513218 0.711203
vt 0.505560 0.345601
vt 0.505560 0.345601
vt 0.504041 0.352748
vt 0.504041 0.352748
vt 0.513218 0.734727
vt 0.513218 0.734727
vt 0.515718 0.722965
vt 0.515718 0.722965
vt 0.560746 0.292321
vt 0.560746 0.292321
vt 0.565041 0.298232
vt 0.565041 0.298232
vt 0.554419 0.288667
vt 0.554419 0.288667
vt 0.560746 0.292321
vt 0.560746 0.292321
vt 0.547152 0.287904
vt 0.547152 0.287904
vt 0.554419 0.288667
vt 0.554419 0.288667
vt 0.540203 0.290161
vt 0.540203 0.290161
vt 0.547152 0.287904
vt 0.547152 0.287904
vt 0.534774 0.295050
vt 0.534774 0.295050
vt 0.540203 0.290161
vt 0.540203 0.290161
vt 0.531802 0.301725
vt 0.531802 0.301725
vt 0.534774 0.295050
vt 0.534774 0.295050
vt 0.531802 0.309032
vt 0.531802 0.309032
vt 0.531802 0.301725
vt 0.531802 0.301725
vt 0.534774 0.315707
vt 0.534774 0.315707
vt 0.531802 0.309032
vt 0.531802 0.309032
vt 0.540203 0.320596
vt 0.540203 0.320596
vt 0.534774 0.315707
vt 0.534774 0.315707
vt 0.547152 0.322853
vt 0.547152 0.322853
vt 0.540203 0.320596
vt 0.540203 0.320596
vt 0.549152 0.322643
vt 0.547152 0.322853
vt 0.547152 0.322853
vt 0.549152 0.322643
vt 0.554778 0.318109
vt 0.553193 0.319024
vt 0.553193 0.319024
vt 0.554778 0.318109
vt 0.565041 0.312525
vt 0.565041 0.312525
vt 0.560746 0.318437
vt 0.560746 0.318437
vt 0.566560 0.305379
vt 0.566560 0.305379
vt 0.565041 0.312525
vt 0.565041 0.312525
vt 0.565041 0.298232
vt 0.565041 0.298232
vt 0.566560 0.305379
vt 0.566560 0.305379
vt 0.499746 0.255230
vt 0.499746 0.255230
vt 0.504041 0.261141
vt 0.504041 0.261141
vt 0.504041 0.261141
vt 0.504041 0.261141
vt 0.499746 0.255230
vt 0.499746 0.255230
vt 0.493418 0.251577
vt 0.493418 0.251577
vt 0.499746 0.255230
vt 0.499746 0.255230
vt 0.499746 0.255230
vt 0.499746 0.255230
vt 0.493418 0.251577
vt 0.493418 0.251577
vt 0.486152 0.250813
vt 0.486152 0.250813
vt 0.493418 0.251577
vt 0.493418 0.251577
vt 0.493418 0.251577
vt 0.493418 0.251577
vt 0.486152 0.250813
vt 0.486152 0.250813
vt 0.479203 0.253071
vt 0.479203 0.253071
vt 0.486152 0.250813
vt 0.486152 0.250813
vt 0.486152 0.250813
vt 0.486152 0.250813
vt 0.479203 0.253071
vt 0.479203 0.253071
vt 0.473773 0.257960
vt 0.473773 0.257960
vt 0.479203 0.253071
vt 0.479203 0.253071
vt 0.479203 0.253071
vt 0.479203 0.253071
vt 0.473773 0.257960
vt 0.473773 0.257960
vt 0.470801 0.264634
vt 0.470801 0.264634
vt 0.473773 0.257960
vt 0.473773 0.257960
vt 0.473773 0.257960
vt 0.473773 0.257960
vt 0.470801 0.264634
vt 0.470801 0.264634
vt 0.470801 0.271941
vt 0.470801 0.271941
vt 0.470801 0.264634
vt 0.470801 0.264634
vt 0.470801 0.264634
vt 0.470801 0.264634
vt 0.470801 0.271941
vt 0.470801 0.271941
vt 0.473773 0.278616
vt 0.473773 0.278616
vt 0.470801 0.271941
vt 0.470801 0.271941
vt 0.470801 0.271941
vt 0.470801 0.271941
vt 0.473773 0.278616
vt 0.473773 0.278616
vt 0.479203 0.283505
vt 0.479203 0.283505
vt 0.473773 0.278616
vt 0.473773 0.278616
vt 0.473773 0.278616
vt 0.473773 0.278616
vt 0.479203 0.283505
vt 0.479203 0.283505
vt 0.486152 0.285763
vt 0.486152 0.285763
vt 0.479203 0.283505
vt 0.479203 0.283505
vt 0.479203 0.283505
vt 0.479203 0.283505
vt 0.486152 0.285763
vt 0.486152 0.285763
vt 0.486152 0.285763
vt 0.486152 0.285763
vt 0.488151 0.285553
vt 0.488151 0.285553
vt 0.836465 0.303183
vt 0.836465 0.303183
vt 0.842603 0.299640
vt 0.842603 0.299640
vt 0.499746 0.281346
vt 0.499746 0.281346
vt 0.504041 0.275435
vt 0.504041 0.275435
vt 0.505560 0.268288
vt 0.505560 0.268288
vt 0.504041 0.275435
vt 0.504041 0.275435
vt 0.504041 0.275435
vt 0.504041 0.275435
vt 0.505560 0.268288
vt 0.505560 0.268288
vt 0.504041 0.261141
vt 0.504041 0.261141
vt 0.505560 0.268288
vt 0.505560 0.268288
vt 0.505560 0.268288
vt 0.505560 0.268288
vt 0.504041 0.261141
vt 0.504041 0.261141
vt 0.525894 0.657257
vt 0.525894 0.657257
vt 0.518826 0.666985
vt 0.518826 0.666985
vt 0.518826 0.666985
vt 0.518826 0.666985
vt 0.508413 0.672998
vt 0.508413 0.672998
vt 0.508413 0.672998
vt 0.508413 0.672998
vt 0.496454 0.674254
vt 0.496454 0.674254
vt 0.496454 0.674254
vt 0.496454 0.674254
vt 0.485018 0.670539
vt 0.485018 0.670539
vt 0.485018 0.670539
vt 0.485018 0.670539
vt 0.476082 0.662493
vt 0.476082 0.662493
vt 0.476082 0.662493
vt 0.476082 0.662493
vt 0.471191 0.651507
vt 0.471191 0.651507
vt 0.471191 0.651507
vt 0.471191 0.651507
vt 0.471191 0.639483
vt 0.471191 0.639483
vt 0.471191 0.639483
vt 0.471191 0.639483
vt 0.476082 0.628498
vt 0.476082 0.628498
vt 0.476082 0.628498
vt 0.476082 0.628498
vt 0.485018 0.620452
vt 0.485018 0.620452
vt 0.485018 0.620452
vt 0.485018 0.620452
vt 0.496454 0.616736
vt 0.496454 0.616736
vt 0.496454 0.616736
vt 0.496454 0.616736
vt 0.499745 0.617082
vt 0.499745 0.617082
vt 0.508413 0.617993
vt 0.508413 0.617993
vt 0.511023 0.619500
vt 0.511023 0.619500
vt 0.518826 0.624005
vt 0.518826 0.624005
vt 0.525894 0.633733
vt 0.525894 0.633733
vt 0.525894 0.633733
vt 0.525894 0.633733
vt 0.528394 0.645495
vt 0.528394 0.645495
vt 0.528394 0.645495
vt 0.528394 0.645495
vt 0.525894 0.657257
vt 0.525894 0.657257
vt 0.438585 0.390035
vt 0.439511 0.390096
vt 0.439419 0.385544
vt 0.438412 0.385517
vt 0.438205 0.385520
vt 0.438216 0.476043
vt 0.438609 0.470928
vt 0.438585 0.390035
vt 0.555126 0.299774
vt 0.555123 0.308863
vt 0.555144 0.309419
vt 0.555143 0.299251
vt 0.438412 0.476043
vt 0.439421 0.476043
vt 0.439521 0.470971
vt 0.438609 0.470928
vt 0.492674 0.285859
vt 0.492674 0.328030
vt 0.493165 0.328030
vt 0.493163 0.285867
vt 0.496544 0.285938
vt 0.496511 0.328030
vt 0.498297 0.328030
vt 0.498297 0.285859
vt 0.486152 0.328126
vt 0.486152 0.328126
vt 0.488151 0.328336
vt 0.488060 0.328327
vt 0.493087 0.328855
vt 0.493418 0.328890
vt 0.495004 0.329806
vt 0.494799 0.329839
vt 0.499918 0.332781
vt 0.499746 0.332543
vt 0.504041 0.338454
vt 0.504041 0.338454
vt 0.488151 0.285553
vt 0.486152 0.285763
vt 0.486152 0.285763
vt 0.488106 0.285557
vt 0.842602 0.299640
vt 0.836465 0.303183
vt 0.835823 0.303251
vt 0.842029 0.299744
vt 0.504041 0.275435
vt 0.504041 0.275435
vt 0.499746 0.281346
vt 0.499651 0.281401
vt 0.923232 0.257342
vt 0.923232 0.257342
vt 0.924294 0.257411
vt 0.924294 0.257411
vt 0.994364 0.246917
vt 0.994364 0.246917
vt 0.994329 0.339663
vt 0.994329 0.339663
vt 0.972471 0.459925
vt 0.971424 0.459875
vt 0.971424 0.459875
vt 0.972471 0.459925
vt 0.990155 0.339464
vt 0.990155 0.339464
vt 0.990127 0.246638
vt 0.990127 0.246638
vt 0.841151 0.314753
vt 0.841151 0.314753
vt 0.842818 0.314862
vt 0.842818 0.314862
vt 0.847804 0.315191
vt 0.847804 0.315191
vt 0.847749 0.460808
vt 0.847749 0.460808
vt 0.842837 0.460574
vt 0.841195 0.460496
vt 0.841195 0.460496
vt 0.842837 0.460574
vt 0.841195 0.460496
vt 0.841195 0.460496
vt 0.841151 0.314753
vt 0.841151 0.314753
vt 0.847804 0.315191
vt 0.847804 0.315191
vt 0.847749 0.460808
vt 0.847749 0.460808
vt 0.856811 0.492763
vt 0.856811 0.460808
vt 0.856811 0.460808
vt 0.856811 0.460808
vt 0.847749 0.460808
vt 0.847749 0.460808
vt 0.847804 0.315191
vt 0.847804 0.315191
vt 0.847804 0.315191
vt 0.847804 0.315191
vt 0.847804 0.315191
vt 0.847804 0.315191
vt 0.841195 0.460496
vt 0.841195 0.460496
vt 0.841151 0.314753
vt 0.841151 0.314753
vt 0.841151 0.314753
vt 0.841151 0.314753
vt 0.841151 0.314753
vt 0.841151 0.314753
vt 0.841151 0.314753
vt 0.841151 0.314753
vt 0.841195 0.460496
vt 0.841195 0.460496
vt 0.841195 0.460496
vt 0.841195 0.460496
vt 0.841195 0.460496
vt 0.841195 0.460496
vt 0.841151 0.314753
vt 0.841151 0.314753
vt 0.842818 0.314862
vt 0.842818 0.314862
vt 0.842818 0.314862
vt 0.841151 0.314753
vt 0.841151 0.314753
vt 0.842818 0.314862
vt 0.975599 0.492029
vt 0.856811 0.492763
vt 0.850257 0.492451
vt 0.850257 0.492451
vt 0.841195 0.460496
vt 0.841195 0.460496
vt 0.847749 0.460808
vt 0.847749 0.460808
vt 0.847749 0.460808
vt 0.847749 0.460808
vt 0.847749 0.460808
vt 0.847749 0.460808
vt 0.847749 0.460808
vt 0.847749 0.460808
vt 0.847749 0.460808
vt 0.847749 0.460808
vt 0.847749 0.492763
vt 0.847749 0.492763
vt 0.856811 0.492763
vt 0.975599 0.492029
vt 0.847804 0.315191
vt 0.847804 0.315191
vt 0.847804 0.315191
vt 0.847804 0.315191
vt 0.847804 0.315191
vt 0.847804 0.315191
vt 0.847804 0.315191
vt 0.847804 0.315191
vt 0.847804 0.315191
vt 0.847804 0.315191
vt 0.847804 0.315191
vt 0.847804 0.315191
vt 0.841151 0.314753
vt 0.841151 0.314753
vt 0.841151 0.314753
vt 0.841151 0.314753
vt 0.841151 0.314753
vt 0.841151 0.314753
vt 0.841151 0.314753
vt 0.841151 0.314753
vt 0.841151 0.314753
vt 0.841151 0.314753
vt 0.841151 0.314753
vt 0.923232 0.257342
vt 0.850257 0.492451
vt 0.850257 0.492451
vt 0.850257 0.460496
vt 0.850257 0.460496
vt 0.841195 0.460496
vt 0.841195 0.460496
vt 0.841195 0.460496
vt 0.841195 0.460496
vt 0.841195 0.460496
vt 0.841195 0.460496
vt 0.841195 0.460496
vt 0.841195 0.460496
vt 0.847804 0.315191
vt 0.847804 0.315191
vt 0.847749 0.460808
vt 0.847749 0.460808
vt 0.847749 0.460808
vt 0.847749 0.460808
vt 0.847749 0.460808
vt 0.847749 0.460808
vt 0.847749 0.460808
vt 0.847749 0.460808
vt 0.847804 0.315191
vt 0.847804 0.315191
vt 0.847804 0.315191
vt 0.847804 0.315191
vt 0.847804 0.315191
vt 0.847804 0.315191
vt 0.847804 0.315191
vt 0.847804 0.315191
vt 0.847749 0.460808
vt 0.847749 0.460808
vt 0.841195 0.460496
vt 0.841195 0.460496
vt 0.841151 0.314753
vt 0.841151 0.314753
vt 0.841151 0.314753
vt 0.841151 0.314753
vt 0.842818 0.314862
vt 0.842818 0.314862
vt 0.856811 0.460808
vt 0.847749 0.460808
vt 0.847749 0.460808
vt 0.847749 0.460808
vt 0.847749 0.460808
vt 0.847749 0.460808
vt 0.847749 0.460808
vt 0.847749 0.460808
vt 0.847749 0.460808
vt 0.847749 0.460808
vt 0.847749 0.460808
vt 0.847749 0.460808
vt 0.856811 0.460808
vt 0.847749 0.460808
vt 0.847749 0.460808
vt 0.856811 0.460808
vt 0.847804 0.315191
vt 0.847804 0.315191
vt 0.847804 0.315191
vt 0.847804 0.315191
vt 0.841151 0.314753
vt 0.841151 0.314753
vt 0.841151 0.314753
vt 0.841151 0.314753
vt 0.841151 0.314753
vt 0.841151 0.314753
vt 0.841151 0.314753
vt 0.841151 0.314753
vt 0.841195 0.460496
vt 0.841195 0.460496
vt 0.841195 0.460496
vt 0.841195 0.460496
vt 0.841195 0.460496
vt 0.841195 0.460496
vt 0.841195 0.460496
vt 0.841195 0.460496
vt 0.847749 0.460808
vt 0.847749 0.460808
vt 0.847749 0.460808
vt 0.847749 0.460808
vt 0.847749 0.460808
vt 0.847749 0.460808
vt 0.847749 0.460808
vt 0.847749 0.460808
vt 0.847749 0.460808
vt 0.847749 0.460808
vt 0.847749 0.460808
vt 0.847749 0.460808
vt 0.847749 0.460808
vt 0.847749 0.460808
vt 0.847749 0.460808
vt 0.847749 0.460808
vt 0.841151 0.314753
vt 0.841151 0.314753
vt 0.841151 0.314753
vt 0.841151 0.314753
vt 0.841151 0.314753
vt 0.841151 0.314753
vt 0.841151 0.314753
vt 0.841151 0.314753
vt 0.841151 0.314753
vt 0.841151 0.314753
vt 0.841151 0.314753
vt 0.841151 0.314753
vt 0.841151 0.314753
vt 0.841151 0.314753
vt 0.841151 0.314753
vt 0.841151 0.314753
vt 0.699334 0.320104
vt 0.699378 0.465847
vt 0.701034 0.429430
vt 0.701001 0.320214
vt 0.841151 0.314753
vt 0.841151 0.314753
vt 0.842818 0.314862
vt 0.842818 0.314862
vt 0.847804 0.315191
vt 0.847804 0.315191
vt 0.847804 0.315191
vt 0.847804 0.315191
vt 0.842851 0.424079
vt 0.841195 0.460496
vt 0.841195 0.460496
vt 0.842851 0.424079
vt 0.841195 0.460496
vt 0.841195 0.460496
vt 0.841151 0.314753
vt 0.841151 0.314753
vt 0.776932 0.352214
vt 0.776932 0.352214
vt 0.778599 0.352324
vt 0.778599 0.352324
vt 0.783585 0.352652
vt 0.783585 0.352652
vt 0.783585 0.352652
vt 0.783585 0.352652
vt 0.778632 0.461540
vt 0.776976 0.497957
vt 0.776976 0.497957
vt 0.778632 0.461540
vt 0.776976 0.497957
vt 0.776976 0.497957
vt 0.776932 0.352214
vt 0.776932 0.352214
vt 0.776932 0.352214
vt 0.776932 0.352214
vt 0.778599 0.352324
vt 0.778599 0.352324
vt 0.697960 0.510524
vt 0.697960 0.510524
vt 0.697960 0.510524
vt 0.697960 0.510524
vt 0.778632 0.461540
vt 0.776976 0.497957
vt 0.776976 0.497957
vt 0.778632 0.461540
vt 0.776976 0.497957
vt 0.776976 0.497957
vt 0.776932 0.352214
vt 0.776932 0.352214
vt 0.699334 0.320104
vt 0.699334 0.320104
vt 0.701001 0.320214
vt 0.701001 0.320214
vt 0.641768 0.358003
vt 0.705987 0.320542
vt 0.705987 0.320542
vt 0.705987 0.320542
vt 0.701034 0.429430
vt 0.699378 0.465847
vt 0.699378 0.465847
vt 0.701034 0.429430
vt 0.699378 0.465847
vt 0.699378 0.465847
vt 0.699334 0.320104
vt 0.699334 0.320104
vt 0.842603 0.299640
vt 0.848533 0.296216
vt 0.848533 0.296216
vt 0.842603 0.299640
vt 0.556311 0.317224
vt 0.554778 0.318109
vt 0.554778 0.318109
vt 0.556311 0.317224
vt 0.848533 0.296216
vt 0.842602 0.299640
vt 0.842029 0.299744
vt 0.848026 0.296355
vt 0.439511 0.390096
vt 0.440405 0.390154
vt 0.440392 0.385569
vt 0.439419 0.385544
vt 0.924294 0.257411
vt 0.925320 0.257479
vt 0.925320 0.257479
vt 0.924294 0.257411
vt 0.842818 0.314862
vt 0.844430 0.314969
vt 0.844430 0.314969
vt 0.842818 0.314862
vt 0.842818 0.314862
vt 0.844430 0.314969
vt 0.844430 0.314969
vt 0.842818 0.314862
vt 0.842818 0.314862
vt 0.844430 0.314969
vt 0.844430 0.314969
vt 0.842818 0.314862
vt 0.844430 0.314969
vt 0.842818 0.314862
vt 0.842818 0.314862
vt 0.844430 0.314969
vt 0.842818 0.314862
vt 0.844430 0.314969
vt 0.844430 0.314969
vt 0.842818 0.314862
vt 0.778599 0.352324
vt 0.780210 0.352430
vt 0.780210 0.352430
vt 0.778599 0.352324
vt 0.778599 0.352324
vt 0.780210 0.352430
vt 0.780210 0.352430
vt 0.778599 0.352324
vt 0.701001 0.320214
vt 0.702612 0.320320
vt 0.702612 0.320320
vt 0.701001 0.320214
vt 0.701034 0.429430
vt 0.702635 0.394241
vt 0.702612 0.320320
vt 0.701001 0.320214
vt 0.702635 0.394241
vt 0.701034 0.429430
vt 0.701034 0.429430
vt 0.702635 0.394241
vt 0.780233 0.426350
vt 0.778632 0.461540
vt 0.778632 0.461540
vt 0.780233 0.426350
vt 0.780233 0.426350
vt 0.778632 0.461540
vt 0.778632 0.461540
vt 0.780233 0.426350
vt 0.844452 0.388889
vt 0.842851 0.424079
vt 0.842851 0.424079
vt 0.844452 0.388889
vt 0.847804 0.315191
vt 0.847804 0.315191
vt 0.847804 0.315191
vt 0.847804 0.315191
vt 0.847804 0.315191
vt 0.847804 0.315191
vt 0.847804 0.315191
vt 0.847804 0.315191
vt 0.844424 0.460649
vt 0.842837 0.460574
vt 0.842837 0.460574
vt 0.844424 0.460649
vt 0.847804 0.315191
vt 0.847804 0.315191
vt 0.847804 0.315191
vt 0.847804 0.315191
vt 0.973481 0.459973
vt 0.972471 0.459925
vt 0.972471 0.459925
vt 0.973481 0.459973
vt 0.439421 0.476043
vt 0.440396 0.476043
vt 0.440402 0.471013
vt 0.439521 0.470971
vt 0.495004 0.329806
vt 0.496537 0.330690
vt 0.496454 0.330790
vt 0.494799 0.329839
vt 0.495004 0.329806
vt 0.496537 0.330690
vt 0.496537 0.330690
vt 0.495004 0.329806
vt 0.500868 0.698426
vt 0.498346 0.696970
vt 0.498346 0.696970
vt 0.500868 0.698426
vt 0.511023 0.619500
vt 0.513545 0.620956
vt 0.513545 0.620956
vt 0.511023 0.619500
vt 0.499746 0.281346
vt 0.487988 0.268288
vt 0.489000 0.271400
vt 0.498863 0.281856
vt 0.498863 0.281856
vt 0.499746 0.281346
vt 0.499746 0.281346
vt 0.498863 0.281856
vt 0.560746 0.318437
vt 0.560746 0.318437
vt 0.559863 0.318947
vt 0.559863 0.318946
vt 0.499651 0.281401
vt 0.499746 0.281346
vt 0.498863 0.281856
vt 0.498758 0.281905
vt 0.555068 0.299770
vt 0.555126 0.299774
vt 0.555143 0.299251
vt 0.555080 0.299249
vt 0.926878 0.257582
vt 0.927470 0.257621
vt 0.927470 0.257621
vt 0.926878 0.257582
vt 0.846876 0.315130
vt 0.847804 0.315191
vt 0.847804 0.315191
vt 0.846876 0.315130
vt 0.846876 0.315130
vt 0.847804 0.315191
vt 0.847804 0.315191
vt 0.846876 0.315130
vt 0.846876 0.315130
vt 0.847804 0.315191
vt 0.847804 0.315191
vt 0.846876 0.315130
vt 0.847804 0.315191
vt 0.847804 0.315191
vt 0.846876 0.315130
vt 0.846876 0.315130
vt 0.846876 0.315130
vt 0.847804 0.315191
vt 0.847804 0.315191
vt 0.846876 0.315130
vt 0.782656 0.352591
vt 0.783585 0.352652
vt 0.783585 0.352652
vt 0.782656 0.352591
vt 0.782656 0.352591
vt 0.783585 0.352652
vt 0.783585 0.352652
vt 0.782656 0.352591
vt 0.705058 0.320481
vt 0.705987 0.320542
vt 0.705987 0.320542
vt 0.705058 0.320481
vt 0.705987 0.320542
vt 0.705987 0.320542
vt 0.705065 0.340824
vt 0.705065 0.340824
vt 0.783585 0.352652
vt 0.641768 0.358003
vt 0.782663 0.372934
vt 0.782663 0.372934
vt 0.783585 0.352652
vt 0.697960 0.510524
vt 0.782663 0.372934
vt 0.782663 0.372934
vt 0.847804 0.315191
vt 0.783585 0.352652
vt 0.846882 0.335472
vt 0.846882 0.335472
vt 0.847804 0.315191
vt 0.847804 0.315191
vt 0.847804 0.315191
vt 0.847804 0.315191
vt 0.847804 0.315191
vt 0.847804 0.315191
vt 0.847804 0.315191
vt 0.847804 0.315191
vt 0.847749 0.460808
vt 0.847749 0.460808
vt 0.846834 0.460764
vt 0.846834 0.460764
vt 0.847804 0.315191
vt 0.847804 0.315191
vt 0.847804 0.315191
vt 0.847804 0.315191
vt 0.975599 0.460074
vt 0.975599 0.492029
vt 0.975016 0.460046
vt 0.975016 0.460046
vt 0.555081 0.309419
vt 0.555144 0.309419
vt 0.555123 0.308863
vt 0.555066 0.308861
vt 0.498863 0.332033
vt 0.499746 0.332543
vt 0.499918 0.332781
vt 0.498965 0.332233
vt 0.498863 0.332033
vt 0.499746 0.332543
vt 0.499746 0.332543
vt 0.498863 0.332033
vt 0.506150 0.701475
vt 0.506150 0.701475
vt 0.504696 0.700636
vt 0.504696 0.700636
vt 0.517373 0.623166
vt 0.518826 0.624005
vt 0.518826 0.624005
vt 0.517373 0.623166
vt 0.501141 0.640373
vt 0.499477 0.645495
vt 0.518826 0.624005
vt 0.517373 0.623166
vt 0.505850 0.617723
vt 0.508413 0.617993
vt 0.508413 0.617993
vt 0.505850 0.617723
vt 0.504229 0.630870
vt 0.505525 0.626881
vt 0.508413 0.617993
vt 0.505850 0.617723
vt 0.505525 0.626881
vt 0.504229 0.630870
vt 0.514677 0.621609
vt 0.513545 0.620956
vt 0.513545 0.620956
vt 0.514677 0.621609
vt 0.514677 0.621609
vt 0.513545 0.620956
vt 0.502000 0.699079
vt 0.500868 0.698426
vt 0.500868 0.698426
vt 0.502000 0.699079
vt 0.496537 0.330690
vt 0.497224 0.331087
vt 0.497224 0.331087
vt 0.496537 0.330690
vt 0.496537 0.330690
vt 0.497224 0.331087
vt 0.497196 0.331216
vt 0.496454 0.330790
vt 0.440396 0.476043
vt 0.440834 0.476043
vt 0.440798 0.471032
vt 0.440402 0.471013
vt 0.973935 0.459994
vt 0.973481 0.459973
vt 0.973481 0.459973
vt 0.973935 0.459994
vt 0.847804 0.315191
vt 0.847804 0.315191
vt 0.847804 0.315191
vt 0.847804 0.315191
vt 0.845137 0.460683
vt 0.844424 0.460649
vt 0.844424 0.460649
vt 0.845137 0.460683
vt 0.847804 0.315191
vt 0.847804 0.315191
vt 0.847804 0.315191
vt 0.847804 0.315191
vt 0.847804 0.315191
vt 0.847804 0.315191
vt 0.847804 0.315191
vt 0.847804 0.315191
vt 0.845170 0.373094
vt 0.844452 0.388889
vt 0.844452 0.388889
vt 0.845170 0.373094
vt 0.780951 0.410555
vt 0.780233 0.426350
vt 0.780233 0.426350
vt 0.780951 0.410555
vt 0.780951 0.410555
vt 0.780233 0.426350
vt 0.780233 0.426350
vt 0.780951 0.410555
vt 0.703353 0.378445
vt 0.702635 0.394241
vt 0.702635 0.394241
vt 0.703353 0.378445
vt 0.702635 0.394241
vt 0.703353 0.378445
vt 0.703336 0.320368
vt 0.702612 0.320320
vt 0.702612 0.320320
vt 0.703336 0.320368
vt 0.703336 0.320368
vt 0.702612 0.320320
vt 0.780210 0.352430
vt 0.780934 0.352477
vt 0.780934 0.352477
vt 0.780210 0.352430
vt 0.780210 0.352430
vt 0.780934 0.352477
vt 0.780934 0.352477
vt 0.780210 0.352430
vt 0.844430 0.314969
vt 0.845153 0.315016
vt 0.845153 0.315016
vt 0.844430 0.314969
vt 0.845153 0.315016
vt 0.844430 0.314969
vt 0.844430 0.314969
vt 0.845153 0.315016
vt 0.844430 0.314969
vt 0.845153 0.315016
vt 0.845153 0.315016
vt 0.844430 0.314969
vt 0.844430 0.314969
vt 0.845153 0.315016
vt 0.845153 0.315016
vt 0.844430 0.314969
vt 0.844430 0.314969
vt 0.845153 0.315016
vt 0.845153 0.315016
vt 0.844430 0.314969
vt 0.925320 0.257479
vt 0.925781 0.257509
vt 0.925781 0.257509
vt 0.925320 0.257479
vt 0.440405 0.390154
vt 0.440806 0.390181
vt 0.440829 0.385581
vt 0.440392 0.385569
vt 0.851195 0.294679
vt 0.848533 0.296216
vt 0.848026 0.296355
vt 0.850717 0.294834
vt 0.556999 0.316827
vt 0.556311 0.317224
vt 0.556311 0.317224
vt 0.556999 0.316827
vt 0.848533 0.296216
vt 0.851195 0.294679
vt 0.851195 0.294679
vt 0.848533 0.296216
vt 0.490876 0.277174
vt 0.491664 0.279598
vt 0.496537 0.283199
vt 0.497224 0.282802
vt 0.493418 0.284999
vt 0.491664 0.279598
vt 0.490876 0.277174
vt 0.491861 0.285163
vt 0.830438 0.303817
vt 0.836465 0.303183
vt 0.836465 0.303183
vt 0.830438 0.303817
vt 0.553193 0.319024
vt 0.553193 0.319024
vt 0.551635 0.319188
vt 0.551635 0.319188
vt 0.835823 0.303251
vt 0.836465 0.303183
vt 0.830438 0.303817
vt 0.829933 0.303870
vt 0.536409 0.470766
vt 0.537450 0.470766
vt 0.537435 0.356053
vt 0.536398 0.356037
vt 0.491861 0.328726
vt 0.493418 0.328890
vt 0.493087 0.328855
vt 0.491601 0.328699
vt 0.491861 0.328726
vt 0.493418 0.328890
vt 0.493418 0.328890
vt 0.491861 0.328726
vt 0.495736 0.695463
vt 0.495736 0.695463
vt 0.493173 0.695193
vt 0.493173 0.695193
vt 0.499745 0.617082
vt 0.505850 0.617723
vt 0.505850 0.617723
vt 0.499745 0.617082
vt 0.501141 0.640373
vt 0.504229 0.630870
vt 0.505850 0.617723
vt 0.499745 0.617082
vt 0.504229 0.630870
vt 0.501141 0.640373
vt 0.517373 0.623166
vt 0.514677 0.621609
vt 0.514677 0.621609
vt 0.517373 0.623166
vt 0.517373 0.623166
vt 0.514677 0.621609
vt 0.504696 0.700636
vt 0.502000 0.699079
vt 0.502000 0.699079
vt 0.504696 0.700636
vt 0.497224 0.331087
vt 0.498863 0.332033
vt 0.498863 0.332033
vt 0.497224 0.331087
vt 0.497224 0.331087
vt 0.498863 0.332033
vt 0.498965 0.332233
vt 0.497196 0.331216
vt 0.554964 0.309419
vt 0.555081 0.309419
vt 0.555066 0.308861
vt 0.554960 0.308856
vt 0.975016 0.460046
vt 0.973935 0.459994
vt 0.973935 0.459994
vt 0.975016 0.460046
vt 0.847804 0.315191
vt 0.847804 0.315191
vt 0.847804 0.315191
vt 0.847804 0.315191
vt 0.846834 0.460764
vt 0.845137 0.460683
vt 0.845137 0.460683
vt 0.846834 0.460764
vt 0.847804 0.315191
vt 0.847804 0.315191
vt 0.847804 0.315191
vt 0.847804 0.315191
vt 0.847804 0.315191
vt 0.847804 0.315191
vt 0.847804 0.315191
vt 0.847804 0.315191
vt 0.846882 0.335472
vt 0.845170 0.373094
vt 0.845170 0.373094
vt 0.846882 0.335472
vt 0.782663 0.372934
vt 0.780951 0.410555
vt 0.780951 0.410555
vt 0.782663 0.372934
vt 0.782663 0.372934
vt 0.780951 0.410555
vt 0.780951 0.410555
vt 0.782663 0.372934
vt 0.705065 0.340824
vt 0.703353 0.378445
vt 0.703353 0.378445
vt 0.705065 0.340824
vt 0.703353 0.378445
vt 0.705065 0.340824
vt 0.705058 0.320481
vt 0.703336 0.320368
vt 0.703336 0.320368
vt 0.705058 0.320481
vt 0.705058 0.320481
vt 0.703336 0.320368
vt 0.780934 0.352477
vt 0.782656 0.352591
vt 0.782656 0.352591
vt 0.780934 0.352477
vt 0.780934 0.352477
vt 0.782656 0.352591
vt 0.782656 0.352591
vt 0.780934 0.352477
vt 0.845153 0.315016
vt 0.846876 0.315130
vt 0.846876 0.315130
vt 0.845153 0.315016
vt 0.846876 0.315130
vt 0.845153 0.315016
vt 0.845153 0.315016
vt 0.846876 0.315130
vt 0.845153 0.315016
vt 0.846876 0.315130
vt 0.846876 0.315130
vt 0.845153 0.315016
vt 0.845153 0.315016
vt 0.846876 0.315130
vt 0.846876 0.315130
vt 0.845153 0.315016
vt 0.845153 0.315016
vt 0.846876 0.315130
vt 0.846876 0.315130
vt 0.845153 0.315016
vt 0.925781 0.257509
vt 0.926878 0.257582
vt 0.926878 0.257582
vt 0.925781 0.257509
vt 0.554961 0.299763
vt 0.555068 0.299770
vt 0.555080 0.299249
vt 0.554963 0.299246
vt 0.498863 0.281856
vt 0.497224 0.282802
vt 0.497101 0.282842
vt 0.498758 0.281905
vt 0.558637 0.315881
vt 0.556999 0.316827
vt 0.556999 0.316827
vt 0.558637 0.315881
vt 0.851195 0.294679
vt 0.857535 0.291019
vt 0.857535 0.291019
vt 0.851195 0.294679
vt 0.489000 0.271400
vt 0.490876 0.277174
vt 0.497224 0.282802
vt 0.498863 0.281856
vt 0.490876 0.277174
vt 0.489000 0.271400
vt 0.488151 0.285553
vt 0.491861 0.285163
vt 0.488151 0.285553
vt 0.491861 0.285163
vt 0.491861 0.285163
vt 0.488151 0.285553
vt 0.552861 0.322253
vt 0.549152 0.322643
vt 0.549152 0.322643
vt 0.552861 0.322253
vt 0.491861 0.285163
vt 0.488151 0.285553
vt 0.488106 0.285557
vt 0.491730 0.285176
vt 0.493165 0.328030
vt 0.494075 0.328030
vt 0.494071 0.285881
vt 0.493163 0.285867
vt 0.488151 0.328336
vt 0.491861 0.328726
vt 0.491601 0.328699
vt 0.488060 0.328327
vt 0.488151 0.328336
vt 0.491861 0.328726
vt 0.491861 0.328726
vt 0.488151 0.328336
vt 0.493173 0.695193
vt 0.487068 0.694552
vt 0.487068 0.694552
vt 0.493173 0.695193
vt 0.699334 0.320104
vt 0.699334 0.320104
vt 0.701001 0.320214
vt 0.701001 0.320214
vt 0.701001 0.320214
vt 0.701001 0.320214
vt 0.701034 0.429430
vt 0.701034 0.429430
vt 0.701034 0.429430
vt 0.701034 0.429430
vt 0.699378 0.465847
vt 0.699378 0.465847
vt 0.699378 0.465847
vt 0.699378 0.465847
vt 0.699334 0.320104
vt 0.699334 0.320104
vt 0.705065 0.340824
vt 0.705065 0.340824
vt 0.705058 0.320481
vt 0.705058 0.320481
vt 0.705058 0.320481
vt 0.705058 0.320481
vt 0.705987 0.320542
vt 0.705987 0.320542
vt 0.705987 0.320542
vt 0.705987 0.320542
vt 0.705987 0.320542
vt 0.705987 0.320542
vt 0.705987 0.320542
vt 0.705987 0.320542
vt 0.705065 0.340824
vt 0.705065 0.340824
vt 0.702635 0.394241
vt 0.702635 0.394241
vt 0.702612 0.320320
vt 0.702612 0.320320
vt 0.702612 0.320320
vt 0.702612 0.320320
vt 0.703336 0.320368
vt 0.703336 0.320368
vt 0.703336 0.320368
vt 0.703336 0.320368
vt 0.703353 0.378445
vt 0.703353 0.378445
vt 0.703353 0.378445
vt 0.703353 0.378445
vt 0.702635 0.394241
vt 0.702635 0.394241
vt 0.699334 0.320104
vt 0.699334 0.320104
vt 0.701001 0.320214
vt 0.701001 0.320214
vt 0.701001 0.320214
vt 0.701001 0.320214
vt 0.701034 0.429430
vt 0.701034 0.429430
vt 0.701034 0.429430
vt 0.701034 0.429430
vt 0.699378 0.465847
vt 0.699378 0.465847
vt 0.699378 0.465847
vt 0.699378 0.465847
vt 0.699334 0.320104
vt 0.699334 0.320104
vt 0.705065 0.340824
vt 0.705065 0.340824
vt 0.705058 0.320481
vt 0.705058 0.320481
vt 0.705058 0.320481
vt 0.705058 0.320481
vt 0.705987 0.320542
vt 0.705987 0.320542
vt 0.705987 0.320542
vt 0.705987 0.320542
vt 0.705987 0.320542
vt 0.705987 0.320542
vt 0.705987 0.320542
vt 0.705987 0.320542
vt 0.705065 0.340824
vt 0.705065 0.340824
vt 0.702635 0.394241
vt 0.702635 0.394241
vt 0.702612 0.320320
vt 0.702612 0.320320
vt 0.702612 0.320320
vt 0.702612 0.320320
vt 0.703336 0.320368
vt 0.703336 0.320368
vt 0.703353 0.378445
vt 0.703353 0.378445
vt 0.702635 0.394241
vt 0.702635 0.394241
vt 0.699334 0.320104
vt 0.699334 0.320104
vt 0.701001 0.320214
vt 0.701001 0.320214
vt 0.701034 0.429430
vt 0.701034 0.429430
vt 0.699378 0.465847
vt 0.699378 0.465847
vt 0.699378 0.465847
vt 0.699378 0.465847
vt 0.699334 0.320104
vt 0.699334 0.320104
vt 0.705058 0.320481
vt 0.705058 0.320481
vt 0.705987 0.320542
vt 0.705987 0.320542
vt 0.705987 0.320542
vt 0.705987 0.320542
vt 0.705987 0.320542
vt 0.705987 0.320542
vt 0.705987 0.320542
vt 0.705987 0.320542
vt 0.705065 0.340824
vt 0.705065 0.340824
vt 0.702612 0.320320
vt 0.702612 0.320320
vt 0.703336 0.320368
vt 0.703336 0.320368
vt 0.703336 0.320368
vt 0.703336 0.320368
vt 0.703353 0.378445
vt 0.703353 0.378445
vt 0.703353 0.378445
vt 0.703353 0.378445
vt 0.702635 0.394241
vt 0.702635 0.394241
vt 0.701034 0.429430
vt 0.702635 0.394241
vt 0.702635 0.394241
vt 0.701034 0.429430
vt 0.701034 0.429430
vt 0.702635 0.394241
vt 0.702612 0.320320
vt 0.701001 0.320214
vt 0.701001 0.320214
vt 0.702612 0.320320
vt 0.702612 0.320320
vt 0.701001 0.320214
vt 0.701001 0.320214
vt 0.702612 0.320320
vt 0.702635 0.394241
vt 0.701034 0.429430
vt 0.703336 0.320368
vt 0.704197 0.320424
vt 0.704209 0.359635
vt 0.703353 0.378445
vt 0.703353 0.378445
vt 0.704209 0.359635
vt 0.704209 0.359635
vt 0.703353 0.378445
vt 0.703353 0.378445
vt 0.704209 0.359635
vt 0.704197 0.320424
vt 0.703336 0.320368
vt 0.703336 0.320368
vt 0.704197 0.320424
vt 0.704197 0.320424
vt 0.703336 0.320368
vt 0.704197 0.320424
vt 0.705058 0.320481
vt 0.705058 0.320481
vt 0.704197 0.320424
vt 0.704209 0.359635
vt 0.705065 0.340824
vt 0.705058 0.320481
vt 0.704197 0.320424
vt 0.704209 0.359635
vt 0.705065 0.340824
vt 0.705065 0.340824
vt 0.704209 0.359635
vt 0.704197 0.320424
vt 0.705058 0.320481
vt 0.705065 0.340824
vt 0.704209 0.359635
vt 0.699334 0.320104
vt 0.699334 0.320104
vt 0.701001 0.320214
vt 0.701001 0.320214
vt 0.701034 0.429430
vt 0.701034 0.429430
vt 0.699378 0.465847
vt 0.699378 0.465847
vt 0.699378 0.465847
vt 0.699378 0.465847
vt 0.699334 0.320104
vt 0.699334 0.320104
vt 0.702612 0.320320
vt 0.702612 0.320320
vt 0.703336 0.320368
vt 0.703336 0.320368
vt 0.703336 0.320368
vt 0.703336 0.320368
vt 0.703353 0.378445
vt 0.703353 0.378445
vt 0.703353 0.378445
vt 0.703353 0.378445
vt 0.702635 0.394241
vt 0.702635 0.394241
vt 0.701001 0.320214
vt 0.701001 0.320214
vt 0.702612 0.320320
vt 0.702612 0.320320
vt 0.702635 0.394241
vt 0.702635 0.394241
vt 0.701034 0.429430
vt 0.701034 0.429430
vt 0.705065 0.340824
vt 0.705065 0.340824
vt 0.705058 0.320481
vt 0.705058 0.320481
vt 0.705058 0.320481
vt 0.705058 0.320481
vt 0.705987 0.320542
vt 0.705987 0.320542
vt 0.705987 0.320542
vt 0.705987 0.320542
vt 0.705987 0.320542
vt 0.705987 0.320542
vt 0.705987 0.320542
vt 0.705987 0.320542
vt 0.705065 0.340824
vt 0.705065 0.340824
vt 0.705065 0.340824
vt 0.705065 0.340824
vt 0.705058 0.320481
vt 0.705058 0.320481
vt 0.705058 0.320481
vt 0.705058 0.320481
vt 0.705987 0.320542
vt 0.705987 0.320542
vt 0.705987 0.320542
vt 0.705987 0.320542
vt 0.705987 0.320542
vt 0.705987 0.320542
vt 0.705987 0.320542
vt 0.705987 0.320542
vt 0.705065 0.340824
vt 0.705065 0.340824
vt 0.705065 0.340824
vt 0.705065 0.340824
vt 0.705058 0.320481
vt 0.705058 0.320481
vt 0.705058 0.320481
vt 0.705058 0.320481
vt 0.705987 0.320542
vt 0.705987 0.320542
vt 0.705987 0.320542
vt 0.705987 0.320542
vt 0.705987 0.320542
vt 0.705987 0.320542
vt 0.705987 0.320542
vt 0.705987 0.320542
vt 0.705065 0.340824
vt 0.705065 0.340824
vt 0.705065 0.340824
vt 0.705065 0.340824
vt 0.705058 0.320481
vt 0.705058 0.320481
vt 0.705058 0.320481
vt 0.705058 0.320481
vt 0.705987 0.320542
vt 0.705987 0.320542
vt 0.705987 0.320542
vt 0.705987 0.320542
vt 0.705987 0.320542
vt 0.705987 0.320542
vt 0.705987 0.320542
vt 0.705987 0.320542
vt 0.705065 0.340824
vt 0.705065 0.340824
vt 0.699334 0.320104
vt 0.699334 0.320104
vt 0.701001 0.320214
vt 0.701001 0.320214
vt 0.701001 0.320214
vt 0.701001 0.320214
vt 0.701034 0.429430
vt 0.701034 0.429430
vt 0.701034 0.429430
vt 0.701034 0.429430
vt 0.699378 0.465847
vt 0.699378 0.465847
vt 0.699378 0.465847
vt 0.699378 0.465847
vt 0.699334 0.320104
vt 0.699334 0.320104
vt 0.702635 0.394241
vt 0.702635 0.394241
vt 0.702612 0.320320
vt 0.702612 0.320320
vt 0.702612 0.320320
vt 0.702612 0.320320
vt 0.703336 0.320368
vt 0.703336 0.320368
vt 0.703336 0.320368
vt 0.703336 0.320368
vt 0.703353 0.378445
vt 0.703353 0.378445
vt 0.703353 0.378445
vt 0.703353 0.378445
vt 0.702635 0.394241
vt 0.702635 0.394241
vt 0.699334 0.320104
vt 0.699334 0.320104
vt 0.701001 0.320214
vt 0.701001 0.320214
vt 0.701001 0.320214
vt 0.701001 0.320214
vt 0.701034 0.429430
vt 0.701034 0.429430
vt 0.701034 0.429430
vt 0.701034 0.429430
vt 0.699378 0.465847
vt 0.699378 0.465847
vt 0.699378 0.465847
vt 0.699378 0.465847
vt 0.699334 0.320104
vt 0.699334 0.320104
vt 0.702635 0.394241
vt 0.702635 0.394241
vt 0.702612 0.320320
vt 0.702612 0.320320
vt 0.702612 0.320320
vt 0.702612 0.320320
vt 0.703336 0.320368
vt 0.703336 0.320368
vt 0.703336 0.320368
vt 0.703336 0.320368
vt 0.703353 0.378445
vt 0.703353 0.378445
vt 0.703353 0.378445
vt 0.703353 0.378445
vt 0.702635 0.394241
vt 0.702635 0.394241
vt 0.699334 0.320104
vt 0.699334 0.320104
vt 0.701001 0.320214
vt 0.701001 0.320214
vt 0.701001 0.320214
vt 0.701001 0.320214
vt 0.701034 0.429430
vt 0.701034 0.429430
vt 0.701034 0.429430
vt 0.701034 0.429430
vt 0.699378 0.465847
vt 0.699378 0.465847
vt 0.699378 0.465847
vt 0.699378 0.465847
vt 0.699334 0.320104
vt 0.699334 0.320104
vt 0.702635 0.394241
vt 0.702635 0.394241
vt 0.702612 0.320320
vt 0.702612 0.320320
vt 0.702612 0.320320
vt 0.702612 0.320320
vt 0.703336 0.320368
vt 0.703336 0.320368
vt 0.703353 0.378445
vt 0.703353 0.378445
vt 0.702635 0.394241
vt 0.702635 0.394241
vt 0.705058 0.320481
vt 0.703336 0.320368
vt 0.703336 0.320368
vt 0.705987 0.320542
vt 0.705987 0.320542
vt 0.703336 0.320368
vt 0.703353 0.378445
vt 0.705987 0.320542
vt 0.705987 0.320542
vt 0.703353 0.378445
vt 0.703353 0.378445
vt 0.705065 0.340824
vt 0.705065 0.340824
vt 0.703353 0.378445
vt 0.703336 0.320368
vt 0.705058 0.320481
vt 0.699334 0.320104
vt 0.699334 0.320104
vt 0.701001 0.320214
vt 0.701001 0.320214
vt 0.701034 0.429430
vt 0.701034 0.429430
vt 0.699378 0.465847
vt 0.699378 0.465847
vt 0.699378 0.465847
vt 0.699378 0.465847
vt 0.699334 0.320104
vt 0.699334 0.320104
vt 0.702612 0.320320
vt 0.702612 0.320320
vt 0.703336 0.320368
vt 0.703336 0.320368
vt 0.703353 0.378445
vt 0.703353 0.378445
vt 0.702635 0.394241
vt 0.702635 0.394241
vt 0.705987 0.320542
vt 0.705987 0.320542
vt 0.705987 0.320542
vt 0.705987 0.320542
vt 0.705987 0.320542
vt 0.705987 0.320542
vt 0.703353 0.378445
vt 0.703353 0.378445
vt 0.703336 0.320368
vt 0.703336 0.320368
vt 0.705987 0.320542
vt 0.705987 0.320542
vt 0.701034 0.429430
vt 0.702635 0.394241
vt 0.702635 0.394241
vt 0.701034 0.429430
vt 0.701034 0.429430
vt 0.702635 0.394241
vt 0.702612 0.320320
vt 0.701001 0.320214
vt 0.701001 0.320214
vt 0.702612 0.320320
vt 0.702612 0.320320
vt 0.701001 0.320214
vt 0.701001 0.320214
vt 0.702612 0.320320
vt 0.702635 0.394241
vt 0.701034 0.429430
vn 0.996866 0.079105 -0.000258
vn 0.997450 0.071364 -0.000286
vn 0.882087 0.471086 0.001226
vn 0.878611 0.477536 0.001251
vn 0.613539 0.789661 0.002533
vn 0.609086 0.793101 0.002548
vn 0.237998 0.971260 0.003386
vn 0.235130 0.971958 0.003390
vn -0.179174 0.983811 0.003648
vn -0.178944 0.983853 0.003648
vn -0.565140 0.824988 0.003284
vn -0.562351 0.826892 0.003290
vn -0.852502 0.522719 0.002357
vn -0.849382 0.527773 0.002373
vn -0.991509 0.130037 0.001022
vn -0.990509 0.137444 0.001048
vn -0.958642 -0.284613 -0.000488
vn -0.960809 -0.277211 -0.000460
vn -0.760351 -0.649510 -0.001908
vn -0.764636 -0.644460 -0.001888
vn -0.534396 -0.845230 -0.002685
vn -0.537051 -0.843546 -0.002679
vn 0.719281 -0.694711 -0.003345
vn 0.715283 -0.698827 -0.003370
vn 0.940398 -0.340071 -0.001738
vn 0.942707 -0.333618 -0.001716
vn 0.000746 -0.003513 0.999994
vn 0.000545 -0.003608 0.999993
vn 0.000772 -0.003608 0.999993
vn 0.000680 -0.003435 0.999994
vn 0.000594 -0.003396 0.999994
vn 0.000497 -0.003394 0.999994
vn 0.000404 -0.003430 0.999994
vn 0.000339 -0.003508 0.999994
vn 0.000310 -0.003610 0.999993
vn 0.000353 -0.003703 0.999993
vn 0.000431 -0.003746 0.999993
vn 0.000463 -0.003733 0.999993
vn 0.000544 -0.003606 0.999993
vn 0.000504 -0.003753 0.999993
vn 0.000551 -0.003606 0.999993
vn 0.000501 -0.003922 0.999992
vn 0.000600 -0.003906 0.999992
vn 0.000601 -0.003907 0.999992
vn 0.000688 -0.003793 0.999993
vn 0.000567 -0.003666 0.999993
vn 0.000752 -0.003708 0.999993
vn -0.000547 0.003621 -0.999993
vn -0.000551 0.003610 -0.999993
vn -0.000557 0.003595 -0.999993
vn -0.000555 0.003602 -0.999993
vn -0.000547 0.003606 -0.999993
vn -0.000561 0.003613 -0.999993
vn -0.000547 0.003611 -0.999993
vn -0.000532 0.003599 -0.999993
vn -0.000548 0.003597 -0.999993
vn -0.000553 0.003612 -0.999993
vn -0.000550 0.003615 -0.999993
vn -0.000555 0.003625 -0.999993
vn -0.000561 0.003624 -0.999993
vn -0.000533 0.003620 -0.999993
vn -0.000554 0.003618 -0.999993
vn -0.000549 0.003668 -0.999993
vn -0.000509 0.003681 -0.999993
vn -0.000521 0.003616 -0.999993
vn -0.000553 0.003599 -0.999993
vn -0.000558 0.003602 -0.999993
vn -0.000551 0.003632 -0.999993
vn 0.996864 0.079131 -0.000280
vn 0.997450 0.071365 -0.000307
vn 0.882073 0.471111 0.001255
vn 0.878610 0.477538 0.001282
vn 0.613533 0.789665 0.002564
vn 0.609081 0.793104 0.002577
vn 0.238003 0.971259 0.003364
vn 0.235135 0.971957 0.003368
vn -0.179162 0.983812 0.003789
vn -0.178931 0.983854 0.003789
vn -0.565125 0.824998 0.003586
vn -0.562348 0.826893 0.003591
vn -0.852507 0.522709 0.002583
vn -0.849386 0.527766 0.002602
vn -0.991508 0.130038 0.001096
vn -0.990508 0.137447 0.001125
vn -0.958650 -0.284588 -0.000528
vn -0.960817 -0.277184 -0.000499
vn -0.760359 -0.649500 -0.001984
vn -0.764644 -0.644450 -0.001964
vn -0.537127 -0.843497 -0.002766
vn -0.539597 -0.841919 -0.002759
vn -0.236581 -0.971606 -0.003276
vn -0.236580 -0.971606 -0.003277
vn -0.013502 -0.999902 -0.003643
vn -0.012127 -0.999920 -0.003645
vn 0.179068 -0.983829 -0.003851
vn 0.179068 -0.983829 -0.003851
vn 0.521821 -0.853048 -0.003421
vn 0.521161 -0.853451 -0.003422
vn 0.721502 -0.692407 -0.002924
vn 0.724792 -0.688962 -0.002913
vn 0.940400 -0.340065 -0.001742
vn 0.942708 -0.333614 -0.001720
vn -0.000570 0.003615 -0.999993
vn -0.000570 0.003615 -0.999993
vn -0.000551 0.003600 -0.999993
vn -0.000551 0.003600 -0.999993
vn -0.000549 0.003612 -0.999993
vn -0.000549 0.003612 -0.999993
vn -0.000547 0.003608 -0.999993
vn -0.000547 0.003608 -0.999993
vn -0.000540 0.003614 -0.999993
vn -0.000540 0.003614 -0.999993
vn -0.000548 0.003611 -0.999993
vn -0.000548 0.003611 -0.999993
vn -0.000541 0.003628 -0.999993
vn -0.000542 0.003628 -0.999993
vn -0.000544 0.003609 -0.999993
vn -0.000544 0.003609 -0.999993
vn -0.000546 0.003619 -0.999993
vn -0.000546 0.003619 -0.999993
vn -0.000544 0.003612 -0.999993
vn -0.000544 0.003612 -0.999993
vn -0.000547 0.003608 -0.999993
vn -0.000547 0.003608 -0.999993
vn -0.000546 0.003610 -0.999993
vn -0.000546 0.003610 -0.999993
vn -0.000536 0.003597 -0.999993
vn -0.000536 0.003597 -0.999993
vn -0.000545 0.003606 -0.999993
vn -0.000545 0.003606 -0.999993
vn -0.000527 0.003603 -0.999993
vn -0.000527 0.003603 -0.999993
vn -0.000544 0.003609 -0.999993
vn -0.000544 0.003609 -0.999993
vn -0.000549 0.003600 -0.999993
vn -0.000548 0.003601 -0.999993
vn -0.000545 0.003607 -0.999993
vn -0.000545 0.003608 -0.999993
vn -0.000565 0.003583 -0.999993
vn -0.000565 0.003583 -0.999993
vn -0.000544 0.003604 -0.999993
vn -0.000544 0.003604 -0.999993
vn -0.000561 0.003581 -0.999993
vn -0.000561 0.003581 -0.999993
vn -0.000548 0.003608 -0.999993
vn -0.000547 0.003608 -0.999993
vn -0.000549 0.003611 -0.999993
vn -0.000547 0.003610 -0.999993
vn -0.000573 0.003597 -0.999993
vn -0.000557 0.003601 -0.999993
vn -0.000557 0.003601 -0.999993
vn -0.000573 0.003598 -0.999993
vn -0.000545 0.003607 -0.999993
vn -0.000545 0.003607 -0.999993
vn -0.000548 0.003607 -0.999993
vn -0.000549 0.003607 -0.999993
vn -0.000565 0.003615 -0.999993
vn -0.000565 0.003615 -0.999993
vn -0.000578 0.003621 -0.999993
vn -0.000578 0.003621 -0.999993
vn -0.000547 0.003605 -0.999993
vn -0.000547 0.003605 -0.999993
vn 0.882100 0.471060 0.001257
vn 0.878640 0.477483 0.001286
vn 0.996871 0.079050 -0.000411
vn 0.997454 0.071317 -0.000443
vn 0.613537 0.789661 0.002578
vn 0.609084 0.793101 0.002590
vn 0.238006 0.971259 0.003040
vn 0.235145 0.971956 0.003040
vn -0.179149 0.983818 0.002940
vn -0.178903 0.983862 0.002940
vn -0.565121 0.825004 0.002665
vn -0.562345 0.826899 0.002668
vn -0.852496 0.522730 0.001917
vn -0.849405 0.527738 0.001932
vn -0.991506 0.130055 0.000951
vn -0.990506 0.137463 0.000966
vn -0.958633 -0.284645 0.000231
vn -0.960804 -0.277227 0.000242
vn -0.760367 -0.649493 -0.001069
vn -0.764605 -0.644498 -0.001039
vn -0.537163 -0.843475 -0.002346
vn -0.539649 -0.841887 -0.002335
vn -0.236571 -0.971608 -0.003307
vn -0.236571 -0.971608 -0.003306
vn 0.179034 -0.983838 -0.003262
vn -0.013505 -0.999904 -0.002998
vn -0.012140 -0.999922 -0.002999
vn 0.179034 -0.983838 -0.003262
vn 0.721484 -0.692422 -0.003364
vn 0.724745 -0.689009 -0.003358
vn 0.521809 -0.853055 -0.003533
vn 0.521141 -0.853464 -0.003533
vn 0.940404 -0.340051 -0.002211
vn 0.942688 -0.333669 -0.002182
vn -0.005203 0.001406 -0.999986
vn -0.004710 0.001022 -0.999988
vn -0.006520 0.002567 -0.999976
vn -0.007571 0.003669 -0.999965
vn 0.006541 -0.002515 0.999976
vn 0.004759 -0.000933 0.999988
vn -0.003326 0.000149 -0.999995
vn -0.003157 0.000061 -0.999995
vn 0.003178 -0.000017 0.999995
vn -0.001528 -0.000683 -0.999999
vn -0.001636 -0.000639 -0.999999
vn 0.001638 0.000612 0.999999
vn 0.000537 -0.001265 -0.999999
vn 0.000056 -0.001172 -0.999999
vn -0.000051 0.001132 0.999999
vn 0.003485 -0.001453 -0.999993
vn 0.002232 -0.001451 -0.999996
vn -0.002220 0.001458 0.999996
vn 0.008820 -0.000892 -0.999961
vn 0.005541 -0.001352 -0.999984
vn -0.005453 0.001361 0.999984
vn 0.025601 0.003449 -0.999666
vn 0.011746 -0.000397 -0.999931
vn -0.011671 0.000348 0.999932
vn 0.074159 0.032598 0.996714
vn 0.037237 0.006890 -0.999283
vn -0.038433 -0.007358 0.999234
vn 0.016887 0.016125 0.999727
vn 0.040992 0.022327 0.998910
vn -0.040535 -0.021746 -0.998941
vn 0.015436 0.015752 0.999757
vn 0.015436 0.015752 0.999757
vn -0.013262 -0.015892 -0.999786
vn -0.005963 -0.018596 -0.999809
vn 0.002797 -0.032399 -0.999471
vn 0.006962 -0.038082 -0.999250
vn 0.035923 -0.055702 0.997801
vn 0.013168 -0.011854 0.999843
vn -0.011471 0.008994 -0.999894
vn -0.008982 0.005326 -0.999946
vn -0.010903 0.008770 -0.999902
vn 0.022930 -0.031673 -0.999235
vn 0.008961 -0.005323 0.999946
vn 0.996868 0.079079 -0.000259
vn 0.997452 0.071341 -0.000288
vn 0.882089 0.471081 0.001219
vn 0.878609 0.477539 0.001244
vn 0.613564 0.789641 0.002523
vn 0.609106 0.793085 0.002538
vn 0.238007 0.971257 0.003389
vn 0.235137 0.971956 0.003393
vn -0.179139 0.983817 0.003644
vn -0.178915 0.983858 0.003644
vn -0.565090 0.825023 0.003276
vn -0.562292 0.826932 0.003282
vn -0.852526 0.522679 0.002357
vn -0.849405 0.527736 0.002373
vn -0.991508 0.130041 0.001015
vn -0.990510 0.137436 0.001042
vn -0.958641 -0.284619 -0.000502
vn -0.960810 -0.277207 -0.000474
vn -0.760335 -0.649528 -0.001929
vn -0.764621 -0.644477 -0.001908
vn -0.537117 -0.843503 -0.002753
vn -0.539598 -0.841918 -0.002746
vn -0.236509 -0.971623 -0.003372
vn -0.236510 -0.971623 -0.003372
vn -0.013673 -0.999900 -0.003576
vn -0.012253 -0.999919 -0.003576
vn 0.178846 -0.983870 -0.003631
vn 0.178846 -0.983870 -0.003631
vn 0.521803 -0.853059 -0.003362
vn 0.521167 -0.853448 -0.003363
vn 0.721518 -0.692390 -0.002891
vn 0.724813 -0.688940 -0.002880
vn 0.940394 -0.340081 -0.001739
vn 0.942705 -0.333624 -0.001717
vn 0.163962 -0.894898 0.415059
vn 0.164036 -0.895150 0.414487
vn 0.164025 -0.895111 0.414575
vn 0.163962 -0.894898 0.415059
vn -0.202847 -0.979208 -0.002085
vn -0.202854 -0.979207 -0.002082
vn -0.199073 -0.979978 -0.003461
vn -0.199073 -0.979978 -0.003461
vn 0.518015 -0.855355 -0.005330
vn 0.518014 -0.855355 -0.005330
vn 0.537512 -0.843246 -0.004269
vn 0.537488 -0.843261 -0.004270
vn 0.164572 -0.910710 -0.378845
vn 0.164596 -0.910854 -0.378487
vn 0.164600 -0.910879 -0.378426
vn 0.164572 -0.910710 -0.378845
vn -0.203223 -0.979129 -0.002756
vn -0.203224 -0.979128 -0.002760
vn -0.000563 0.003574 -0.999993
vn -0.000561 0.003581 -0.999993
vn -0.000536 0.003597 -0.999993
vn -0.000541 0.003599 -0.999993
vn -0.000534 0.003607 -0.999993
vn -0.000539 0.003605 -0.999993
vn -0.000551 0.003606 -0.999993
vn -0.000551 0.003606 -0.999993
vn 0.005814 0.018132 0.999819
vn 0.005814 0.018132 0.999819
vn 0.005814 0.018132 0.999819
vn 0.005814 0.018132 0.999819
vn 0.002566 -0.017269 -0.999848
vn 0.001271 -0.012827 -0.999917
vn -0.002560 -0.015862 -0.999871
vn 0.002133 -0.014860 -0.999887
vn 0.015492 -0.036864 -0.999200
vn 0.025248 -0.037944 -0.998961
vn 0.003910 -0.002992 0.999988
vn 0.003910 -0.002992 0.999988
vn 0.003921 -0.002993 0.999988
vn 0.003921 -0.002993 0.999988
vn 0.983807 0.179085 -0.007238
vn 0.983807 0.179085 -0.007238
vn 0.983807 0.179085 -0.007238
vn 0.983807 0.179085 -0.007238
vn -0.002981 0.003159 -0.999991
vn -0.002981 0.003155 -0.999991
vn -0.002981 0.003155 -0.999991
vn -0.002981 0.003159 -0.999991
vn -0.983824 -0.179039 -0.005910
vn -0.983824 -0.179039 -0.005910
vn -0.983824 -0.179039 -0.005910
vn -0.983824 -0.179039 -0.005910
vn -0.002611 -0.004182 0.999988
vn -0.001693 -0.004198 0.999990
vn 0.005595 -0.004112 0.999976
vn 0.003914 -0.002986 0.999988
vn 0.983809 0.179071 -0.007261
vn 0.902383 0.430892 -0.006033
vn 0.901238 0.433284 -0.006026
vn 0.983809 0.179072 -0.007264
vn -0.004804 0.004231 -0.999980
vn 0.002024 0.004233 -0.999989
vn 0.002920 0.004233 -0.999987
vn -0.002986 0.003160 -0.999991
vn -0.983821 -0.179056 -0.005905
vn -0.983821 -0.179055 -0.005905
vn -0.983822 -0.179053 -0.005906
vn -0.983821 -0.179057 -0.005905
vn -0.179049 0.983833 0.003649
vn -0.179049 0.983833 0.003649
vn -0.179049 0.983833 0.003649
vn -0.179049 0.983833 0.003649
vn -0.006940 0.002438 -0.999973
vn -0.007787 0.002276 -0.999967
vn -0.005918 0.005447 -0.999968
vn -0.006056 0.005232 -0.999968
vn 0.178930 -0.983855 -0.003633
vn 0.178930 -0.983855 -0.003633
vn 0.178930 -0.983855 -0.003633
vn 0.178930 -0.983855 -0.003633
vn 0.006214 -0.005175 0.999967
vn 0.005918 -0.005439 0.999968
vn 0.007776 -0.002284 0.999967
vn 0.007084 -0.002409 0.999972
vn -0.179060 0.983831 0.003642
vn -0.179062 0.983831 0.003643
vn -0.179063 0.983831 0.003646
vn -0.179064 0.983831 0.003645
vn -0.005148 -0.004647 0.999976
vn -0.005729 -0.004407 0.999974
vn 0.178885 -0.983860 -0.004363
vn 0.178706 -0.983894 -0.004049
vn 0.178686 -0.983901 -0.003229
vn 0.178895 -0.983864 -0.002965
vn 0.005768 0.004411 -0.999974
vn 0.005182 0.004644 -0.999976
vn -0.179064 0.983831 0.003644
vn -0.179083 0.983827 0.003640
vn -0.179083 0.983827 0.003640
vn 0.179590 -0.983728 -0.005248
vn 0.178521 -0.983923 -0.005087
vn 0.179588 -0.983728 -0.005229
vn -0.179041 0.983835 0.003628
vn -0.179041 0.983835 0.003628
vn -0.179040 0.983835 0.003628
vn -0.179040 0.983835 0.003628
vn 0.983813 0.179052 -0.007198
vn 0.904064 0.427354 -0.006037
vn 0.178922 -0.983856 -0.003669
vn 0.178922 -0.983856 -0.003669
vn 0.178922 -0.983856 -0.003669
vn 0.178922 -0.983856 -0.003669
vn 0.177760 -0.984062 -0.004817
vn -0.983822 -0.179052 -0.005895
vn -0.983820 -0.179061 -0.005897
vn -0.179063 0.983831 0.003645
vn -0.179062 0.983831 0.003633
vn -0.179056 0.983832 0.003637
vn -0.179062 0.983831 0.003633
vn 0.178511 -0.983935 -0.002205
vn 0.179622 -0.983734 -0.002088
vn 0.179621 -0.983734 -0.002087
vn 0.178938 -0.983854 -0.003649
vn 0.178938 -0.983854 -0.003649
vn 0.178938 -0.983854 -0.003649
vn 0.178938 -0.983854 -0.003649
vn 0.899557 0.436762 -0.006001
vn 0.983810 0.179070 -0.007232
vn -0.179054 0.983832 0.003636
vn -0.179054 0.983833 0.003636
vn -0.179043 0.983835 0.003633
vn -0.179043 0.983835 0.003633
vn -0.179059 0.983832 0.003637
vn -0.983820 -0.179060 -0.005895
vn -0.983821 -0.179055 -0.005892
vn 0.177767 -0.984070 -0.002470
vn -0.983809 -0.179074 0.007235
vn -0.983809 -0.179074 0.007235
vn -0.983809 -0.179074 0.007235
vn -0.983809 -0.179074 0.007235
vn -0.007773 0.002285 -0.999967
vn -0.007773 0.002285 -0.999967
vn -0.007773 0.002285 -0.999967
vn -0.007773 0.002285 -0.999967
vn 0.983808 0.179076 -0.007267
vn 0.983808 0.179076 -0.007267
vn 0.007773 -0.002286 0.999967
vn 0.007773 -0.002286 0.999967
vn 0.007773 -0.002286 0.999967
vn 0.007773 -0.002286 0.999967
vn 0.795103 0.606455 -0.004800
vn 0.795079 0.606487 -0.004806
vn -0.983822 -0.179053 -0.005905
vn -0.983822 -0.179050 -0.005907
vn -0.002316 -0.004198 0.999988
vn 0.006774 -0.004851 0.999965
vn 0.003283 -0.005227 0.999981
vn 0.002030 -0.003870 0.999990
vn 0.796452 0.604682 -0.004818
vn -0.983823 -0.179044 -0.005894
vn -0.006335 -0.004158 0.999971
vn -0.006074 0.004924 -0.999970
vn 0.002587 0.004215 -0.999988
vn 0.796565 0.604533 -0.004828
vn -0.002026 0.003872 -0.999990
vn -0.003229 0.005250 -0.999981
vn 0.006379 0.004168 -0.999971
vn -0.983822 -0.179051 -0.005890
vn -0.001166 0.002836 -0.999995
vn -0.001166 0.002836 -0.999995
vn -0.001166 0.002836 -0.999995
vn -0.001166 0.002836 -0.999995
vn -0.798826 -0.601555 0.003083
vn -0.798826 -0.601555 0.003083
vn -0.798826 -0.601555 0.003083
vn -0.798826 -0.601555 0.003083
vn 0.001170 -0.002834 0.999995
vn 0.001170 -0.002834 0.999995
vn 0.798822 0.601548 -0.004843
vn 0.798822 0.601548 -0.004843
vn 0.001169 -0.002840 0.999995
vn 0.001169 -0.002840 0.999995
vn 0.001169 -0.002840 0.999995
vn 0.001169 -0.002840 0.999995
vn 0.798819 0.601552 -0.004854
vn 0.798819 0.601552 -0.004854
vn -0.001167 0.002832 -0.999995
vn -0.001167 0.002832 -0.999995
vn -0.798824 -0.601559 0.002629
vn -0.798824 -0.601559 0.002629
vn -0.798824 -0.601559 0.002629
vn -0.798824 -0.601559 0.002629
vn -0.309508 -0.950890 -0.003726
vn -0.309508 -0.950890 -0.003726
vn -0.309508 -0.950890 -0.003726
vn -0.309508 -0.950890 -0.003726
vn 0.178340 -0.983648 0.025129
vn 0.178340 -0.983648 0.025129
vn 0.178332 -0.983510 0.030111
vn 0.178332 -0.983515 0.029926
vn 0.203419 -0.979084 -0.003778
vn 0.203419 -0.979084 -0.003778
vn 0.203419 -0.979084 -0.003778
vn 0.203419 -0.979084 -0.003778
vn 0.177758 -0.983360 -0.037479
vn 0.177808 -0.983519 -0.032791
vn 0.177808 -0.983519 -0.032791
vn 0.177755 -0.983351 -0.037742
vn 0.148164 -0.988955 -0.003803
vn 0.148165 -0.988955 -0.003803
vn 0.148164 -0.988955 -0.003803
vn 0.148164 -0.988955 -0.003803
vn 0.007770 -0.006726 0.999947
vn 0.006138 -0.004747 0.999970
vn 0.006241 -0.004241 0.999972
vn 0.007645 -0.005832 0.999954
vn 0.836137 0.548512 -0.003046
vn 0.496844 0.867840 -0.000344
vn 0.489723 0.871878 -0.000295
vn 0.836137 0.548512 -0.003046
vn -0.005759 0.004287 -0.999974
vn -0.005661 0.004736 -0.999973
vn -0.007188 0.006706 -0.999952
vn -0.007074 0.005876 -0.999958
vn -0.991992 0.126271 -0.002747
vn -0.993097 0.117260 -0.002764
vn -0.993047 0.117684 -0.002763
vn -0.991992 0.126271 -0.002747
vn -0.015013 0.478897 0.877743
vn -0.015585 0.448267 0.893764
vn 0.301188 0.953564 0.000948
vn 0.301188 0.953564 0.000948
vn -0.026108 0.449742 -0.892777
vn -0.024941 0.475814 -0.879192
vn -0.999689 -0.024870 -0.002029
vn -0.999710 -0.023983 -0.002034
vn -0.022055 0.639792 0.768232
vn -0.024330 0.633224 0.773586
vn 0.997205 0.074654 -0.003117
vn 0.997205 0.074654 -0.003117
vn 0.997205 0.074654 -0.003117
vn 0.997205 0.074654 -0.003117
vn -0.034753 0.633172 -0.773230
vn -0.031610 0.638464 -0.769002
vn -0.985125 -0.171829 -0.001781
vn -0.985302 -0.170815 -0.001782
vn 0.006844 -0.037353 -0.999279
vn 0.179027 -0.983838 -0.003433
vn 0.179027 -0.983838 -0.003433
vn 0.003368 -0.021565 -0.999762
vn 0.003266 -0.021048 -0.999773
vn 0.164052 -0.895482 0.413762
vn 0.164052 -0.895482 0.413762
vn 0.003924 -0.002994 0.999988
vn 0.003924 -0.002994 0.999988
vn -0.179097 0.983825 0.003638
vn -0.179097 0.983825 0.003638
vn 0.005683 -0.004614 0.999973
vn 0.003898 -0.002989 0.999988
vn 0.006936 -0.005770 0.999959
vn 0.179567 -0.983734 -0.004878
vn 0.179568 -0.983734 -0.004868
vn 0.178346 -0.983279 0.036810
vn 0.178354 -0.983257 0.037360
vn 0.005597 -0.002983 0.999980
vn 0.007494 -0.004723 0.999961
vn -0.019973 0.457511 0.888980
vn -0.028819 0.624689 0.780342
vn 0.029810 -0.999549 -0.003642
vn 0.029810 -0.999549 -0.003642
vn 0.029810 -0.999549 -0.003642
vn 0.029810 -0.999549 -0.003642
vn -0.036867 0.628208 -0.777171
vn -0.028206 0.461841 -0.886514
vn -0.005166 0.003113 -0.999982
vn -0.006943 0.004834 -0.999964
vn 0.177670 -0.983089 -0.044382
vn 0.177656 -0.983052 -0.045236
vn 0.179605 -0.983736 -0.002481
vn 0.179606 -0.983736 -0.002478
vn -0.006254 0.005913 -0.999963
vn -0.004911 0.004768 -0.999977
vn -0.002988 0.003156 -0.999991
vn -0.179072 0.983829 0.003628
vn -0.179072 0.983829 0.003628
vn -0.002975 0.003168 -0.999991
vn -0.002975 0.003168 -0.999991
vn 0.164619 -0.911108 -0.377866
vn 0.164619 -0.911108 -0.377866
vn -0.000526 0.003612 -0.999993
vn -0.000526 0.003612 -0.999993
vn 0.179031 -0.983836 -0.003880
vn 0.179031 -0.983836 -0.003879
vn -0.000529 0.003606 -0.999993
vn -0.000529 0.003606 -0.999993
vn 0.179016 -0.983839 -0.003637
vn 0.179016 -0.983839 -0.003637
vn 0.000570 -0.003743 0.999993
vn 0.006995 -0.038400 -0.999238
vn 0.179069 -0.983831 -0.003236
vn 0.179069 -0.983831 -0.003236
vn 0.005105 -0.031514 -0.999490
vn 0.005328 -0.032728 -0.999450
vn 0.164213 -0.896135 0.412282
vn 0.164256 -0.896404 0.411680
vn 0.164256 -0.896404 0.411680
vn 0.164220 -0.896177 0.412187
vn 0.003910 -0.002989 0.999988
vn 0.003953 -0.002970 0.999988
vn 0.003953 -0.002970 0.999988
vn 0.003910 -0.002989 0.999988
vn -0.179055 0.983832 0.003630
vn -0.179055 0.983832 0.003630
vn 0.005905 -0.005691 0.999966
vn 0.003909 -0.002993 0.999988
vn 0.007282 -0.007647 0.999944
vn 0.179578 -0.983736 -0.003805
vn 0.179578 -0.983736 -0.003805
vn 0.179572 -0.983736 -0.004076
vn 0.179572 -0.983736 -0.004067
vn 0.178342 -0.982670 0.050536
vn 0.178383 -0.982345 0.056381
vn 0.178383 -0.982345 0.056381
vn 0.178356 -0.982571 0.052388
vn 0.004111 0.000572 0.999991
vn 0.003471 0.003219 0.999989
vn 0.007099 -0.001696 0.999973
vn 0.007215 -0.002522 0.999971
vn 0.004353 0.479435 0.877567
vn 0.013116 0.546868 0.837116
vn 0.004293 0.599995 0.799992
vn 0.013722 0.580245 0.814326
vn 0.008764 0.556826 -0.830583
vn 0.009471 0.590337 -0.807101
vn -0.000201 0.608158 -0.793816
vn -0.000707 0.486499 -0.873681
vn -0.003208 -0.002679 -0.999991
vn -0.003796 -0.000200 -0.999993
vn -0.006587 0.002020 -0.999976
vn -0.006681 0.002788 -0.999974
vn 0.177224 -0.982011 -0.065168
vn 0.177224 -0.982011 -0.065168
vn 0.177410 -0.982375 -0.058867
vn 0.177345 -0.982251 -0.061094
vn 0.179578 -0.983738 -0.003240
vn 0.179573 -0.983738 -0.003506
vn 0.179573 -0.983738 -0.003506
vn 0.179578 -0.983738 -0.003234
vn -0.006629 0.007906 -0.999947
vn -0.005146 0.005914 -0.999969
vn -0.002989 0.003161 -0.999991
vn -0.179059 0.983832 0.003621
vn -0.179059 0.983832 0.003621
vn -0.003004 0.003153 -0.999990
vn -0.003004 0.003153 -0.999990
vn -0.002987 0.003160 -0.999991
vn -0.002987 0.003160 -0.999991
vn 0.164712 -0.911675 -0.376456
vn 0.164656 -0.911829 -0.376106
vn 0.164656 -0.911829 -0.376106
vn 0.164722 -0.911648 -0.376517
vn -0.000549 0.003634 -0.999993
vn -0.000547 0.003626 -0.999993
vn 0.179070 -0.983829 -0.003685
vn 0.179070 -0.983829 -0.003685
vn -0.000563 0.003607 -0.999993
vn -0.000559 0.003610 -0.999993
vn 0.179017 -0.983839 -0.003641
vn 0.179017 -0.983839 -0.003641
vn -0.000564 0.003604 -0.999993
vn -0.236477 -0.971631 -0.003362
vn -0.236478 -0.971631 -0.003362
vn -0.000526 0.003600 -0.999993
vn -0.000504 0.003596 -0.999993
vn -0.000570 0.003625 -0.999993
vn 0.179072 -0.983829 -0.003640
vn 0.179072 -0.983829 -0.003640
vn -0.000515 0.003619 -0.999993
vn -0.000512 0.003619 -0.999993
vn 0.179034 -0.983836 -0.003707
vn 0.179034 -0.983836 -0.003707
vn -0.000547 0.003634 -0.999993
vn -0.000547 0.003635 -0.999993
vn 0.164709 -0.911488 -0.376909
vn 0.164705 -0.911480 -0.376930
vn -0.002974 0.003168 -0.999991
vn -0.002974 0.003168 -0.999991
vn -0.179087 0.983827 0.003624
vn -0.179086 0.983827 0.003625
vn -0.005028 0.005487 -0.999972
vn -0.003004 0.003146 -0.999991
vn -0.006499 0.007225 -0.999953
vn 0.179558 -0.983743 -0.002987
vn 0.179557 -0.983743 -0.002984
vn 0.177510 -0.982625 -0.054211
vn 0.177491 -0.982562 -0.055393
vn -0.004369 0.001495 -0.999989
vn -0.006766 0.003405 -0.999971
vn -0.011790 0.448259 -0.893826
vn -0.015161 0.622336 -0.782604
vn 0.002813 -0.999990 -0.003565
vn 0.002813 -0.999990 -0.003565
vn 0.002813 -0.999990 -0.003565
vn 0.002813 -0.999990 -0.003565
vn -0.010505 0.615705 0.787907
vn -0.006272 0.443588 0.896209
vn 0.004733 -0.001233 0.999988
vn 0.007302 -0.003194 0.999968
vn 0.178360 -0.982884 0.046109
vn 0.178349 -0.982844 0.047003
vn 0.179572 -0.983735 -0.004334
vn 0.179571 -0.983735 -0.004325
vn 0.007164 -0.006999 0.999950
vn 0.005787 -0.005289 0.999969
vn 0.003902 -0.002997 0.999988
vn -0.179070 0.983830 0.003631
vn -0.179070 0.983830 0.003631
vn 0.003893 -0.002998 0.999988
vn 0.003893 -0.002998 0.999988
vn 0.164118 -0.895931 0.412762
vn 0.164125 -0.895940 0.412740
vn 0.004593 -0.028523 -0.999583
vn 0.004583 -0.028461 -0.999584
vn 0.179051 -0.983834 -0.003297
vn 0.179051 -0.983834 -0.003297
vn 0.007055 -0.037798 -0.999260
vn 0.000547 -0.003688 0.999993
vn 0.000543 -0.003612 0.999993
vn 0.000489 -0.003866 0.999992
vn -0.005945 -0.018551 -0.999810
vn -0.236568 -0.971610 -0.003108
vn -0.236568 -0.971610 -0.003105
vn -0.005964 -0.018572 -0.999810
vn -0.006005 -0.018694 -0.999807
vn -0.203208 -0.979133 -0.002361
vn -0.203208 -0.979133 -0.002364
vn -0.000555 0.003570 -0.999993
vn -0.000558 0.003567 -0.999994
vn -0.236611 -0.971599 -0.003274
vn -0.236611 -0.971599 -0.003273
vn -0.000535 0.003607 -0.999993
vn -0.000535 0.003607 -0.999993
vn -0.021499 -0.999763 -0.003454
vn -0.021499 -0.999763 -0.003454
vn -0.021499 -0.999763 -0.003454
vn -0.021499 -0.999763 -0.003454
vn -0.006011 -0.018714 -0.999807
vn -0.006011 -0.018714 -0.999807
vn 0.010007 -0.003276 0.999945
vn 0.009832 -0.001704 0.999950
vn 0.009784 -0.001271 0.999951
vn 0.010007 -0.003276 0.999945
vn 0.994168 -0.107842 -0.000293
vn 0.956977 0.290163 0.001174
vn 0.952520 0.304473 0.001226
vn 0.994168 -0.107841 -0.000293
vn -0.009108 0.003324 -0.999953
vn -0.008919 0.001519 -0.999959
vn -0.008960 0.001909 -0.999958
vn -0.009108 0.003324 -0.999953
vn -0.978995 -0.203875 -0.001720
vn -0.978926 -0.204208 -0.001722
vn -0.554587 -0.832124 -0.001753
vn -0.851346 -0.524604 -0.000116
vn -0.842009 -0.539463 -0.000186
vn -0.554587 -0.832124 -0.001753
vn 0.003823 0.000589 0.999992
vn 0.003413 -0.000700 0.999994
vn 0.003005 -0.001983 0.999993
vn 0.003823 0.000589 0.999993
vn 0.705415 0.708794 0.000648
vn 0.705415 0.708794 0.000648
vn 0.705415 0.708794 0.000648
vn 0.705415 0.708794 0.000648
vn -0.003428 -0.000123 -0.999994
vn -0.002677 0.002117 -0.999994
vn -0.003052 0.001000 -0.999995
vn -0.003428 -0.000123 -0.999994
vn -0.957032 -0.289981 -0.000345
vn -0.999902 -0.013973 0.000677
vn -0.999672 -0.025621 0.000635
vn -0.957032 -0.289981 -0.000345
vn 0.004200 -0.001400 0.999990
vn 0.003416 -0.002254 0.999992
vn 0.003308 -0.002371 0.999992
vn 0.004200 -0.001400 0.999990
vn 0.740843 0.671676 0.001569
vn 0.740843 0.671676 0.001569
vn 0.740843 0.671676 0.001569
vn 0.740843 0.671676 0.001569
vn -0.003845 0.001613 -0.999991
vn -0.003001 0.002388 -0.999993
vn -0.003102 0.002295 -0.999993
vn -0.003845 0.001613 -0.999991
vn 0.009071 -0.001514 0.999958
vn 0.008958 -0.001881 0.999958
vn 0.785225 0.619206 0.002372
vn 0.785225 0.619206 0.002372
vn -0.008169 0.002052 -0.999965
vn -0.008274 0.001725 -0.999964
vn -0.995263 -0.097215 -0.001332
vn -0.994872 -0.101138 -0.001347
vn -0.999494 0.031728 0.002079
vn -0.999494 0.031728 0.002079
vn 0.002906 -0.001754 0.999994
vn 0.002927 -0.001475 0.999995
vn 0.819022 0.573762 -0.000077
vn 0.819022 0.573762 -0.000077
vn 0.819022 0.573762 -0.000077
vn 0.819022 0.573762 -0.000077
vn -0.002626 0.001536 -0.999995
vn -0.002601 0.001819 -0.999995
vn -0.953823 0.300363 0.001772
vn -0.953823 0.300363 0.001772
vn 0.002948 -0.003928 0.999988
vn 0.002964 -0.003477 0.999990
vn -0.002663 0.003387 -0.999991
vn -0.002642 0.003814 -0.999989
vn 0.008686 -0.006405 0.999942
vn 0.012347 -0.007154 0.999898
vn -0.011214 0.006769 -0.999914
vn -0.007901 0.006122 -0.999950
vn -0.967492 0.252903 0.000033
vn -0.969448 0.245295 0.000002
vn 0.003231 -0.001902 0.999993
vn 0.003289 -0.002035 0.999992
vn 0.999990 0.003652 -0.002440
vn 0.977236 -0.212133 -0.003117
vn 0.976190 -0.216897 -0.003131
vn 0.999990 0.003652 -0.002440
vn -0.002958 0.002068 -0.999994
vn -0.002906 0.001940 -0.999994
vn 0.007636 -0.005625 0.999955
vn 0.003605 -0.005506 0.999978
vn 0.261505 -0.965195 -0.003707
vn 0.261505 -0.965195 -0.003707
vn 0.261505 -0.965195 -0.003707
vn 0.261505 -0.965195 -0.003707
vn -0.003220 0.005298 -0.999981
vn -0.006894 0.005365 -0.999962
vn -0.015572 0.001932 -0.999877
vn -0.015572 0.001932 -0.999877
vn -0.074940 -0.997182 -0.003604
vn -0.074940 -0.997181 -0.003604
vn -0.074940 -0.997182 -0.003604
vn -0.074940 -0.997182 -0.003604
vn 0.017128 -0.001852 0.999852
vn 0.017128 -0.001852 0.999852
vn -0.052969 0.998589 0.003651
vn -0.052969 0.998590 0.003651
vn -0.052969 0.998590 0.003651
vn -0.052969 0.998590 0.003651
vn 0.220540 0.975373 0.003134
vn 0.161494 0.986868 0.003204
vn 0.159493 0.987194 0.003206
vn 0.220540 0.975373 0.003134
vn -0.004446 0.001278 -0.999989
vn -0.004540 0.001120 -0.999989
vn -0.004575 0.001061 -0.999989
vn -0.004446 0.001278 -0.999989
vn -0.140559 -0.990067 -0.003296
vn -0.140571 -0.990065 -0.003237
vn -0.140570 -0.990065 -0.003239
vn -0.140559 -0.990067 -0.003296
vn 0.004853 -0.001259 0.999987
vn 0.004991 -0.001024 0.999987
vn 0.004954 -0.001087 0.999987
vn 0.004853 -0.001259 0.999987
vn 0.005097 -0.000844 0.999987
vn 0.005097 -0.000844 0.999987
vn -0.140581 -0.990064 -0.003180
vn -0.140581 -0.990064 -0.003180
vn -0.004674 0.000896 -0.999989
vn -0.004674 0.000896 -0.999989
vn 0.096896 0.995289 0.003267
vn 0.096896 0.995289 0.003267
vn 0.007811 -0.009810 0.999921
vn 0.008991 -0.010095 0.999909
vn -0.008153 0.009471 -0.999922
vn -0.007080 0.009238 -0.999932
vn -0.762907 0.646505 0.001728
vn -0.765541 0.643385 0.001714
vn 0.007889 -0.006543 0.999947
vn 0.004329 -0.002809 0.999987
vn 0.999994 -0.003189 -0.001100
vn 0.993449 0.114270 -0.000677
vn 0.993068 0.117537 -0.000665
vn 0.999994 -0.003189 -0.001100
vn -0.003902 0.002827 -0.999988
vn -0.007128 0.006188 -0.999955
vn -0.935842 -0.352420 0.000645
vn -0.994846 0.101371 0.002317
vn -0.996353 0.085295 0.002265
vn -0.935842 -0.352420 0.000645
vn 0.003799 -0.003935 0.999985
vn 0.003777 -0.003726 0.999986
vn 0.884513 -0.466499 -0.003752
vn 0.882831 -0.469676 -0.003759
vn -0.003389 0.003631 -0.999988
vn -0.003406 0.003813 -0.999987
vn -0.707020 0.707183 0.003822
vn -0.708647 0.705553 0.003819
vn 0.003567 -0.005803 0.999977
vn 0.003722 -0.005681 0.999977
vn 0.731715 -0.681598 -0.004107
vn 0.729991 -0.683445 -0.004109
vn -0.003319 0.005310 -0.999980
vn -0.003182 0.005401 -0.999980
vn -0.520224 0.854021 0.003953
vn -0.521664 0.853142 0.003953
vn 0.002764 -0.006756 0.999973
vn 0.003061 -0.006344 0.999975
vn 0.503291 -0.864107 -0.004164
vn 0.502039 -0.864835 -0.004163
vn -0.002730 0.005837 -0.999979
vn -0.002465 0.006185 -0.999978
vn -0.407438 0.913225 0.003933
vn -0.407438 0.913225 0.003933
vn 0.002534 -0.007075 0.999972
vn 0.002534 -0.007075 0.999972
vn 0.414285 -0.910138 -0.004100
vn 0.414285 -0.910138 -0.004100
vn -0.002260 0.006455 -0.999977
vn -0.002260 0.006455 -0.999977
vn 0.006693 -0.009647 0.999931
vn 0.007205 -0.009880 0.999925
vn 0.867887 -0.496759 -0.001730
vn 0.831956 -0.554838 -0.001949
vn 0.830612 -0.556848 -0.001957
vn 0.867886 -0.496759 -0.001730
vn -0.006525 0.009308 -0.999935
vn -0.006061 0.009091 -0.999940
vn -0.711337 0.702848 0.001991
vn -0.710871 0.703320 0.001993
vn -0.939725 -0.341931 -0.000549
vn -0.967330 -0.253519 -0.000214
vn -0.966451 -0.256849 -0.000226
vn -0.939725 -0.341931 -0.000549
vn 0.003977 -0.001885 0.999990
vn 0.003898 -0.001640 0.999991
vn 0.948232 0.317580 0.000092
vn 0.947021 0.321173 0.000106
vn -0.003494 0.001770 -0.999992
vn -0.003570 0.002004 -0.999992
vn 0.004363 -0.006904 0.999967
vn 0.004918 -0.007640 0.999959
vn 0.776761 -0.629791 -0.002233
vn 0.776761 -0.629792 -0.002233
vn -0.004428 0.007276 -0.999964
vn -0.003916 0.006613 -0.999970
vn -0.733899 0.679256 0.001879
vn -0.733899 0.679256 0.001879
vn -0.999909 -0.013473 0.000667
vn -0.999844 -0.017653 0.000652
vn 0.003261 -0.002519 0.999991
vn 0.003011 -0.003131 0.999991
vn 0.904522 0.426427 0.000526
vn 0.904522 0.426427 0.000526
vn -0.002682 0.003176 -0.999991
vn -0.002909 0.002598 -0.999992
vn 0.003755 -0.004125 0.999984
vn 0.003721 -0.003779 0.999986
vn 0.985934 0.167134 0.000728
vn 0.985934 0.167134 0.000728
vn 0.985934 0.167134 0.000728
vn 0.985934 0.167134 0.000728
vn -0.003302 0.003765 -0.999987
vn -0.003337 0.004083 -0.999986
vn -0.510151 0.860080 0.002782
vn -0.510151 0.860080 0.002782
vn -0.510151 0.860080 0.002782
vn -0.510151 0.860080 0.002782
vn -0.994826 0.101585 0.001075
vn -0.994826 0.101585 0.001075
vn 0.002926 -0.003063 0.999991
vn 0.006544 -0.003237 0.999973
vn -0.005828 0.003210 -0.999978
vn -0.002625 0.003064 -0.999992
vn 0.011908 -0.000995 0.999929
vn 0.011908 -0.000995 0.999929
vn 0.012353 -0.004028 0.999916
vn 0.334856 -0.942261 -0.003853
vn 0.334856 -0.942262 -0.003853
vn 0.334856 -0.942261 -0.003853
vn 0.334856 -0.942261 -0.003853
vn -0.010986 0.003922 -0.999932
vn -0.010611 0.001221 -0.999943
vn -0.010611 0.001221 -0.999943
vn 0.177878 0.984048 0.003155
vn 0.177878 0.984048 0.003155
vn 0.177878 0.984048 0.003155
vn 0.177878 0.984048 0.003155
vn 0.003528 -0.001844 0.999992
vn 0.003528 -0.001844 0.999992
vn -0.003109 0.001998 -0.999993
vn -0.003109 0.001998 -0.999993
vn -0.817224 -0.576312 -0.002970
vn -0.817224 -0.576312 -0.002970
vn -0.817224 -0.576312 -0.002970
vn -0.817224 -0.576312 -0.002970
vn 0.003175 -0.002147 0.999993
vn 0.005632 -0.003342 0.999979
vn -0.005032 0.003233 -0.999982
vn -0.002874 0.002146 -0.999994
vn 0.854919 -0.518746 -0.003859
vn 0.854919 -0.518746 -0.003859
vn 0.854919 -0.518746 -0.003859
vn 0.854919 -0.518746 -0.003859
vn -0.011331 0.006406 -0.999915
vn 0.012762 -0.006810 0.999895
vn -0.003865 0.001833 -0.999991
vn -0.003865 0.001833 -0.999991
vn -0.003865 0.001833 -0.999991
vn -0.003865 0.001833 -0.999991
vn -0.083319 -0.996516 -0.003602
vn -0.083319 -0.996517 -0.003602
vn -0.083319 -0.996516 -0.003602
vn -0.083319 -0.996516 -0.003602
vn 0.004358 -0.001788 0.999989
vn 0.004358 -0.001788 0.999989
vn 0.004358 -0.001788 0.999989
vn 0.004358 -0.001788 0.999989
vn 0.070614 0.997497 0.003608
vn 0.070614 0.997497 0.003608
vn 0.070614 0.997497 0.003608
vn 0.070614 0.997497 0.003608
s 1
g Tibia_Mirrored TibiaLeg_Mirrored
usemtl lambert2SG
f 185/633/335 198/634/336 199/635/337 186/636/338
f 186/637/338 199/638/337 200/639/339 187/640/340
f 187/641/340 200/642/339 201/643/341 188/644/342
f 188/645/342 201/646/341 202/647/343 189/648/344
f 189/649/344 202/650/343 203/651/345 190/652/346
f 190/653/346 203/654/345 204/655/347 191/656/348
f 191/657/348 204/658/347 205/659/349 192/660/350
f 192/661/350 205/662/349 206/663/351 193/664/352
f 193/665/352 206/666/351 207/667/353 194/668/354
f 194/669/354 207/670/353 208/671/355 195/672/356
f 196/673/357 209/674/358 210/675/359 197/676/360
f 197/677/360 210/678/359 198/679/336 185/680/335
s 3
f 257/681/361 258/682/362 256/683/363
f 259/684/364 258/685/362 257/686/361
f 260/687/365 258/688/362 259/689/364
f 261/690/366 258/691/362 260/692/365
f 262/693/367 258/694/362 261/695/366
f 263/696/368 258/697/362 262/698/367
f 264/699/369 258/700/362 263/701/368
f 265/702/370 258/703/362 264/704/369
f 266/705/371 258/706/362 265/707/370
f 267/708/372 258/709/362 266/710/371
f 530/711/373 258/712/362 267/713/372 531/714/374
f 427/715/375 268/716/376 398/717/377 428/718/378
f 270/719/379 258/720/362 269/721/380
f 271/722/381 258/723/362 270/724/379
f 256/725/363 258/726/362 271/727/381
s 6
f 302/728/382 304/729/383 303/730/384
f 303/731/384 304/732/383 305/733/385
f 305/734/385 304/735/383 306/736/386
f 306/737/386 304/738/383 307/739/387
f 307/740/387 304/741/383 308/742/388
f 308/743/388 304/744/383 309/745/389
f 309/746/389 304/747/383 310/748/390
f 310/749/390 304/750/383 311/751/391
f 311/752/391 304/753/383 312/754/392
f 312/755/392 304/756/383 313/757/393
f 313/758/393 304/759/383 500/760/394 499/761/395
f 314/762/396 457/763/397 456/764/398 426/765/399
f 315/766/400 304/767/383 316/768/401
f 316/769/401 304/770/383 317/771/402
f 317/772/402 304/773/383 302/774/382
s 8
f 226/775/403 229/776/404 228/777/405 227/778/406
f 227/779/406 228/780/405 231/781/407 230/782/408
f 230/783/408 231/784/407 233/785/409 232/786/410
f 232/787/410 233/788/409 235/789/411 234/790/412
f 234/791/412 235/792/411 237/793/413 236/794/414
f 236/795/414 237/796/413 239/797/415 238/798/416
f 238/799/416 239/800/415 241/801/417 240/802/418
f 240/803/418 241/804/417 243/805/419 242/806/420
f 242/807/420 243/808/419 245/809/421 244/810/422
f 244/811/422 245/812/421 247/813/423 246/814/424
f 246/815/424 247/816/423 537/817/425 536/818/426
f 248/819/427 249/820/428 424/821/429 423/822/430
f 250/823/431 251/824/432 253/825/433 252/826/434
f 252/827/434 253/828/433 255/829/435 254/830/436
f 254/831/436 255/832/435 229/833/404 226/834/403
s 11
f 198/835/437 226/836/438 227/837/439 199/838/440
s 12
f 212/839/441 228/840/442 229/841/443 211/842/444
s 11
f 199/843/440 227/844/439 230/845/445 200/846/446
s 12
f 213/847/447 231/848/448 228/849/442 212/850/441
s 11
f 200/851/446 230/852/445 232/853/449 201/854/450
s 12
f 214/855/451 233/856/452 231/857/448 213/858/447
s 11
f 201/859/450 232/860/449 234/861/453 202/862/454
s 12
f 215/863/455 235/864/456 233/865/452 214/866/451
s 11
f 202/867/454 234/868/453 236/869/457 203/870/458
s 12
f 216/871/459 237/872/460 235/873/456 215/874/455
s 11
f 203/875/458 236/876/457 238/877/461 204/878/462
s 12
f 217/879/463 239/880/464 237/881/460 216/882/459
s 11
f 204/883/462 238/884/461 240/885/465 205/886/466
s 12
f 218/887/467 241/888/468 239/889/464 217/890/463
s 11
f 205/891/466 240/892/465 242/893/469 206/894/470
s 12
f 219/895/471 243/896/472 241/897/468 218/898/467
s 11
f 206/899/470 242/900/469 244/901/473 207/902/474
s 12
f 220/903/475 245/904/476 243/905/472 219/906/471
s 11
f 207/907/474 244/908/473 246/909/477 208/910/478
s 12
f 221/911/479 247/912/480 245/913/476 220/914/475
f 537/915/481 247/916/480 221/917/479 498/918/482
f 424/919/483 249/920/484 222/921/485 425/922/486
f 224/923/487 253/924/488 251/925/489 223/926/490
s 11
f 209/927/491 252/928/492 254/929/493 210/930/494
s 12
f 225/931/495 255/932/496 253/933/488 224/934/487
s 11
f 210/935/494 254/936/493 226/937/438 198/938/437
s 12
f 211/939/444 229/940/443 255/941/496 225/942/495
s 16
f 273/943/497 275/944/498 274/945/499 272/946/500
f 276/947/501 277/948/502 275/949/498 273/950/497
f 278/951/503 279/952/504 277/953/502 276/954/501
f 280/955/505 281/956/506 279/957/504 278/958/503
f 282/959/507 283/960/508 281/961/506 280/962/505
f 284/963/509 285/964/510 283/965/508 282/966/507
f 286/967/511 287/968/512 285/969/510 284/970/509
f 288/971/513 289/972/514 287/973/512 286/974/511
f 290/975/515 291/976/516 289/977/514 288/978/513
f 292/979/517 293/980/518 291/981/516 290/982/515
f 532/983/519 293/984/518 292/985/517 533/986/520
f 399/987/521 295/988/522 294/989/523 400/990/524
f 298/991/525 299/992/526 297/993/527 296/994/528
f 300/995/529 301/996/530 299/997/526 298/998/525
f 272/999/500 274/1000/499 301/1001/530 300/1002/529
s 19
f 186/1003/531 273/1004/532 272/1005/533 185/1006/534
s 3
f 256/1007/363 274/1008/535 275/1009/536 257/1010/361
s 19
f 187/1011/537 276/1012/538 273/1013/532 186/1014/531
s 3
f 257/1015/361 275/1016/536 277/1017/539 259/1018/364
s 19
f 188/1019/540 278/1020/541 276/1021/538 187/1022/537
s 3
f 259/1023/364 277/1024/539 279/1025/542 260/1026/365
s 19
f 189/1027/543 280/1028/544 278/1029/541 188/1030/540
s 3
f 260/1031/365 279/1032/542 281/1033/545 261/1034/366
s 19
f 190/1035/546 282/1036/547 280/1037/544 189/1038/543
s 3
f 261/1039/366 281/1040/545 283/1041/548 262/1042/367
s 19
f 191/1043/549 284/1044/550 282/1045/547 190/1046/546
s 3
f 262/1047/367 283/1048/548 285/1049/551 263/1050/368
s 19
f 192/1051/552 286/1052/553 284/1053/550 191/1054/549
s 3
f 263/1055/368 285/1056/551 287/1057/554 264/1058/369
s 19
f 193/1059/555 288/1060/556 286/1061/553 192/1062/552
s 3
f 264/1063/369 287/1064/554 289/1065/557 265/1066/370
s 19
f 194/1067/558 290/1068/559 288/1069/556 193/1070/555
s 3
f 265/1071/370 289/1072/557 291/1073/560 266/1074/371
s 19
f 195/1075/561 292/1076/562 290/1077/559 194/1078/558
s 3
f 266/1079/371 291/1080/560 293/1081/563 267/1082/372
f 267/1083/372 293/1084/563 532/1085/564 531/1086/374
f 268/1087/376 295/1088/565 399/1089/566 398/1090/377
f 269/1091/380 297/1092/567 299/1093/568 270/1094/379
s 19
f 197/1095/569 300/1096/570 298/1097/571 196/1098/572
s 3
f 270/1099/379 299/1100/568 301/1101/573 271/1102/381
s 19
f 185/1103/534 272/1104/533 300/1105/570 197/1106/569
s 3
f 271/1107/381 301/1108/573 274/1109/535 256/1110/363
s 20
f 211/1111/574 302/1112/575 303/1113/576 212/1114/577
f 212/1115/577 303/1116/576 305/1117/578 213/1118/579
f 213/1119/579 305/1120/578 306/1121/580 214/1122/581
f 214/1123/581 306/1124/580 307/1125/582 215/1126/583
f 215/1127/583 307/1128/582 308/1129/584 216/1130/585
f 216/1131/585 308/1132/584 309/1133/586 217/1134/587
f 217/1135/587 309/1136/586 310/1137/588 218/1138/589
f 218/1139/589 310/1140/588 311/1141/590 219/1142/591
f 219/1143/591 311/1144/590 312/1145/592 220/1146/593
f 220/1147/593 312/1148/592 313/1149/594 221/1150/595
f 221/1151/595 313/1152/594 499/1153/596 498/1154/597
f 222/1155/598 314/1156/599 426/1157/600 425/1158/601
f 223/1159/602 315/1160/603 316/1161/604 224/1162/605
f 224/1163/605 316/1164/604 317/1165/606 225/1166/607
f 225/1167/607 317/1168/606 302/1169/575 211/1170/574
s 23
f 318/1171/608 402/1172/609 401/1173/610 319/1174/611
s 1
f 319/1175/612 323/1176/613 322/1177/614 318/1178/615
f 320/1179/616 324/1180/617 325/1181/618 321/1182/619
s 25
f 323/1183/620 422/1184/621 421/1185/622 322/1186/623
s 1
f 195/1187/356 208/1188/355 535/1189/624 534/1190/625
f 321/1191/619 325/1192/618 209/1193/358 196/1194/357
s 11
f 208/1195/478 246/1196/477 536/1197/626 535/1198/627
f 323/1199/628 248/1200/629 423/1201/630 422/1202/631
f 325/1203/632 250/1204/633 252/1205/492 209/1206/491
s off
f 533/1207/634 292/1208/635 195/1209/636 534/1210/637
s 19
f 400/1211/638 294/1212/639 319/1213/640 401/1214/641
f 196/1215/572 298/1216/571 296/1217/642 321/1218/643
s 28
f 318/1219/644 327/1220/645 403/1221/646 402/1222/647
s off
f 320/1223/648 326/1224/649 328/1225/650 324/1226/651
s 29
f 420/1227/652 329/1228/653 322/1229/654 421/1230/655
s off
f 322/1231/656 329/1232/657 327/1233/658 318/1234/659
s 30
f 339/1235/660 341/1236/661 405/1237/662 404/1238/663
s 31
f 331/1239/664 333/1240/665 332/1241/666 330/1242/667
s 32
f 418/1243/668 348/1244/669 346/1245/670 419/1246/671
s 33
f 335/1247/672 337/1248/673 336/1249/674 334/1250/675
s off
f 355/1251/676 357/1252/677 356/1253/678 354/1254/679
s 32
f 347/1255/680 351/1256/681 350/1257/682 349/1258/683
s off
f 360/1259/684 363/1260/685 362/1261/686 358/1262/687
s 30
f 340/1263/688 343/1264/689 342/1265/690 338/1266/691
s 36
f 329/1267/692 335/1268/693 334/1269/694 327/1270/695
s 30
f 339/1271/660 345/1272/696 344/1273/697 341/1274/661
s 37
f 359/1275/698 365/1276/699 364/1277/700 361/1278/701
s 32
f 348/1279/669 353/1280/702 352/1281/703 346/1282/670
s 36
f 327/1283/695 339/1284/704 404/1285/705 403/1286/706
s 37
f 406/1287/707 366/1288/708 359/1289/698 407/1290/709
s 36
f 326/1291/710 338/1292/711 342/1293/712 331/1294/713
s 31
f 331/1295/664 342/1296/714 343/1297/715 333/1298/665
s off
f 375/1299/716 377/1300/717 376/1301/718 374/1302/719
s 37
f 359/1303/698 366/1304/708 369/1305/720 365/1306/699
s 33
f 336/1307/674 344/1308/721 345/1309/722 334/1310/675
s 36
f 334/1311/694 345/1312/723 339/1313/704 327/1314/695
f 419/1315/724 346/1316/725 329/1317/692 420/1318/726
s 37
f 361/1319/701 371/1320/727 417/1321/728 416/1322/729
s off
f 378/1323/730 381/1324/731 380/1325/732 379/1326/733
s 31
f 332/1327/666 350/1328/734 351/1329/735 330/1330/667
s 36
f 330/1331/736 351/1332/737 347/1333/738 328/1334/739
f 329/1335/692 346/1336/725 352/1337/740 335/1338/693
s 33
f 335/1339/672 352/1340/741 353/1341/742 337/1342/673
s 37
f 364/1343/700 373/1344/743 371/1345/727 361/1346/701
s off
f 326/1347/744 355/1348/745 354/1349/746 328/1350/747
f 328/1351/748 354/1352/749 356/1353/750 330/1354/751
s 31
f 330/1355/667 356/1356/752 357/1357/753 331/1358/664
s off
f 331/1359/754 357/1360/755 355/1361/756 326/1362/757
s 31
f 333/1363/665 362/1364/758 363/1365/759 332/1366/666
s 33
f 337/1367/673 364/1368/760 365/1369/761 336/1370/674
s 30
f 341/1371/661 366/1372/762 406/1373/763 405/1374/662
f 340/1375/688 367/1376/764 368/1377/765 343/1378/689
s 31
f 343/1379/715 368/1380/766 362/1381/758 333/1382/665
s 33
f 336/1383/674 365/1384/761 369/1385/767 344/1386/721
s 30
f 344/1387/697 369/1388/768 366/1389/762 341/1390/661
s 32
f 417/1391/769 371/1392/770 348/1393/669 418/1394/668
s 31
f 332/1395/666 363/1396/759 372/1397/771 350/1398/734
s 32
f 350/1399/682 372/1400/772 370/1401/773 349/1402/683
f 348/1403/669 371/1404/770 373/1405/774 353/1406/702
s 33
f 353/1407/742 373/1408/775 364/1409/760 337/1410/673
s off
f 362/1411/776 375/1412/777 374/1413/778 358/1414/779
f 358/1415/780 374/1416/781 376/1417/782 367/1418/783
s 30
f 367/1419/764 376/1420/784 377/1421/785 368/1422/765
s 31
f 368/1423/766 377/1424/786 375/1425/787 362/1426/758
s off
f 360/1427/788 378/1428/789 379/1429/790 363/1430/791
s 31
f 363/1431/759 379/1432/792 380/1433/793 372/1434/771
s 32
f 372/1435/772 380/1436/794 381/1437/795 370/1438/773
s off
f 370/1439/796 381/1440/797 378/1441/798 360/1442/799
f 627/1443/800 629/1444/801 628/1445/802 626/1446/803
s 40
f 359/1447/804 383/1448/805 408/1449/806 407/1450/807
s off
f 358/1451/808 382/1452/809 384/1453/810 360/1454/811
s 41
f 415/1455/812 385/1456/813 361/1457/814 416/1458/815
s off
f 361/1459/816 385/1460/817 383/1461/818 359/1462/819
s 42
f 383/1463/820 387/1464/821 409/1465/822 408/1466/823
s 43
f 382/1467/824 386/1468/825 388/1469/826 384/1470/827
s 44
f 414/1471/828 389/1472/829 385/1473/830 415/1474/831
s 45
f 385/1475/832 389/1476/833 387/1477/834 383/1478/835
s 42
f 387/1479/821 391/1480/836 410/1481/837 409/1482/822
s 43
f 386/1483/825 390/1484/838 392/1485/839 388/1486/826
s 44
f 413/1487/840 393/1488/841 389/1489/829 414/1490/828
s 45
f 389/1491/833 393/1492/842 391/1493/843 387/1494/834
s 42
f 391/1495/836 395/1496/844 411/1497/845 410/1498/837
s off
f 390/1499/846 394/1500/847 396/1501/848 392/1502/849
s 44
f 412/1503/850 397/1504/851 393/1505/841 413/1506/840
s 45
f 393/1507/842 397/1508/852 395/1509/853 391/1510/843
s 3
f 399/1511/566 429/1512/854 428/1513/378 398/1514/377
s 16
f 429/1515/855 399/1516/521 400/1517/524 430/1518/856
s 19
f 430/1519/857 400/1520/638 401/1521/641 431/1522/858
s 23
f 402/1523/609 432/1524/859 431/1525/860 401/1526/610
s 28
f 403/1527/646 433/1528/861 432/1529/862 402/1530/647
s 36
f 404/1531/705 434/1532/863 433/1533/864 403/1534/706
s 30
f 405/1535/662 435/1536/865 434/1537/866 404/1538/663
f 406/1539/763 436/1540/867 435/1541/865 405/1542/662
s 37
f 436/1543/868 406/1544/707 407/1545/709 437/1546/869
s 40
f 408/1547/806 438/1548/870 437/1549/871 407/1550/807
s 42
f 409/1551/822 439/1552/872 438/1553/873 408/1554/823
f 410/1555/837 440/1556/874 439/1557/872 409/1558/822
f 411/1559/845 441/1560/875 440/1561/874 410/1562/837
s off
f 412/1563/876 442/1564/877 441/1565/878 411/1566/879
s 44
f 442/1567/880 412/1568/850 413/1569/840 443/1570/881
f 443/1571/881 413/1572/840 414/1573/828 444/1574/882
f 444/1575/882 414/1576/828 415/1577/831 445/1578/883
s 41
f 445/1579/884 415/1580/812 416/1581/815 446/1582/885
s 37
f 417/1583/728 447/1584/886 446/1585/887 416/1586/729
s 32
f 447/1587/888 417/1588/769 418/1589/668 448/1590/889
f 448/1591/889 418/1592/668 419/1593/671 449/1594/890
s 36
f 449/1595/891 419/1596/724 420/1597/726 450/1598/892
s 29
f 450/1599/893 420/1600/652 421/1601/655 451/1602/894
s 25
f 422/1603/621 452/1604/895 451/1605/896 421/1606/622
s 11
f 423/1607/630 453/1608/897 452/1609/898 422/1610/631
s 8
f 424/1611/429 454/1612/899 453/1613/900 423/1614/430
s 12
f 454/1615/901 424/1616/483 425/1617/486 455/1618/902
s 20
f 426/1619/600 456/1620/903 455/1621/904 425/1622/601
s 3
f 269/1623/380 258/1624/362 530/1625/373 529/1626/905
f 528/1627/906 297/1628/567 269/1629/380 529/1630/905
s 16
f 296/1631/528 297/1632/527 528/1633/907 527/1634/908
s 19
f 321/1635/643 296/1636/642 527/1637/909 526/1638/910
s 23
f 525/1639/911 320/1640/912 321/1641/913 526/1642/914
s 28
f 524/1643/915 326/1644/916 320/1645/917 525/1646/918
s 36
f 523/1647/919 338/1648/711 326/1649/710 524/1650/920
s 30
f 522/1651/921 340/1652/688 338/1653/691 523/1654/922
f 521/1655/923 367/1656/764 340/1657/688 522/1658/921
s 37
f 358/1659/924 367/1660/925 521/1661/926 520/1662/927
s 40
f 519/1663/928 382/1664/929 358/1665/930 520/1666/931
s 42
f 518/1667/932 386/1668/933 382/1669/934 519/1670/935
f 517/1671/936 390/1672/937 386/1673/933 518/1674/932
f 516/1675/938 394/1676/939 390/1677/937 517/1678/936
s 44
f 392/1679/940 396/1680/941 515/1681/942 514/1682/943
f 388/1683/944 392/1684/940 514/1685/943 513/1686/945
f 384/1687/946 388/1688/944 513/1689/945 512/1690/947
s 41
f 360/1691/948 384/1692/949 512/1693/950 511/1694/951
s 37
f 510/1695/952 370/1696/953 360/1697/954 511/1698/955
s 32
f 349/1699/683 370/1700/773 510/1701/956 509/1702/957
f 347/1703/680 349/1704/683 509/1705/957 508/1706/958
s 36
f 328/1707/739 347/1708/738 508/1709/959 507/1710/960
s 29
f 324/1711/961 328/1712/962 507/1713/963 506/1714/964
s 25
f 505/1715/965 325/1716/966 324/1717/967 506/1718/968
s 11
f 504/1719/969 250/1720/633 325/1721/632 505/1722/970
s 8
f 503/1723/971 251/1724/432 250/1725/431 504/1726/972
s 12
f 223/1727/490 251/1728/489 503/1729/973 502/1730/974
s 20
f 501/1731/975 315/1732/603 223/1733/602 502/1734/976
s 6
f 500/1735/394 304/1736/383 315/1737/400 501/1738/977
s 20
f 459/1739/978 314/1740/599 222/1741/598 458/1742/979
s 6
f 460/1743/980 457/1744/397 314/1745/396 459/1746/981
f 457/1747/397 460/1748/980 461/1749/982 456/1750/398
s 20
f 456/1751/903 461/1752/983 462/1753/984 455/1754/904
s 12
f 463/1755/985 454/1756/901 455/1757/902 462/1758/986
s 8
f 454/1759/899 463/1760/987 464/1761/988 453/1762/900
s 11
f 453/1763/897 464/1764/989 465/1765/990 452/1766/898
s 25
f 452/1767/895 465/1768/991 466/1769/992 451/1770/896
s 29
f 467/1771/993 450/1772/893 451/1773/894 466/1774/994
s 36
f 468/1775/995 449/1776/891 450/1777/892 467/1778/996
s 32
f 469/1779/997 448/1780/889 449/1781/890 468/1782/998
f 470/1783/999 447/1784/888 448/1785/889 469/1786/997
s 37
f 447/1787/886 470/1788/1000 471/1789/1001 446/1790/887
s 41
f 472/1791/1002 445/1792/884 446/1793/885 471/1794/1003
s 44
f 473/1795/1004 444/1796/882 445/1797/883 472/1798/1005
f 474/1799/1006 443/1800/881 444/1801/882 473/1802/1004
f 475/1803/1007 442/1804/880 443/1805/881 474/1806/1006
s off
f 631/1807/1008 633/1808/1009 632/1809/1010 630/1810/1011
s 42
f 441/1811/875 476/1812/1012 477/1813/1013 440/1814/874
f 440/1815/874 477/1816/1013 478/1817/1014 439/1818/872
f 439/1819/872 478/1820/1014 479/1821/1015 438/1822/873
s 40
f 438/1823/870 479/1824/1016 480/1825/1017 437/1826/871
s 37
f 481/1827/1018 436/1828/868 437/1829/869 480/1830/1019
s 30
f 436/1831/867 481/1832/1020 482/1833/1021 435/1834/865
f 435/1835/865 482/1836/1021 483/1837/1022 434/1838/866
s 36
f 434/1839/863 483/1840/1023 484/1841/1024 433/1842/864
s 28
f 433/1843/861 484/1844/1025 485/1845/1026 432/1846/862
s 23
f 432/1847/859 485/1848/1027 486/1849/1028 431/1850/860
s 19
f 487/1851/1029 430/1852/857 431/1853/858 486/1854/1030
s 16
f 488/1855/1031 429/1856/855 430/1857/856 487/1858/1032
s 3
f 429/1859/854 488/1860/1033 489/1861/1034 428/1862/378
f 490/1863/1035 427/1864/375 428/1865/378 489/1866/1034
f 268/1867/376 427/1868/375 490/1869/1035 491/1870/1036
f 492/1871/1037 295/1872/565 268/1873/376 491/1874/1036
s 16
f 294/1875/523 295/1876/522 492/1877/1038 493/1878/1039
s 19
f 319/1879/640 294/1880/639 493/1881/1040 494/1882/1041
s 1
f 495/1883/1042 323/1884/613 319/1885/612 494/1886/1043
s 11
f 496/1887/1044 248/1888/629 323/1889/628 495/1890/1045
s 8
f 497/1891/1046 249/1892/428 248/1893/427 496/1894/1047
s 12
f 222/1895/485 249/1896/484 497/1897/1048 458/1898/1049
s 20
f 499/1899/596 459/1900/978 458/1901/979 498/1902/597
s 6
f 500/1903/394 460/1904/980 459/1905/981 499/1906/395
f 460/1907/980 500/1908/394 501/1909/977 461/1910/982
s 20
f 461/1911/983 501/1912/975 502/1913/976 462/1914/984
s 12
f 503/1915/973 463/1916/985 462/1917/986 502/1918/974
s 8
f 463/1919/987 503/1920/971 504/1921/972 464/1922/988
s 11
f 464/1923/989 504/1924/969 505/1925/970 465/1926/990
s 25
f 465/1927/991 505/1928/965 506/1929/968 466/1930/992
s 29
f 507/1931/963 467/1932/993 466/1933/994 506/1934/964
s 36
f 508/1935/959 468/1936/995 467/1937/996 507/1938/960
s 32
f 509/1939/957 469/1940/997 468/1941/998 508/1942/958
f 510/1943/956 470/1944/999 469/1945/997 509/1946/957
s 37
f 470/1947/1000 510/1948/952 511/1949/955 471/1950/1001
s 41
f 512/1951/950 472/1952/1002 471/1953/1003 511/1954/951
s 44
f 513/1955/945 473/1956/1004 472/1957/1005 512/1958/947
f 514/1959/943 474/1960/1006 473/1961/1004 513/1962/945
f 515/1963/942 475/1964/1007 474/1965/1006 514/1966/943
s off
f 475/1967/1050 515/1968/1051 516/1969/1052 476/1970/1053
s 42
f 476/1971/1012 516/1972/938 517/1973/936 477/1974/1013
f 477/1975/1013 517/1976/936 518/1977/932 478/1978/1014
f 478/1979/1014 518/1980/932 519/1981/935 479/1982/1015
s 40
f 479/1983/1016 519/1984/928 520/1985/931 480/1986/1017
s 37
f 521/1987/926 481/1988/1018 480/1989/1019 520/1990/927
s 30
f 481/1991/1020 521/1992/923 522/1993/921 482/1994/1021
f 482/1995/1021 522/1996/921 523/1997/922 483/1998/1022
s 36
f 483/1999/1023 523/2000/919 524/2001/920 484/2002/1024
s 28
f 484/2003/1025 524/2004/915 525/2005/918 485/2006/1026
s 23
f 485/2007/1027 525/2008/911 526/2009/914 486/2010/1028
s 19
f 527/2011/909 487/2012/1029 486/2013/1030 526/2014/910
s 16
f 528/2015/907 488/2016/1031 487/2017/1032 527/2018/908
s 3
f 488/2019/1033 528/2020/906 529/2021/905 489/2022/1034
f 530/2023/373 490/2024/1035 489/2025/1034 529/2026/905
f 490/2027/1035 530/2028/373 531/2029/374 491/2030/1036
f 532/2031/564 492/2032/1037 491/2033/1036 531/2034/374
s 16
f 492/2035/1038 532/2036/519 533/2037/520 493/2038/1039
s 19
f 493/2039/1040 533/2040/1054 534/2041/1055 494/2042/1041
s 1
f 535/2043/624 495/2044/1042 494/2045/1043 534/2046/625
s 11
f 536/2047/626 496/2048/1044 495/2049/1045 535/2050/627
s 8
f 537/2051/425 497/2052/1046 496/2053/1047 536/2054/426
s 12
f 497/2055/1048 537/2056/481 498/2057/482 458/2058/1049
s 56
f 395/2059/1056 539/2060/1057 538/2061/1058 411/2062/1059
s 57
f 411/2063/1060 538/2064/1061 540/2065/1062 412/2066/1063
s 58
f 412/2067/1064 540/2068/1065 541/2069/1066 397/2070/1067
s 45
f 397/2071/852 541/2072/1068 539/2073/1069 395/2074/853
s 59
f 515/2075/1070 542/2076/1071 543/2077/1072 516/2078/1073
s 60
f 516/2079/1074 543/2080/1075 544/2081/1076 394/2082/1077
s off
f 394/2083/1078 544/2084/1079 545/2085/1080 396/2086/1081
s 61
f 396/2087/1082 545/2088/1083 542/2089/1084 515/2090/1085
s 62
f 442/2091/1086 547/2092/1087 546/2093/1088 441/2094/1089
s 56
f 441/2095/1090 546/2096/1091 548/2097/1092 476/2098/1093
s off
f 476/2099/1094 548/2100/1095 549/2101/1096 475/2102/1097
s 58
f 475/2103/1098 549/2104/1099 547/2105/1100 442/2106/1101
s 56
f 539/2107/1057 551/2108/1102 550/2109/1103 538/2110/1058
s 57
f 538/2111/1061 550/2112/1104 552/2113/1105 540/2114/1062
s 58
f 540/2115/1065 552/2116/1106 553/2117/1107 541/2118/1066
s 45
f 541/2119/1068 553/2120/1108 551/2121/1109 539/2122/1069
s 59
f 542/2123/1071 554/2124/1110 555/2125/1111 543/2126/1072
s 60
f 543/2127/1075 555/2128/1112 556/2129/1113 544/2130/1076
s off
f 544/2131/1114 556/2132/1115 557/2133/1116 545/2134/1117
s 61
f 545/2135/1083 557/2136/1118 554/2137/1119 542/2138/1084
s 62
f 547/2139/1087 559/2140/1120 558/2141/1121 546/2142/1088
s 56
f 546/2143/1091 558/2144/1122 560/2145/1123 548/2146/1092
s 58
f 549/2147/1099 561/2148/1124 559/2149/1125 547/2150/1100
s 56
f 551/2151/1102 563/2152/1126 562/2153/1127 550/2154/1103
s 58
f 552/2155/1106 564/2156/1128 565/2157/1129 553/2158/1107
s 45
f 553/2159/1108 565/2160/1130 563/2161/1131 551/2162/1109
s 60
f 555/2163/1112 567/2164/1132 568/2165/1133 556/2166/1113
s 65
f 556/2167/1134 568/2168/1135 569/2169/1136 557/2170/1137
s 61
f 557/2171/1118 569/2172/1138 566/2173/1139 554/2174/1119
s 56
f 558/2175/1122 570/2176/1140 572/2177/1141 560/2178/1123
s off
f 560/2179/1142 572/2180/1143 573/2181/1144 561/2182/1145
s 58
f 561/2183/1124 573/2184/1146 571/2185/1147 559/2186/1125
f 552/2187/1148 559/2188/1149 571/2189/1147 564/2190/1128
s off
f 580/2191/1150 583/2192/1151 582/2193/1152 578/2194/1153
s 56
f 562/2195/1127 570/2196/1140 558/2197/1154 550/2198/1155
s off
f 550/2199/1156 558/2200/1157 559/2201/1158 552/2202/1159
s 68
f 548/2203/1160 574/2204/1161 577/2205/1162 549/2206/1163
s 69
f 549/2207/1164 577/2208/1165 576/2209/1166 561/2210/1167
s 70
f 561/2211/1168 576/2212/1169 575/2213/1170 560/2214/1171
s 71
f 560/2215/1172 575/2216/1173 574/2217/1174 548/2218/1175
f 575/2219/1173 567/2220/1176 555/2221/1177 574/2222/1174
s 70
f 576/2223/1169 566/2224/1178 567/2225/1179 575/2226/1170
s 69
f 577/2227/1165 554/2228/1180 566/2229/1181 576/2230/1166
s 68
f 574/2231/1161 555/2232/1182 554/2233/1183 577/2234/1162
s 56
f 563/2235/1126 579/2236/1184 578/2237/1185 562/2238/1127
s 58
f 564/2239/1128 580/2240/1186 581/2241/1187 565/2242/1129
s 45
f 565/2243/1130 581/2244/1188 579/2245/1189 563/2246/1131
s 56
f 570/2247/1140 582/2248/1190 584/2249/1191 572/2250/1141
s 72
f 572/2251/1192 584/2252/1193 585/2253/1194 573/2254/1195
s 58
f 573/2255/1146 585/2256/1196 583/2257/1197 571/2258/1147
s 56
f 562/2259/1127 578/2260/1185 582/2261/1190 570/2262/1140
s 58
f 571/2263/1147 583/2264/1197 580/2265/1186 564/2266/1128
s 73
f 566/2267/1198 586/2268/1199 587/2269/1200 567/2270/1201
s 60
f 567/2271/1132 587/2272/1202 588/2273/1203 568/2274/1133
s 65
f 568/2275/1135 588/2276/1204 589/2277/1205 569/2278/1136
s 61
f 569/2279/1138 589/2280/1206 586/2281/1207 566/2282/1139
s 73
f 586/2283/1199 590/2284/1208 591/2285/1209 587/2286/1200
s 60
f 587/2287/1202 591/2288/1210 592/2289/1211 588/2290/1203
s 65
f 588/2291/1204 592/2292/1212 593/2293/1213 589/2294/1205
s 61
f 589/2295/1206 593/2296/1214 590/2297/1215 586/2298/1207
s 73
f 590/2299/1208 594/2300/1216 595/2301/1217 591/2302/1209
s 60
f 591/2303/1210 595/2304/1218 596/2305/1219 592/2306/1211
s 65
f 592/2307/1212 596/2308/1220 597/2309/1221 593/2310/1213
s 61
f 593/2311/1214 597/2312/1222 594/2313/1223 590/2314/1215
s 73
f 594/2315/1216 598/2316/1224 599/2317/1225 595/2318/1217
s 60
f 595/2319/1218 599/2320/1226 600/2321/1227 596/2322/1219
s 65
f 596/2323/1220 600/2324/1228 601/2325/1229 597/2326/1221
s 61
f 597/2327/1222 601/2328/1230 598/2329/1231 594/2330/1223
s 56
f 579/2331/1184 603/2332/1232 602/2333/1233 578/2334/1185
s 74
f 578/2335/1234 602/2336/1235 604/2337/1236 580/2338/1237
s 58
f 580/2339/1186 604/2340/1238 605/2341/1239 581/2342/1187
s 45
f 581/2343/1188 605/2344/1240 603/2345/1241 579/2346/1189
s 75
f 583/2347/1242 607/2348/1243 606/2349/1244 582/2350/1245
s 56
f 582/2351/1190 606/2352/1246 608/2353/1247 584/2354/1191
s 72
f 584/2355/1193 608/2356/1248 609/2357/1249 585/2358/1194
s 58
f 585/2359/1196 609/2360/1250 607/2361/1251 583/2362/1197
s 56
f 603/2363/1232 611/2364/1252 610/2365/1253 602/2366/1233
s 74
f 602/2367/1235 610/2368/1254 612/2369/1255 604/2370/1236
s 58
f 604/2371/1238 612/2372/1256 613/2373/1257 605/2374/1239
s 45
f 605/2375/1240 613/2376/1258 611/2377/1259 603/2378/1241
s 75
f 607/2379/1243 615/2380/1260 614/2381/1261 606/2382/1244
s 56
f 606/2383/1246 614/2384/1262 616/2385/1263 608/2386/1247
s 72
f 608/2387/1248 616/2388/1264 617/2389/1265 609/2390/1249
s 58
f 609/2391/1250 617/2392/1266 615/2393/1267 607/2394/1251
s 56
f 611/2395/1252 619/2396/1268 618/2397/1269 610/2398/1253
s off
f 610/2399/1270 618/2400/1271 620/2401/1272 612/2402/1273
s 58
f 612/2403/1256 620/2404/1274 621/2405/1275 613/2406/1257
s off
f 613/2407/1276 621/2408/1277 619/2409/1278 611/2410/1279
s 75
f 615/2411/1260 623/2412/1280 622/2413/1281 614/2414/1261
s 56
f 614/2415/1262 622/2416/1282 624/2417/1283 616/2418/1263
s 58
f 617/2419/1266 625/2420/1284 623/2421/1285 615/2422/1267
s 56
f 599/2423/1286 616/2424/1287 624/2425/1283 600/2426/1288
s off
f 635/2427/1289 632/2428/1290 633/2429/1291 634/2430/1292
s 58
f 601/2431/1293 625/2432/1284 617/2433/1294 598/2434/1295
s off
f 598/2435/1296 617/2436/1297 616/2437/1298 599/2438/1299
s 56
f 619/2439/1268 627/2440/1300 626/2441/1301 618/2442/1269
s 58
f 620/2443/1274 628/2444/1302 629/2445/1303 621/2446/1275
s off
f 621/2447/1304 629/2448/1305 627/2449/1306 619/2450/1307
s 56
f 622/2451/1282 630/2452/1308 632/2453/1309 624/2454/1283
s 58
f 625/2455/1284 633/2456/1310 631/2457/1311 623/2458/1285
s off
f 600/2459/1312 635/2460/1313 634/2461/1314 601/2462/1315
s 58
f 601/2463/1293 634/2464/1316 633/2465/1310 625/2466/1284
s 56
f 624/2467/1283 632/2468/1309 635/2469/1317 600/2470/1288
s off
f 620/2471/1318 623/2472/1319 631/2473/1320 628/2474/1321
f 628/2475/1322 631/2476/1323 630/2477/1324 626/2478/1325
f 626/2479/1326 630/2480/1327 622/2481/1328 618/2482/1329
f 618/2483/1330 622/2484/1331 623/2485/1332 620/2486/1333
